[config.py] Random numbers for execution time: [244.55307812497676, 317.0778693434568, 370.51275310785456, 425.6609487718496, 696.2586882395044, 732.9689474264655, 829.0348654254835, 843.9080865325075, 1029.3903212101636, 1039.8662555505964]
benchmark                        : synthetic
num_threads                      : 8
num_conns                        : 512
target_service                   : service5
request_type                     : chain-d8-http-sync
repetitions                      : 3
target_num_exp                   : 10
pre_run                          : False
num_req                          : 20000
groundtruths                     : []
slowdowns                        : []
predicteds                       : []
errs                             : []
poker_batch_req                  : 100
client_cpu_quota                 : 2
random_seed                      : 2676
request_ratio                    : {'service0': 1, 'service1': 1, 'service2': 1, 'service3': 1, 'service4': 1, 'service5': 1, 'service6': 1, 'service7': 1, 'service8': 1, 'service9': 1}
baseline_service_processing_time : {'service0': 1039.87, 'service1': 1029.39, 'service2': 843.91, 'service3': 829.03, 'service4': 732.97, 'service5': 696.26, 'service6': 425.66, 'service7': 370.51, 'service8': 317.08, 'service9': 244.55}
cpu_quota                        : {'service0': 2, 'service1': 2, 'service2': 2, 'service3': 2, 'service4': 2, 'service5': 2, 'service6': 2, 'service7': 2, 'service8': 2, 'service9': 2}
target_processing_time_range     : [0, 696.26]
baseline_throughputs             : []
poker_batch                      : 20000000
[test.py] Starting experiment...
[test.py] >>>>>>>>>>>>>>>>>>>>>>>>>>>>> Running experiment 0...
[test.py] Actual processing time range: [0, 69, 138, 207, 276, 345, 414, 483, 552, 621]
[test.py] Running baseline experiment
    [exp] Running (pre_run: False) workload synthetic/chain-d8-http-sync request with the following configuration: {'CLIENT_CPU_QUOTA': '2', 'SLOWPOKE_POKER_BATCH_THRESHOLD': '20000000', 'PROCESSING_TIME_SERVICE0': '0.00103987', 'PROCESSING_TIME_SERVICE1': '0.00102939', 'PROCESSING_TIME_SERVICE2': '0.00084391', 'PROCESSING_TIME_SERVICE3': '0.00082903', 'PROCESSING_TIME_SERVICE4': '0.00073297', 'PROCESSING_TIME_SERVICE5': '0.00069626', 'PROCESSING_TIME_SERVICE6': '0.00042566', 'PROCESSING_TIME_SERVICE7': '0.00037051', 'PROCESSING_TIME_SERVICE8': '0.00031708', 'PROCESSING_TIME_SERVICE9': '0.00024455', 'SLOWPOKE_DELAY_MICROS_SERVICE0': '0.0', 'SLOWPOKE_POKER_BATCH_THRESHOLD_SERVICE0': '10', 'SLOWPOKE_DELAY_MICROS_SERVICE1': '0.0', 'SLOWPOKE_POKER_BATCH_THRESHOLD_SERVICE1': '10', 'SLOWPOKE_DELAY_MICROS_SERVICE2': '0.0', 'SLOWPOKE_POKER_BATCH_THRESHOLD_SERVICE2': '10', 'SLOWPOKE_DELAY_MICROS_SERVICE3': '0.0', 'SLOWPOKE_POKER_BATCH_THRESHOLD_SERVICE3': '10', 'SLOWPOKE_DELAY_MICROS_SERVICE4': '0.0', 'SLOWPOKE_POKER_BATCH_THRESHOLD_SERVICE4': '10', 'SLOWPOKE_DELAY_MICROS_SERVICE5': '0.0', 'SLOWPOKE_POKER_BATCH_THRESHOLD_SERVICE5': '10', 'SLOWPOKE_DELAY_MICROS_SERVICE6': '0.0', 'SLOWPOKE_POKER_BATCH_THRESHOLD_SERVICE6': '10', 'SLOWPOKE_DELAY_MICROS_SERVICE7': '0.0', 'SLOWPOKE_POKER_BATCH_THRESHOLD_SERVICE7': '10', 'SLOWPOKE_DELAY_MICROS_SERVICE8': '0.0', 'SLOWPOKE_POKER_BATCH_THRESHOLD_SERVICE8': '10', 'SLOWPOKE_DELAY_MICROS_SERVICE9': '0.0', 'SLOWPOKE_POKER_BATCH_THRESHOLD_SERVICE9': '10'}
    [exp] Executing cmd `bash run.sh synthetic chain-d8-http-sync 8 512 20000`:
        [run.sh] Running benchmark synthetic with request chain-d8-http-sync, thread 8, conn 512, duration 60
        [run.sh] Deleting all services
        configmap "config-service0" deleted
        deployment.apps "service0" deleted
        service "service0" deleted
        configmap "config-service1" deleted
        deployment.apps "service1" deleted
        service "service1" deleted
        configmap "config-service2" deleted
        deployment.apps "service2" deleted
        service "service2" deleted
        configmap "config-service3" deleted
        deployment.apps "service3" deleted
        service "service3" deleted
        configmap "config-service4" deleted
        deployment.apps "service4" deleted
        service "service4" deleted
        configmap "config-service5" deleted
        deployment.apps "service5" deleted
        service "service5" deleted
        configmap "config-service6" deleted
        deployment.apps "service6" deleted
        service "service6" deleted
        configmap "config-service7" deleted
        deployment.apps "service7" deleted
        service "service7" deleted
        configmap "config-service8" deleted
        deployment.apps "service8" deleted
        service "service8" deleted
        configmap "config-service9" deleted
        deployment.apps "service9" deleted
        service "service9" deleted
        deployment.apps "ubuntu-client" deleted
        [run.sh] Waiting for all pods to be deleted
        [run.sh] Deploying all services
        configmap/config-service0 created
        deployment.apps/service0 created
        service/service0 created
        configmap/config-service1 created
        deployment.apps/service1 created
        service/service1 created
        configmap/config-service2 created
        deployment.apps/service2 created
        service/service2 created
        configmap/config-service3 created
        deployment.apps/service3 created
        service/service3 created
        configmap/config-service4 created
        deployment.apps/service4 created
        service/service4 created
        configmap/config-service5 created
        deployment.apps/service5 created
        service/service5 created
        configmap/config-service6 created
        deployment.apps/service6 created
        service/service6 created
        configmap/config-service7 created
        deployment.apps/service7 created
        service/service7 created
        configmap/config-service8 created
        deployment.apps/service8 created
        service/service8 created
        configmap/config-service9 created
        deployment.apps/service9 created
        service/service9 created
        [run.sh] Client pod not found, deploying client
        deployment.apps/ubuntu-client created
        [run.sh] Waiting for all pods to be running
        [run.sh] All pods are running
        [run.sh] Checking heartbeat for all services
        [run.sh] All pods can connect to all services
        [run.sh] Running warmup test
        [run.sh] /wrk/wrk -t8 -c512 --timeout 3s -d3s -L http://service0:80/endpoint1
        Running 3s test @ http://service0:80/endpoint1
        8 threads and 512 connections
        Thread Stats   Avg      Stdev     Max   +/- Stdev
        Latency   440.84ms  171.79ms   1.14s    84.42%
        Req/Sec   168.55     65.87   350.00     70.31%
        Latency Distribution
        50%  376.82ms
        75%  430.03ms
        90%  763.96ms
        99%  990.54ms
        3285 requests in 3.03s, 4.20MB read
        Requests/sec:   1085.04
        Transfer/sec:      1.39MB
        [run.sh] Speed is 1085.04, duration is 27
        [run.sh] Fix the request number.
        [run.sh] Running the actual test
        [run.sh] /wrk/wrk --timeout 20s -t8 -c512 -d27s -L -s /wrk/fix_req_n.lua http://service0:80/endpoint1
        Running 27s test @ http://service0:80/endpoint1
        8 threads and 512 connections
        Thread Stats   Avg      Stdev     Max   +/- Stdev
        Latency   387.66ms   90.54ms   1.36s    87.29%
        Req/Sec   164.40     51.24   560.00     71.11%
        Latency Distribution
        50%  375.12ms
        75%  415.90ms
        90%  470.85ms
        99%  758.53ms
        20000 requests in 27.00s, 25.54MB read
        Requests/sec:    740.74
        Transfer/sec:      0.95MB
        ------------------------------
        stop time: 14.808487
        stop time: 14.949908
        stop time: 15.445470
        stop time: 15.465248
        stop time: 15.472965
        stop time: 15.456201
        stop time: 15.494578
        stop time: 15.367137
        [run.sh] Checking the resource usage
        NAME                             CPU(cores)   MEMORY(bytes)
        service0-7564bb8985-mkzt4        462m         48Mi
        service1-5b899d549d-v8s77        686m         19Mi
        service2-6f7c796b99-6n9ww        588m         18Mi
        service3-5dc7779b96-dwkpq        405m         17Mi
        service4-66495c49c-llwzp         541m         16Mi
        service5-5467447458-jssqs        367m         15Mi
        service6-555868f599-k6fd6        1260m        14Mi
        service7-868cb9c7bd-swgf2        127m         12Mi
        service8-bcc5c55c7-85gtr         94m          10Mi
        service9-c64958867-k9fjk         615m         8Mi
        ubuntu-client-76886f6bbd-p9pg2   65m          14Mi
        [run.sh] Test finished with status 0
        > STDERR
        > No resources found in default namespace.
    [exp] Times: [14.808487, 14.949908, 15.44547, 15.465248, 15.472965, 15.456201, 15.494578, 15.367137]
    [exp] Throughput: 1306.5491412648607
[test.py] Baseline throughput: 1306.5491412648607
[test.py] Running 0th optmization experiment
[test.py] Running 0th groundtruth exp
    [exp] Running (pre_run: False) workload synthetic/chain-d8-http-sync request with the following configuration: {'CLIENT_CPU_QUOTA': '2', 'SLOWPOKE_POKER_BATCH_THRESHOLD': '20000000', 'PROCESSING_TIME_SERVICE0': '0.00103987', 'PROCESSING_TIME_SERVICE1': '0.00102939', 'PROCESSING_TIME_SERVICE2': '0.00084391', 'PROCESSING_TIME_SERVICE3': '0.00082903', 'PROCESSING_TIME_SERVICE4': '0.00073297', 'PROCESSING_TIME_SERVICE5': '0.0', 'PROCESSING_TIME_SERVICE6': '0.00042566', 'PROCESSING_TIME_SERVICE7': '0.00037051', 'PROCESSING_TIME_SERVICE8': '0.00031708', 'PROCESSING_TIME_SERVICE9': '0.00024455', 'SLOWPOKE_DELAY_MICROS_SERVICE0': '0.0', 'SLOWPOKE_POKER_BATCH_THRESHOLD_SERVICE0': '10', 'SLOWPOKE_DELAY_MICROS_SERVICE1': '0.0', 'SLOWPOKE_POKER_BATCH_THRESHOLD_SERVICE1': '10', 'SLOWPOKE_DELAY_MICROS_SERVICE2': '0.0', 'SLOWPOKE_POKER_BATCH_THRESHOLD_SERVICE2': '10', 'SLOWPOKE_DELAY_MICROS_SERVICE3': '0.0', 'SLOWPOKE_POKER_BATCH_THRESHOLD_SERVICE3': '10', 'SLOWPOKE_DELAY_MICROS_SERVICE4': '0.0', 'SLOWPOKE_POKER_BATCH_THRESHOLD_SERVICE4': '10', 'SLOWPOKE_DELAY_MICROS_SERVICE5': '0.0', 'SLOWPOKE_POKER_BATCH_THRESHOLD_SERVICE5': '10', 'SLOWPOKE_DELAY_MICROS_SERVICE6': '0.0', 'SLOWPOKE_POKER_BATCH_THRESHOLD_SERVICE6': '10', 'SLOWPOKE_DELAY_MICROS_SERVICE7': '0.0', 'SLOWPOKE_POKER_BATCH_THRESHOLD_SERVICE7': '10', 'SLOWPOKE_DELAY_MICROS_SERVICE8': '0.0', 'SLOWPOKE_POKER_BATCH_THRESHOLD_SERVICE8': '10', 'SLOWPOKE_DELAY_MICROS_SERVICE9': '0.0', 'SLOWPOKE_POKER_BATCH_THRESHOLD_SERVICE9': '10'}
    [exp] Executing cmd `bash run.sh synthetic chain-d8-http-sync 8 512 20000`:
        [run.sh] Running benchmark synthetic with request chain-d8-http-sync, thread 8, conn 512, duration 60
        [run.sh] Deleting all services
        configmap "config-service0" deleted
        deployment.apps "service0" deleted
        service "service0" deleted
        configmap "config-service1" deleted
        deployment.apps "service1" deleted
        service "service1" deleted
        configmap "config-service2" deleted
        deployment.apps "service2" deleted
        service "service2" deleted
        configmap "config-service3" deleted
        deployment.apps "service3" deleted
        service "service3" deleted
        configmap "config-service4" deleted
        deployment.apps "service4" deleted
        service "service4" deleted
        configmap "config-service5" deleted
        deployment.apps "service5" deleted
        service "service5" deleted
        configmap "config-service6" deleted
        deployment.apps "service6" deleted
        service "service6" deleted
        configmap "config-service7" deleted
        deployment.apps "service7" deleted
        service "service7" deleted
        configmap "config-service8" deleted
        deployment.apps "service8" deleted
        service "service8" deleted
        configmap "config-service9" deleted
        deployment.apps "service9" deleted
        service "service9" deleted
        deployment.apps "ubuntu-client" deleted
        [run.sh] Waiting for all pods to be deleted
        [run.sh] Deploying all services
        configmap/config-service0 created
        deployment.apps/service0 created
        service/service0 created
        configmap/config-service1 created
        deployment.apps/service1 created
        service/service1 created
        configmap/config-service2 created
        deployment.apps/service2 created
        service/service2 created
        configmap/config-service3 created
        deployment.apps/service3 created
        service/service3 created
        configmap/config-service4 created
        deployment.apps/service4 created
        service/service4 created
        configmap/config-service5 created
        deployment.apps/service5 created
        service/service5 created
        configmap/config-service6 created
        deployment.apps/service6 created
        service/service6 created
        configmap/config-service7 created
        deployment.apps/service7 created
        service/service7 created
        configmap/config-service8 created
        deployment.apps/service8 created
        service/service8 created
        configmap/config-service9 created
        deployment.apps/service9 created
        service/service9 created
        [run.sh] Client pod not found, deploying client
        deployment.apps/ubuntu-client created
        [run.sh] Waiting for all pods to be running
        [run.sh] All pods are running
        [run.sh] Checking heartbeat for all services
        [run.sh] All pods can connect to all services
        [run.sh] Running warmup test
        [run.sh] /wrk/wrk -t8 -c512 --timeout 3s -d3s -L http://service0:80/endpoint1
        Running 3s test @ http://service0:80/endpoint1
        8 threads and 512 connections
        Thread Stats   Avg      Stdev     Max   +/- Stdev
        Latency   418.06ms   84.30ms 790.06ms   81.12%
        Req/Sec   153.83     58.08   310.00     72.20%
        Latency Distribution
        50%  397.70ms
        75%  445.93ms
        90%  519.99ms
        99%  716.45ms
        3449 requests in 3.02s, 4.40MB read
        Requests/sec:   1142.60
        Transfer/sec:      1.46MB
        [run.sh] Speed is 1142.60, duration is 26
        [run.sh] Fix the request number.
        [run.sh] Running the actual test
        [run.sh] /wrk/wrk --timeout 20s -t8 -c512 -d26s -L -s /wrk/fix_req_n.lua http://service0:80/endpoint1
        Running 26s test @ http://service0:80/endpoint1
        8 threads and 512 connections
        Thread Stats   Avg      Stdev     Max   +/- Stdev
        Latency   376.86ms  104.89ms   1.67s    91.36%
        Req/Sec   168.68     46.76   414.00     69.11%
        Latency Distribution
        50%  365.32ms
        75%  400.36ms
        90%  445.38ms
        99%  811.57ms
        20000 requests in 26.00s, 25.54MB read
        Requests/sec:    769.23
        Transfer/sec:      0.98MB
        ------------------------------
        stop time: 14.708530
        stop time: 14.759556
        stop time: 14.778095
        stop time: 14.878562
        stop time: 14.874246
        stop time: 15.153654
        stop time: 15.227002
        stop time: 14.805211
        [run.sh] Checking the resource usage
        NAME                             CPU(cores)   MEMORY(bytes)
        service0-7564bb8985-mbj8s        1542m        48Mi
        service1-5b899d549d-ww6c5        1254m        19Mi
        service2-6f7c796b99-6ksv4        1166m        17Mi
        service3-5dc7779b96-wt6tx        1360m        16Mi
        service4-66495c49c-77kx6         1133m        16Mi
        service5-5467447458-xdthg        753m         14Mi
        service6-555868f599-rsmfm        1311m        14Mi
        service7-868cb9c7bd-kcmbg        1273m        14Mi
        service8-bcc5c55c7-w4xc6         1235m        13Mi
        service9-c64958867-ckkt6         640m         9Mi
        ubuntu-client-76886f6bbd-ccvqs   4m           15Mi
        [run.sh] Test finished with status 0
        > STDERR
        > No resources found in default namespace.
    [exp] Times: [14.70853, 14.759556, 14.778095, 14.878562, 14.874246, 15.153654, 15.227002, 14.805211]
    [exp] Throughput: 1342.4524337219486
[test.py] Running 0th slowdown exp
    [exp] Running (pre_run: False) workload synthetic/chain-d8-http-sync request with the following configuration: {'CLIENT_CPU_QUOTA': '2', 'SLOWPOKE_POKER_BATCH_THRESHOLD': '20000000', 'PROCESSING_TIME_SERVICE0': '0.00103987', 'PROCESSING_TIME_SERVICE1': '0.00102939', 'PROCESSING_TIME_SERVICE2': '0.00084391', 'PROCESSING_TIME_SERVICE3': '0.00082903', 'PROCESSING_TIME_SERVICE4': '0.00073297', 'PROCESSING_TIME_SERVICE5': '0.00069626', 'PROCESSING_TIME_SERVICE6': '0.00042566', 'PROCESSING_TIME_SERVICE7': '0.00037051', 'PROCESSING_TIME_SERVICE8': '0.00031708', 'PROCESSING_TIME_SERVICE9': '0.00024455', 'SLOWPOKE_DELAY_MICROS_SERVICE0': '348.0', 'SLOWPOKE_POKER_BATCH_THRESHOLD_SERVICE0': '34799990', 'SLOWPOKE_DELAY_MICROS_SERVICE1': '348.0', 'SLOWPOKE_POKER_BATCH_THRESHOLD_SERVICE1': '34799990', 'SLOWPOKE_DELAY_MICROS_SERVICE2': '348.0', 'SLOWPOKE_POKER_BATCH_THRESHOLD_SERVICE2': '34799990', 'SLOWPOKE_DELAY_MICROS_SERVICE3': '348.0', 'SLOWPOKE_POKER_BATCH_THRESHOLD_SERVICE3': '34799990', 'SLOWPOKE_DELAY_MICROS_SERVICE4': '348.0', 'SLOWPOKE_POKER_BATCH_THRESHOLD_SERVICE4': '34799990', 'SLOWPOKE_DELAY_MICROS_SERVICE5': '0.0', 'SLOWPOKE_POKER_BATCH_THRESHOLD_SERVICE5': '10', 'SLOWPOKE_DELAY_MICROS_SERVICE6': '348.0', 'SLOWPOKE_POKER_BATCH_THRESHOLD_SERVICE6': '34799990', 'SLOWPOKE_DELAY_MICROS_SERVICE7': '348.0', 'SLOWPOKE_POKER_BATCH_THRESHOLD_SERVICE7': '34799990', 'SLOWPOKE_DELAY_MICROS_SERVICE8': '348.0', 'SLOWPOKE_POKER_BATCH_THRESHOLD_SERVICE8': '34799990', 'SLOWPOKE_DELAY_MICROS_SERVICE9': '348.0', 'SLOWPOKE_POKER_BATCH_THRESHOLD_SERVICE9': '34799990'}
    [exp] Executing cmd `bash run.sh synthetic chain-d8-http-sync 8 512 20000`:
        [run.sh] Running benchmark synthetic with request chain-d8-http-sync, thread 8, conn 512, duration 60
        [run.sh] Deleting all services
        configmap "config-service0" deleted
        deployment.apps "service0" deleted
        service "service0" deleted
        configmap "config-service1" deleted
        deployment.apps "service1" deleted
        service "service1" deleted
        configmap "config-service2" deleted
        deployment.apps "service2" deleted
        service "service2" deleted
        configmap "config-service3" deleted
        deployment.apps "service3" deleted
        service "service3" deleted
        configmap "config-service4" deleted
        deployment.apps "service4" deleted
        service "service4" deleted
        configmap "config-service5" deleted
        deployment.apps "service5" deleted
        service "service5" deleted
        configmap "config-service6" deleted
        deployment.apps "service6" deleted
        service "service6" deleted
        configmap "config-service7" deleted
        deployment.apps "service7" deleted
        service "service7" deleted
        configmap "config-service8" deleted
        deployment.apps "service8" deleted
        service "service8" deleted
        configmap "config-service9" deleted
        deployment.apps "service9" deleted
        service "service9" deleted
        deployment.apps "ubuntu-client" deleted
        [run.sh] Waiting for all pods to be deleted
        [run.sh] Deploying all services
        configmap/config-service0 created
        deployment.apps/service0 created
        service/service0 created
        configmap/config-service1 created
        deployment.apps/service1 created
        service/service1 created
        configmap/config-service2 created
        deployment.apps/service2 created
        service/service2 created
        configmap/config-service3 created
        deployment.apps/service3 created
        service/service3 created
        configmap/config-service4 created
        deployment.apps/service4 created
        service/service4 created
        configmap/config-service5 created
        deployment.apps/service5 created
        service/service5 created
        configmap/config-service6 created
        deployment.apps/service6 created
        service/service6 created
        configmap/config-service7 created
        deployment.apps/service7 created
        service/service7 created
        configmap/config-service8 created
        deployment.apps/service8 created
        service/service8 created
        configmap/config-service9 created
        deployment.apps/service9 created
        service/service9 created
        [run.sh] Client pod not found, deploying client
        deployment.apps/ubuntu-client created
        [run.sh] Waiting for all pods to be running
        [run.sh] All pods are running
        [run.sh] Checking heartbeat for all services
        [run.sh] All pods can connect to all services
        [run.sh] Running warmup test
        [run.sh] /wrk/wrk -t8 -c512 --timeout 3s -d3s -L http://service0:80/endpoint1
        Running 3s test @ http://service0:80/endpoint1
        8 threads and 512 connections
        Thread Stats   Avg      Stdev     Max   +/- Stdev
        Latency   560.01ms  113.03ms   1.28s    82.87%
        Req/Sec   110.91     40.85   270.00     69.20%
        Latency Distribution
        50%  542.41ms
        75%  605.85ms
        90%  659.67ms
        99%    1.02s
        2498 requests in 3.03s, 3.19MB read
        Requests/sec:    823.34
        Transfer/sec:      1.05MB
        [run.sh] Speed is 823.34, duration is 36
        [run.sh] Fix the request number.
        [run.sh] Running the actual test
        [run.sh] /wrk/wrk --timeout 20s -t8 -c512 -d36s -L -s /wrk/fix_req_n.lua http://service0:80/endpoint1
        [run.sh] Checking the resource usage
        Running 36s test @ http://service0:80/endpoint1
        8 threads and 512 connections
        Thread Stats   Avg      Stdev     Max   +/- Stdev
        Latency   923.84ms    1.11s    5.88s    90.85%
        Req/Sec   114.69     39.33   373.00     73.00%
        Latency Distribution
        50%  557.81ms
        75%  622.20ms
        90%    1.89s
        99%    5.57s
        20000 requests in 36.00s, 25.54MB read
        Requests/sec:    555.55
        Transfer/sec:    726.45KB
        ------------------------------
        stop time: 26.053002
        stop time: 26.275105
        stop time: 26.608795
        stop time: 27.026237
        stop time: 27.190635
        stop time: 27.362065
        stop time: 27.348554
        stop time: 27.398210
        [run.sh] Test finished with status 0
        > STDERR
        > No resources found in default namespace.
        > error: metrics not available yet
    [exp] Times: [26.053002, 26.275105, 26.608795, 27.026237, 27.190635, 27.362065, 27.348554, 27.39821]
    [exp] Throughput: 743.2781996044152
[test.py] Finished running 0th optmization experiment: groundtruth->1342.4524337219486, slowdown->743.2781996044152, predicted->1002.7462524975352, err->-25.30489518221351
[test.py] Running 1th optmization experiment
[test.py] Running 1th groundtruth exp
    [exp] Running (pre_run: False) workload synthetic/chain-d8-http-sync request with the following configuration: {'CLIENT_CPU_QUOTA': '2', 'SLOWPOKE_POKER_BATCH_THRESHOLD': '20000000', 'PROCESSING_TIME_SERVICE0': '0.00103987', 'PROCESSING_TIME_SERVICE1': '0.00102939', 'PROCESSING_TIME_SERVICE2': '0.00084391', 'PROCESSING_TIME_SERVICE3': '0.00082903', 'PROCESSING_TIME_SERVICE4': '0.00073297', 'PROCESSING_TIME_SERVICE5': '6.9e-05', 'PROCESSING_TIME_SERVICE6': '0.00042566', 'PROCESSING_TIME_SERVICE7': '0.00037051', 'PROCESSING_TIME_SERVICE8': '0.00031708', 'PROCESSING_TIME_SERVICE9': '0.00024455', 'SLOWPOKE_DELAY_MICROS_SERVICE0': '0.0', 'SLOWPOKE_POKER_BATCH_THRESHOLD_SERVICE0': '10', 'SLOWPOKE_DELAY_MICROS_SERVICE1': '0.0', 'SLOWPOKE_POKER_BATCH_THRESHOLD_SERVICE1': '10', 'SLOWPOKE_DELAY_MICROS_SERVICE2': '0.0', 'SLOWPOKE_POKER_BATCH_THRESHOLD_SERVICE2': '10', 'SLOWPOKE_DELAY_MICROS_SERVICE3': '0.0', 'SLOWPOKE_POKER_BATCH_THRESHOLD_SERVICE3': '10', 'SLOWPOKE_DELAY_MICROS_SERVICE4': '0.0', 'SLOWPOKE_POKER_BATCH_THRESHOLD_SERVICE4': '10', 'SLOWPOKE_DELAY_MICROS_SERVICE5': '0.0', 'SLOWPOKE_POKER_BATCH_THRESHOLD_SERVICE5': '10', 'SLOWPOKE_DELAY_MICROS_SERVICE6': '0.0', 'SLOWPOKE_POKER_BATCH_THRESHOLD_SERVICE6': '10', 'SLOWPOKE_DELAY_MICROS_SERVICE7': '0.0', 'SLOWPOKE_POKER_BATCH_THRESHOLD_SERVICE7': '10', 'SLOWPOKE_DELAY_MICROS_SERVICE8': '0.0', 'SLOWPOKE_POKER_BATCH_THRESHOLD_SERVICE8': '10', 'SLOWPOKE_DELAY_MICROS_SERVICE9': '0.0', 'SLOWPOKE_POKER_BATCH_THRESHOLD_SERVICE9': '10'}
    [exp] Executing cmd `bash run.sh synthetic chain-d8-http-sync 8 512 20000`:
        [run.sh] Running benchmark synthetic with request chain-d8-http-sync, thread 8, conn 512, duration 60
        [run.sh] Deleting all services
        configmap "config-service0" deleted
        deployment.apps "service0" deleted
        service "service0" deleted
        configmap "config-service1" deleted
        deployment.apps "service1" deleted
        service "service1" deleted
        configmap "config-service2" deleted
        deployment.apps "service2" deleted
        service "service2" deleted
        configmap "config-service3" deleted
        deployment.apps "service3" deleted
        service "service3" deleted
        configmap "config-service4" deleted
        deployment.apps "service4" deleted
        service "service4" deleted
        configmap "config-service5" deleted
        deployment.apps "service5" deleted
        service "service5" deleted
        configmap "config-service6" deleted
        deployment.apps "service6" deleted
        service "service6" deleted
        configmap "config-service7" deleted
        deployment.apps "service7" deleted
        service "service7" deleted
        configmap "config-service8" deleted
        deployment.apps "service8" deleted
        service "service8" deleted
        configmap "config-service9" deleted
        deployment.apps "service9" deleted
        service "service9" deleted
        deployment.apps "ubuntu-client" deleted
        [run.sh] Waiting for all pods to be deleted
        [run.sh] Deploying all services
        configmap/config-service0 created
        deployment.apps/service0 created
        service/service0 created
        configmap/config-service1 created
        deployment.apps/service1 created
        service/service1 created
        configmap/config-service2 created
        deployment.apps/service2 created
        service/service2 created
        configmap/config-service3 created
        deployment.apps/service3 created
        service/service3 created
        configmap/config-service4 created
        deployment.apps/service4 created
        service/service4 created
        configmap/config-service5 created
        deployment.apps/service5 created
        service/service5 created
        configmap/config-service6 created
        deployment.apps/service6 created
        service/service6 created
        configmap/config-service7 created
        deployment.apps/service7 created
        service/service7 created
        configmap/config-service8 created
        deployment.apps/service8 created
        service/service8 created
        configmap/config-service9 created
        deployment.apps/service9 created
        service/service9 created
        [run.sh] Client pod not found, deploying client
        deployment.apps/ubuntu-client created
        [run.sh] Waiting for all pods to be running
        [run.sh] All pods are running
        [run.sh] Checking heartbeat for all services
        [run.sh] All pods can connect to all services
        [run.sh] Running warmup test
        [run.sh] /wrk/wrk -t8 -c512 --timeout 3s -d3s -L http://service0:80/endpoint1
        Running 3s test @ http://service0:80/endpoint1
        8 threads and 512 connections
        Thread Stats   Avg      Stdev     Max   +/- Stdev
        Latency   399.11ms   81.59ms 786.24ms   84.91%
        Req/Sec   157.52     66.42   440.00     71.18%
        Latency Distribution
        50%  381.51ms
        75%  416.20ms
        90%  482.30ms
        99%  719.15ms
        3612 requests in 3.03s, 4.61MB read
        Requests/sec:   1192.25
        Transfer/sec:      1.52MB
        [run.sh] Speed is 1192.25, duration is 25
        [run.sh] Fix the request number.
        [run.sh] Running the actual test
        [run.sh] /wrk/wrk --timeout 20s -t8 -c512 -d25s -L -s /wrk/fix_req_n.lua http://service0:80/endpoint1
        Running 25s test @ http://service0:80/endpoint1
        8 threads and 512 connections
        Thread Stats   Avg      Stdev     Max   +/- Stdev
        Latency   377.94ms   88.74ms   1.62s    90.20%
        Req/Sec   168.96     44.53   343.00     70.30%
        Latency Distribution
        50%  366.09ms
        75%  400.39ms
        90%  445.14ms
        99%  679.77ms
        20000 requests in 25.00s, 25.54MB read
        Requests/sec:    800.00
        Transfer/sec:      1.02MB
        ------------------------------
        stop time: 14.510621
        stop time: 14.769912
        stop time: 14.926582
        stop time: 14.967663
        stop time: 15.062816
        stop time: 14.953141
        stop time: 14.984964
        stop time: 15.128185
        [run.sh] Checking the resource usage
        NAME                             CPU(cores)   MEMORY(bytes)
        service0-7564bb8985-fsmms        1m           40Mi
        service1-5b899d549d-zqtrg        1m           19Mi
        service2-6f7c796b99-kp69z        1m           16Mi
        service3-5dc7779b96-n288n        3m           15Mi
        service4-66495c49c-tsfnl         2m           13Mi
        service5-5467447458-q6mbm        6m           11Mi
        service6-555868f599-7gr5n        6m           11Mi
        service7-868cb9c7bd-n8r6c        6m           10Mi
        service8-bcc5c55c7-rtbkb         6m           9Mi
        service9-c64958867-tdzqm         6m           9Mi
        ubuntu-client-76886f6bbd-pzgpr   4m           0Mi
        [run.sh] Test finished with status 0
        > STDERR
        > No resources found in default namespace.
    [exp] Times: [14.510621, 14.769912, 14.926582, 14.967663, 15.062816, 14.953141, 14.984964, 15.128185]
    [exp] Throughput: 1341.1130856393577
[test.py] Running 1th slowdown exp
    [exp] Running (pre_run: False) workload synthetic/chain-d8-http-sync request with the following configuration: {'CLIENT_CPU_QUOTA': '2', 'SLOWPOKE_POKER_BATCH_THRESHOLD': '20000000', 'PROCESSING_TIME_SERVICE0': '0.00103987', 'PROCESSING_TIME_SERVICE1': '0.00102939', 'PROCESSING_TIME_SERVICE2': '0.00084391', 'PROCESSING_TIME_SERVICE3': '0.00082903', 'PROCESSING_TIME_SERVICE4': '0.00073297', 'PROCESSING_TIME_SERVICE5': '0.00069626', 'PROCESSING_TIME_SERVICE6': '0.00042566', 'PROCESSING_TIME_SERVICE7': '0.00037051', 'PROCESSING_TIME_SERVICE8': '0.00031708', 'PROCESSING_TIME_SERVICE9': '0.00024455', 'SLOWPOKE_DELAY_MICROS_SERVICE0': '313.5', 'SLOWPOKE_POKER_BATCH_THRESHOLD_SERVICE0': '31349990', 'SLOWPOKE_DELAY_MICROS_SERVICE1': '313.5', 'SLOWPOKE_POKER_BATCH_THRESHOLD_SERVICE1': '31349990', 'SLOWPOKE_DELAY_MICROS_SERVICE2': '313.5', 'SLOWPOKE_POKER_BATCH_THRESHOLD_SERVICE2': '31349990', 'SLOWPOKE_DELAY_MICROS_SERVICE3': '313.5', 'SLOWPOKE_POKER_BATCH_THRESHOLD_SERVICE3': '31349990', 'SLOWPOKE_DELAY_MICROS_SERVICE4': '313.5', 'SLOWPOKE_POKER_BATCH_THRESHOLD_SERVICE4': '31349990', 'SLOWPOKE_DELAY_MICROS_SERVICE5': '0.0', 'SLOWPOKE_POKER_BATCH_THRESHOLD_SERVICE5': '10', 'SLOWPOKE_DELAY_MICROS_SERVICE6': '313.5', 'SLOWPOKE_POKER_BATCH_THRESHOLD_SERVICE6': '31349990', 'SLOWPOKE_DELAY_MICROS_SERVICE7': '313.5', 'SLOWPOKE_POKER_BATCH_THRESHOLD_SERVICE7': '31349990', 'SLOWPOKE_DELAY_MICROS_SERVICE8': '313.5', 'SLOWPOKE_POKER_BATCH_THRESHOLD_SERVICE8': '31349990', 'SLOWPOKE_DELAY_MICROS_SERVICE9': '313.5', 'SLOWPOKE_POKER_BATCH_THRESHOLD_SERVICE9': '31349990'}
    [exp] Executing cmd `bash run.sh synthetic chain-d8-http-sync 8 512 20000`:
        [run.sh] Running benchmark synthetic with request chain-d8-http-sync, thread 8, conn 512, duration 60
        [run.sh] Deleting all services
        configmap "config-service0" deleted
        deployment.apps "service0" deleted
        service "service0" deleted
        configmap "config-service1" deleted
        deployment.apps "service1" deleted
        service "service1" deleted
        configmap "config-service2" deleted
        deployment.apps "service2" deleted
        service "service2" deleted
        configmap "config-service3" deleted
        deployment.apps "service3" deleted
        service "service3" deleted
        configmap "config-service4" deleted
        deployment.apps "service4" deleted
        service "service4" deleted
        configmap "config-service5" deleted
        deployment.apps "service5" deleted
        service "service5" deleted
        configmap "config-service6" deleted
        deployment.apps "service6" deleted
        service "service6" deleted
        configmap "config-service7" deleted
        deployment.apps "service7" deleted
        service "service7" deleted
        configmap "config-service8" deleted
        deployment.apps "service8" deleted
        service "service8" deleted
        configmap "config-service9" deleted
        deployment.apps "service9" deleted
        service "service9" deleted
        deployment.apps "ubuntu-client" deleted
        [run.sh] Waiting for all pods to be deleted
        [run.sh] Deploying all services
        configmap/config-service0 created
        deployment.apps/service0 created
        service/service0 created
        configmap/config-service1 created
        deployment.apps/service1 created
        service/service1 created
        configmap/config-service2 created
        deployment.apps/service2 created
        service/service2 created
        configmap/config-service3 created
        deployment.apps/service3 created
        service/service3 created
        configmap/config-service4 created
        deployment.apps/service4 created
        service/service4 created
        configmap/config-service5 created
        deployment.apps/service5 created
        service/service5 created
        configmap/config-service6 created
        deployment.apps/service6 created
        service/service6 created
        configmap/config-service7 created
        deployment.apps/service7 created
        service/service7 created
        configmap/config-service8 created
        deployment.apps/service8 created
        service/service8 created
        configmap/config-service9 created
        deployment.apps/service9 created
        service/service9 created
        [run.sh] Client pod not found, deploying client
        deployment.apps/ubuntu-client created
        [run.sh] Waiting for all pods to be running
        [run.sh] All pods are running
        [run.sh] Checking heartbeat for all services
        [run.sh] All pods can connect to all services
        [run.sh] Running warmup test
        [run.sh] /wrk/wrk -t8 -c512 --timeout 3s -d3s -L http://service0:80/endpoint1
        Running 3s test @ http://service0:80/endpoint1
        8 threads and 512 connections
        Thread Stats   Avg      Stdev     Max   +/- Stdev
        Latency   582.17ms  102.49ms   1.02s    79.37%
        Req/Sec   105.92     43.50   200.00     63.88%
        Latency Distribution
        50%  575.53ms
        75%  617.69ms
        90%  695.84ms
        99%  935.13ms
        2409 requests in 3.03s, 3.08MB read
        Requests/sec:    795.34
        Transfer/sec:      1.02MB
        [run.sh] Speed is 795.34, duration is 37
        [run.sh] Fix the request number.
        [run.sh] Running the actual test
        [run.sh] /wrk/wrk --timeout 20s -t8 -c512 -d37s -L -s /wrk/fix_req_n.lua http://service0:80/endpoint1
        [run.sh] Checking the resource usage
        NAME                             CPU(cores)   MEMORY(bytes)
        service0-9b64c7cd8-pdmxv         288m         48Mi
        service1-5c8df6d5c9-jvr6p        105m         19Mi
        service2-84f5bd4fd6-qjw8q        109m         18Mi
        service3-7dc9946c5c-f7l8d        255m         16Mi
        service4-fb958bfd4-6c5kb         111m         15Mi
        service5-5467447458-wmwkk        259m         14Mi
        service6-76f9d889f8-48554        284m         12Mi
        service7-7f48dc88d5-bq5dx        284m         11Mi
        service8-5884f777cb-j4hr9        273m         10Mi
        service9-68f465dfb8-9txkn        139m         9Mi
        ubuntu-client-76886f6bbd-bt5mt   19m          12Mi
        Running 37s test @ http://service0:80/endpoint1
        8 threads and 512 connections
        Thread Stats   Avg      Stdev     Max   +/- Stdev
        Latency   537.04ms   71.78ms   1.34s    84.03%
        Req/Sec   118.86     35.51   252.00     69.27%
        Latency Distribution
        50%  529.71ms
        75%  565.09ms
        90%  608.02ms
        99%  752.19ms
        20000 requests in 37.00s, 25.54MB read
        Requests/sec:    540.54
        Transfer/sec:    706.92KB
        ------------------------------
        stop time: 20.920390
        stop time: 20.998989
        stop time: 21.178060
        stop time: 21.140750
        stop time: 21.319488
        stop time: 21.460611
        stop time: 21.501848
        stop time: 21.517653
        [run.sh] Test finished with status 0
        > STDERR
        > No resources found in default namespace.
    [exp] Times: [20.92039, 20.998989, 21.17806, 21.14075, 21.319488, 21.460611, 21.501848, 21.517653]
    [exp] Throughput: 940.9673046266204
[test.py] Finished running 1th optmization experiment: groundtruth->1341.1130856393577, slowdown->940.9673046266204, predicted->1334.9242404212239, err->-0.46147079499886795
[test.py] Running 2th optmization experiment
[test.py] Running 2th groundtruth exp
    [exp] Running (pre_run: False) workload synthetic/chain-d8-http-sync request with the following configuration: {'CLIENT_CPU_QUOTA': '2', 'SLOWPOKE_POKER_BATCH_THRESHOLD': '20000000', 'PROCESSING_TIME_SERVICE0': '0.00103987', 'PROCESSING_TIME_SERVICE1': '0.00102939', 'PROCESSING_TIME_SERVICE2': '0.00084391', 'PROCESSING_TIME_SERVICE3': '0.00082903', 'PROCESSING_TIME_SERVICE4': '0.00073297', 'PROCESSING_TIME_SERVICE5': '0.000138', 'PROCESSING_TIME_SERVICE6': '0.00042566', 'PROCESSING_TIME_SERVICE7': '0.00037051', 'PROCESSING_TIME_SERVICE8': '0.00031708', 'PROCESSING_TIME_SERVICE9': '0.00024455', 'SLOWPOKE_DELAY_MICROS_SERVICE0': '0.0', 'SLOWPOKE_POKER_BATCH_THRESHOLD_SERVICE0': '10', 'SLOWPOKE_DELAY_MICROS_SERVICE1': '0.0', 'SLOWPOKE_POKER_BATCH_THRESHOLD_SERVICE1': '10', 'SLOWPOKE_DELAY_MICROS_SERVICE2': '0.0', 'SLOWPOKE_POKER_BATCH_THRESHOLD_SERVICE2': '10', 'SLOWPOKE_DELAY_MICROS_SERVICE3': '0.0', 'SLOWPOKE_POKER_BATCH_THRESHOLD_SERVICE3': '10', 'SLOWPOKE_DELAY_MICROS_SERVICE4': '0.0', 'SLOWPOKE_POKER_BATCH_THRESHOLD_SERVICE4': '10', 'SLOWPOKE_DELAY_MICROS_SERVICE5': '0.0', 'SLOWPOKE_POKER_BATCH_THRESHOLD_SERVICE5': '10', 'SLOWPOKE_DELAY_MICROS_SERVICE6': '0.0', 'SLOWPOKE_POKER_BATCH_THRESHOLD_SERVICE6': '10', 'SLOWPOKE_DELAY_MICROS_SERVICE7': '0.0', 'SLOWPOKE_POKER_BATCH_THRESHOLD_SERVICE7': '10', 'SLOWPOKE_DELAY_MICROS_SERVICE8': '0.0', 'SLOWPOKE_POKER_BATCH_THRESHOLD_SERVICE8': '10', 'SLOWPOKE_DELAY_MICROS_SERVICE9': '0.0', 'SLOWPOKE_POKER_BATCH_THRESHOLD_SERVICE9': '10'}
    [exp] Executing cmd `bash run.sh synthetic chain-d8-http-sync 8 512 20000`:
        [run.sh] Running benchmark synthetic with request chain-d8-http-sync, thread 8, conn 512, duration 60
        [run.sh] Deleting all services
        configmap "config-service0" deleted
        deployment.apps "service0" deleted
        service "service0" deleted
        configmap "config-service1" deleted
        deployment.apps "service1" deleted
        service "service1" deleted
        configmap "config-service2" deleted
        deployment.apps "service2" deleted
        service "service2" deleted
        configmap "config-service3" deleted
        deployment.apps "service3" deleted
        service "service3" deleted
        configmap "config-service4" deleted
        deployment.apps "service4" deleted
        service "service4" deleted
        configmap "config-service5" deleted
        deployment.apps "service5" deleted
        service "service5" deleted
        configmap "config-service6" deleted
        deployment.apps "service6" deleted
        service "service6" deleted
        configmap "config-service7" deleted
        deployment.apps "service7" deleted
        service "service7" deleted
        configmap "config-service8" deleted
        deployment.apps "service8" deleted
        service "service8" deleted
        configmap "config-service9" deleted
        deployment.apps "service9" deleted
        service "service9" deleted
        deployment.apps "ubuntu-client" deleted
        [run.sh] Waiting for all pods to be deleted
        [run.sh] Deploying all services
        configmap/config-service0 created
        deployment.apps/service0 created
        service/service0 created
        configmap/config-service1 created
        deployment.apps/service1 created
        service/service1 created
        configmap/config-service2 created
        deployment.apps/service2 created
        service/service2 created
        configmap/config-service3 created
        deployment.apps/service3 created
        service/service3 created
        configmap/config-service4 created
        deployment.apps/service4 created
        service/service4 created
        configmap/config-service5 created
        deployment.apps/service5 created
        service/service5 created
        configmap/config-service6 created
        deployment.apps/service6 created
        service/service6 created
        configmap/config-service7 created
        deployment.apps/service7 created
        service/service7 created
        configmap/config-service8 created
        deployment.apps/service8 created
        service/service8 created
        configmap/config-service9 created
        deployment.apps/service9 created
        service/service9 created
        [run.sh] Client pod not found, deploying client
        deployment.apps/ubuntu-client created
        [run.sh] Waiting for all pods to be running
        [run.sh] All pods are running
        [run.sh] Checking heartbeat for all services
        [run.sh] All pods can connect to all services
        [run.sh] Running warmup test
        [run.sh] /wrk/wrk -t8 -c512 --timeout 3s -d3s -L http://service0:80/endpoint1
        Running 3s test @ http://service0:80/endpoint1
        8 threads and 512 connections
        Thread Stats   Avg      Stdev     Max   +/- Stdev
        Latency   392.51ms   69.60ms 866.55ms   82.40%
        Req/Sec   165.30     60.45   333.00     67.87%
        Latency Distribution
        50%  378.54ms
        75%  412.73ms
        90%  460.88ms
        99%  671.60ms
        3670 requests in 3.03s, 4.69MB read
        Requests/sec:   1211.95
        Transfer/sec:      1.55MB
        [run.sh] Speed is 1211.95, duration is 24
        [run.sh] Fix the request number.
        [run.sh] Running the actual test
        [run.sh] /wrk/wrk --timeout 20s -t8 -c512 -d24s -L -s /wrk/fix_req_n.lua http://service0:80/endpoint1
        Running 24s test @ http://service0:80/endpoint1
        8 threads and 512 connections
        Thread Stats   Avg      Stdev     Max   +/- Stdev
        Latency   376.51ms   90.71ms   1.28s    92.06%
        Req/Sec   169.33     51.19   450.00     72.16%
        Latency Distribution
        50%  366.33ms
        75%  401.92ms
        90%  439.82ms
        99%  774.42ms
        20000 requests in 24.00s, 25.54MB read
        Requests/sec:    833.33
        Transfer/sec:      1.06MB
        ------------------------------
        stop time: 14.530677
        stop time: 14.422959
        stop time: 14.770427
        stop time: 14.840003
        stop time: 15.074430
        stop time: 15.107522
        stop time: 15.094024
        stop time: 15.097700
        [run.sh] Checking the resource usage
        NAME                             CPU(cores)   MEMORY(bytes)
        service0-7564bb8985-5tqpd        1858m        47Mi
        service1-5b899d549d-dvtkd        1850m        20Mi
        service2-6f7c796b99-gff4r        1654m        17Mi
        service3-5dc7779b96-rmtkg        1625m        15Mi
        service4-66495c49c-7k48b         1584m        15Mi
        service5-5467447458-f9v89        1047m        12Mi
        service6-555868f599-mrb9w        1122m        12Mi
        service7-868cb9c7bd-xlrnj        1170m        12Mi
        service8-bcc5c55c7-b8988         1094m        10Mi
        service9-c64958867-9ppk2         525m         9Mi
        ubuntu-client-76886f6bbd-rvr95   52m          14Mi
        [run.sh] Test finished with status 0
        > STDERR
        > No resources found in default namespace.
    [exp] Times: [14.530677, 14.422959, 14.770427, 14.840003, 15.07443, 15.107522, 15.094024, 15.0977]
    [exp] Throughput: 1345.2416138856913
[test.py] Running 2th slowdown exp
    [exp] Running (pre_run: False) workload synthetic/chain-d8-http-sync request with the following configuration: {'CLIENT_CPU_QUOTA': '2', 'SLOWPOKE_POKER_BATCH_THRESHOLD': '20000000', 'PROCESSING_TIME_SERVICE0': '0.00103987', 'PROCESSING_TIME_SERVICE1': '0.00102939', 'PROCESSING_TIME_SERVICE2': '0.00084391', 'PROCESSING_TIME_SERVICE3': '0.00082903', 'PROCESSING_TIME_SERVICE4': '0.00073297', 'PROCESSING_TIME_SERVICE5': '0.00069626', 'PROCESSING_TIME_SERVICE6': '0.00042566', 'PROCESSING_TIME_SERVICE7': '0.00037051', 'PROCESSING_TIME_SERVICE8': '0.00031708', 'PROCESSING_TIME_SERVICE9': '0.00024455', 'SLOWPOKE_DELAY_MICROS_SERVICE0': '279.0', 'SLOWPOKE_POKER_BATCH_THRESHOLD_SERVICE0': '27899990', 'SLOWPOKE_DELAY_MICROS_SERVICE1': '279.0', 'SLOWPOKE_POKER_BATCH_THRESHOLD_SERVICE1': '27899990', 'SLOWPOKE_DELAY_MICROS_SERVICE2': '279.0', 'SLOWPOKE_POKER_BATCH_THRESHOLD_SERVICE2': '27899990', 'SLOWPOKE_DELAY_MICROS_SERVICE3': '279.0', 'SLOWPOKE_POKER_BATCH_THRESHOLD_SERVICE3': '27899990', 'SLOWPOKE_DELAY_MICROS_SERVICE4': '279.0', 'SLOWPOKE_POKER_BATCH_THRESHOLD_SERVICE4': '27899990', 'SLOWPOKE_DELAY_MICROS_SERVICE5': '0.0', 'SLOWPOKE_POKER_BATCH_THRESHOLD_SERVICE5': '10', 'SLOWPOKE_DELAY_MICROS_SERVICE6': '279.0', 'SLOWPOKE_POKER_BATCH_THRESHOLD_SERVICE6': '27899990', 'SLOWPOKE_DELAY_MICROS_SERVICE7': '279.0', 'SLOWPOKE_POKER_BATCH_THRESHOLD_SERVICE7': '27899990', 'SLOWPOKE_DELAY_MICROS_SERVICE8': '279.0', 'SLOWPOKE_POKER_BATCH_THRESHOLD_SERVICE8': '27899990', 'SLOWPOKE_DELAY_MICROS_SERVICE9': '279.0', 'SLOWPOKE_POKER_BATCH_THRESHOLD_SERVICE9': '27899990'}
    [exp] Executing cmd `bash run.sh synthetic chain-d8-http-sync 8 512 20000`:
        [run.sh] Running benchmark synthetic with request chain-d8-http-sync, thread 8, conn 512, duration 60
        [run.sh] Deleting all services
        configmap "config-service0" deleted
        deployment.apps "service0" deleted
        service "service0" deleted
        configmap "config-service1" deleted
        deployment.apps "service1" deleted
        service "service1" deleted
        configmap "config-service2" deleted
        deployment.apps "service2" deleted
        service "service2" deleted
        configmap "config-service3" deleted
        deployment.apps "service3" deleted
        service "service3" deleted
        configmap "config-service4" deleted
        deployment.apps "service4" deleted
        service "service4" deleted
        configmap "config-service5" deleted
        deployment.apps "service5" deleted
        service "service5" deleted
        configmap "config-service6" deleted
        deployment.apps "service6" deleted
        service "service6" deleted
        configmap "config-service7" deleted
        deployment.apps "service7" deleted
        service "service7" deleted
        configmap "config-service8" deleted
        deployment.apps "service8" deleted
        service "service8" deleted
        configmap "config-service9" deleted
        deployment.apps "service9" deleted
        service "service9" deleted
        deployment.apps "ubuntu-client" deleted
        [run.sh] Waiting for all pods to be deleted
        [run.sh] Deploying all services
        configmap/config-service0 created
        deployment.apps/service0 created
        service/service0 created
        configmap/config-service1 created
        deployment.apps/service1 created
        service/service1 created
        configmap/config-service2 created
        deployment.apps/service2 created
        service/service2 created
        configmap/config-service3 created
        deployment.apps/service3 created
        service/service3 created
        configmap/config-service4 created
        deployment.apps/service4 created
        service/service4 created
        configmap/config-service5 created
        deployment.apps/service5 created
        service/service5 created
        configmap/config-service6 created
        deployment.apps/service6 created
        service/service6 created
        configmap/config-service7 created
        deployment.apps/service7 created
        service/service7 created
        configmap/config-service8 created
        deployment.apps/service8 created
        service/service8 created
        configmap/config-service9 created
        deployment.apps/service9 created
        service/service9 created
        [run.sh] Client pod not found, deploying client
        deployment.apps/ubuntu-client created
        [run.sh] Waiting for all pods to be running
        [run.sh] All pods are running
        [run.sh] Checking heartbeat for all services
        [run.sh] All pods can connect to all services
        [run.sh] Running warmup test
        [run.sh] /wrk/wrk -t8 -c512 --timeout 3s -d3s -L http://service0:80/endpoint1
        Running 3s test @ http://service0:80/endpoint1
        8 threads and 512 connections
        Thread Stats   Avg      Stdev     Max   +/- Stdev
        Latency   553.05ms  119.10ms   1.05s    84.75%
        Req/Sec   118.65     54.05   290.00     71.96%
        Latency Distribution
        50%  514.44ms
        75%  573.42ms
        90%  707.78ms
        99%  963.54ms
        2558 requests in 3.04s, 3.27MB read
        Requests/sec:    842.64
        Transfer/sec:      1.08MB
        [run.sh] Speed is 842.64, duration is 35
        [run.sh] Fix the request number.
        [run.sh] Running the actual test
        [run.sh] /wrk/wrk --timeout 20s -t8 -c512 -d35s -L -s /wrk/fix_req_n.lua http://service0:80/endpoint1
        [run.sh] Checking the resource usage
        NAME                             CPU(cores)   MEMORY(bytes)
        service0-544b75c497-mk4t7        652m         49Mi
        service1-6bc8844bbb-b5g2x        448m         20Mi
        service2-6bf884cfd7-6zwrn        413m         18Mi
        service3-9f8c4579b-5ljq4         581m         17Mi
        service4-56564cb69c-gr2sd        406m         15Mi
        service5-5467447458-85f6q        573m         13Mi
        service6-544cc9c599-f85w5        650m         12Mi
        service7-7b45db477b-xnrmb        592m         10Mi
        service8-7545c877b9-m54l9        594m         11Mi
        service9-646698f87-rxxxg         339m         10Mi
        ubuntu-client-76886f6bbd-ts7w2   42m          15Mi
        Running 35s test @ http://service0:80/endpoint1
        8 threads and 512 connections
        Thread Stats   Avg      Stdev     Max   +/- Stdev
        Latency   524.74ms   96.58ms   1.40s    87.04%
        Req/Sec   121.96     43.00   400.00     73.58%
        Latency Distribution
        50%  513.69ms
        75%  555.66ms
        90%  611.55ms
        99%  856.70ms
        20000 requests in 35.00s, 25.54MB read
        Requests/sec:    571.43
        Transfer/sec:    747.24KB
        ------------------------------
        stop time: 20.083436
        stop time: 20.271511
        stop time: 20.465117
        stop time: 20.876850
        stop time: 20.885681
        stop time: 21.063705
        stop time: 21.062246
        stop time: 21.051822
        [run.sh] Test finished with status 0
        > STDERR
        > No resources found in default namespace.
    [exp] Times: [20.083436, 20.271511, 20.465117, 20.87685, 20.885681, 21.063705, 21.062246, 21.051822]
    [exp] Throughput: 965.2488223240433
[test.py] Finished running 2th optmization experiment: groundtruth->1345.2416138856913, slowdown->965.2488223240433, predicted->1321.2268436828776, err->-1.7851640891072134
[test.py] Running 3th optmization experiment
[test.py] Running 3th groundtruth exp
    [exp] Running (pre_run: False) workload synthetic/chain-d8-http-sync request with the following configuration: {'CLIENT_CPU_QUOTA': '2', 'SLOWPOKE_POKER_BATCH_THRESHOLD': '20000000', 'PROCESSING_TIME_SERVICE0': '0.00103987', 'PROCESSING_TIME_SERVICE1': '0.00102939', 'PROCESSING_TIME_SERVICE2': '0.00084391', 'PROCESSING_TIME_SERVICE3': '0.00082903', 'PROCESSING_TIME_SERVICE4': '0.00073297', 'PROCESSING_TIME_SERVICE5': '0.000207', 'PROCESSING_TIME_SERVICE6': '0.00042566', 'PROCESSING_TIME_SERVICE7': '0.00037051', 'PROCESSING_TIME_SERVICE8': '0.00031708', 'PROCESSING_TIME_SERVICE9': '0.00024455', 'SLOWPOKE_DELAY_MICROS_SERVICE0': '0.0', 'SLOWPOKE_POKER_BATCH_THRESHOLD_SERVICE0': '10', 'SLOWPOKE_DELAY_MICROS_SERVICE1': '0.0', 'SLOWPOKE_POKER_BATCH_THRESHOLD_SERVICE1': '10', 'SLOWPOKE_DELAY_MICROS_SERVICE2': '0.0', 'SLOWPOKE_POKER_BATCH_THRESHOLD_SERVICE2': '10', 'SLOWPOKE_DELAY_MICROS_SERVICE3': '0.0', 'SLOWPOKE_POKER_BATCH_THRESHOLD_SERVICE3': '10', 'SLOWPOKE_DELAY_MICROS_SERVICE4': '0.0', 'SLOWPOKE_POKER_BATCH_THRESHOLD_SERVICE4': '10', 'SLOWPOKE_DELAY_MICROS_SERVICE5': '0.0', 'SLOWPOKE_POKER_BATCH_THRESHOLD_SERVICE5': '10', 'SLOWPOKE_DELAY_MICROS_SERVICE6': '0.0', 'SLOWPOKE_POKER_BATCH_THRESHOLD_SERVICE6': '10', 'SLOWPOKE_DELAY_MICROS_SERVICE7': '0.0', 'SLOWPOKE_POKER_BATCH_THRESHOLD_SERVICE7': '10', 'SLOWPOKE_DELAY_MICROS_SERVICE8': '0.0', 'SLOWPOKE_POKER_BATCH_THRESHOLD_SERVICE8': '10', 'SLOWPOKE_DELAY_MICROS_SERVICE9': '0.0', 'SLOWPOKE_POKER_BATCH_THRESHOLD_SERVICE9': '10'}
    [exp] Executing cmd `bash run.sh synthetic chain-d8-http-sync 8 512 20000`:
        [run.sh] Running benchmark synthetic with request chain-d8-http-sync, thread 8, conn 512, duration 60
        [run.sh] Deleting all services
        configmap "config-service0" deleted
        deployment.apps "service0" deleted
        service "service0" deleted
        configmap "config-service1" deleted
        deployment.apps "service1" deleted
        service "service1" deleted
        configmap "config-service2" deleted
        deployment.apps "service2" deleted
        service "service2" deleted
        configmap "config-service3" deleted
        deployment.apps "service3" deleted
        service "service3" deleted
        configmap "config-service4" deleted
        deployment.apps "service4" deleted
        service "service4" deleted
        configmap "config-service5" deleted
        deployment.apps "service5" deleted
        service "service5" deleted
        configmap "config-service6" deleted
        deployment.apps "service6" deleted
        service "service6" deleted
        configmap "config-service7" deleted
        deployment.apps "service7" deleted
        service "service7" deleted
        configmap "config-service8" deleted
        deployment.apps "service8" deleted
        service "service8" deleted
        configmap "config-service9" deleted
        deployment.apps "service9" deleted
        service "service9" deleted
        deployment.apps "ubuntu-client" deleted
        [run.sh] Waiting for all pods to be deleted
        [run.sh] Deploying all services
        configmap/config-service0 created
        deployment.apps/service0 created
        service/service0 created
        configmap/config-service1 created
        deployment.apps/service1 created
        service/service1 created
        configmap/config-service2 created
        deployment.apps/service2 created
        service/service2 created
        configmap/config-service3 created
        deployment.apps/service3 created
        service/service3 created
        configmap/config-service4 created
        deployment.apps/service4 created
        service/service4 created
        configmap/config-service5 created
        deployment.apps/service5 created
        service/service5 created
        configmap/config-service6 created
        deployment.apps/service6 created
        service/service6 created
        configmap/config-service7 created
        deployment.apps/service7 created
        service/service7 created
        configmap/config-service8 created
        deployment.apps/service8 created
        service/service8 created
        configmap/config-service9 created
        deployment.apps/service9 created
        service/service9 created
        [run.sh] Client pod not found, deploying client
        deployment.apps/ubuntu-client created
        [run.sh] Waiting for all pods to be running
        [run.sh] All pods are running
        [run.sh] Checking heartbeat for all services
        [run.sh] All pods can connect to all services
        [run.sh] Running warmup test
        [run.sh] /wrk/wrk -t8 -c512 --timeout 3s -d3s -L http://service0:80/endpoint1
        Running 3s test @ http://service0:80/endpoint1
        8 threads and 512 connections
        Thread Stats   Avg      Stdev     Max   +/- Stdev
        Latency   386.01ms   82.83ms 789.26ms   88.04%
        Req/Sec   172.24     72.78   383.00     73.15%
        Latency Distribution
        50%  363.08ms
        75%  396.32ms
        90%  470.92ms
        99%  698.28ms
        3755 requests in 3.03s, 4.80MB read
        Requests/sec:   1237.89
        Transfer/sec:      1.58MB
        [run.sh] Speed is 1237.89, duration is 24
        [run.sh] Fix the request number.
        [run.sh] Running the actual test
        [run.sh] /wrk/wrk --timeout 20s -t8 -c512 -d24s -L -s /wrk/fix_req_n.lua http://service0:80/endpoint1
        Running 24s test @ http://service0:80/endpoint1
        8 threads and 512 connections
        Thread Stats   Avg      Stdev     Max   +/- Stdev
        Latency   385.56ms   67.02ms   1.02s    79.82%
        Req/Sec   165.20     45.84   292.00     69.78%
        Latency Distribution
        50%  374.66ms
        75%  414.95ms
        90%  463.63ms
        99%  616.70ms
        20000 requests in 24.00s, 25.54MB read
        Requests/sec:    833.33
        Transfer/sec:      1.06MB
        ------------------------------
        stop time: 15.117642
        stop time: 15.005139
        stop time: 15.138799
        stop time: 15.344109
        stop time: 15.325005
        stop time: 15.335417
        stop time: 15.300214
        stop time: 15.382532
        [run.sh] Checking the resource usage
        NAME                        CPU(cores)   MEMORY(bytes)
        service0-7564bb8985-gg7jv   6m           3Mi
        service1-5b899d549d-fxbsj   4m           3Mi
        service2-6f7c796b99-7tffg   6m           3Mi
        service3-5dc7779b96-rpn9v   5m           3Mi
        service4-66495c49c-6sp5k    6m           3Mi
        service5-5467447458-9hd29   6m           3Mi
        service6-555868f599-7slx6   6m           3Mi
        service7-868cb9c7bd-gfsq2   6m           3Mi
        service8-bcc5c55c7-jhxrt    1m           3Mi
        service9-c64958867-n6kd8    1m           3Mi
        [run.sh] Test finished with status 0
        > STDERR
        > No resources found in default namespace.
    [exp] Times: [15.117642, 15.005139, 15.138799, 15.344109, 15.325005, 15.335417, 15.300214, 15.382532]
    [exp] Throughput: 1312.0254173436
[test.py] Running 3th slowdown exp
    [exp] Running (pre_run: False) workload synthetic/chain-d8-http-sync request with the following configuration: {'CLIENT_CPU_QUOTA': '2', 'SLOWPOKE_POKER_BATCH_THRESHOLD': '20000000', 'PROCESSING_TIME_SERVICE0': '0.00103987', 'PROCESSING_TIME_SERVICE1': '0.00102939', 'PROCESSING_TIME_SERVICE2': '0.00084391', 'PROCESSING_TIME_SERVICE3': '0.00082903', 'PROCESSING_TIME_SERVICE4': '0.00073297', 'PROCESSING_TIME_SERVICE5': '0.00069626', 'PROCESSING_TIME_SERVICE6': '0.00042566', 'PROCESSING_TIME_SERVICE7': '0.00037051', 'PROCESSING_TIME_SERVICE8': '0.00031708', 'PROCESSING_TIME_SERVICE9': '0.00024455', 'SLOWPOKE_DELAY_MICROS_SERVICE0': '244.5', 'SLOWPOKE_POKER_BATCH_THRESHOLD_SERVICE0': '24449990', 'SLOWPOKE_DELAY_MICROS_SERVICE1': '244.5', 'SLOWPOKE_POKER_BATCH_THRESHOLD_SERVICE1': '24449990', 'SLOWPOKE_DELAY_MICROS_SERVICE2': '244.5', 'SLOWPOKE_POKER_BATCH_THRESHOLD_SERVICE2': '24449990', 'SLOWPOKE_DELAY_MICROS_SERVICE3': '244.5', 'SLOWPOKE_POKER_BATCH_THRESHOLD_SERVICE3': '24449990', 'SLOWPOKE_DELAY_MICROS_SERVICE4': '244.5', 'SLOWPOKE_POKER_BATCH_THRESHOLD_SERVICE4': '24449990', 'SLOWPOKE_DELAY_MICROS_SERVICE5': '0.0', 'SLOWPOKE_POKER_BATCH_THRESHOLD_SERVICE5': '10', 'SLOWPOKE_DELAY_MICROS_SERVICE6': '244.5', 'SLOWPOKE_POKER_BATCH_THRESHOLD_SERVICE6': '24449990', 'SLOWPOKE_DELAY_MICROS_SERVICE7': '244.5', 'SLOWPOKE_POKER_BATCH_THRESHOLD_SERVICE7': '24449990', 'SLOWPOKE_DELAY_MICROS_SERVICE8': '244.5', 'SLOWPOKE_POKER_BATCH_THRESHOLD_SERVICE8': '24449990', 'SLOWPOKE_DELAY_MICROS_SERVICE9': '244.5', 'SLOWPOKE_POKER_BATCH_THRESHOLD_SERVICE9': '24449990'}
    [exp] Executing cmd `bash run.sh synthetic chain-d8-http-sync 8 512 20000`:
        [run.sh] Running benchmark synthetic with request chain-d8-http-sync, thread 8, conn 512, duration 60
        [run.sh] Deleting all services
        configmap "config-service0" deleted
        deployment.apps "service0" deleted
        service "service0" deleted
        configmap "config-service1" deleted
        deployment.apps "service1" deleted
        service "service1" deleted
        configmap "config-service2" deleted
        deployment.apps "service2" deleted
        service "service2" deleted
        configmap "config-service3" deleted
        deployment.apps "service3" deleted
        service "service3" deleted
        configmap "config-service4" deleted
        deployment.apps "service4" deleted
        service "service4" deleted
        configmap "config-service5" deleted
        deployment.apps "service5" deleted
        service "service5" deleted
        configmap "config-service6" deleted
        deployment.apps "service6" deleted
        service "service6" deleted
        configmap "config-service7" deleted
        deployment.apps "service7" deleted
        service "service7" deleted
        configmap "config-service8" deleted
        deployment.apps "service8" deleted
        service "service8" deleted
        configmap "config-service9" deleted
        deployment.apps "service9" deleted
        service "service9" deleted
        deployment.apps "ubuntu-client" deleted
        [run.sh] Waiting for all pods to be deleted
        [run.sh] Deploying all services
        configmap/config-service0 created
        deployment.apps/service0 created
        service/service0 created
        configmap/config-service1 created
        deployment.apps/service1 created
        service/service1 created
        configmap/config-service2 created
        deployment.apps/service2 created
        service/service2 created
        configmap/config-service3 created
        deployment.apps/service3 created
        service/service3 created
        configmap/config-service4 created
        deployment.apps/service4 created
        service/service4 created
        configmap/config-service5 created
        deployment.apps/service5 created
        service/service5 created
        configmap/config-service6 created
        deployment.apps/service6 created
        service/service6 created
        configmap/config-service7 created
        deployment.apps/service7 created
        service/service7 created
        configmap/config-service8 created
        deployment.apps/service8 created
        service/service8 created
        configmap/config-service9 created
        deployment.apps/service9 created
        service/service9 created
        [run.sh] Client pod not found, deploying client
        deployment.apps/ubuntu-client created
        [run.sh] Waiting for all pods to be running
        [run.sh] All pods are running
        [run.sh] Checking heartbeat for all services
        [run.sh] All pods can connect to all services
        [run.sh] Running warmup test
        [run.sh] /wrk/wrk -t8 -c512 --timeout 3s -d3s -L http://service0:80/endpoint1
        Running 3s test @ http://service0:80/endpoint1
        8 threads and 512 connections
        Thread Stats   Avg      Stdev     Max   +/- Stdev
        Latency   530.00ms  123.89ms   1.20s    83.57%
        Req/Sec   114.28     48.78   272.00     71.55%
        Latency Distribution
        50%  519.04ms
        75%  574.30ms
        90%  643.01ms
        99%  979.70ms
        2666 requests in 3.02s, 3.41MB read
        Requests/sec:    882.11
        Transfer/sec:      1.13MB
        [run.sh] Speed is 882.11, duration is 34
        [run.sh] Fix the request number.
        [run.sh] Running the actual test
        [run.sh] /wrk/wrk --timeout 20s -t8 -c512 -d34s -L -s /wrk/fix_req_n.lua http://service0:80/endpoint1
        Running 34s test @ http://service0:80/endpoint1
        8 threads and 512 connections
        Thread Stats   Avg      Stdev     Max   +/- Stdev
        Latency   894.47ms    1.12s    5.85s    89.28%
        Req/Sec   124.92     42.21   320.00     69.28%
        Latency Distribution
        50%  501.65ms
        75%  571.97ms
        90%    2.05s
        99%    5.54s
        20000 requests in 34.00s, 25.54MB read
        Requests/sec:    588.23
        Transfer/sec:    769.30KB
        ------------------------------
        stop time: 24.798255
        stop time: 24.833635
        stop time: 25.064705
        stop time: 25.164069
        stop time: 25.141150
        stop time: 25.156152
        stop time: 25.167395
        stop time: 25.173052
        [run.sh] Checking the resource usage
        NAME                             CPU(cores)   MEMORY(bytes)
        service0-574cf67944-zqjxb        466m         45Mi
        service1-66b7d5655-zttkj         449m         18Mi
        service2-59b47d7574-ngt2l        408m         16Mi
        service3-784874bc7-qk29v         401m         15Mi
        service4-5d9db8f548-575mz        386m         13Mi
        service5-5467447458-p69m4        384m         14Mi
        service6-6df8786cbb-bjsnt        316m         12Mi
        service7-646c8cf45-xfn8v         324m         11Mi
        service8-5dd54fd864-fps7w        311m         11Mi
        service9-84bb46497b-xk54z        152m         9Mi
        ubuntu-client-76886f6bbd-jj86v   30m          0Mi
        [run.sh] Test finished with status 0
        > STDERR
        > No resources found in default namespace.
    [exp] Times: [24.798255, 24.833635, 25.064705, 25.164069, 25.14115, 25.156152, 25.167395, 25.173052]
    [exp] Throughput: 798.0113039597975
[test.py] Finished running 3th optmization experiment: groundtruth->1312.0254173436, slowdown->798.0113039597975, predicted->991.5863095966845, err->-24.423239329897626
[test.py] Running 4th optmization experiment
[test.py] Running 4th groundtruth exp
    [exp] Running (pre_run: False) workload synthetic/chain-d8-http-sync request with the following configuration: {'CLIENT_CPU_QUOTA': '2', 'SLOWPOKE_POKER_BATCH_THRESHOLD': '20000000', 'PROCESSING_TIME_SERVICE0': '0.00103987', 'PROCESSING_TIME_SERVICE1': '0.00102939', 'PROCESSING_TIME_SERVICE2': '0.00084391', 'PROCESSING_TIME_SERVICE3': '0.00082903', 'PROCESSING_TIME_SERVICE4': '0.00073297', 'PROCESSING_TIME_SERVICE5': '0.000276', 'PROCESSING_TIME_SERVICE6': '0.00042566', 'PROCESSING_TIME_SERVICE7': '0.00037051', 'PROCESSING_TIME_SERVICE8': '0.00031708', 'PROCESSING_TIME_SERVICE9': '0.00024455', 'SLOWPOKE_DELAY_MICROS_SERVICE0': '0.0', 'SLOWPOKE_POKER_BATCH_THRESHOLD_SERVICE0': '10', 'SLOWPOKE_DELAY_MICROS_SERVICE1': '0.0', 'SLOWPOKE_POKER_BATCH_THRESHOLD_SERVICE1': '10', 'SLOWPOKE_DELAY_MICROS_SERVICE2': '0.0', 'SLOWPOKE_POKER_BATCH_THRESHOLD_SERVICE2': '10', 'SLOWPOKE_DELAY_MICROS_SERVICE3': '0.0', 'SLOWPOKE_POKER_BATCH_THRESHOLD_SERVICE3': '10', 'SLOWPOKE_DELAY_MICROS_SERVICE4': '0.0', 'SLOWPOKE_POKER_BATCH_THRESHOLD_SERVICE4': '10', 'SLOWPOKE_DELAY_MICROS_SERVICE5': '0.0', 'SLOWPOKE_POKER_BATCH_THRESHOLD_SERVICE5': '10', 'SLOWPOKE_DELAY_MICROS_SERVICE6': '0.0', 'SLOWPOKE_POKER_BATCH_THRESHOLD_SERVICE6': '10', 'SLOWPOKE_DELAY_MICROS_SERVICE7': '0.0', 'SLOWPOKE_POKER_BATCH_THRESHOLD_SERVICE7': '10', 'SLOWPOKE_DELAY_MICROS_SERVICE8': '0.0', 'SLOWPOKE_POKER_BATCH_THRESHOLD_SERVICE8': '10', 'SLOWPOKE_DELAY_MICROS_SERVICE9': '0.0', 'SLOWPOKE_POKER_BATCH_THRESHOLD_SERVICE9': '10'}
    [exp] Executing cmd `bash run.sh synthetic chain-d8-http-sync 8 512 20000`:
        [run.sh] Running benchmark synthetic with request chain-d8-http-sync, thread 8, conn 512, duration 60
        [run.sh] Deleting all services
        configmap "config-service0" deleted
        deployment.apps "service0" deleted
        service "service0" deleted
        configmap "config-service1" deleted
        deployment.apps "service1" deleted
        service "service1" deleted
        configmap "config-service2" deleted
        deployment.apps "service2" deleted
        service "service2" deleted
        configmap "config-service3" deleted
        deployment.apps "service3" deleted
        service "service3" deleted
        configmap "config-service4" deleted
        deployment.apps "service4" deleted
        service "service4" deleted
        configmap "config-service5" deleted
        deployment.apps "service5" deleted
        service "service5" deleted
        configmap "config-service6" deleted
        deployment.apps "service6" deleted
        service "service6" deleted
        configmap "config-service7" deleted
        deployment.apps "service7" deleted
        service "service7" deleted
        configmap "config-service8" deleted
        deployment.apps "service8" deleted
        service "service8" deleted
        configmap "config-service9" deleted
        deployment.apps "service9" deleted
        service "service9" deleted
        deployment.apps "ubuntu-client" deleted
        [run.sh] Waiting for all pods to be deleted
        [run.sh] Deploying all services
        configmap/config-service0 created
        deployment.apps/service0 created
        service/service0 created
        configmap/config-service1 created
        deployment.apps/service1 created
        service/service1 created
        configmap/config-service2 created
        deployment.apps/service2 created
        service/service2 created
        configmap/config-service3 created
        deployment.apps/service3 created
        service/service3 created
        configmap/config-service4 created
        deployment.apps/service4 created
        service/service4 created
        configmap/config-service5 created
        deployment.apps/service5 created
        service/service5 created
        configmap/config-service6 created
        deployment.apps/service6 created
        service/service6 created
        configmap/config-service7 created
        deployment.apps/service7 created
        service/service7 created
        configmap/config-service8 created
        deployment.apps/service8 created
        service/service8 created
        configmap/config-service9 created
        deployment.apps/service9 created
        service/service9 created
        [run.sh] Client pod not found, deploying client
        deployment.apps/ubuntu-client created
        [run.sh] Waiting for all pods to be running
        [run.sh] All pods are running
        [run.sh] Checking heartbeat for all services
        [run.sh] All pods can connect to all services
        [run.sh] Running warmup test
        [run.sh] /wrk/wrk -t8 -c512 --timeout 3s -d3s -L http://service0:80/endpoint1
        Running 3s test @ http://service0:80/endpoint1
        8 threads and 512 connections
        Thread Stats   Avg      Stdev     Max   +/- Stdev
        Latency   406.56ms   96.43ms 862.21ms   85.50%
        Req/Sec   160.21     58.84   323.00     68.35%
        Latency Distribution
        50%  376.45ms
        75%  420.83ms
        90%  550.14ms
        99%  746.97ms
        3518 requests in 3.03s, 4.49MB read
        Requests/sec:   1161.45
        Transfer/sec:      1.48MB
        [run.sh] Speed is 1161.45, duration is 25
        [run.sh] Fix the request number.
        [run.sh] Running the actual test
        [run.sh] /wrk/wrk --timeout 20s -t8 -c512 -d25s -L -s /wrk/fix_req_n.lua http://service0:80/endpoint1
        Running 25s test @ http://service0:80/endpoint1
        8 threads and 512 connections
        Thread Stats   Avg      Stdev     Max   +/- Stdev
        Latency     1.26s     1.56s    5.57s    83.82%
        Req/Sec   161.06     57.49   565.00     74.04%
        Latency Distribution
        50%  404.81ms
        75%    1.77s
        90%    4.42s
        99%    5.40s
        14426 requests in 25.03s, 18.42MB read
        Requests/sec:    576.36
        Transfer/sec:    753.66KB
        ------------------------------
        [run.sh] Checking the resource usage
        NAME                             CPU(cores)   MEMORY(bytes)
        service0-7564bb8985-d8c5w        823m         50Mi
        service1-5b899d549d-gglhv        902m         20Mi
        service2-6f7c796b99-q5848        806m         17Mi
        service3-5dc7779b96-f8vlf        732m         14Mi
        service4-66495c49c-c9nt4         775m         13Mi
        service5-5467447458-n2rjh        538m         12Mi
        service6-555868f599-cbp4q        404m         12Mi
        service7-868cb9c7bd-2htf4        404m         11Mi
        service8-bcc5c55c7-dcvtv         374m         10Mi
        service9-c64958867-7bp7h         192m         9Mi
        ubuntu-client-76886f6bbd-tg5h7   26m          14Mi
        [run.sh] Test finished with status 1
        > STDERR
        > No resources found in default namespace.
        > PANIC: unprotected error in call to Lua API (/wrk/fix_req_n.lua:32: bad argument #1 to 'format' (number expected, got nil))
        > command terminated with exit code 1
    [exp] Error running bash run.sh synthetic chain-d8-http-sync 8 512 20000
[test.py] Found 0 throughtput, rerun experiment
    [exp] Running (pre_run: False) workload synthetic/chain-d8-http-sync request with the following configuration: {'CLIENT_CPU_QUOTA': '2', 'SLOWPOKE_POKER_BATCH_THRESHOLD': '20000000', 'PROCESSING_TIME_SERVICE0': '0.00103987', 'PROCESSING_TIME_SERVICE1': '0.00102939', 'PROCESSING_TIME_SERVICE2': '0.00084391', 'PROCESSING_TIME_SERVICE3': '0.00082903', 'PROCESSING_TIME_SERVICE4': '0.00073297', 'PROCESSING_TIME_SERVICE5': '0.000276', 'PROCESSING_TIME_SERVICE6': '0.00042566', 'PROCESSING_TIME_SERVICE7': '0.00037051', 'PROCESSING_TIME_SERVICE8': '0.00031708', 'PROCESSING_TIME_SERVICE9': '0.00024455', 'SLOWPOKE_DELAY_MICROS_SERVICE0': '0.0', 'SLOWPOKE_POKER_BATCH_THRESHOLD_SERVICE0': '10', 'SLOWPOKE_DELAY_MICROS_SERVICE1': '0.0', 'SLOWPOKE_POKER_BATCH_THRESHOLD_SERVICE1': '10', 'SLOWPOKE_DELAY_MICROS_SERVICE2': '0.0', 'SLOWPOKE_POKER_BATCH_THRESHOLD_SERVICE2': '10', 'SLOWPOKE_DELAY_MICROS_SERVICE3': '0.0', 'SLOWPOKE_POKER_BATCH_THRESHOLD_SERVICE3': '10', 'SLOWPOKE_DELAY_MICROS_SERVICE4': '0.0', 'SLOWPOKE_POKER_BATCH_THRESHOLD_SERVICE4': '10', 'SLOWPOKE_DELAY_MICROS_SERVICE5': '0.0', 'SLOWPOKE_POKER_BATCH_THRESHOLD_SERVICE5': '10', 'SLOWPOKE_DELAY_MICROS_SERVICE6': '0.0', 'SLOWPOKE_POKER_BATCH_THRESHOLD_SERVICE6': '10', 'SLOWPOKE_DELAY_MICROS_SERVICE7': '0.0', 'SLOWPOKE_POKER_BATCH_THRESHOLD_SERVICE7': '10', 'SLOWPOKE_DELAY_MICROS_SERVICE8': '0.0', 'SLOWPOKE_POKER_BATCH_THRESHOLD_SERVICE8': '10', 'SLOWPOKE_DELAY_MICROS_SERVICE9': '0.0', 'SLOWPOKE_POKER_BATCH_THRESHOLD_SERVICE9': '10'}
    [exp] Executing cmd `bash run.sh synthetic chain-d8-http-sync 8 512 20000`:
        [run.sh] Running benchmark synthetic with request chain-d8-http-sync, thread 8, conn 512, duration 60
        [run.sh] Deleting all services
        configmap "config-service0" deleted
        deployment.apps "service0" deleted
        service "service0" deleted
        configmap "config-service1" deleted
        deployment.apps "service1" deleted
        service "service1" deleted
        configmap "config-service2" deleted
        deployment.apps "service2" deleted
        service "service2" deleted
        configmap "config-service3" deleted
        deployment.apps "service3" deleted
        service "service3" deleted
        configmap "config-service4" deleted
        deployment.apps "service4" deleted
        service "service4" deleted
        configmap "config-service5" deleted
        deployment.apps "service5" deleted
        service "service5" deleted
        configmap "config-service6" deleted
        deployment.apps "service6" deleted
        service "service6" deleted
        configmap "config-service7" deleted
        deployment.apps "service7" deleted
        service "service7" deleted
        configmap "config-service8" deleted
        deployment.apps "service8" deleted
        service "service8" deleted
        configmap "config-service9" deleted
        deployment.apps "service9" deleted
        service "service9" deleted
        deployment.apps "ubuntu-client" deleted
        [run.sh] Waiting for all pods to be deleted
        [run.sh] Deploying all services
        configmap/config-service0 created
        deployment.apps/service0 created
        service/service0 created
        configmap/config-service1 created
        deployment.apps/service1 created
        service/service1 created
        configmap/config-service2 created
        deployment.apps/service2 created
        service/service2 created
        configmap/config-service3 created
        deployment.apps/service3 created
        service/service3 created
        configmap/config-service4 created
        deployment.apps/service4 created
        service/service4 created
        configmap/config-service5 created
        deployment.apps/service5 created
        service/service5 created
        configmap/config-service6 created
        deployment.apps/service6 created
        service/service6 created
        configmap/config-service7 created
        deployment.apps/service7 created
        service/service7 created
        configmap/config-service8 created
        deployment.apps/service8 created
        service/service8 created
        configmap/config-service9 created
        deployment.apps/service9 created
        service/service9 created
        [run.sh] Client pod not found, deploying client
        deployment.apps/ubuntu-client created
        [run.sh] Waiting for all pods to be running
        [run.sh] All pods are running
        [run.sh] Checking heartbeat for all services
        [run.sh] All pods can connect to all services
        [run.sh] Running warmup test
        [run.sh] /wrk/wrk -t8 -c512 --timeout 3s -d3s -L http://service0:80/endpoint1
        Running 3s test @ http://service0:80/endpoint1
        8 threads and 512 connections
        Thread Stats   Avg      Stdev     Max   +/- Stdev
        Latency   417.98ms  121.79ms 951.07ms   86.11%
        Req/Sec   164.90     52.98   292.00     67.50%
        Latency Distribution
        50%  375.80ms
        75%  417.18ms
        90%  605.14ms
        99%  835.62ms
        3420 requests in 3.03s, 4.37MB read
        Requests/sec:   1129.66
        Transfer/sec:      1.44MB
        [run.sh] Speed is 1129.66, duration is 26
        [run.sh] Fix the request number.
        [run.sh] Running the actual test
        [run.sh] /wrk/wrk --timeout 20s -t8 -c512 -d26s -L -s /wrk/fix_req_n.lua http://service0:80/endpoint1
        Running 26s test @ http://service0:80/endpoint1
        8 threads and 512 connections
        Thread Stats   Avg      Stdev     Max   +/- Stdev
        Latency   381.02ms   72.53ms   1.13s    84.34%
        Req/Sec   167.04     47.07   320.00     73.91%
        Latency Distribution
        50%  366.63ms
        75%  404.85ms
        90%  459.85ms
        99%  623.63ms
        20000 requests in 26.00s, 25.54MB read
        Requests/sec:    769.23
        Transfer/sec:      0.98MB
        ------------------------------
        stop time: 14.980653
        stop time: 14.883049
        stop time: 14.917376
        stop time: 14.981374
        stop time: 15.159389
        stop time: 15.157680
        stop time: 15.276498
        stop time: 15.318770
        [run.sh] Checking the resource usage
        NAME                             CPU(cores)   MEMORY(bytes)
        service0-7564bb8985-pgqgd        46m          50Mi
        service1-5b899d549d-r94fj        1m           19Mi
        service2-6f7c796b99-vqqp7        1m           17Mi
        service3-5dc7779b96-45ssx        19m          15Mi
        service4-66495c49c-46zmk         1m           14Mi
        service5-5467447458-hvn2k        18m          12Mi
        service6-555868f599-nljtm        300m         11Mi
        service7-868cb9c7bd-w7xvp        218m         11Mi
        service8-bcc5c55c7-trdwm         254m         10Mi
        service9-c64958867-66lp4         171m         9Mi
        ubuntu-client-76886f6bbd-vxlcp   33m          0Mi
        [run.sh] Test finished with status 0
        > STDERR
        > No resources found in default namespace.
    [exp] Times: [14.980653, 14.883049, 14.917376, 14.981374, 15.159389, 15.15768, 15.276498, 15.31877]
    [exp] Throughput: 1325.8776031503978
[test.py] Running 4th slowdown exp
    [exp] Running (pre_run: False) workload synthetic/chain-d8-http-sync request with the following configuration: {'CLIENT_CPU_QUOTA': '2', 'SLOWPOKE_POKER_BATCH_THRESHOLD': '20000000', 'PROCESSING_TIME_SERVICE0': '0.00103987', 'PROCESSING_TIME_SERVICE1': '0.00102939', 'PROCESSING_TIME_SERVICE2': '0.00084391', 'PROCESSING_TIME_SERVICE3': '0.00082903', 'PROCESSING_TIME_SERVICE4': '0.00073297', 'PROCESSING_TIME_SERVICE5': '0.00069626', 'PROCESSING_TIME_SERVICE6': '0.00042566', 'PROCESSING_TIME_SERVICE7': '0.00037051', 'PROCESSING_TIME_SERVICE8': '0.00031708', 'PROCESSING_TIME_SERVICE9': '0.00024455', 'SLOWPOKE_DELAY_MICROS_SERVICE0': '210.0', 'SLOWPOKE_POKER_BATCH_THRESHOLD_SERVICE0': '20999990', 'SLOWPOKE_DELAY_MICROS_SERVICE1': '210.0', 'SLOWPOKE_POKER_BATCH_THRESHOLD_SERVICE1': '20999990', 'SLOWPOKE_DELAY_MICROS_SERVICE2': '210.0', 'SLOWPOKE_POKER_BATCH_THRESHOLD_SERVICE2': '20999990', 'SLOWPOKE_DELAY_MICROS_SERVICE3': '210.0', 'SLOWPOKE_POKER_BATCH_THRESHOLD_SERVICE3': '20999990', 'SLOWPOKE_DELAY_MICROS_SERVICE4': '210.0', 'SLOWPOKE_POKER_BATCH_THRESHOLD_SERVICE4': '20999990', 'SLOWPOKE_DELAY_MICROS_SERVICE5': '0.0', 'SLOWPOKE_POKER_BATCH_THRESHOLD_SERVICE5': '10', 'SLOWPOKE_DELAY_MICROS_SERVICE6': '210.0', 'SLOWPOKE_POKER_BATCH_THRESHOLD_SERVICE6': '20999990', 'SLOWPOKE_DELAY_MICROS_SERVICE7': '210.0', 'SLOWPOKE_POKER_BATCH_THRESHOLD_SERVICE7': '20999990', 'SLOWPOKE_DELAY_MICROS_SERVICE8': '210.0', 'SLOWPOKE_POKER_BATCH_THRESHOLD_SERVICE8': '20999990', 'SLOWPOKE_DELAY_MICROS_SERVICE9': '210.0', 'SLOWPOKE_POKER_BATCH_THRESHOLD_SERVICE9': '20999990'}
    [exp] Executing cmd `bash run.sh synthetic chain-d8-http-sync 8 512 20000`:
        [run.sh] Running benchmark synthetic with request chain-d8-http-sync, thread 8, conn 512, duration 60
        [run.sh] Deleting all services
        configmap "config-service0" deleted
        deployment.apps "service0" deleted
        service "service0" deleted
        configmap "config-service1" deleted
        deployment.apps "service1" deleted
        service "service1" deleted
        configmap "config-service2" deleted
        deployment.apps "service2" deleted
        service "service2" deleted
        configmap "config-service3" deleted
        deployment.apps "service3" deleted
        service "service3" deleted
        configmap "config-service4" deleted
        deployment.apps "service4" deleted
        service "service4" deleted
        configmap "config-service5" deleted
        deployment.apps "service5" deleted
        service "service5" deleted
        configmap "config-service6" deleted
        deployment.apps "service6" deleted
        service "service6" deleted
        configmap "config-service7" deleted
        deployment.apps "service7" deleted
        service "service7" deleted
        configmap "config-service8" deleted
        deployment.apps "service8" deleted
        service "service8" deleted
        configmap "config-service9" deleted
        deployment.apps "service9" deleted
        service "service9" deleted
        deployment.apps "ubuntu-client" deleted
        [run.sh] Waiting for all pods to be deleted
        [run.sh] Deploying all services
        configmap/config-service0 created
        deployment.apps/service0 created
        service/service0 created
        configmap/config-service1 created
        deployment.apps/service1 created
        service/service1 created
        configmap/config-service2 created
        deployment.apps/service2 created
        service/service2 created
        configmap/config-service3 created
        deployment.apps/service3 created
        service/service3 created
        configmap/config-service4 created
        deployment.apps/service4 created
        service/service4 created
        configmap/config-service5 created
        deployment.apps/service5 created
        service/service5 created
        configmap/config-service6 created
        deployment.apps/service6 created
        service/service6 created
        configmap/config-service7 created
        deployment.apps/service7 created
        service/service7 created
        configmap/config-service8 created
        deployment.apps/service8 created
        service/service8 created
        configmap/config-service9 created
        deployment.apps/service9 created
        service/service9 created
        [run.sh] Client pod not found, deploying client
        deployment.apps/ubuntu-client created
        [run.sh] Waiting for all pods to be running
        [run.sh] All pods are running
        [run.sh] Checking heartbeat for all services
        [run.sh] All pods can connect to all services
        [run.sh] Running warmup test
        [run.sh] /wrk/wrk -t8 -c512 --timeout 3s -d3s -L http://service0:80/endpoint1
        Running 3s test @ http://service0:80/endpoint1
        8 threads and 512 connections
        Thread Stats   Avg      Stdev     Max   +/- Stdev
        Latency   522.03ms  108.60ms   1.01s    81.18%
        Req/Sec   124.77     50.75   242.00     72.90%
        Latency Distribution
        50%  491.03ms
        75%  548.53ms
        90%  682.88ms
        99%  865.47ms
        2699 requests in 3.03s, 3.45MB read
        Requests/sec:    891.12
        Transfer/sec:      1.14MB
        [run.sh] Speed is 891.12, duration is 33
        [run.sh] Fix the request number.
        [run.sh] Running the actual test
        [run.sh] /wrk/wrk --timeout 20s -t8 -c512 -d33s -L -s /wrk/fix_req_n.lua http://service0:80/endpoint1
        Running 33s test @ http://service0:80/endpoint1
        8 threads and 512 connections
        Thread Stats   Avg      Stdev     Max   +/- Stdev
        Latency   494.20ms   78.96ms   1.19s    83.90%
        Req/Sec   129.05     40.88   280.00     68.84%
        Latency Distribution
        50%  479.50ms
        75%  521.42ms
        90%  579.08ms
        99%  769.71ms
        20000 requests in 33.00s, 25.54MB read
        Requests/sec:    606.06
        Transfer/sec:    792.49KB
        ------------------------------
        stop time: 19.249817
        stop time: 19.348327
        stop time: 19.427031
        stop time: 19.586667
        stop time: 19.563483
        stop time: 19.663581
        stop time: 19.802399
        stop time: 19.795108
        [run.sh] Checking the resource usage
        NAME                        CPU(cores)   MEMORY(bytes)
        service0-85d7c7f556-h9vh9   5m           3Mi
        service2-68d4b64994-n9qlb   6m           3Mi
        service3-5d995ffdd9-z8vw6   5m           3Mi
        service4-7944cff5dd-ptwnq   6m           3Mi
        service5-5467447458-9p8vq   6m           3Mi
        service6-7685b9f7b6-ls29x   6m           3Mi
        service7-6d4ff6dcbf-k8grw   6m           3Mi
        service8-54b854cd68-mwllz   2m           3Mi
        service9-55b8c45984-lrv6j   1m           3Mi
        [run.sh] Test finished with status 0
        > STDERR
        > No resources found in default namespace.
    [exp] Times: [19.249817, 19.348327, 19.427031, 19.586667, 19.563483, 19.663581, 19.802399, 19.795108]
    [exp] Throughput: 1022.7797795389234
[test.py] Finished running 4th optmization experiment: groundtruth->1325.8776031503978, slowdown->1022.7797795389234, predicted->1302.765960220383, err->-1.7431203962642983
[test.py] Running 5th optmization experiment
[test.py] Running 5th groundtruth exp
    [exp] Running (pre_run: False) workload synthetic/chain-d8-http-sync request with the following configuration: {'CLIENT_CPU_QUOTA': '2', 'SLOWPOKE_POKER_BATCH_THRESHOLD': '20000000', 'PROCESSING_TIME_SERVICE0': '0.00103987', 'PROCESSING_TIME_SERVICE1': '0.00102939', 'PROCESSING_TIME_SERVICE2': '0.00084391', 'PROCESSING_TIME_SERVICE3': '0.00082903', 'PROCESSING_TIME_SERVICE4': '0.00073297', 'PROCESSING_TIME_SERVICE5': '0.000345', 'PROCESSING_TIME_SERVICE6': '0.00042566', 'PROCESSING_TIME_SERVICE7': '0.00037051', 'PROCESSING_TIME_SERVICE8': '0.00031708', 'PROCESSING_TIME_SERVICE9': '0.00024455', 'SLOWPOKE_DELAY_MICROS_SERVICE0': '0.0', 'SLOWPOKE_POKER_BATCH_THRESHOLD_SERVICE0': '10', 'SLOWPOKE_DELAY_MICROS_SERVICE1': '0.0', 'SLOWPOKE_POKER_BATCH_THRESHOLD_SERVICE1': '10', 'SLOWPOKE_DELAY_MICROS_SERVICE2': '0.0', 'SLOWPOKE_POKER_BATCH_THRESHOLD_SERVICE2': '10', 'SLOWPOKE_DELAY_MICROS_SERVICE3': '0.0', 'SLOWPOKE_POKER_BATCH_THRESHOLD_SERVICE3': '10', 'SLOWPOKE_DELAY_MICROS_SERVICE4': '0.0', 'SLOWPOKE_POKER_BATCH_THRESHOLD_SERVICE4': '10', 'SLOWPOKE_DELAY_MICROS_SERVICE5': '0.0', 'SLOWPOKE_POKER_BATCH_THRESHOLD_SERVICE5': '10', 'SLOWPOKE_DELAY_MICROS_SERVICE6': '0.0', 'SLOWPOKE_POKER_BATCH_THRESHOLD_SERVICE6': '10', 'SLOWPOKE_DELAY_MICROS_SERVICE7': '0.0', 'SLOWPOKE_POKER_BATCH_THRESHOLD_SERVICE7': '10', 'SLOWPOKE_DELAY_MICROS_SERVICE8': '0.0', 'SLOWPOKE_POKER_BATCH_THRESHOLD_SERVICE8': '10', 'SLOWPOKE_DELAY_MICROS_SERVICE9': '0.0', 'SLOWPOKE_POKER_BATCH_THRESHOLD_SERVICE9': '10'}
    [exp] Executing cmd `bash run.sh synthetic chain-d8-http-sync 8 512 20000`:
        [run.sh] Running benchmark synthetic with request chain-d8-http-sync, thread 8, conn 512, duration 60
        [run.sh] Deleting all services
        configmap "config-service0" deleted
        deployment.apps "service0" deleted
        service "service0" deleted
        configmap "config-service1" deleted
        deployment.apps "service1" deleted
        service "service1" deleted
        configmap "config-service2" deleted
        deployment.apps "service2" deleted
        service "service2" deleted
        configmap "config-service3" deleted
        deployment.apps "service3" deleted
        service "service3" deleted
        configmap "config-service4" deleted
        deployment.apps "service4" deleted
        service "service4" deleted
        configmap "config-service5" deleted
        deployment.apps "service5" deleted
        service "service5" deleted
        configmap "config-service6" deleted
        deployment.apps "service6" deleted
        service "service6" deleted
        configmap "config-service7" deleted
        deployment.apps "service7" deleted
        service "service7" deleted
        configmap "config-service8" deleted
        deployment.apps "service8" deleted
        service "service8" deleted
        configmap "config-service9" deleted
        deployment.apps "service9" deleted
        service "service9" deleted
        deployment.apps "ubuntu-client" deleted
        [run.sh] Waiting for all pods to be deleted
        [run.sh] Deploying all services
        configmap/config-service0 created
        deployment.apps/service0 created
        service/service0 created
        configmap/config-service1 created
        deployment.apps/service1 created
        service/service1 created
        configmap/config-service2 created
        deployment.apps/service2 created
        service/service2 created
        configmap/config-service3 created
        deployment.apps/service3 created
        service/service3 created
        configmap/config-service4 created
        deployment.apps/service4 created
        service/service4 created
        configmap/config-service5 created
        deployment.apps/service5 created
        service/service5 created
        configmap/config-service6 created
        deployment.apps/service6 created
        service/service6 created
        configmap/config-service7 created
        deployment.apps/service7 created
        service/service7 created
        configmap/config-service8 created
        deployment.apps/service8 created
        service/service8 created
        configmap/config-service9 created
        deployment.apps/service9 created
        service/service9 created
        [run.sh] Client pod not found, deploying client
        deployment.apps/ubuntu-client created
        [run.sh] Waiting for all pods to be running
        [run.sh] All pods are running
        [run.sh] Checking heartbeat for all services
        [run.sh] All pods can connect to all services
        [run.sh] Running warmup test
        [run.sh] /wrk/wrk -t8 -c512 --timeout 3s -d3s -L http://service0:80/endpoint1
        Running 3s test @ http://service0:80/endpoint1
        8 threads and 512 connections
        Thread Stats   Avg      Stdev     Max   +/- Stdev
        Latency   406.84ms   93.33ms   1.03s    85.83%
        Req/Sec   157.50     52.18   292.00     70.22%
        Latency Distribution
        50%  382.73ms
        75%  431.92ms
        90%  506.48ms
        99%  839.52ms
        3556 requests in 3.03s, 4.54MB read
        Requests/sec:   1173.60
        Transfer/sec:      1.50MB
        [run.sh] Speed is 1173.60, duration is 25
        [run.sh] Fix the request number.
        [run.sh] Running the actual test
        [run.sh] /wrk/wrk --timeout 20s -t8 -c512 -d25s -L -s /wrk/fix_req_n.lua http://service0:80/endpoint1
        Running 25s test @ http://service0:80/endpoint1
        8 threads and 512 connections
        Thread Stats   Avg      Stdev     Max   +/- Stdev
        Latency   375.42ms   77.63ms   1.07s    91.06%
        Req/Sec   169.51     47.39   470.00     71.67%
        Latency Distribution
        50%  366.11ms
        75%  397.62ms
        90%  435.65ms
        99%  723.12ms
        20000 requests in 25.00s, 25.54MB read
        Requests/sec:    800.00
        Transfer/sec:      1.02MB
        ------------------------------
        stop time: 14.381006
        stop time: 14.580947
        stop time: 14.792775
        stop time: 14.869310
        stop time: 15.070862
        stop time: 15.054465
        stop time: 15.077405
        stop time: 15.079458
        [run.sh] Checking the resource usage
        NAME                             CPU(cores)   MEMORY(bytes)
        service0-7564bb8985-nrtcx        582m         37Mi
        service1-5b899d549d-fxfz2        1m           18Mi
        service2-6f7c796b99-wc6qs        1m           16Mi
        service3-5dc7779b96-9m5hk        495m         14Mi
        service4-66495c49c-skx8c         1m           13Mi
        service5-5467447458-xlrmd        379m         12Mi
        service6-555868f599-zmtq6        399m         12Mi
        service7-868cb9c7bd-9tm72        396m         10Mi
        service8-bcc5c55c7-lrqqw         372m         9Mi
        service9-c64958867-tpn4j         190m         8Mi
        ubuntu-client-76886f6bbd-wb4bq   28m          0Mi
        [run.sh] Test finished with status 0
        > STDERR
        > No resources found in default namespace.
    [exp] Times: [14.381006, 14.580947, 14.792775, 14.86931, 15.070862, 15.054465, 15.077405, 15.079458]
    [exp] Throughput: 1345.598146465465
[test.py] Running 5th slowdown exp
    [exp] Running (pre_run: False) workload synthetic/chain-d8-http-sync request with the following configuration: {'CLIENT_CPU_QUOTA': '2', 'SLOWPOKE_POKER_BATCH_THRESHOLD': '20000000', 'PROCESSING_TIME_SERVICE0': '0.00103987', 'PROCESSING_TIME_SERVICE1': '0.00102939', 'PROCESSING_TIME_SERVICE2': '0.00084391', 'PROCESSING_TIME_SERVICE3': '0.00082903', 'PROCESSING_TIME_SERVICE4': '0.00073297', 'PROCESSING_TIME_SERVICE5': '0.00069626', 'PROCESSING_TIME_SERVICE6': '0.00042566', 'PROCESSING_TIME_SERVICE7': '0.00037051', 'PROCESSING_TIME_SERVICE8': '0.00031708', 'PROCESSING_TIME_SERVICE9': '0.00024455', 'SLOWPOKE_DELAY_MICROS_SERVICE0': '175.5', 'SLOWPOKE_POKER_BATCH_THRESHOLD_SERVICE0': '17549990', 'SLOWPOKE_DELAY_MICROS_SERVICE1': '175.5', 'SLOWPOKE_POKER_BATCH_THRESHOLD_SERVICE1': '17549990', 'SLOWPOKE_DELAY_MICROS_SERVICE2': '175.5', 'SLOWPOKE_POKER_BATCH_THRESHOLD_SERVICE2': '17549990', 'SLOWPOKE_DELAY_MICROS_SERVICE3': '175.5', 'SLOWPOKE_POKER_BATCH_THRESHOLD_SERVICE3': '17549990', 'SLOWPOKE_DELAY_MICROS_SERVICE4': '175.5', 'SLOWPOKE_POKER_BATCH_THRESHOLD_SERVICE4': '17549990', 'SLOWPOKE_DELAY_MICROS_SERVICE5': '0.0', 'SLOWPOKE_POKER_BATCH_THRESHOLD_SERVICE5': '10', 'SLOWPOKE_DELAY_MICROS_SERVICE6': '175.5', 'SLOWPOKE_POKER_BATCH_THRESHOLD_SERVICE6': '17549990', 'SLOWPOKE_DELAY_MICROS_SERVICE7': '175.5', 'SLOWPOKE_POKER_BATCH_THRESHOLD_SERVICE7': '17549990', 'SLOWPOKE_DELAY_MICROS_SERVICE8': '175.5', 'SLOWPOKE_POKER_BATCH_THRESHOLD_SERVICE8': '17549990', 'SLOWPOKE_DELAY_MICROS_SERVICE9': '175.5', 'SLOWPOKE_POKER_BATCH_THRESHOLD_SERVICE9': '17549990'}
    [exp] Executing cmd `bash run.sh synthetic chain-d8-http-sync 8 512 20000`:
        [run.sh] Running benchmark synthetic with request chain-d8-http-sync, thread 8, conn 512, duration 60
        [run.sh] Deleting all services
        configmap "config-service0" deleted
        deployment.apps "service0" deleted
        service "service0" deleted
        configmap "config-service1" deleted
        deployment.apps "service1" deleted
        service "service1" deleted
        configmap "config-service2" deleted
        deployment.apps "service2" deleted
        service "service2" deleted
        configmap "config-service3" deleted
        deployment.apps "service3" deleted
        service "service3" deleted
        configmap "config-service4" deleted
        deployment.apps "service4" deleted
        service "service4" deleted
        configmap "config-service5" deleted
        deployment.apps "service5" deleted
        service "service5" deleted
        configmap "config-service6" deleted
        deployment.apps "service6" deleted
        service "service6" deleted
        configmap "config-service7" deleted
        deployment.apps "service7" deleted
        service "service7" deleted
        configmap "config-service8" deleted
        deployment.apps "service8" deleted
        service "service8" deleted
        configmap "config-service9" deleted
        deployment.apps "service9" deleted
        service "service9" deleted
        deployment.apps "ubuntu-client" deleted
        [run.sh] Waiting for all pods to be deleted
        [run.sh] Deploying all services
        configmap/config-service0 created
        deployment.apps/service0 created
        service/service0 created
        configmap/config-service1 created
        deployment.apps/service1 created
        service/service1 created
        configmap/config-service2 created
        deployment.apps/service2 created
        service/service2 created
        configmap/config-service3 created
        deployment.apps/service3 created
        service/service3 created
        configmap/config-service4 created
        deployment.apps/service4 created
        service/service4 created
        configmap/config-service5 created
        deployment.apps/service5 created
        service/service5 created
        configmap/config-service6 created
        deployment.apps/service6 created
        service/service6 created
        configmap/config-service7 created
        deployment.apps/service7 created
        service/service7 created
        configmap/config-service8 created
        deployment.apps/service8 created
        service/service8 created
        configmap/config-service9 created
        deployment.apps/service9 created
        service/service9 created
        [run.sh] Client pod not found, deploying client
        deployment.apps/ubuntu-client created
        [run.sh] Waiting for all pods to be running
        [run.sh] All pods are running
        [run.sh] Checking heartbeat for all services
        [run.sh] All pods can connect to all services
        [run.sh] Running warmup test
        [run.sh] /wrk/wrk -t8 -c512 --timeout 3s -d3s -L http://service0:80/endpoint1
        Running 3s test @ http://service0:80/endpoint1
        8 threads and 512 connections
        Thread Stats   Avg      Stdev     Max   +/- Stdev
        Latency   499.54ms   99.85ms   1.03s    83.82%
        Req/Sec   129.69     51.80   262.00     72.22%
        Latency Distribution
        50%  471.07ms
        75%  515.93ms
        90%  633.22ms
        99%  839.65ms
        2825 requests in 3.03s, 3.61MB read
        Requests/sec:    933.85
        Transfer/sec:      1.19MB
        [run.sh] Speed is 933.85, duration is 32
        [run.sh] Fix the request number.
        [run.sh] Running the actual test
        [run.sh] /wrk/wrk --timeout 20s -t8 -c512 -d32s -L -s /wrk/fix_req_n.lua http://service0:80/endpoint1
        Running 32s test @ http://service0:80/endpoint1
        8 threads and 512 connections
        Thread Stats   Avg      Stdev     Max   +/- Stdev
        Latency   470.34ms  105.43ms   1.72s    89.92%
        Req/Sec   136.06     46.08   424.00     75.60%
        Latency Distribution
        50%  460.18ms
        75%  498.33ms
        90%  545.94ms
        99%  829.17ms
        20000 requests in 32.00s, 25.54MB read
        Requests/sec:    625.00
        Transfer/sec:    817.30KB
        ------------------------------
        stop time: 18.073266
        stop time: 18.038598
        stop time: 18.434264
        stop time: 18.669340
        stop time: 18.678383
        stop time: 18.822202
        stop time: 18.822579
        stop time: 18.989455
        [run.sh] Checking the resource usage
        NAME                             CPU(cores)   MEMORY(bytes)
        service0-5d77f97b6d-nllhg        1337m        48Mi
        service1-5c84d55879-vfdll        80m          20Mi
        service2-79d999ff8b-jz9p8        57m          17Mi
        service3-8fd499549-h6cpp         1171m        17Mi
        service4-6d4f97bbc6-hnh2n        52m          14Mi
        service5-5467447458-7zwsd        1135m        14Mi
        service6-547fd847d6-7bvz6        704m         12Mi
        service7-6b866d57df-x4p7c        785m         11Mi
        service8-588db6d5fb-nc89v        692m         11Mi
        service9-54c5dc9f6-2slrf         312m         9Mi
        ubuntu-client-76886f6bbd-gvq4n   23m          14Mi
        [run.sh] Test finished with status 0
        > STDERR
        > No resources found in default namespace.
    [exp] Times: [18.073266, 18.038598, 18.434264, 18.66934, 18.678383, 18.822202, 18.822579, 18.989455]
    [exp] Throughput: 1077.2373308760116
[test.py] Finished running 5th optmization experiment: groundtruth->1345.598146465465, slowdown->1077.2373308760116, predicted->1328.6025450361599, err->-1.2630517865938082
[test.py] Running 6th optmization experiment
[test.py] Running 6th groundtruth exp
    [exp] Running (pre_run: False) workload synthetic/chain-d8-http-sync request with the following configuration: {'CLIENT_CPU_QUOTA': '2', 'SLOWPOKE_POKER_BATCH_THRESHOLD': '20000000', 'PROCESSING_TIME_SERVICE0': '0.00103987', 'PROCESSING_TIME_SERVICE1': '0.00102939', 'PROCESSING_TIME_SERVICE2': '0.00084391', 'PROCESSING_TIME_SERVICE3': '0.00082903', 'PROCESSING_TIME_SERVICE4': '0.00073297', 'PROCESSING_TIME_SERVICE5': '0.000414', 'PROCESSING_TIME_SERVICE6': '0.00042566', 'PROCESSING_TIME_SERVICE7': '0.00037051', 'PROCESSING_TIME_SERVICE8': '0.00031708', 'PROCESSING_TIME_SERVICE9': '0.00024455', 'SLOWPOKE_DELAY_MICROS_SERVICE0': '0.0', 'SLOWPOKE_POKER_BATCH_THRESHOLD_SERVICE0': '10', 'SLOWPOKE_DELAY_MICROS_SERVICE1': '0.0', 'SLOWPOKE_POKER_BATCH_THRESHOLD_SERVICE1': '10', 'SLOWPOKE_DELAY_MICROS_SERVICE2': '0.0', 'SLOWPOKE_POKER_BATCH_THRESHOLD_SERVICE2': '10', 'SLOWPOKE_DELAY_MICROS_SERVICE3': '0.0', 'SLOWPOKE_POKER_BATCH_THRESHOLD_SERVICE3': '10', 'SLOWPOKE_DELAY_MICROS_SERVICE4': '0.0', 'SLOWPOKE_POKER_BATCH_THRESHOLD_SERVICE4': '10', 'SLOWPOKE_DELAY_MICROS_SERVICE5': '0.0', 'SLOWPOKE_POKER_BATCH_THRESHOLD_SERVICE5': '10', 'SLOWPOKE_DELAY_MICROS_SERVICE6': '0.0', 'SLOWPOKE_POKER_BATCH_THRESHOLD_SERVICE6': '10', 'SLOWPOKE_DELAY_MICROS_SERVICE7': '0.0', 'SLOWPOKE_POKER_BATCH_THRESHOLD_SERVICE7': '10', 'SLOWPOKE_DELAY_MICROS_SERVICE8': '0.0', 'SLOWPOKE_POKER_BATCH_THRESHOLD_SERVICE8': '10', 'SLOWPOKE_DELAY_MICROS_SERVICE9': '0.0', 'SLOWPOKE_POKER_BATCH_THRESHOLD_SERVICE9': '10'}
    [exp] Executing cmd `bash run.sh synthetic chain-d8-http-sync 8 512 20000`:
        [run.sh] Running benchmark synthetic with request chain-d8-http-sync, thread 8, conn 512, duration 60
        [run.sh] Deleting all services
        configmap "config-service0" deleted
        deployment.apps "service0" deleted
        service "service0" deleted
        configmap "config-service1" deleted
        deployment.apps "service1" deleted
        service "service1" deleted
        configmap "config-service2" deleted
        deployment.apps "service2" deleted
        service "service2" deleted
        configmap "config-service3" deleted
        deployment.apps "service3" deleted
        service "service3" deleted
        configmap "config-service4" deleted
        deployment.apps "service4" deleted
        service "service4" deleted
        configmap "config-service5" deleted
        deployment.apps "service5" deleted
        service "service5" deleted
        configmap "config-service6" deleted
        deployment.apps "service6" deleted
        service "service6" deleted
        configmap "config-service7" deleted
        deployment.apps "service7" deleted
        service "service7" deleted
        configmap "config-service8" deleted
        deployment.apps "service8" deleted
        service "service8" deleted
        configmap "config-service9" deleted
        deployment.apps "service9" deleted
        service "service9" deleted
        deployment.apps "ubuntu-client" deleted
        [run.sh] Waiting for all pods to be deleted
        [run.sh] Deploying all services
        configmap/config-service0 created
        deployment.apps/service0 created
        service/service0 created
        configmap/config-service1 created
        deployment.apps/service1 created
        service/service1 created
        configmap/config-service2 created
        deployment.apps/service2 created
        service/service2 created
        configmap/config-service3 created
        deployment.apps/service3 created
        service/service3 created
        configmap/config-service4 created
        deployment.apps/service4 created
        service/service4 created
        configmap/config-service5 created
        deployment.apps/service5 created
        service/service5 created
        configmap/config-service6 created
        deployment.apps/service6 created
        service/service6 created
        configmap/config-service7 created
        deployment.apps/service7 created
        service/service7 created
        configmap/config-service8 created
        deployment.apps/service8 created
        service/service8 created
        configmap/config-service9 created
        deployment.apps/service9 created
        service/service9 created
        [run.sh] Client pod not found, deploying client
        deployment.apps/ubuntu-client created
        [run.sh] Waiting for all pods to be running
        [run.sh] All pods are running
        [run.sh] Checking heartbeat for all services
        [run.sh] All pods can connect to all services
        [run.sh] Running warmup test
        [run.sh] /wrk/wrk -t8 -c512 --timeout 3s -d3s -L http://service0:80/endpoint1
        Running 3s test @ http://service0:80/endpoint1
        8 threads and 512 connections
        Thread Stats   Avg      Stdev     Max   +/- Stdev
        Latency   404.60ms  122.23ms   1.03s    91.30%
        Req/Sec   157.70     56.06   280.00     67.86%
        Latency Distribution
        50%  372.18ms
        75%  414.09ms
        90%  481.19ms
        99%  915.93ms
        3569 requests in 3.03s, 4.56MB read
        Requests/sec:   1179.10
        Transfer/sec:      1.51MB
        [run.sh] Speed is 1179.10, duration is 25
        [run.sh] Fix the request number.
        [run.sh] Running the actual test
        [run.sh] /wrk/wrk --timeout 20s -t8 -c512 -d25s -L -s /wrk/fix_req_n.lua http://service0:80/endpoint1
        Running 25s test @ http://service0:80/endpoint1
        8 threads and 512 connections
        Thread Stats   Avg      Stdev     Max   +/- Stdev
        Latency   379.94ms  110.11ms   1.60s    88.70%
        Req/Sec   169.24     53.15   430.00     73.01%
        Latency Distribution
        50%  366.21ms
        75%  403.52ms
        90%  459.87ms
        99%  793.18ms
        20000 requests in 25.00s, 25.54MB read
        Requests/sec:    800.00
        Transfer/sec:      1.02MB
        ------------------------------
        stop time: 14.319440
        stop time: 14.448114
        stop time: 14.864928
        stop time: 14.936258
        stop time: 15.187468
        stop time: 15.224454
        stop time: 15.309005
        stop time: 15.322225
        [run.sh] Checking the resource usage
        NAME                             CPU(cores)   MEMORY(bytes)
        service0-7564bb8985-n9jpn        1824m        47Mi
        service1-5b899d549d-6bk5d        1699m        19Mi
        service2-6f7c796b99-49fgc        1543m        17Mi
        service3-5dc7779b96-8qv2v        1601m        15Mi
        service4-66495c49c-pd6mn         1481m        14Mi
        service5-5467447458-8p5z7        1273m        12Mi
        service6-555868f599-psrk8        384m         11Mi
        service7-868cb9c7bd-km9cq        280m         11Mi
        service8-bcc5c55c7-k5rnw         319m         10Mi
        service9-c64958867-z9k9s         221m         9Mi
        ubuntu-client-76886f6bbd-g8qjg   45m          15Mi
        [run.sh] Test finished with status 0
        > STDERR
        > No resources found in default namespace.
    [exp] Times: [14.31944, 14.448114, 14.864928, 14.936258, 15.187468, 15.224454, 15.309005, 15.322225]
    [exp] Throughput: 1337.6596367190648
[test.py] Running 6th slowdown exp
    [exp] Running (pre_run: False) workload synthetic/chain-d8-http-sync request with the following configuration: {'CLIENT_CPU_QUOTA': '2', 'SLOWPOKE_POKER_BATCH_THRESHOLD': '20000000', 'PROCESSING_TIME_SERVICE0': '0.00103987', 'PROCESSING_TIME_SERVICE1': '0.00102939', 'PROCESSING_TIME_SERVICE2': '0.00084391', 'PROCESSING_TIME_SERVICE3': '0.00082903', 'PROCESSING_TIME_SERVICE4': '0.00073297', 'PROCESSING_TIME_SERVICE5': '0.00069626', 'PROCESSING_TIME_SERVICE6': '0.00042566', 'PROCESSING_TIME_SERVICE7': '0.00037051', 'PROCESSING_TIME_SERVICE8': '0.00031708', 'PROCESSING_TIME_SERVICE9': '0.00024455', 'SLOWPOKE_DELAY_MICROS_SERVICE0': '141.0', 'SLOWPOKE_POKER_BATCH_THRESHOLD_SERVICE0': '14099990', 'SLOWPOKE_DELAY_MICROS_SERVICE1': '141.0', 'SLOWPOKE_POKER_BATCH_THRESHOLD_SERVICE1': '14099990', 'SLOWPOKE_DELAY_MICROS_SERVICE2': '141.0', 'SLOWPOKE_POKER_BATCH_THRESHOLD_SERVICE2': '14099990', 'SLOWPOKE_DELAY_MICROS_SERVICE3': '141.0', 'SLOWPOKE_POKER_BATCH_THRESHOLD_SERVICE3': '14099990', 'SLOWPOKE_DELAY_MICROS_SERVICE4': '141.0', 'SLOWPOKE_POKER_BATCH_THRESHOLD_SERVICE4': '14099990', 'SLOWPOKE_DELAY_MICROS_SERVICE5': '0.0', 'SLOWPOKE_POKER_BATCH_THRESHOLD_SERVICE5': '10', 'SLOWPOKE_DELAY_MICROS_SERVICE6': '141.0', 'SLOWPOKE_POKER_BATCH_THRESHOLD_SERVICE6': '14099990', 'SLOWPOKE_DELAY_MICROS_SERVICE7': '141.0', 'SLOWPOKE_POKER_BATCH_THRESHOLD_SERVICE7': '14099990', 'SLOWPOKE_DELAY_MICROS_SERVICE8': '141.0', 'SLOWPOKE_POKER_BATCH_THRESHOLD_SERVICE8': '14099990', 'SLOWPOKE_DELAY_MICROS_SERVICE9': '141.0', 'SLOWPOKE_POKER_BATCH_THRESHOLD_SERVICE9': '14099990'}
    [exp] Executing cmd `bash run.sh synthetic chain-d8-http-sync 8 512 20000`:
        [run.sh] Running benchmark synthetic with request chain-d8-http-sync, thread 8, conn 512, duration 60
        [run.sh] Deleting all services
        configmap "config-service0" deleted
        deployment.apps "service0" deleted
        service "service0" deleted
        configmap "config-service1" deleted
        deployment.apps "service1" deleted
        service "service1" deleted
        configmap "config-service2" deleted
        deployment.apps "service2" deleted
        service "service2" deleted
        configmap "config-service3" deleted
        deployment.apps "service3" deleted
        service "service3" deleted
        configmap "config-service4" deleted
        deployment.apps "service4" deleted
        service "service4" deleted
        configmap "config-service5" deleted
        deployment.apps "service5" deleted
        service "service5" deleted
        configmap "config-service6" deleted
        deployment.apps "service6" deleted
        service "service6" deleted
        configmap "config-service7" deleted
        deployment.apps "service7" deleted
        service "service7" deleted
        configmap "config-service8" deleted
        deployment.apps "service8" deleted
        service "service8" deleted
        configmap "config-service9" deleted
        deployment.apps "service9" deleted
        service "service9" deleted
        deployment.apps "ubuntu-client" deleted
        [run.sh] Waiting for all pods to be deleted
        [run.sh] Deploying all services
        configmap/config-service0 created
        deployment.apps/service0 created
        service/service0 created
        configmap/config-service1 created
        deployment.apps/service1 created
        service/service1 created
        configmap/config-service2 created
        deployment.apps/service2 created
        service/service2 created
        configmap/config-service3 created
        deployment.apps/service3 created
        service/service3 created
        configmap/config-service4 created
        deployment.apps/service4 created
        service/service4 created
        configmap/config-service5 created
        deployment.apps/service5 created
        service/service5 created
        configmap/config-service6 created
        deployment.apps/service6 created
        service/service6 created
        configmap/config-service7 created
        deployment.apps/service7 created
        service/service7 created
        configmap/config-service8 created
        deployment.apps/service8 created
        service/service8 created
        configmap/config-service9 created
        deployment.apps/service9 created
        service/service9 created
        [run.sh] Client pod not found, deploying client
        deployment.apps/ubuntu-client created
        [run.sh] Waiting for all pods to be running
        [run.sh] All pods are running
        [run.sh] Checking heartbeat for all services
        [run.sh] All pods can connect to all services
        [run.sh] Running warmup test
        [run.sh] /wrk/wrk -t8 -c512 --timeout 3s -d3s -L http://service0:80/endpoint1
        Running 3s test @ http://service0:80/endpoint1
        8 threads and 512 connections
        Thread Stats   Avg      Stdev     Max   +/- Stdev
        Latency   486.70ms  100.62ms 905.68ms   82.72%
        Req/Sec   136.94     53.58   300.00     69.71%
        Latency Distribution
        50%  457.10ms
        75%  506.52ms
        90%  634.27ms
        99%  818.36ms
        2899 requests in 3.03s, 3.71MB read
        Requests/sec:    955.42
        Transfer/sec:      1.22MB
        [run.sh] Speed is 955.42, duration is 31
        [run.sh] Fix the request number.
        [run.sh] Running the actual test
        [run.sh] /wrk/wrk --timeout 20s -t8 -c512 -d31s -L -s /wrk/fix_req_n.lua http://service0:80/endpoint1
        Running 31s test @ http://service0:80/endpoint1
        8 threads and 512 connections
        Thread Stats   Avg      Stdev     Max   +/- Stdev
        Latency   449.55ms   88.43ms   1.44s    90.38%
        Req/Sec   142.05     44.37   320.00     71.78%
        Latency Distribution
        50%  442.55ms
        75%  476.55ms
        90%  513.87ms
        99%  737.75ms
        20000 requests in 31.00s, 25.54MB read
        Requests/sec:    645.16
        Transfer/sec:    843.62KB
        ------------------------------
        stop time: 17.186660
        stop time: 17.387121
        stop time: 17.789500
        stop time: 17.680812
        stop time: 17.953612
        stop time: 18.081537
        stop time: 18.092323
        stop time: 18.142798
        [run.sh] Checking the resource usage
        NAME                        CPU(cores)   MEMORY(bytes)
        service6-b9cd44459-jv96n    6m           3Mi
        service7-5dbfdf646d-bvnxr   6m           3Mi
        service8-67c779849c-4tssv   1m           3Mi
        [run.sh] Test finished with status 0
        > STDERR
        > No resources found in default namespace.
    [exp] Times: [17.18666, 17.387121, 17.7895, 17.680812, 17.953612, 18.081537, 18.092323, 18.142798]
    [exp] Throughput: 1124.2716239400236
[test.py] Finished running 6th optmization experiment: groundtruth->1337.6596367190648, slowdown->1124.2716239400236, predicted->1336.3003320965233, err->-0.10161812356658104
[test.py] Running 7th optmization experiment
[test.py] Running 7th groundtruth exp
    [exp] Running (pre_run: False) workload synthetic/chain-d8-http-sync request with the following configuration: {'CLIENT_CPU_QUOTA': '2', 'SLOWPOKE_POKER_BATCH_THRESHOLD': '20000000', 'PROCESSING_TIME_SERVICE0': '0.00103987', 'PROCESSING_TIME_SERVICE1': '0.00102939', 'PROCESSING_TIME_SERVICE2': '0.00084391', 'PROCESSING_TIME_SERVICE3': '0.00082903', 'PROCESSING_TIME_SERVICE4': '0.00073297', 'PROCESSING_TIME_SERVICE5': '0.000483', 'PROCESSING_TIME_SERVICE6': '0.00042566', 'PROCESSING_TIME_SERVICE7': '0.00037051', 'PROCESSING_TIME_SERVICE8': '0.00031708', 'PROCESSING_TIME_SERVICE9': '0.00024455', 'SLOWPOKE_DELAY_MICROS_SERVICE0': '0.0', 'SLOWPOKE_POKER_BATCH_THRESHOLD_SERVICE0': '10', 'SLOWPOKE_DELAY_MICROS_SERVICE1': '0.0', 'SLOWPOKE_POKER_BATCH_THRESHOLD_SERVICE1': '10', 'SLOWPOKE_DELAY_MICROS_SERVICE2': '0.0', 'SLOWPOKE_POKER_BATCH_THRESHOLD_SERVICE2': '10', 'SLOWPOKE_DELAY_MICROS_SERVICE3': '0.0', 'SLOWPOKE_POKER_BATCH_THRESHOLD_SERVICE3': '10', 'SLOWPOKE_DELAY_MICROS_SERVICE4': '0.0', 'SLOWPOKE_POKER_BATCH_THRESHOLD_SERVICE4': '10', 'SLOWPOKE_DELAY_MICROS_SERVICE5': '0.0', 'SLOWPOKE_POKER_BATCH_THRESHOLD_SERVICE5': '10', 'SLOWPOKE_DELAY_MICROS_SERVICE6': '0.0', 'SLOWPOKE_POKER_BATCH_THRESHOLD_SERVICE6': '10', 'SLOWPOKE_DELAY_MICROS_SERVICE7': '0.0', 'SLOWPOKE_POKER_BATCH_THRESHOLD_SERVICE7': '10', 'SLOWPOKE_DELAY_MICROS_SERVICE8': '0.0', 'SLOWPOKE_POKER_BATCH_THRESHOLD_SERVICE8': '10', 'SLOWPOKE_DELAY_MICROS_SERVICE9': '0.0', 'SLOWPOKE_POKER_BATCH_THRESHOLD_SERVICE9': '10'}
    [exp] Executing cmd `bash run.sh synthetic chain-d8-http-sync 8 512 20000`:
        [run.sh] Running benchmark synthetic with request chain-d8-http-sync, thread 8, conn 512, duration 60
        [run.sh] Deleting all services
        configmap "config-service0" deleted
        deployment.apps "service0" deleted
        service "service0" deleted
        configmap "config-service1" deleted
        deployment.apps "service1" deleted
        service "service1" deleted
        configmap "config-service2" deleted
        deployment.apps "service2" deleted
        service "service2" deleted
        configmap "config-service3" deleted
        deployment.apps "service3" deleted
        service "service3" deleted
        configmap "config-service4" deleted
        deployment.apps "service4" deleted
        service "service4" deleted
        configmap "config-service5" deleted
        deployment.apps "service5" deleted
        service "service5" deleted
        configmap "config-service6" deleted
        deployment.apps "service6" deleted
        service "service6" deleted
        configmap "config-service7" deleted
        deployment.apps "service7" deleted
        service "service7" deleted
        configmap "config-service8" deleted
        deployment.apps "service8" deleted
        service "service8" deleted
        configmap "config-service9" deleted
        deployment.apps "service9" deleted
        service "service9" deleted
        deployment.apps "ubuntu-client" deleted
        [run.sh] Waiting for all pods to be deleted
        [run.sh] Deploying all services
        configmap/config-service0 created
        deployment.apps/service0 created
        service/service0 created
        configmap/config-service1 created
        deployment.apps/service1 created
        service/service1 created
        configmap/config-service2 created
        deployment.apps/service2 created
        service/service2 created
        configmap/config-service3 created
        deployment.apps/service3 created
        service/service3 created
        configmap/config-service4 created
        deployment.apps/service4 created
        service/service4 created
        configmap/config-service5 created
        deployment.apps/service5 created
        service/service5 created
        configmap/config-service6 created
        deployment.apps/service6 created
        service/service6 created
        configmap/config-service7 created
        deployment.apps/service7 created
        service/service7 created
        configmap/config-service8 created
        deployment.apps/service8 created
        service/service8 created
        configmap/config-service9 created
        deployment.apps/service9 created
        service/service9 created
        [run.sh] Client pod not found, deploying client
        deployment.apps/ubuntu-client created
        [run.sh] Waiting for all pods to be running
        [run.sh] All pods are running
        [run.sh] Checking heartbeat for all services
        [run.sh] All pods can connect to all services
        [run.sh] Running warmup test
        [run.sh] /wrk/wrk -t8 -c512 --timeout 3s -d3s -L http://service0:80/endpoint1
        Running 3s test @ http://service0:80/endpoint1
        8 threads and 512 connections
        Thread Stats   Avg      Stdev     Max   +/- Stdev
        Latency   413.00ms  126.87ms 947.74ms   87.96%
        Req/Sec   158.07     67.03   414.00     67.59%
        Latency Distribution
        50%  370.71ms
        75%  419.58ms
        90%  578.02ms
        99%  847.93ms
        3455 requests in 3.03s, 4.42MB read
        Requests/sec:   1139.51
        Transfer/sec:      1.46MB
        [run.sh] Speed is 1139.51, duration is 26
        [run.sh] Fix the request number.
        [run.sh] Running the actual test
        [run.sh] /wrk/wrk --timeout 20s -t8 -c512 -d26s -L -s /wrk/fix_req_n.lua http://service0:80/endpoint1
        Running 26s test @ http://service0:80/endpoint1
        8 threads and 512 connections
        Thread Stats   Avg      Stdev     Max   +/- Stdev
        Latency   394.17ms   90.05ms   1.26s    88.15%
        Req/Sec   161.91     50.31   303.00     71.21%
        Latency Distribution
        50%  374.57ms
        75%  418.46ms
        90%  481.42ms
        99%  729.36ms
        20000 requests in 26.00s, 25.54MB read
        Requests/sec:    769.23
        Transfer/sec:      0.98MB
        ------------------------------
        stop time: 15.233287
        stop time: 15.306771
        stop time: 15.581823
        stop time: 15.578564
        stop time: 15.760011
        stop time: 15.806861
        stop time: 15.792898
        stop time: 15.765592
        [run.sh] Checking the resource usage
        NAME                             CPU(cores)   MEMORY(bytes)
        service0-7564bb8985-zrgd8        1m           44Mi
        service1-5b899d549d-9jdn5        1m           19Mi
        service2-6f7c796b99-s7lnc        1m           16Mi
        service3-5dc7779b96-5sq7t        1m           16Mi
        service4-66495c49c-f8rjw         1m           15Mi
        service5-5467447458-t7wfj        6m           14Mi
        service6-555868f599-4gwl2        383m         13Mi
        service7-868cb9c7bd-czc2b        6m           12Mi
        service8-bcc5c55c7-7qvks         364m         11Mi
        service9-c64958867-q2qk9         187m         9Mi
        ubuntu-client-76886f6bbd-kgsgl   18m          0Mi
        [run.sh] Test finished with status 0
        > STDERR
        > No resources found in default namespace.
    [exp] Times: [15.233287, 15.306771, 15.581823, 15.578564, 15.760011, 15.806861, 15.792898, 15.765592]
    [exp] Throughput: 1281.7862255038335
[test.py] Running 7th slowdown exp
    [exp] Running (pre_run: False) workload synthetic/chain-d8-http-sync request with the following configuration: {'CLIENT_CPU_QUOTA': '2', 'SLOWPOKE_POKER_BATCH_THRESHOLD': '20000000', 'PROCESSING_TIME_SERVICE0': '0.00103987', 'PROCESSING_TIME_SERVICE1': '0.00102939', 'PROCESSING_TIME_SERVICE2': '0.00084391', 'PROCESSING_TIME_SERVICE3': '0.00082903', 'PROCESSING_TIME_SERVICE4': '0.00073297', 'PROCESSING_TIME_SERVICE5': '0.00069626', 'PROCESSING_TIME_SERVICE6': '0.00042566', 'PROCESSING_TIME_SERVICE7': '0.00037051', 'PROCESSING_TIME_SERVICE8': '0.00031708', 'PROCESSING_TIME_SERVICE9': '0.00024455', 'SLOWPOKE_DELAY_MICROS_SERVICE0': '106.5', 'SLOWPOKE_POKER_BATCH_THRESHOLD_SERVICE0': '10649990', 'SLOWPOKE_DELAY_MICROS_SERVICE1': '106.5', 'SLOWPOKE_POKER_BATCH_THRESHOLD_SERVICE1': '10649990', 'SLOWPOKE_DELAY_MICROS_SERVICE2': '106.5', 'SLOWPOKE_POKER_BATCH_THRESHOLD_SERVICE2': '10649990', 'SLOWPOKE_DELAY_MICROS_SERVICE3': '106.5', 'SLOWPOKE_POKER_BATCH_THRESHOLD_SERVICE3': '10649990', 'SLOWPOKE_DELAY_MICROS_SERVICE4': '106.5', 'SLOWPOKE_POKER_BATCH_THRESHOLD_SERVICE4': '10649990', 'SLOWPOKE_DELAY_MICROS_SERVICE5': '0.0', 'SLOWPOKE_POKER_BATCH_THRESHOLD_SERVICE5': '10', 'SLOWPOKE_DELAY_MICROS_SERVICE6': '106.5', 'SLOWPOKE_POKER_BATCH_THRESHOLD_SERVICE6': '10649990', 'SLOWPOKE_DELAY_MICROS_SERVICE7': '106.5', 'SLOWPOKE_POKER_BATCH_THRESHOLD_SERVICE7': '10649990', 'SLOWPOKE_DELAY_MICROS_SERVICE8': '106.5', 'SLOWPOKE_POKER_BATCH_THRESHOLD_SERVICE8': '10649990', 'SLOWPOKE_DELAY_MICROS_SERVICE9': '106.5', 'SLOWPOKE_POKER_BATCH_THRESHOLD_SERVICE9': '10649990'}
    [exp] Executing cmd `bash run.sh synthetic chain-d8-http-sync 8 512 20000`:
        [run.sh] Running benchmark synthetic with request chain-d8-http-sync, thread 8, conn 512, duration 60
        [run.sh] Deleting all services
        configmap "config-service0" deleted
        deployment.apps "service0" deleted
        service "service0" deleted
        configmap "config-service1" deleted
        deployment.apps "service1" deleted
        service "service1" deleted
        configmap "config-service2" deleted
        deployment.apps "service2" deleted
        service "service2" deleted
        configmap "config-service3" deleted
        deployment.apps "service3" deleted
        service "service3" deleted
        configmap "config-service4" deleted
        deployment.apps "service4" deleted
        service "service4" deleted
        configmap "config-service5" deleted
        deployment.apps "service5" deleted
        service "service5" deleted
        configmap "config-service6" deleted
        deployment.apps "service6" deleted
        service "service6" deleted
        configmap "config-service7" deleted
        deployment.apps "service7" deleted
        service "service7" deleted
        configmap "config-service8" deleted
        deployment.apps "service8" deleted
        service "service8" deleted
        configmap "config-service9" deleted
        deployment.apps "service9" deleted
        service "service9" deleted
        deployment.apps "ubuntu-client" deleted
        [run.sh] Waiting for all pods to be deleted
        [run.sh] Deploying all services
        configmap/config-service0 created
        deployment.apps/service0 created
        service/service0 created
        configmap/config-service1 created
        deployment.apps/service1 created
        service/service1 created
        configmap/config-service2 created
        deployment.apps/service2 created
        service/service2 created
        configmap/config-service3 created
        deployment.apps/service3 created
        service/service3 created
        configmap/config-service4 created
        deployment.apps/service4 created
        service/service4 created
        configmap/config-service5 created
        deployment.apps/service5 created
        service/service5 created
        configmap/config-service6 created
        deployment.apps/service6 created
        service/service6 created
        configmap/config-service7 created
        deployment.apps/service7 created
        service/service7 created
        configmap/config-service8 created
        deployment.apps/service8 created
        service/service8 created
        configmap/config-service9 created
        deployment.apps/service9 created
        service/service9 created
        [run.sh] Client pod not found, deploying client
        deployment.apps/ubuntu-client created
        [run.sh] Waiting for all pods to be running
        [run.sh] All pods are running
        [run.sh] Checking heartbeat for all services
        [run.sh] All pods can connect to all services
        [run.sh] Running warmup test
        [run.sh] /wrk/wrk -t8 -c512 --timeout 3s -d3s -L http://service0:80/endpoint1
        Running 3s test @ http://service0:80/endpoint1
        8 threads and 512 connections
        Thread Stats   Avg      Stdev     Max   +/- Stdev
        Latency   470.96ms  100.15ms 916.57ms   83.62%
        Req/Sec   138.08     56.90   353.00     71.30%
        Latency Distribution
        50%  443.83ms
        75%  492.44ms
        90%  619.04ms
        99%  817.32ms
        2992 requests in 3.02s, 3.82MB read
        Requests/sec:    989.98
        Transfer/sec:      1.26MB
        [run.sh] Speed is 989.98, duration is 30
        [run.sh] Fix the request number.
        [run.sh] Running the actual test
        [run.sh] /wrk/wrk --timeout 20s -t8 -c512 -d30s -L -s /wrk/fix_req_n.lua http://service0:80/endpoint1
        Running 30s test @ http://service0:80/endpoint1
        8 threads and 512 connections
        Thread Stats   Avg      Stdev     Max   +/- Stdev
        Latency   434.09ms   75.59ms   1.11s    85.47%
        Req/Sec   147.07     44.48   353.00     70.35%
        Latency Distribution
        50%  422.13ms
        75%  459.78ms
        90%  509.47ms
        99%  698.10ms
        20000 requests in 30.00s, 25.54MB read
        Requests/sec:    666.66
        Transfer/sec:      0.85MB
        ------------------------------
        stop time: 16.779179
        stop time: 16.971281
        stop time: 17.107996
        stop time: 17.234087
        stop time: 17.290388
        stop time: 17.256304
        stop time: 17.406282
        stop time: 17.310945
        [run.sh] Checking the resource usage
        NAME                             CPU(cores)   MEMORY(bytes)
        service0-6c8b6b7bf6-5dvtn        108m         48Mi
        service1-5d5775dc59-hvdz5        144m         20Mi
        service2-cc4ccd8f4-wdcs8         103m         18Mi
        service3-7fbbf5df6f-kb7qd        84m          15Mi
        service4-58d65fc9d8-hr5vj        93m          13Mi
        service5-5467447458-hwbpw        83m          12Mi
        service6-6cbcc44f8-2ltpf         310m         11Mi
        service7-65fdf846d9-sxwnx        208m         12Mi
        service8-68fc588784-vjbgl        258m         11Mi
        service9-6f6d69dd4-jkcxh         373m         8Mi
        ubuntu-client-76886f6bbd-dmxf4   20m          13Mi
        [run.sh] Test finished with status 0
        > STDERR
        > No resources found in default namespace.
    [exp] Times: [16.779179, 16.971281, 17.107996, 17.234087, 17.290388, 17.256304, 17.406282, 17.310945]
    [exp] Throughput: 1164.8523678485544
[test.py] Finished running 7th optmization experiment: groundtruth->1281.7862255038335, slowdown->1164.8523678485544, predicted->1330.0562741821893, err->3.7658423626281543
[test.py] Running 8th optmization experiment
[test.py] Running 8th groundtruth exp
    [exp] Running (pre_run: False) workload synthetic/chain-d8-http-sync request with the following configuration: {'CLIENT_CPU_QUOTA': '2', 'SLOWPOKE_POKER_BATCH_THRESHOLD': '20000000', 'PROCESSING_TIME_SERVICE0': '0.00103987', 'PROCESSING_TIME_SERVICE1': '0.00102939', 'PROCESSING_TIME_SERVICE2': '0.00084391', 'PROCESSING_TIME_SERVICE3': '0.00082903', 'PROCESSING_TIME_SERVICE4': '0.00073297', 'PROCESSING_TIME_SERVICE5': '0.000552', 'PROCESSING_TIME_SERVICE6': '0.00042566', 'PROCESSING_TIME_SERVICE7': '0.00037051', 'PROCESSING_TIME_SERVICE8': '0.00031708', 'PROCESSING_TIME_SERVICE9': '0.00024455', 'SLOWPOKE_DELAY_MICROS_SERVICE0': '0.0', 'SLOWPOKE_POKER_BATCH_THRESHOLD_SERVICE0': '10', 'SLOWPOKE_DELAY_MICROS_SERVICE1': '0.0', 'SLOWPOKE_POKER_BATCH_THRESHOLD_SERVICE1': '10', 'SLOWPOKE_DELAY_MICROS_SERVICE2': '0.0', 'SLOWPOKE_POKER_BATCH_THRESHOLD_SERVICE2': '10', 'SLOWPOKE_DELAY_MICROS_SERVICE3': '0.0', 'SLOWPOKE_POKER_BATCH_THRESHOLD_SERVICE3': '10', 'SLOWPOKE_DELAY_MICROS_SERVICE4': '0.0', 'SLOWPOKE_POKER_BATCH_THRESHOLD_SERVICE4': '10', 'SLOWPOKE_DELAY_MICROS_SERVICE5': '0.0', 'SLOWPOKE_POKER_BATCH_THRESHOLD_SERVICE5': '10', 'SLOWPOKE_DELAY_MICROS_SERVICE6': '0.0', 'SLOWPOKE_POKER_BATCH_THRESHOLD_SERVICE6': '10', 'SLOWPOKE_DELAY_MICROS_SERVICE7': '0.0', 'SLOWPOKE_POKER_BATCH_THRESHOLD_SERVICE7': '10', 'SLOWPOKE_DELAY_MICROS_SERVICE8': '0.0', 'SLOWPOKE_POKER_BATCH_THRESHOLD_SERVICE8': '10', 'SLOWPOKE_DELAY_MICROS_SERVICE9': '0.0', 'SLOWPOKE_POKER_BATCH_THRESHOLD_SERVICE9': '10'}
    [exp] Executing cmd `bash run.sh synthetic chain-d8-http-sync 8 512 20000`:
        [run.sh] Running benchmark synthetic with request chain-d8-http-sync, thread 8, conn 512, duration 60
        [run.sh] Deleting all services
        configmap "config-service0" deleted
        deployment.apps "service0" deleted
        service "service0" deleted
        configmap "config-service1" deleted
        deployment.apps "service1" deleted
        service "service1" deleted
        configmap "config-service2" deleted
        deployment.apps "service2" deleted
        service "service2" deleted
        configmap "config-service3" deleted
        deployment.apps "service3" deleted
        service "service3" deleted
        configmap "config-service4" deleted
        deployment.apps "service4" deleted
        service "service4" deleted
        configmap "config-service5" deleted
        deployment.apps "service5" deleted
        service "service5" deleted
        configmap "config-service6" deleted
        deployment.apps "service6" deleted
        service "service6" deleted
        configmap "config-service7" deleted
        deployment.apps "service7" deleted
        service "service7" deleted
        configmap "config-service8" deleted
        deployment.apps "service8" deleted
        service "service8" deleted
        configmap "config-service9" deleted
        deployment.apps "service9" deleted
        service "service9" deleted
        deployment.apps "ubuntu-client" deleted
        [run.sh] Waiting for all pods to be deleted
        [run.sh] Deploying all services
        configmap/config-service0 created
        deployment.apps/service0 created
        service/service0 created
        configmap/config-service1 created
        deployment.apps/service1 created
        service/service1 created
        configmap/config-service2 created
        deployment.apps/service2 created
        service/service2 created
        configmap/config-service3 created
        deployment.apps/service3 created
        service/service3 created
        configmap/config-service4 created
        deployment.apps/service4 created
        service/service4 created
        configmap/config-service5 created
        deployment.apps/service5 created
        service/service5 created
        configmap/config-service6 created
        deployment.apps/service6 created
        service/service6 created
        configmap/config-service7 created
        deployment.apps/service7 created
        service/service7 created
        configmap/config-service8 created
        deployment.apps/service8 created
        service/service8 created
        configmap/config-service9 created
        deployment.apps/service9 created
        service/service9 created
        [run.sh] Client pod not found, deploying client
        deployment.apps/ubuntu-client created
        [run.sh] Waiting for all pods to be running
        [run.sh] All pods are running
        [run.sh] Checking heartbeat for all services
        [run.sh] All pods can connect to all services
        [run.sh] Running warmup test
        [run.sh] /wrk/wrk -t8 -c512 --timeout 3s -d3s -L http://service0:80/endpoint1
        Running 3s test @ http://service0:80/endpoint1
        8 threads and 512 connections
        Thread Stats   Avg      Stdev     Max   +/- Stdev
        Latency   406.91ms  109.89ms 917.61ms   87.77%
        Req/Sec   167.09     55.07   310.00     73.08%
        Latency Distribution
        50%  370.59ms
        75%  415.02ms
        90%  578.37ms
        99%  791.79ms
        3540 requests in 3.02s, 4.52MB read
        Requests/sec:   1172.15
        Transfer/sec:      1.50MB
        [run.sh] Speed is 1172.15, duration is 25
        [run.sh] Fix the request number.
        [run.sh] Running the actual test
        [run.sh] /wrk/wrk --timeout 20s -t8 -c512 -d25s -L -s /wrk/fix_req_n.lua http://service0:80/endpoint1
        Running 25s test @ http://service0:80/endpoint1
        8 threads and 512 connections
        Thread Stats   Avg      Stdev     Max   +/- Stdev
        Latency   378.99ms   67.04ms   1.18s    85.41%
        Req/Sec   167.39     45.58   290.00     69.93%
        Latency Distribution
        50%  368.64ms
        75%  401.73ms
        90%  445.52ms
        99%  594.95ms
        20000 requests in 25.00s, 25.54MB read
        Requests/sec:    799.99
        Transfer/sec:      1.02MB
        ------------------------------
        stop time: 14.676739
        stop time: 15.007364
        stop time: 15.017880
        stop time: 15.177562
        stop time: 15.163453
        stop time: 15.117306
        stop time: 15.129476
        stop time: 15.217058
        [run.sh] Checking the resource usage
        NAME                             CPU(cores)   MEMORY(bytes)
        service0-7564bb8985-jtgtp        1853m        49Mi
        service1-5b899d549d-x6ck7        1642m        19Mi
        service2-6f7c796b99-2lps7        1494m        18Mi
        service3-5dc7779b96-kvntx        1630m        17Mi
        service4-66495c49c-249xb         1430m        17Mi
        service5-5467447458-65544        1416m        14Mi
        service6-555868f599-tq8cj        1289m        12Mi
        service7-868cb9c7bd-wxtll        1289m        14Mi
        service8-bcc5c55c7-9l2mh         1222m        10Mi
        service9-c64958867-j5qlv         623m         9Mi
        ubuntu-client-76886f6bbd-drvhc   50m          14Mi
        [run.sh] Test finished with status 0
        > STDERR
        > No resources found in default namespace.
    [exp] Times: [14.676739, 15.007364, 15.01788, 15.177562, 15.163453, 15.117306, 15.129476, 15.217058]
    [exp] Throughput: 1327.7254855861377
[test.py] Running 8th slowdown exp
    [exp] Running (pre_run: False) workload synthetic/chain-d8-http-sync request with the following configuration: {'CLIENT_CPU_QUOTA': '2', 'SLOWPOKE_POKER_BATCH_THRESHOLD': '20000000', 'PROCESSING_TIME_SERVICE0': '0.00103987', 'PROCESSING_TIME_SERVICE1': '0.00102939', 'PROCESSING_TIME_SERVICE2': '0.00084391', 'PROCESSING_TIME_SERVICE3': '0.00082903', 'PROCESSING_TIME_SERVICE4': '0.00073297', 'PROCESSING_TIME_SERVICE5': '0.00069626', 'PROCESSING_TIME_SERVICE6': '0.00042566', 'PROCESSING_TIME_SERVICE7': '0.00037051', 'PROCESSING_TIME_SERVICE8': '0.00031708', 'PROCESSING_TIME_SERVICE9': '0.00024455', 'SLOWPOKE_DELAY_MICROS_SERVICE0': '72.0', 'SLOWPOKE_POKER_BATCH_THRESHOLD_SERVICE0': '7199990', 'SLOWPOKE_DELAY_MICROS_SERVICE1': '72.0', 'SLOWPOKE_POKER_BATCH_THRESHOLD_SERVICE1': '7199990', 'SLOWPOKE_DELAY_MICROS_SERVICE2': '72.0', 'SLOWPOKE_POKER_BATCH_THRESHOLD_SERVICE2': '7199990', 'SLOWPOKE_DELAY_MICROS_SERVICE3': '72.0', 'SLOWPOKE_POKER_BATCH_THRESHOLD_SERVICE3': '7199990', 'SLOWPOKE_DELAY_MICROS_SERVICE4': '72.0', 'SLOWPOKE_POKER_BATCH_THRESHOLD_SERVICE4': '7199990', 'SLOWPOKE_DELAY_MICROS_SERVICE5': '0.0', 'SLOWPOKE_POKER_BATCH_THRESHOLD_SERVICE5': '10', 'SLOWPOKE_DELAY_MICROS_SERVICE6': '72.0', 'SLOWPOKE_POKER_BATCH_THRESHOLD_SERVICE6': '7199990', 'SLOWPOKE_DELAY_MICROS_SERVICE7': '72.0', 'SLOWPOKE_POKER_BATCH_THRESHOLD_SERVICE7': '7199990', 'SLOWPOKE_DELAY_MICROS_SERVICE8': '72.0', 'SLOWPOKE_POKER_BATCH_THRESHOLD_SERVICE8': '7199990', 'SLOWPOKE_DELAY_MICROS_SERVICE9': '72.0', 'SLOWPOKE_POKER_BATCH_THRESHOLD_SERVICE9': '7199990'}
    [exp] Executing cmd `bash run.sh synthetic chain-d8-http-sync 8 512 20000`:
        [run.sh] Running benchmark synthetic with request chain-d8-http-sync, thread 8, conn 512, duration 60
        [run.sh] Deleting all services
        configmap "config-service0" deleted
        deployment.apps "service0" deleted
        service "service0" deleted
        configmap "config-service1" deleted
        deployment.apps "service1" deleted
        service "service1" deleted
        configmap "config-service2" deleted
        deployment.apps "service2" deleted
        service "service2" deleted
        configmap "config-service3" deleted
        deployment.apps "service3" deleted
        service "service3" deleted
        configmap "config-service4" deleted
        deployment.apps "service4" deleted
        service "service4" deleted
        configmap "config-service5" deleted
        deployment.apps "service5" deleted
        service "service5" deleted
        configmap "config-service6" deleted
        deployment.apps "service6" deleted
        service "service6" deleted
        configmap "config-service7" deleted
        deployment.apps "service7" deleted
        service "service7" deleted
        configmap "config-service8" deleted
        deployment.apps "service8" deleted
        service "service8" deleted
        configmap "config-service9" deleted
        deployment.apps "service9" deleted
        service "service9" deleted
        deployment.apps "ubuntu-client" deleted
        [run.sh] Waiting for all pods to be deleted
        [run.sh] Deploying all services
        configmap/config-service0 created
        deployment.apps/service0 created
        service/service0 created
        configmap/config-service1 created
        deployment.apps/service1 created
        service/service1 created
        configmap/config-service2 created
        deployment.apps/service2 created
        service/service2 created
        configmap/config-service3 created
        deployment.apps/service3 created
        service/service3 created
        configmap/config-service4 created
        deployment.apps/service4 created
        service/service4 created
        configmap/config-service5 created
        deployment.apps/service5 created
        service/service5 created
        configmap/config-service6 created
        deployment.apps/service6 created
        service/service6 created
        configmap/config-service7 created
        deployment.apps/service7 created
        service/service7 created
        configmap/config-service8 created
        deployment.apps/service8 created
        service/service8 created
        configmap/config-service9 created
        deployment.apps/service9 created
        service/service9 created
        [run.sh] Client pod not found, deploying client
        deployment.apps/ubuntu-client created
        [run.sh] Waiting for all pods to be running
        [run.sh] All pods are running
        [run.sh] Checking heartbeat for all services
        [run.sh] All pods can connect to all services
        [run.sh] Running warmup test
        [run.sh] /wrk/wrk -t8 -c512 --timeout 3s -d3s -L http://service0:80/endpoint1
        Running 3s test @ http://service0:80/endpoint1
        8 threads and 512 connections
        Thread Stats   Avg      Stdev     Max   +/- Stdev
        Latency   424.05ms   76.19ms 822.53ms   86.30%
        Req/Sec   151.04     54.18   310.00     72.77%
        Latency Distribution
        50%  408.02ms
        75%  441.68ms
        90%  490.03ms
        99%  758.81ms
        3387 requests in 3.03s, 4.33MB read
        Requests/sec:   1117.94
        Transfer/sec:      1.43MB
        [run.sh] Speed is 1117.94, duration is 26
        [run.sh] Fix the request number.
        [run.sh] Running the actual test
        [run.sh] /wrk/wrk --timeout 20s -t8 -c512 -d26s -L -s /wrk/fix_req_n.lua http://service0:80/endpoint1
        Running 26s test @ http://service0:80/endpoint1
        8 threads and 512 connections
        Thread Stats   Avg      Stdev     Max   +/- Stdev
        Latency   422.68ms   73.61ms   1.14s    87.44%
        Req/Sec   150.85     47.51   292.00     66.57%
        Latency Distribution
        50%  412.90ms
        75%  449.12ms
        90%  487.58ms
        99%  728.14ms
        20000 requests in 26.00s, 25.54MB read
        Requests/sec:    769.23
        Transfer/sec:      0.98MB
        ------------------------------
        stop time: 16.407204
        stop time: 16.537891
        stop time: 16.540874
        stop time: 16.743924
        stop time: 16.771383
        stop time: 16.895771
        stop time: 16.898675
        stop time: 16.895822
        [run.sh] Checking the resource usage
        [run.sh] Test finished with status 0
        > STDERR
        > No resources found in default namespace.
        > error: metrics not available yet
    [exp] Times: [16.407204, 16.537891, 16.540874, 16.743924, 16.771383, 16.895771, 16.898675, 16.895822]
    [exp] Throughput: 1196.7847420477094
[test.py] Finished running 8th optmization experiment: groundtruth->1327.7254855861377, slowdown->1196.7847420477094, predicted->1309.8569420092929, err->-1.3458010538192342
[test.py] Running 9th optmization experiment
[test.py] Running 9th groundtruth exp
    [exp] Running (pre_run: False) workload synthetic/chain-d8-http-sync request with the following configuration: {'CLIENT_CPU_QUOTA': '2', 'SLOWPOKE_POKER_BATCH_THRESHOLD': '20000000', 'PROCESSING_TIME_SERVICE0': '0.00103987', 'PROCESSING_TIME_SERVICE1': '0.00102939', 'PROCESSING_TIME_SERVICE2': '0.00084391', 'PROCESSING_TIME_SERVICE3': '0.00082903', 'PROCESSING_TIME_SERVICE4': '0.00073297', 'PROCESSING_TIME_SERVICE5': '0.000621', 'PROCESSING_TIME_SERVICE6': '0.00042566', 'PROCESSING_TIME_SERVICE7': '0.00037051', 'PROCESSING_TIME_SERVICE8': '0.00031708', 'PROCESSING_TIME_SERVICE9': '0.00024455', 'SLOWPOKE_DELAY_MICROS_SERVICE0': '0.0', 'SLOWPOKE_POKER_BATCH_THRESHOLD_SERVICE0': '10', 'SLOWPOKE_DELAY_MICROS_SERVICE1': '0.0', 'SLOWPOKE_POKER_BATCH_THRESHOLD_SERVICE1': '10', 'SLOWPOKE_DELAY_MICROS_SERVICE2': '0.0', 'SLOWPOKE_POKER_BATCH_THRESHOLD_SERVICE2': '10', 'SLOWPOKE_DELAY_MICROS_SERVICE3': '0.0', 'SLOWPOKE_POKER_BATCH_THRESHOLD_SERVICE3': '10', 'SLOWPOKE_DELAY_MICROS_SERVICE4': '0.0', 'SLOWPOKE_POKER_BATCH_THRESHOLD_SERVICE4': '10', 'SLOWPOKE_DELAY_MICROS_SERVICE5': '0.0', 'SLOWPOKE_POKER_BATCH_THRESHOLD_SERVICE5': '10', 'SLOWPOKE_DELAY_MICROS_SERVICE6': '0.0', 'SLOWPOKE_POKER_BATCH_THRESHOLD_SERVICE6': '10', 'SLOWPOKE_DELAY_MICROS_SERVICE7': '0.0', 'SLOWPOKE_POKER_BATCH_THRESHOLD_SERVICE7': '10', 'SLOWPOKE_DELAY_MICROS_SERVICE8': '0.0', 'SLOWPOKE_POKER_BATCH_THRESHOLD_SERVICE8': '10', 'SLOWPOKE_DELAY_MICROS_SERVICE9': '0.0', 'SLOWPOKE_POKER_BATCH_THRESHOLD_SERVICE9': '10'}
    [exp] Executing cmd `bash run.sh synthetic chain-d8-http-sync 8 512 20000`:
        [run.sh] Running benchmark synthetic with request chain-d8-http-sync, thread 8, conn 512, duration 60
        [run.sh] Deleting all services
        configmap "config-service0" deleted
        deployment.apps "service0" deleted
        service "service0" deleted
        configmap "config-service1" deleted
        deployment.apps "service1" deleted
        service "service1" deleted
        configmap "config-service2" deleted
        deployment.apps "service2" deleted
        service "service2" deleted
        configmap "config-service3" deleted
        deployment.apps "service3" deleted
        service "service3" deleted
        configmap "config-service4" deleted
        deployment.apps "service4" deleted
        service "service4" deleted
        configmap "config-service5" deleted
        deployment.apps "service5" deleted
        service "service5" deleted
        configmap "config-service6" deleted
        deployment.apps "service6" deleted
        service "service6" deleted
        configmap "config-service7" deleted
        deployment.apps "service7" deleted
        service "service7" deleted
        configmap "config-service8" deleted
        deployment.apps "service8" deleted
        service "service8" deleted
        configmap "config-service9" deleted
        deployment.apps "service9" deleted
        service "service9" deleted
        deployment.apps "ubuntu-client" deleted
        [run.sh] Waiting for all pods to be deleted
        [run.sh] Deploying all services
        configmap/config-service0 created
        deployment.apps/service0 created
        service/service0 created
        configmap/config-service1 created
        deployment.apps/service1 created
        service/service1 created
        configmap/config-service2 created
        deployment.apps/service2 created
        service/service2 created
        configmap/config-service3 created
        deployment.apps/service3 created
        service/service3 created
        configmap/config-service4 created
        deployment.apps/service4 created
        service/service4 created
        configmap/config-service5 created
        deployment.apps/service5 created
        service/service5 created
        configmap/config-service6 created
        deployment.apps/service6 created
        service/service6 created
        configmap/config-service7 created
        deployment.apps/service7 created
        service/service7 created
        configmap/config-service8 created
        deployment.apps/service8 created
        service/service8 created
        configmap/config-service9 created
        deployment.apps/service9 created
        service/service9 created
        [run.sh] Client pod not found, deploying client
        deployment.apps/ubuntu-client created
        [run.sh] Waiting for all pods to be running
        [run.sh] All pods are running
        [run.sh] Checking heartbeat for all services
        [run.sh] All pods can connect to all services
        [run.sh] Running warmup test
        [run.sh] /wrk/wrk -t8 -c512 --timeout 3s -d3s -L http://service0:80/endpoint1
        Running 3s test @ http://service0:80/endpoint1
        8 threads and 512 connections
        Thread Stats   Avg      Stdev     Max   +/- Stdev
        Latency   414.03ms  111.78ms 876.39ms   86.03%
        Req/Sec   166.76     53.94   313.00     73.91%
        Latency Distribution
        50%  378.11ms
        75%  420.87ms
        90%  587.27ms
        99%  807.70ms
        3493 requests in 3.03s, 4.46MB read
        Requests/sec:   1152.80
        Transfer/sec:      1.47MB
        [run.sh] Speed is 1152.80, duration is 26
        [run.sh] Fix the request number.
        [run.sh] Running the actual test
        [run.sh] /wrk/wrk --timeout 20s -t8 -c512 -d26s -L -s /wrk/fix_req_n.lua http://service0:80/endpoint1
        Running 26s test @ http://service0:80/endpoint1
        8 threads and 512 connections
        Thread Stats   Avg      Stdev     Max   +/- Stdev
        Latency   387.03ms   73.15ms   1.07s    84.14%
        Req/Sec   164.98     45.97   320.00     71.29%
        Latency Distribution
        50%  373.55ms
        75%  414.49ms
        90%  463.38ms
        99%  670.17ms
        20000 requests in 26.00s, 25.54MB read
        Requests/sec:    769.23
        Transfer/sec:      0.98MB
        ------------------------------
        stop time: 15.037042
        stop time: 15.192204
        stop time: 15.256170
        stop time: 15.266844
        stop time: 15.348888
        stop time: 15.535722
        stop time: 15.572158
        stop time: 15.569349
        [run.sh] Checking the resource usage
        NAME                             CPU(cores)   MEMORY(bytes)
        service0-7564bb8985-m5whl        1m           44Mi
        service1-5b899d549d-dmcxq        1m           19Mi
        service2-6f7c796b99-nrqcg        1m           16Mi
        service3-5dc7779b96-66m2s        1m           14Mi
        service4-66495c49c-8g775         1m           13Mi
        service5-5467447458-dlvzm        6m           12Mi
        service6-555868f599-56n2p        6m           11Mi
        service7-868cb9c7bd-8n27r        6m           11Mi
        service8-bcc5c55c7-q2mqd         6m           10Mi
        service9-c64958867-d6w6b         6m           8Mi
        ubuntu-client-76886f6bbd-c9t5c   10m          0Mi
        [run.sh] Test finished with status 0
        > STDERR
        > No resources found in default namespace.
    [exp] Times: [15.037042, 15.192204, 15.25617, 15.266844, 15.348888, 15.535722, 15.572158, 15.569349]
    [exp] Throughput: 1303.161060680905
[test.py] Running 9th slowdown exp
    [exp] Running (pre_run: False) workload synthetic/chain-d8-http-sync request with the following configuration: {'CLIENT_CPU_QUOTA': '2', 'SLOWPOKE_POKER_BATCH_THRESHOLD': '20000000', 'PROCESSING_TIME_SERVICE0': '0.00103987', 'PROCESSING_TIME_SERVICE1': '0.00102939', 'PROCESSING_TIME_SERVICE2': '0.00084391', 'PROCESSING_TIME_SERVICE3': '0.00082903', 'PROCESSING_TIME_SERVICE4': '0.00073297', 'PROCESSING_TIME_SERVICE5': '0.00069626', 'PROCESSING_TIME_SERVICE6': '0.00042566', 'PROCESSING_TIME_SERVICE7': '0.00037051', 'PROCESSING_TIME_SERVICE8': '0.00031708', 'PROCESSING_TIME_SERVICE9': '0.00024455', 'SLOWPOKE_DELAY_MICROS_SERVICE0': '37.5', 'SLOWPOKE_POKER_BATCH_THRESHOLD_SERVICE0': '3749990', 'SLOWPOKE_DELAY_MICROS_SERVICE1': '37.5', 'SLOWPOKE_POKER_BATCH_THRESHOLD_SERVICE1': '3749990', 'SLOWPOKE_DELAY_MICROS_SERVICE2': '37.5', 'SLOWPOKE_POKER_BATCH_THRESHOLD_SERVICE2': '3749990', 'SLOWPOKE_DELAY_MICROS_SERVICE3': '37.5', 'SLOWPOKE_POKER_BATCH_THRESHOLD_SERVICE3': '3749990', 'SLOWPOKE_DELAY_MICROS_SERVICE4': '37.5', 'SLOWPOKE_POKER_BATCH_THRESHOLD_SERVICE4': '3749990', 'SLOWPOKE_DELAY_MICROS_SERVICE5': '0.0', 'SLOWPOKE_POKER_BATCH_THRESHOLD_SERVICE5': '10', 'SLOWPOKE_DELAY_MICROS_SERVICE6': '37.5', 'SLOWPOKE_POKER_BATCH_THRESHOLD_SERVICE6': '3749990', 'SLOWPOKE_DELAY_MICROS_SERVICE7': '37.5', 'SLOWPOKE_POKER_BATCH_THRESHOLD_SERVICE7': '3749990', 'SLOWPOKE_DELAY_MICROS_SERVICE8': '37.5', 'SLOWPOKE_POKER_BATCH_THRESHOLD_SERVICE8': '3749990', 'SLOWPOKE_DELAY_MICROS_SERVICE9': '37.5', 'SLOWPOKE_POKER_BATCH_THRESHOLD_SERVICE9': '3749990'}
    [exp] Executing cmd `bash run.sh synthetic chain-d8-http-sync 8 512 20000`:
        [run.sh] Running benchmark synthetic with request chain-d8-http-sync, thread 8, conn 512, duration 60
        [run.sh] Deleting all services
        configmap "config-service0" deleted
        deployment.apps "service0" deleted
        service "service0" deleted
        configmap "config-service1" deleted
        deployment.apps "service1" deleted
        service "service1" deleted
        configmap "config-service2" deleted
        deployment.apps "service2" deleted
        service "service2" deleted
        configmap "config-service3" deleted
        deployment.apps "service3" deleted
        service "service3" deleted
        configmap "config-service4" deleted
        deployment.apps "service4" deleted
        service "service4" deleted
        configmap "config-service5" deleted
        deployment.apps "service5" deleted
        service "service5" deleted
        configmap "config-service6" deleted
        deployment.apps "service6" deleted
        service "service6" deleted
        configmap "config-service7" deleted
        deployment.apps "service7" deleted
        service "service7" deleted
        configmap "config-service8" deleted
        deployment.apps "service8" deleted
        service "service8" deleted
        configmap "config-service9" deleted
        deployment.apps "service9" deleted
        service "service9" deleted
        deployment.apps "ubuntu-client" deleted
        [run.sh] Waiting for all pods to be deleted
        [run.sh] Deploying all services
        configmap/config-service0 created
        deployment.apps/service0 created
        service/service0 created
        configmap/config-service1 created
        deployment.apps/service1 created
        service/service1 created
        configmap/config-service2 created
        deployment.apps/service2 created
        service/service2 created
        configmap/config-service3 created
        deployment.apps/service3 created
        service/service3 created
        configmap/config-service4 created
        deployment.apps/service4 created
        service/service4 created
        configmap/config-service5 created
        deployment.apps/service5 created
        service/service5 created
        configmap/config-service6 created
        deployment.apps/service6 created
        service/service6 created
        configmap/config-service7 created
        deployment.apps/service7 created
        service/service7 created
        configmap/config-service8 created
        deployment.apps/service8 created
        service/service8 created
        configmap/config-service9 created
        deployment.apps/service9 created
        service/service9 created
        [run.sh] Client pod not found, deploying client
        deployment.apps/ubuntu-client created
        [run.sh] Waiting for all pods to be running
        [run.sh] All pods are running
        [run.sh] Checking heartbeat for all services
        [run.sh] All pods can connect to all services
        [run.sh] Running warmup test
        [run.sh] /wrk/wrk -t8 -c512 --timeout 3s -d3s -L http://service0:80/endpoint1
        Running 3s test @ http://service0:80/endpoint1
        8 threads and 512 connections
        Thread Stats   Avg      Stdev     Max   +/- Stdev
        Latency   457.30ms  117.97ms 947.88ms   83.53%
        Req/Sec   149.54     67.92   323.00     65.87%
        Latency Distribution
        50%  413.32ms
        75%  497.94ms
        90%  632.68ms
        99%  853.27ms
        3126 requests in 3.02s, 3.99MB read
        Requests/sec:   1033.66
        Transfer/sec:      1.32MB
        [run.sh] Speed is 1033.66, duration is 29
        [run.sh] Fix the request number.
        [run.sh] Running the actual test
        [run.sh] /wrk/wrk --timeout 20s -t8 -c512 -d29s -L -s /wrk/fix_req_n.lua http://service0:80/endpoint1
        Running 29s test @ http://service0:80/endpoint1
        8 threads and 512 connections
        Thread Stats   Avg      Stdev     Max   +/- Stdev
        Latency   403.83ms   65.49ms   1.04s    82.67%
        Req/Sec   158.75     47.10   313.00     67.99%
        Latency Distribution
        50%  396.70ms
        75%  433.27ms
        90%  470.41ms
        99%  619.76ms
        20000 requests in 29.00s, 25.54MB read
        Requests/sec:    689.65
        Transfer/sec:      0.88MB
        ------------------------------
        stop time: 15.798995
        stop time: 15.712786
        stop time: 15.906131
        stop time: 15.839586
        stop time: 16.120494
        stop time: 16.115811
        stop time: 16.189233
        stop time: 16.177765
        [run.sh] Checking the resource usage
        NAME                             CPU(cores)   MEMORY(bytes)
        service0-5b46878bfd-2hs7d        95m          48Mi
        service1-59b858478f-8fjlx        165m         19Mi
        service2-5dd9c95f76-bn2pb        122m         18Mi
        service3-7dd789c79f-sxb9h        53m          18Mi
        service4-cd7b8cf78-lwlld         115m         16Mi
        service5-5467447458-7ks27        53m          15Mi
        service6-9d68ff7f6-sbwgq         299m         12Mi
        service7-85db9cb9b7-j9ml9        185m         12Mi
        service8-7685b87fdb-lrp4n        266m         12Mi
        service9-86d78fd6d6-7drjh        173m         9Mi
        ubuntu-client-76886f6bbd-q8djw   14m          12Mi
        [run.sh] Test finished with status 0
        > STDERR
        > No resources found in default namespace.
    [exp] Times: [15.798995, 15.712786, 15.906131, 15.839586, 16.120494, 16.115811, 16.189233, 16.177765]
    [exp] Throughput: 1251.360845142836
[test.py] Finished running 9th optmization experiment: groundtruth->1303.161060680905, slowdown->1251.360845142836, predicted->1313.1976254662045, err->0.7701707093715209
[test.py] Baseline throughput:  1306.5491412648607
[test.py] Groundtruth:  [1342.4524337219486, 1341.1130856393577, 1345.2416138856913, 1312.0254173436, 1325.8776031503978, 1345.598146465465, 1337.6596367190648, 1281.7862255038335, 1327.7254855861377, 1303.161060680905]
[test.py] Slowdown:  [743.2781996044152, 940.9673046266204, 965.2488223240433, 798.0113039597975, 1022.7797795389234, 1077.2373308760116, 1124.2716239400236, 1164.8523678485544, 1196.7847420477094, 1251.360845142836]
[test.py] Predicted:  [1002.7462524975352, 1334.9242404212239, 1321.2268436828776, 991.5863095966845, 1302.765960220383, 1328.6025450361599, 1336.3003320965233, 1330.0562741821893, 1309.8569420092929, 1313.1976254662045]
[test.py] Error percentage:  [-25.30489518221351, -0.46147079499886795, -1.7851640891072134, -24.423239329897626, -1.7431203962642983, -1.2630517865938082, -0.10161812356658104, 3.7658423626281543, -1.3458010538192342, 0.7701707093715209]
[test.py] >>>>>>>>>>>>>>>>>>>>>>>>>>>>> Running experiment 1...
[test.py] Actual processing time range: [0, 69, 138, 207, 276, 345, 414, 483, 552, 621]
[test.py] Running baseline experiment
    [exp] Running (pre_run: False) workload synthetic/chain-d8-http-sync request with the following configuration: {'CLIENT_CPU_QUOTA': '2', 'SLOWPOKE_POKER_BATCH_THRESHOLD': '20000000', 'PROCESSING_TIME_SERVICE0': '0.00103987', 'PROCESSING_TIME_SERVICE1': '0.00102939', 'PROCESSING_TIME_SERVICE2': '0.00084391', 'PROCESSING_TIME_SERVICE3': '0.00082903', 'PROCESSING_TIME_SERVICE4': '0.00073297', 'PROCESSING_TIME_SERVICE5': '0.00069626', 'PROCESSING_TIME_SERVICE6': '0.00042566', 'PROCESSING_TIME_SERVICE7': '0.00037051', 'PROCESSING_TIME_SERVICE8': '0.00031708', 'PROCESSING_TIME_SERVICE9': '0.00024455', 'SLOWPOKE_DELAY_MICROS_SERVICE0': '0.0', 'SLOWPOKE_POKER_BATCH_THRESHOLD_SERVICE0': '10', 'SLOWPOKE_DELAY_MICROS_SERVICE1': '0.0', 'SLOWPOKE_POKER_BATCH_THRESHOLD_SERVICE1': '10', 'SLOWPOKE_DELAY_MICROS_SERVICE2': '0.0', 'SLOWPOKE_POKER_BATCH_THRESHOLD_SERVICE2': '10', 'SLOWPOKE_DELAY_MICROS_SERVICE3': '0.0', 'SLOWPOKE_POKER_BATCH_THRESHOLD_SERVICE3': '10', 'SLOWPOKE_DELAY_MICROS_SERVICE4': '0.0', 'SLOWPOKE_POKER_BATCH_THRESHOLD_SERVICE4': '10', 'SLOWPOKE_DELAY_MICROS_SERVICE5': '0.0', 'SLOWPOKE_POKER_BATCH_THRESHOLD_SERVICE5': '10', 'SLOWPOKE_DELAY_MICROS_SERVICE6': '0.0', 'SLOWPOKE_POKER_BATCH_THRESHOLD_SERVICE6': '10', 'SLOWPOKE_DELAY_MICROS_SERVICE7': '0.0', 'SLOWPOKE_POKER_BATCH_THRESHOLD_SERVICE7': '10', 'SLOWPOKE_DELAY_MICROS_SERVICE8': '0.0', 'SLOWPOKE_POKER_BATCH_THRESHOLD_SERVICE8': '10', 'SLOWPOKE_DELAY_MICROS_SERVICE9': '0.0', 'SLOWPOKE_POKER_BATCH_THRESHOLD_SERVICE9': '10'}
    [exp] Executing cmd `bash run.sh synthetic chain-d8-http-sync 8 512 20000`:
        [run.sh] Running benchmark synthetic with request chain-d8-http-sync, thread 8, conn 512, duration 60
        [run.sh] Deleting all services
        configmap "config-service0" deleted
        deployment.apps "service0" deleted
        service "service0" deleted
        configmap "config-service1" deleted
        deployment.apps "service1" deleted
        service "service1" deleted
        configmap "config-service2" deleted
        deployment.apps "service2" deleted
        service "service2" deleted
        configmap "config-service3" deleted
        deployment.apps "service3" deleted
        service "service3" deleted
        configmap "config-service4" deleted
        deployment.apps "service4" deleted
        service "service4" deleted
        configmap "config-service5" deleted
        deployment.apps "service5" deleted
        service "service5" deleted
        configmap "config-service6" deleted
        deployment.apps "service6" deleted
        service "service6" deleted
        configmap "config-service7" deleted
        deployment.apps "service7" deleted
        service "service7" deleted
        configmap "config-service8" deleted
        deployment.apps "service8" deleted
        service "service8" deleted
        configmap "config-service9" deleted
        deployment.apps "service9" deleted
        service "service9" deleted
        deployment.apps "ubuntu-client" deleted
        [run.sh] Waiting for all pods to be deleted
        [run.sh] Deploying all services
        configmap/config-service0 created
        deployment.apps/service0 created
        service/service0 created
        configmap/config-service1 created
        deployment.apps/service1 created
        service/service1 created
        configmap/config-service2 created
        deployment.apps/service2 created
        service/service2 created
        configmap/config-service3 created
        deployment.apps/service3 created
        service/service3 created
        configmap/config-service4 created
        deployment.apps/service4 created
        service/service4 created
        configmap/config-service5 created
        deployment.apps/service5 created
        service/service5 created
        configmap/config-service6 created
        deployment.apps/service6 created
        service/service6 created
        configmap/config-service7 created
        deployment.apps/service7 created
        service/service7 created
        configmap/config-service8 created
        deployment.apps/service8 created
        service/service8 created
        configmap/config-service9 created
        deployment.apps/service9 created
        service/service9 created
        [run.sh] Client pod not found, deploying client
        deployment.apps/ubuntu-client created
        [run.sh] Waiting for all pods to be running
        [run.sh] All pods are running
        [run.sh] Checking heartbeat for all services
        [run.sh] All pods can connect to all services
        [run.sh] Running warmup test
        [run.sh] /wrk/wrk -t8 -c512 --timeout 3s -d3s -L http://service0:80/endpoint1
        Running 3s test @ http://service0:80/endpoint1
        8 threads and 512 connections
        Thread Stats   Avg      Stdev     Max   +/- Stdev
        Latency   397.19ms  108.46ms   1.12s    87.89%
        Req/Sec   160.54     54.02   320.00     69.78%
        Latency Distribution
        50%  368.77ms
        75%  409.05ms
        90%  487.79ms
        99%  904.31ms
        3659 requests in 3.03s, 4.67MB read
        Requests/sec:   1206.64
        Transfer/sec:      1.54MB
        [run.sh] Speed is 1206.64, duration is 24
        [run.sh] Fix the request number.
        [run.sh] Running the actual test
        [run.sh] /wrk/wrk --timeout 20s -t8 -c512 -d24s -L -s /wrk/fix_req_n.lua http://service0:80/endpoint1
        Running 24s test @ http://service0:80/endpoint1
        8 threads and 512 connections
        Thread Stats   Avg      Stdev     Max   +/- Stdev
        Latency   381.47ms   95.17ms   1.53s    90.20%
        Req/Sec   168.04     48.36   414.00     73.55%
        Latency Distribution
        50%  369.36ms
        75%  403.15ms
        90%  448.33ms
        99%  767.32ms
        20000 requests in 24.00s, 25.54MB read
        Requests/sec:    833.33
        Transfer/sec:      1.06MB
        ------------------------------
        stop time: 14.618956
        stop time: 14.796003
        stop time: 14.920797
        stop time: 14.844037
        stop time: 15.173889
        stop time: 15.210293
        stop time: 15.426531
        stop time: 15.449608
        [run.sh] Checking the resource usage
        NAME                             CPU(cores)   MEMORY(bytes)
        service0-7564bb8985-lm4kn        1842m        50Mi
        service1-5b899d549d-n8n2p        1614m        20Mi
        service2-6f7c796b99-xh6cp        1477m        18Mi
        service3-5dc7779b96-dfrbc        1645m        16Mi
        service4-66495c49c-r6sjv         1421m        16Mi
        service5-5467447458-h2zq4        1534m        15Mi
        service6-555868f599-78h99        1275m        14Mi
        service7-868cb9c7bd-7kxdr        1295m        13Mi
        service8-bcc5c55c7-whxqq         1222m        11Mi
        service9-c64958867-2jz2f         623m         9Mi
        ubuntu-client-76886f6bbd-5gblf   56m          15Mi
        [run.sh] Test finished with status 0
        > STDERR
        > No resources found in default namespace.
    [exp] Times: [14.618956, 14.796003, 14.920797, 14.844037, 15.173889, 15.210293, 15.426531, 15.449608]
    [exp] Throughput: 1328.4610474546712
[test.py] Baseline throughput: 1328.4610474546712
[test.py] Running 0th optmization experiment
[test.py] Running 0th groundtruth exp
    [exp] Running (pre_run: False) workload synthetic/chain-d8-http-sync request with the following configuration: {'CLIENT_CPU_QUOTA': '2', 'SLOWPOKE_POKER_BATCH_THRESHOLD': '20000000', 'PROCESSING_TIME_SERVICE0': '0.00103987', 'PROCESSING_TIME_SERVICE1': '0.00102939', 'PROCESSING_TIME_SERVICE2': '0.00084391', 'PROCESSING_TIME_SERVICE3': '0.00082903', 'PROCESSING_TIME_SERVICE4': '0.00073297', 'PROCESSING_TIME_SERVICE5': '0.0', 'PROCESSING_TIME_SERVICE6': '0.00042566', 'PROCESSING_TIME_SERVICE7': '0.00037051', 'PROCESSING_TIME_SERVICE8': '0.00031708', 'PROCESSING_TIME_SERVICE9': '0.00024455', 'SLOWPOKE_DELAY_MICROS_SERVICE0': '0.0', 'SLOWPOKE_POKER_BATCH_THRESHOLD_SERVICE0': '10', 'SLOWPOKE_DELAY_MICROS_SERVICE1': '0.0', 'SLOWPOKE_POKER_BATCH_THRESHOLD_SERVICE1': '10', 'SLOWPOKE_DELAY_MICROS_SERVICE2': '0.0', 'SLOWPOKE_POKER_BATCH_THRESHOLD_SERVICE2': '10', 'SLOWPOKE_DELAY_MICROS_SERVICE3': '0.0', 'SLOWPOKE_POKER_BATCH_THRESHOLD_SERVICE3': '10', 'SLOWPOKE_DELAY_MICROS_SERVICE4': '0.0', 'SLOWPOKE_POKER_BATCH_THRESHOLD_SERVICE4': '10', 'SLOWPOKE_DELAY_MICROS_SERVICE5': '0.0', 'SLOWPOKE_POKER_BATCH_THRESHOLD_SERVICE5': '10', 'SLOWPOKE_DELAY_MICROS_SERVICE6': '0.0', 'SLOWPOKE_POKER_BATCH_THRESHOLD_SERVICE6': '10', 'SLOWPOKE_DELAY_MICROS_SERVICE7': '0.0', 'SLOWPOKE_POKER_BATCH_THRESHOLD_SERVICE7': '10', 'SLOWPOKE_DELAY_MICROS_SERVICE8': '0.0', 'SLOWPOKE_POKER_BATCH_THRESHOLD_SERVICE8': '10', 'SLOWPOKE_DELAY_MICROS_SERVICE9': '0.0', 'SLOWPOKE_POKER_BATCH_THRESHOLD_SERVICE9': '10'}
    [exp] Executing cmd `bash run.sh synthetic chain-d8-http-sync 8 512 20000`:
        [run.sh] Running benchmark synthetic with request chain-d8-http-sync, thread 8, conn 512, duration 60
        [run.sh] Deleting all services
        configmap "config-service0" deleted
        deployment.apps "service0" deleted
        service "service0" deleted
        configmap "config-service1" deleted
        deployment.apps "service1" deleted
        service "service1" deleted
        configmap "config-service2" deleted
        deployment.apps "service2" deleted
        service "service2" deleted
        configmap "config-service3" deleted
        deployment.apps "service3" deleted
        service "service3" deleted
        configmap "config-service4" deleted
        deployment.apps "service4" deleted
        service "service4" deleted
        configmap "config-service5" deleted
        deployment.apps "service5" deleted
        service "service5" deleted
        configmap "config-service6" deleted
        deployment.apps "service6" deleted
        service "service6" deleted
        configmap "config-service7" deleted
        deployment.apps "service7" deleted
        service "service7" deleted
        configmap "config-service8" deleted
        deployment.apps "service8" deleted
        service "service8" deleted
        configmap "config-service9" deleted
        deployment.apps "service9" deleted
        service "service9" deleted
        deployment.apps "ubuntu-client" deleted
        [run.sh] Waiting for all pods to be deleted
        [run.sh] Deploying all services
        configmap/config-service0 created
        deployment.apps/service0 created
        service/service0 created
        configmap/config-service1 created
        deployment.apps/service1 created
        service/service1 created
        configmap/config-service2 created
        deployment.apps/service2 created
        service/service2 created
        configmap/config-service3 created
        deployment.apps/service3 created
        service/service3 created
        configmap/config-service4 created
        deployment.apps/service4 created
        service/service4 created
        configmap/config-service5 created
        deployment.apps/service5 created
        service/service5 created
        configmap/config-service6 created
        deployment.apps/service6 created
        service/service6 created
        configmap/config-service7 created
        deployment.apps/service7 created
        service/service7 created
        configmap/config-service8 created
        deployment.apps/service8 created
        service/service8 created
        configmap/config-service9 created
        deployment.apps/service9 created
        service/service9 created
        [run.sh] Client pod not found, deploying client
        deployment.apps/ubuntu-client created
        [run.sh] Waiting for all pods to be running
        [run.sh] All pods are running
        [run.sh] Checking heartbeat for all services
        [run.sh] All pods can connect to all services
        [run.sh] Running warmup test
        [run.sh] /wrk/wrk -t8 -c512 --timeout 3s -d3s -L http://service0:80/endpoint1
        Running 3s test @ http://service0:80/endpoint1
        8 threads and 512 connections
        Thread Stats   Avg      Stdev     Max   +/- Stdev
        Latency   407.72ms  102.21ms   1.19s    86.93%
        Req/Sec   158.58     60.12   323.00     69.06%
        Latency Distribution
        50%  384.69ms
        75%  437.10ms
        90%  504.09ms
        99%  875.79ms
        3555 requests in 3.04s, 4.54MB read
        Requests/sec:   1171.10
        Transfer/sec:      1.50MB
        [run.sh] Speed is 1171.10, duration is 25
        [run.sh] Fix the request number.
        [run.sh] Running the actual test
        [run.sh] /wrk/wrk --timeout 20s -t8 -c512 -d25s -L -s /wrk/fix_req_n.lua http://service0:80/endpoint1
        Running 25s test @ http://service0:80/endpoint1
        8 threads and 512 connections
        Thread Stats   Avg      Stdev     Max   +/- Stdev
        Latency   378.09ms   77.90ms   1.20s    90.57%
        Req/Sec   168.56     48.07   400.00     70.07%
        Latency Distribution
        50%  367.88ms
        75%  397.74ms
        90%  433.72ms
        99%  645.28ms
        20000 requests in 25.00s, 25.54MB read
        Requests/sec:    800.00
        Transfer/sec:      1.02MB
        ------------------------------
        stop time: 14.454345
        stop time: 14.828677
        stop time: 14.894257
        stop time: 14.991079
        stop time: 15.171887
        stop time: 15.107704
        stop time: 15.145526
        stop time: 15.027384
        [run.sh] Checking the resource usage
        NAME                             CPU(cores)   MEMORY(bytes)
        service0-7564bb8985-b94c2        2m           47Mi
        service1-5b899d549d-zgm9b        1m           19Mi
        service2-6f7c796b99-m9qt5        1m           16Mi
        service3-5dc7779b96-7bwdl        1m           15Mi
        service4-66495c49c-rrq85         1m           14Mi
        service5-5467447458-cpqft        1m           11Mi
        service6-555868f599-crwx4        1m           11Mi
        service7-868cb9c7bd-mmv6z        1m           11Mi
        service8-bcc5c55c7-b6nhj         1m           10Mi
        service9-c64958867-cmxj6         1m           9Mi
        ubuntu-client-76886f6bbd-mcxxn   2m           0Mi
        [run.sh] Test finished with status 0
        > STDERR
        > No resources found in default namespace.
    [exp] Times: [14.454345, 14.828677, 14.894257, 14.991079, 15.171887, 15.107704, 15.145526, 15.027384]
    [exp] Throughput: 1337.5593632879697
[test.py] Running 0th slowdown exp
    [exp] Running (pre_run: False) workload synthetic/chain-d8-http-sync request with the following configuration: {'CLIENT_CPU_QUOTA': '2', 'SLOWPOKE_POKER_BATCH_THRESHOLD': '20000000', 'PROCESSING_TIME_SERVICE0': '0.00103987', 'PROCESSING_TIME_SERVICE1': '0.00102939', 'PROCESSING_TIME_SERVICE2': '0.00084391', 'PROCESSING_TIME_SERVICE3': '0.00082903', 'PROCESSING_TIME_SERVICE4': '0.00073297', 'PROCESSING_TIME_SERVICE5': '0.00069626', 'PROCESSING_TIME_SERVICE6': '0.00042566', 'PROCESSING_TIME_SERVICE7': '0.00037051', 'PROCESSING_TIME_SERVICE8': '0.00031708', 'PROCESSING_TIME_SERVICE9': '0.00024455', 'SLOWPOKE_DELAY_MICROS_SERVICE0': '348.0', 'SLOWPOKE_POKER_BATCH_THRESHOLD_SERVICE0': '34799990', 'SLOWPOKE_DELAY_MICROS_SERVICE1': '348.0', 'SLOWPOKE_POKER_BATCH_THRESHOLD_SERVICE1': '34799990', 'SLOWPOKE_DELAY_MICROS_SERVICE2': '348.0', 'SLOWPOKE_POKER_BATCH_THRESHOLD_SERVICE2': '34799990', 'SLOWPOKE_DELAY_MICROS_SERVICE3': '348.0', 'SLOWPOKE_POKER_BATCH_THRESHOLD_SERVICE3': '34799990', 'SLOWPOKE_DELAY_MICROS_SERVICE4': '348.0', 'SLOWPOKE_POKER_BATCH_THRESHOLD_SERVICE4': '34799990', 'SLOWPOKE_DELAY_MICROS_SERVICE5': '0.0', 'SLOWPOKE_POKER_BATCH_THRESHOLD_SERVICE5': '10', 'SLOWPOKE_DELAY_MICROS_SERVICE6': '348.0', 'SLOWPOKE_POKER_BATCH_THRESHOLD_SERVICE6': '34799990', 'SLOWPOKE_DELAY_MICROS_SERVICE7': '348.0', 'SLOWPOKE_POKER_BATCH_THRESHOLD_SERVICE7': '34799990', 'SLOWPOKE_DELAY_MICROS_SERVICE8': '348.0', 'SLOWPOKE_POKER_BATCH_THRESHOLD_SERVICE8': '34799990', 'SLOWPOKE_DELAY_MICROS_SERVICE9': '348.0', 'SLOWPOKE_POKER_BATCH_THRESHOLD_SERVICE9': '34799990'}
    [exp] Executing cmd `bash run.sh synthetic chain-d8-http-sync 8 512 20000`:
        [run.sh] Running benchmark synthetic with request chain-d8-http-sync, thread 8, conn 512, duration 60
        [run.sh] Deleting all services
        configmap "config-service0" deleted
        deployment.apps "service0" deleted
        service "service0" deleted
        configmap "config-service1" deleted
        deployment.apps "service1" deleted
        service "service1" deleted
        configmap "config-service2" deleted
        deployment.apps "service2" deleted
        service "service2" deleted
        configmap "config-service3" deleted
        deployment.apps "service3" deleted
        service "service3" deleted
        configmap "config-service4" deleted
        deployment.apps "service4" deleted
        service "service4" deleted
        configmap "config-service5" deleted
        deployment.apps "service5" deleted
        service "service5" deleted
        configmap "config-service6" deleted
        deployment.apps "service6" deleted
        service "service6" deleted
        configmap "config-service7" deleted
        deployment.apps "service7" deleted
        service "service7" deleted
        configmap "config-service8" deleted
        deployment.apps "service8" deleted
        service "service8" deleted
        configmap "config-service9" deleted
        deployment.apps "service9" deleted
        service "service9" deleted
        deployment.apps "ubuntu-client" deleted
        [run.sh] Waiting for all pods to be deleted
        [run.sh] Deploying all services
        configmap/config-service0 created
        deployment.apps/service0 created
        service/service0 created
        configmap/config-service1 created
        deployment.apps/service1 created
        service/service1 created
        configmap/config-service2 created
        deployment.apps/service2 created
        service/service2 created
        configmap/config-service3 created
        deployment.apps/service3 created
        service/service3 created
        configmap/config-service4 created
        deployment.apps/service4 created
        service/service4 created
        configmap/config-service5 created
        deployment.apps/service5 created
        service/service5 created
        configmap/config-service6 created
        deployment.apps/service6 created
        service/service6 created
        configmap/config-service7 created
        deployment.apps/service7 created
        service/service7 created
        configmap/config-service8 created
        deployment.apps/service8 created
        service/service8 created
        configmap/config-service9 created
        deployment.apps/service9 created
        service/service9 created
        [run.sh] Client pod not found, deploying client
        deployment.apps/ubuntu-client created
        [run.sh] Waiting for all pods to be running
        [run.sh] All pods are running
        [run.sh] Checking heartbeat for all services
        [run.sh] All pods can connect to all services
        [run.sh] Running warmup test
        [run.sh] /wrk/wrk -t8 -c512 --timeout 3s -d3s -L http://service0:80/endpoint1
        Running 3s test @ http://service0:80/endpoint1
        8 threads and 512 connections
        Thread Stats   Avg      Stdev     Max   +/- Stdev
        Latency   600.10ms   99.12ms   1.02s    80.34%
        Req/Sec   108.19     44.15   240.00     71.63%
        Latency Distribution
        50%  580.03ms
        75%  623.09ms
        90%  717.58ms
        99%  914.14ms
        2314 requests in 3.03s, 2.96MB read
        Requests/sec:    763.17
        Transfer/sec:      0.97MB
        [run.sh] Speed is 763.17, duration is 39
        [run.sh] Fix the request number.
        [run.sh] Running the actual test
        [run.sh] /wrk/wrk --timeout 20s -t8 -c512 -d39s -L -s /wrk/fix_req_n.lua http://service0:80/endpoint1
        [run.sh] Checking the resource usage
        NAME                             CPU(cores)   MEMORY(bytes)
        service0-fd975dd7f-zcr48         1m           41Mi
        service1-7495898696-rw4vv        1m           17Mi
        service2-69656dbdd9-htdg9        1m           15Mi
        service3-6665cbd558-d9z2c        1m           14Mi
        service4-786df5fff9-29grw        1m           12Mi
        service5-5467447458-6zv5k        6m           12Mi
        service6-56576c6b77-blfh4        6m           11Mi
        service7-6b8b9f85fd-l2rpm        6m           10Mi
        service8-5755f4c55f-dbmfw        6m           8Mi
        service9-5447c9dcf7-kxrh8        6m           7Mi
        ubuntu-client-76886f6bbd-rjds5   10m          8Mi
        Running 39s test @ http://service0:80/endpoint1
        8 threads and 512 connections
        Thread Stats   Avg      Stdev     Max   +/- Stdev
        Latency   560.18ms   84.95ms   1.34s    87.49%
        Req/Sec   113.93     38.02   290.00     71.76%
        Latency Distribution
        50%  550.91ms
        75%  588.28ms
        90%  635.13ms
        99%  845.44ms
        20000 requests in 39.00s, 25.54MB read
        Requests/sec:    512.82
        Transfer/sec:    670.60KB
        ------------------------------
        stop time: 21.698305
        stop time: 21.782594
        stop time: 22.119908
        stop time: 22.326183
        stop time: 22.229289
        stop time: 22.383811
        stop time: 22.312813
        stop time: 22.300839
        [run.sh] Test finished with status 0
        > STDERR
        > No resources found in default namespace.
    [exp] Times: [21.698305, 21.782594, 22.119908, 22.326183, 22.229289, 22.383811, 22.312813, 22.300839]
    [exp] Throughput: 903.1703095495436
[test.py] Finished running 0th optmization experiment: groundtruth->1337.5593632879697, slowdown->903.1703095495436, predicted->1317.3826616731933, err->-1.5084714868414035
[test.py] Running 1th optmization experiment
[test.py] Running 1th groundtruth exp
    [exp] Running (pre_run: False) workload synthetic/chain-d8-http-sync request with the following configuration: {'CLIENT_CPU_QUOTA': '2', 'SLOWPOKE_POKER_BATCH_THRESHOLD': '20000000', 'PROCESSING_TIME_SERVICE0': '0.00103987', 'PROCESSING_TIME_SERVICE1': '0.00102939', 'PROCESSING_TIME_SERVICE2': '0.00084391', 'PROCESSING_TIME_SERVICE3': '0.00082903', 'PROCESSING_TIME_SERVICE4': '0.00073297', 'PROCESSING_TIME_SERVICE5': '6.9e-05', 'PROCESSING_TIME_SERVICE6': '0.00042566', 'PROCESSING_TIME_SERVICE7': '0.00037051', 'PROCESSING_TIME_SERVICE8': '0.00031708', 'PROCESSING_TIME_SERVICE9': '0.00024455', 'SLOWPOKE_DELAY_MICROS_SERVICE0': '0.0', 'SLOWPOKE_POKER_BATCH_THRESHOLD_SERVICE0': '10', 'SLOWPOKE_DELAY_MICROS_SERVICE1': '0.0', 'SLOWPOKE_POKER_BATCH_THRESHOLD_SERVICE1': '10', 'SLOWPOKE_DELAY_MICROS_SERVICE2': '0.0', 'SLOWPOKE_POKER_BATCH_THRESHOLD_SERVICE2': '10', 'SLOWPOKE_DELAY_MICROS_SERVICE3': '0.0', 'SLOWPOKE_POKER_BATCH_THRESHOLD_SERVICE3': '10', 'SLOWPOKE_DELAY_MICROS_SERVICE4': '0.0', 'SLOWPOKE_POKER_BATCH_THRESHOLD_SERVICE4': '10', 'SLOWPOKE_DELAY_MICROS_SERVICE5': '0.0', 'SLOWPOKE_POKER_BATCH_THRESHOLD_SERVICE5': '10', 'SLOWPOKE_DELAY_MICROS_SERVICE6': '0.0', 'SLOWPOKE_POKER_BATCH_THRESHOLD_SERVICE6': '10', 'SLOWPOKE_DELAY_MICROS_SERVICE7': '0.0', 'SLOWPOKE_POKER_BATCH_THRESHOLD_SERVICE7': '10', 'SLOWPOKE_DELAY_MICROS_SERVICE8': '0.0', 'SLOWPOKE_POKER_BATCH_THRESHOLD_SERVICE8': '10', 'SLOWPOKE_DELAY_MICROS_SERVICE9': '0.0', 'SLOWPOKE_POKER_BATCH_THRESHOLD_SERVICE9': '10'}
    [exp] Executing cmd `bash run.sh synthetic chain-d8-http-sync 8 512 20000`:
        [run.sh] Running benchmark synthetic with request chain-d8-http-sync, thread 8, conn 512, duration 60
        [run.sh] Deleting all services
        configmap "config-service0" deleted
        deployment.apps "service0" deleted
        service "service0" deleted
        configmap "config-service1" deleted
        deployment.apps "service1" deleted
        service "service1" deleted
        configmap "config-service2" deleted
        deployment.apps "service2" deleted
        service "service2" deleted
        configmap "config-service3" deleted
        deployment.apps "service3" deleted
        service "service3" deleted
        configmap "config-service4" deleted
        deployment.apps "service4" deleted
        service "service4" deleted
        configmap "config-service5" deleted
        deployment.apps "service5" deleted
        service "service5" deleted
        configmap "config-service6" deleted
        deployment.apps "service6" deleted
        service "service6" deleted
        configmap "config-service7" deleted
        deployment.apps "service7" deleted
        service "service7" deleted
        configmap "config-service8" deleted
        deployment.apps "service8" deleted
        service "service8" deleted
        configmap "config-service9" deleted
        deployment.apps "service9" deleted
        service "service9" deleted
        deployment.apps "ubuntu-client" deleted
        [run.sh] Waiting for all pods to be deleted
        [run.sh] Deploying all services
        configmap/config-service0 created
        deployment.apps/service0 created
        service/service0 created
        configmap/config-service1 created
        deployment.apps/service1 created
        service/service1 created
        configmap/config-service2 created
        deployment.apps/service2 created
        service/service2 created
        configmap/config-service3 created
        deployment.apps/service3 created
        service/service3 created
        configmap/config-service4 created
        deployment.apps/service4 created
        service/service4 created
        configmap/config-service5 created
        deployment.apps/service5 created
        service/service5 created
        configmap/config-service6 created
        deployment.apps/service6 created
        service/service6 created
        configmap/config-service7 created
        deployment.apps/service7 created
        service/service7 created
        configmap/config-service8 created
        deployment.apps/service8 created
        service/service8 created
        configmap/config-service9 created
        deployment.apps/service9 created
        service/service9 created
        [run.sh] Client pod not found, deploying client
        deployment.apps/ubuntu-client created
        [run.sh] Waiting for all pods to be running
        [run.sh] All pods are running
        [run.sh] Checking heartbeat for all services
        [run.sh] All pods can connect to all services
        [run.sh] Running warmup test
        [run.sh] /wrk/wrk -t8 -c512 --timeout 3s -d3s -L http://service0:80/endpoint1
        Running 3s test @ http://service0:80/endpoint1
        8 threads and 512 connections
        Thread Stats   Avg      Stdev     Max   +/- Stdev
        Latency   408.31ms  100.49ms 845.90ms   85.35%
        Req/Sec   165.48     56.37   292.00     75.96%
        Latency Distribution
        50%  375.30ms
        75%  428.82ms
        90%  541.07ms
        99%  772.46ms
        3501 requests in 3.03s, 4.47MB read
        Requests/sec:   1153.77
        Transfer/sec:      1.47MB
        [run.sh] Speed is 1153.77, duration is 26
        [run.sh] Fix the request number.
        [run.sh] Running the actual test
        [run.sh] /wrk/wrk --timeout 20s -t8 -c512 -d26s -L -s /wrk/fix_req_n.lua http://service0:80/endpoint1
        Running 26s test @ http://service0:80/endpoint1
        8 threads and 512 connections
        Thread Stats   Avg      Stdev     Max   +/- Stdev
        Latency   378.81ms   69.49ms   1.19s    84.64%
        Req/Sec   168.29     45.08   292.00     70.18%
        Latency Distribution
        50%  366.17ms
        75%  401.88ms
        90%  450.23ms
        99%  626.12ms
        20000 requests in 26.00s, 25.54MB read
        Requests/sec:    769.23
        Transfer/sec:      0.98MB
        ------------------------------
        stop time: 14.745288
        stop time: 14.984751
        stop time: 15.073198
        stop time: 15.066523
        stop time: 15.102946
        stop time: 15.075160
        stop time: 14.987867
        stop time: 14.939010
        [run.sh] Checking the resource usage
        NAME                             CPU(cores)   MEMORY(bytes)
        service0-7564bb8985-fxffw        573m         34Mi
        service1-5b899d549d-zbwcp        527m         19Mi
        service2-6f7c796b99-q9zdp        488m         18Mi
        service3-5dc7779b96-cdt7g        490m         15Mi
        service4-66495c49c-59rjs         460m         13Mi
        service5-5467447458-xz4wc        281m         11Mi
        service6-555868f599-fq4d4        387m         12Mi
        service7-868cb9c7bd-89jnq        377m         11Mi
        service8-bcc5c55c7-548xt         356m         10Mi
        service9-c64958867-t6dr8         188m         8Mi
        ubuntu-client-76886f6bbd-rmxq4   23m          0Mi
        [run.sh] Test finished with status 0
        > STDERR
        > No resources found in default namespace.
    [exp] Times: [14.745288, 14.984751, 15.073198, 15.066523, 15.102946, 15.07516, 14.987867, 14.93901]
    [exp] Throughput: 1333.6140257454022
[test.py] Running 1th slowdown exp
    [exp] Running (pre_run: False) workload synthetic/chain-d8-http-sync request with the following configuration: {'CLIENT_CPU_QUOTA': '2', 'SLOWPOKE_POKER_BATCH_THRESHOLD': '20000000', 'PROCESSING_TIME_SERVICE0': '0.00103987', 'PROCESSING_TIME_SERVICE1': '0.00102939', 'PROCESSING_TIME_SERVICE2': '0.00084391', 'PROCESSING_TIME_SERVICE3': '0.00082903', 'PROCESSING_TIME_SERVICE4': '0.00073297', 'PROCESSING_TIME_SERVICE5': '0.00069626', 'PROCESSING_TIME_SERVICE6': '0.00042566', 'PROCESSING_TIME_SERVICE7': '0.00037051', 'PROCESSING_TIME_SERVICE8': '0.00031708', 'PROCESSING_TIME_SERVICE9': '0.00024455', 'SLOWPOKE_DELAY_MICROS_SERVICE0': '313.5', 'SLOWPOKE_POKER_BATCH_THRESHOLD_SERVICE0': '31349990', 'SLOWPOKE_DELAY_MICROS_SERVICE1': '313.5', 'SLOWPOKE_POKER_BATCH_THRESHOLD_SERVICE1': '31349990', 'SLOWPOKE_DELAY_MICROS_SERVICE2': '313.5', 'SLOWPOKE_POKER_BATCH_THRESHOLD_SERVICE2': '31349990', 'SLOWPOKE_DELAY_MICROS_SERVICE3': '313.5', 'SLOWPOKE_POKER_BATCH_THRESHOLD_SERVICE3': '31349990', 'SLOWPOKE_DELAY_MICROS_SERVICE4': '313.5', 'SLOWPOKE_POKER_BATCH_THRESHOLD_SERVICE4': '31349990', 'SLOWPOKE_DELAY_MICROS_SERVICE5': '0.0', 'SLOWPOKE_POKER_BATCH_THRESHOLD_SERVICE5': '10', 'SLOWPOKE_DELAY_MICROS_SERVICE6': '313.5', 'SLOWPOKE_POKER_BATCH_THRESHOLD_SERVICE6': '31349990', 'SLOWPOKE_DELAY_MICROS_SERVICE7': '313.5', 'SLOWPOKE_POKER_BATCH_THRESHOLD_SERVICE7': '31349990', 'SLOWPOKE_DELAY_MICROS_SERVICE8': '313.5', 'SLOWPOKE_POKER_BATCH_THRESHOLD_SERVICE8': '31349990', 'SLOWPOKE_DELAY_MICROS_SERVICE9': '313.5', 'SLOWPOKE_POKER_BATCH_THRESHOLD_SERVICE9': '31349990'}
    [exp] Executing cmd `bash run.sh synthetic chain-d8-http-sync 8 512 20000`:
        [run.sh] Running benchmark synthetic with request chain-d8-http-sync, thread 8, conn 512, duration 60
        [run.sh] Deleting all services
        configmap "config-service0" deleted
        deployment.apps "service0" deleted
        service "service0" deleted
        configmap "config-service1" deleted
        deployment.apps "service1" deleted
        service "service1" deleted
        configmap "config-service2" deleted
        deployment.apps "service2" deleted
        service "service2" deleted
        configmap "config-service3" deleted
        deployment.apps "service3" deleted
        service "service3" deleted
        configmap "config-service4" deleted
        deployment.apps "service4" deleted
        service "service4" deleted
        configmap "config-service5" deleted
        deployment.apps "service5" deleted
        service "service5" deleted
        configmap "config-service6" deleted
        deployment.apps "service6" deleted
        service "service6" deleted
        configmap "config-service7" deleted
        deployment.apps "service7" deleted
        service "service7" deleted
        configmap "config-service8" deleted
        deployment.apps "service8" deleted
        service "service8" deleted
        configmap "config-service9" deleted
        deployment.apps "service9" deleted
        service "service9" deleted
        deployment.apps "ubuntu-client" deleted
        [run.sh] Waiting for all pods to be deleted
        [run.sh] Deploying all services
        configmap/config-service0 created
        deployment.apps/service0 created
        service/service0 created
        configmap/config-service1 created
        deployment.apps/service1 created
        service/service1 created
        configmap/config-service2 created
        deployment.apps/service2 created
        service/service2 created
        configmap/config-service3 created
        deployment.apps/service3 created
        service/service3 created
        configmap/config-service4 created
        deployment.apps/service4 created
        service/service4 created
        configmap/config-service5 created
        deployment.apps/service5 created
        service/service5 created
        configmap/config-service6 created
        deployment.apps/service6 created
        service/service6 created
        configmap/config-service7 created
        deployment.apps/service7 created
        service/service7 created
        configmap/config-service8 created
        deployment.apps/service8 created
        service/service8 created
        configmap/config-service9 created
        deployment.apps/service9 created
        service/service9 created
        [run.sh] Client pod not found, deploying client
        deployment.apps/ubuntu-client created
        [run.sh] Waiting for all pods to be running
        [run.sh] All pods are running
        [run.sh] Checking heartbeat for all services
        [run.sh] All pods can connect to all services
        [run.sh] Running warmup test
        [run.sh] /wrk/wrk -t8 -c512 --timeout 3s -d3s -L http://service0:80/endpoint1
        Running 3s test @ http://service0:80/endpoint1
        8 threads and 512 connections
        Thread Stats   Avg      Stdev     Max   +/- Stdev
        Latency   532.04ms  153.16ms   1.42s    85.12%
        Req/Sec   114.44     39.89   200.00     67.40%
        Latency Distribution
        50%  511.83ms
        75%  546.29ms
        90%  612.42ms
        99%    1.20s
        2628 requests in 3.03s, 3.36MB read
        Requests/sec:    867.30
        Transfer/sec:      1.11MB
        [run.sh] Speed is 867.30, duration is 34
        [run.sh] Fix the request number.
        [run.sh] Running the actual test
        [run.sh] /wrk/wrk --timeout 20s -t8 -c512 -d34s -L -s /wrk/fix_req_n.lua http://service0:80/endpoint1
        Running 34s test @ http://service0:80/endpoint1
        8 threads and 512 connections
        Thread Stats   Avg      Stdev     Max   +/- Stdev
        Latency   928.57ms    1.12s    5.74s    89.76%
        Req/Sec   116.51     37.54   290.00     74.81%
        Latency Distribution
        50%  546.17ms
        75%  605.50ms
        90%    2.06s
        99%    5.54s
        20000 requests in 34.00s, 25.54MB read
        Requests/sec:    588.23
        Transfer/sec:    769.18KB
        ------------------------------
        stop time: 26.190464
        stop time: 26.179302
        stop time: 26.285698
        stop time: 26.536833
        stop time: 26.701318
        stop time: 26.778701
        stop time: 26.817661
        stop time: 26.875100
        [run.sh] Checking the resource usage
        NAME                             CPU(cores)   MEMORY(bytes)
        service0-9b64c7cd8-lkxsh         669m         50Mi
        service1-5c8df6d5c9-h64g5        648m         20Mi
        service2-84f5bd4fd6-hgbvp        580m         17Mi
        service3-7dc9946c5c-sj4cd        587m         16Mi
        service4-fb958bfd4-d8h6v         550m         15Mi
        service5-5467447458-2btdm        561m         14Mi
        service6-76f9d889f8-cb7c4        348m         13Mi
        service7-7f48dc88d5-skk85        441m         12Mi
        service8-5884f777cb-gt2vs        337m         10Mi
        service9-68f465dfb8-dzzgq        121m         9Mi
        ubuntu-client-76886f6bbd-d4q26   26m          15Mi
        [run.sh] Test finished with status 0
        > STDERR
        > No resources found in default namespace.
    [exp] Times: [26.190464, 26.179302, 26.285698, 26.536833, 26.701318, 26.778701, 26.817661, 26.8751]
    [exp] Throughput: 753.4195464727941
[test.py] Finished running 1th optmization experiment: groundtruth->1333.6140257454022, slowdown->753.4195464727941, predicted->986.5321285120627, err->-26.02566338782644
[test.py] Running 2th optmization experiment
[test.py] Running 2th groundtruth exp
    [exp] Running (pre_run: False) workload synthetic/chain-d8-http-sync request with the following configuration: {'CLIENT_CPU_QUOTA': '2', 'SLOWPOKE_POKER_BATCH_THRESHOLD': '20000000', 'PROCESSING_TIME_SERVICE0': '0.00103987', 'PROCESSING_TIME_SERVICE1': '0.00102939', 'PROCESSING_TIME_SERVICE2': '0.00084391', 'PROCESSING_TIME_SERVICE3': '0.00082903', 'PROCESSING_TIME_SERVICE4': '0.00073297', 'PROCESSING_TIME_SERVICE5': '0.000138', 'PROCESSING_TIME_SERVICE6': '0.00042566', 'PROCESSING_TIME_SERVICE7': '0.00037051', 'PROCESSING_TIME_SERVICE8': '0.00031708', 'PROCESSING_TIME_SERVICE9': '0.00024455', 'SLOWPOKE_DELAY_MICROS_SERVICE0': '0.0', 'SLOWPOKE_POKER_BATCH_THRESHOLD_SERVICE0': '10', 'SLOWPOKE_DELAY_MICROS_SERVICE1': '0.0', 'SLOWPOKE_POKER_BATCH_THRESHOLD_SERVICE1': '10', 'SLOWPOKE_DELAY_MICROS_SERVICE2': '0.0', 'SLOWPOKE_POKER_BATCH_THRESHOLD_SERVICE2': '10', 'SLOWPOKE_DELAY_MICROS_SERVICE3': '0.0', 'SLOWPOKE_POKER_BATCH_THRESHOLD_SERVICE3': '10', 'SLOWPOKE_DELAY_MICROS_SERVICE4': '0.0', 'SLOWPOKE_POKER_BATCH_THRESHOLD_SERVICE4': '10', 'SLOWPOKE_DELAY_MICROS_SERVICE5': '0.0', 'SLOWPOKE_POKER_BATCH_THRESHOLD_SERVICE5': '10', 'SLOWPOKE_DELAY_MICROS_SERVICE6': '0.0', 'SLOWPOKE_POKER_BATCH_THRESHOLD_SERVICE6': '10', 'SLOWPOKE_DELAY_MICROS_SERVICE7': '0.0', 'SLOWPOKE_POKER_BATCH_THRESHOLD_SERVICE7': '10', 'SLOWPOKE_DELAY_MICROS_SERVICE8': '0.0', 'SLOWPOKE_POKER_BATCH_THRESHOLD_SERVICE8': '10', 'SLOWPOKE_DELAY_MICROS_SERVICE9': '0.0', 'SLOWPOKE_POKER_BATCH_THRESHOLD_SERVICE9': '10'}
    [exp] Executing cmd `bash run.sh synthetic chain-d8-http-sync 8 512 20000`:
        [run.sh] Running benchmark synthetic with request chain-d8-http-sync, thread 8, conn 512, duration 60
        [run.sh] Deleting all services
        configmap "config-service0" deleted
        deployment.apps "service0" deleted
        service "service0" deleted
        configmap "config-service1" deleted
        deployment.apps "service1" deleted
        service "service1" deleted
        configmap "config-service2" deleted
        deployment.apps "service2" deleted
        service "service2" deleted
        configmap "config-service3" deleted
        deployment.apps "service3" deleted
        service "service3" deleted
        configmap "config-service4" deleted
        deployment.apps "service4" deleted
        service "service4" deleted
        configmap "config-service5" deleted
        deployment.apps "service5" deleted
        service "service5" deleted
        configmap "config-service6" deleted
        deployment.apps "service6" deleted
        service "service6" deleted
        configmap "config-service7" deleted
        deployment.apps "service7" deleted
        service "service7" deleted
        configmap "config-service8" deleted
        deployment.apps "service8" deleted
        service "service8" deleted
        configmap "config-service9" deleted
        deployment.apps "service9" deleted
        service "service9" deleted
        deployment.apps "ubuntu-client" deleted
        [run.sh] Waiting for all pods to be deleted
        [run.sh] Deploying all services
        configmap/config-service0 created
        deployment.apps/service0 created
        service/service0 created
        configmap/config-service1 created
        deployment.apps/service1 created
        service/service1 created
        configmap/config-service2 created
        deployment.apps/service2 created
        service/service2 created
        configmap/config-service3 created
        deployment.apps/service3 created
        service/service3 created
        configmap/config-service4 created
        deployment.apps/service4 created
        service/service4 created
        configmap/config-service5 created
        deployment.apps/service5 created
        service/service5 created
        configmap/config-service6 created
        deployment.apps/service6 created
        service/service6 created
        configmap/config-service7 created
        deployment.apps/service7 created
        service/service7 created
        configmap/config-service8 created
        deployment.apps/service8 created
        service/service8 created
        configmap/config-service9 created
        deployment.apps/service9 created
        service/service9 created
        [run.sh] Client pod not found, deploying client
        deployment.apps/ubuntu-client created
        [run.sh] Waiting for all pods to be running
        [run.sh] All pods are running
        [run.sh] Checking heartbeat for all services
        [run.sh] service0-7564bb8985-jkf9r cannot connect to service7
        [run.sh] service0-7564bb8985-jkf9r cannot connect to service7
        [run.sh] service1-5b899d549d-8v8tp cannot connect to service7
        [run.sh] service1-5b899d549d-8v8tp cannot connect to service7
        [run.sh] service2-6f7c796b99-c9g75 cannot connect to service7
        [run.sh] service3-5dc7779b96-74rjr cannot connect to service7
        [run.sh] service4-66495c49c-4mcz4 cannot connect to service7
        [run.sh] service5-5467447458-66spk cannot connect to service7
        [run.sh] service6-555868f599-nsmwq cannot connect to service7
        [run.sh] service8-bcc5c55c7-l2jdb cannot connect to service7
        [run.sh] service9-c64958867-rtbnp cannot connect to service7
        [run.sh] ubuntu-client-76886f6bbd-wcwth cannot connect to service7
        [run.sh] All pods can connect to all services
        [run.sh] Running warmup test
        [run.sh] /wrk/wrk -t8 -c512 --timeout 3s -d3s -L http://service0:80/endpoint1
        Running 3s test @ http://service0:80/endpoint1
        8 threads and 512 connections
        Thread Stats   Avg      Stdev     Max   +/- Stdev
        Latency   400.50ms   78.55ms 909.15ms   82.15%
        Req/Sec   161.58     56.48   310.00     68.35%
        Latency Distribution
        50%  380.74ms
        75%  421.49ms
        90%  494.74ms
        99%  697.15ms
        3564 requests in 3.03s, 4.55MB read
        Requests/sec:   1177.94
        Transfer/sec:      1.51MB
        [run.sh] Speed is 1177.94, duration is 25
        [run.sh] Fix the request number.
        [run.sh] Running the actual test
        [run.sh] /wrk/wrk --timeout 20s -t8 -c512 -d25s -L -s /wrk/fix_req_n.lua http://service0:80/endpoint1
        Running 25s test @ http://service0:80/endpoint1
        8 threads and 512 connections
        Thread Stats   Avg      Stdev     Max   +/- Stdev
        Latency   382.19ms  116.08ms   1.70s    91.75%
        Req/Sec   166.91     46.75   313.00     68.76%
        Latency Distribution
        50%  368.05ms
        75%  404.12ms
        90%  451.66ms
        99%  952.73ms
        20000 requests in 25.00s, 25.54MB read
        Requests/sec:    800.00
        Transfer/sec:      1.02MB
        ------------------------------
        stop time: 14.736658
        stop time: 15.147254
        stop time: 15.341634
        stop time: 15.107947
        stop time: 14.912530
        stop time: 15.007812
        stop time: 15.030428
        stop time: 15.051904
        [run.sh] Checking the resource usage
        NAME                             CPU(cores)   MEMORY(bytes)
        service0-7564bb8985-jkf9r        1712m        49Mi
        service1-5b899d549d-8v8tp        184m         20Mi
        service2-6f7c796b99-c9g75        121m         17Mi
        service3-5dc7779b96-74rjr        1544m        14Mi
        service4-66495c49c-4mcz4         115m         13Mi
        service5-5467447458-66spk        989m         11Mi
        service6-555868f599-nsmwq        957m         11Mi
        service7-868cb9c7bd-6hhbz        1066m        11Mi
        service8-bcc5c55c7-l2jdb         922m         10Mi
        service9-c64958867-rtbnp         390m         8Mi
        ubuntu-client-76886f6bbd-wcwth   68m          14Mi
        [run.sh] Test finished with status 0
        > STDERR
        > No resources found in default namespace.
        > command terminated with exit code 1
        > command terminated with exit code 1
        > command terminated with exit code 1
        > command terminated with exit code 1
        > command terminated with exit code 1
        > command terminated with exit code 1
        > command terminated with exit code 1
        > command terminated with exit code 1
        > command terminated with exit code 1
        > command terminated with exit code 1
        > command terminated with exit code 1
        > curl: (28) Connection timed out after 1002 milliseconds
        > command terminated with exit code 28
    [exp] Times: [14.736658, 15.147254, 15.341634, 15.107947, 14.91253, 15.007812, 15.030428, 15.051904]
    [exp] Throughput: 1329.6085789403612
[test.py] Running 2th slowdown exp
    [exp] Running (pre_run: False) workload synthetic/chain-d8-http-sync request with the following configuration: {'CLIENT_CPU_QUOTA': '2', 'SLOWPOKE_POKER_BATCH_THRESHOLD': '20000000', 'PROCESSING_TIME_SERVICE0': '0.00103987', 'PROCESSING_TIME_SERVICE1': '0.00102939', 'PROCESSING_TIME_SERVICE2': '0.00084391', 'PROCESSING_TIME_SERVICE3': '0.00082903', 'PROCESSING_TIME_SERVICE4': '0.00073297', 'PROCESSING_TIME_SERVICE5': '0.00069626', 'PROCESSING_TIME_SERVICE6': '0.00042566', 'PROCESSING_TIME_SERVICE7': '0.00037051', 'PROCESSING_TIME_SERVICE8': '0.00031708', 'PROCESSING_TIME_SERVICE9': '0.00024455', 'SLOWPOKE_DELAY_MICROS_SERVICE0': '279.0', 'SLOWPOKE_POKER_BATCH_THRESHOLD_SERVICE0': '27899990', 'SLOWPOKE_DELAY_MICROS_SERVICE1': '279.0', 'SLOWPOKE_POKER_BATCH_THRESHOLD_SERVICE1': '27899990', 'SLOWPOKE_DELAY_MICROS_SERVICE2': '279.0', 'SLOWPOKE_POKER_BATCH_THRESHOLD_SERVICE2': '27899990', 'SLOWPOKE_DELAY_MICROS_SERVICE3': '279.0', 'SLOWPOKE_POKER_BATCH_THRESHOLD_SERVICE3': '27899990', 'SLOWPOKE_DELAY_MICROS_SERVICE4': '279.0', 'SLOWPOKE_POKER_BATCH_THRESHOLD_SERVICE4': '27899990', 'SLOWPOKE_DELAY_MICROS_SERVICE5': '0.0', 'SLOWPOKE_POKER_BATCH_THRESHOLD_SERVICE5': '10', 'SLOWPOKE_DELAY_MICROS_SERVICE6': '279.0', 'SLOWPOKE_POKER_BATCH_THRESHOLD_SERVICE6': '27899990', 'SLOWPOKE_DELAY_MICROS_SERVICE7': '279.0', 'SLOWPOKE_POKER_BATCH_THRESHOLD_SERVICE7': '27899990', 'SLOWPOKE_DELAY_MICROS_SERVICE8': '279.0', 'SLOWPOKE_POKER_BATCH_THRESHOLD_SERVICE8': '27899990', 'SLOWPOKE_DELAY_MICROS_SERVICE9': '279.0', 'SLOWPOKE_POKER_BATCH_THRESHOLD_SERVICE9': '27899990'}
    [exp] Executing cmd `bash run.sh synthetic chain-d8-http-sync 8 512 20000`:
        [run.sh] Running benchmark synthetic with request chain-d8-http-sync, thread 8, conn 512, duration 60
        [run.sh] Deleting all services
        configmap "config-service0" deleted
        deployment.apps "service0" deleted
        service "service0" deleted
        configmap "config-service1" deleted
        deployment.apps "service1" deleted
        service "service1" deleted
        configmap "config-service2" deleted
        deployment.apps "service2" deleted
        service "service2" deleted
        configmap "config-service3" deleted
        deployment.apps "service3" deleted
        service "service3" deleted
        configmap "config-service4" deleted
        deployment.apps "service4" deleted
        service "service4" deleted
        configmap "config-service5" deleted
        deployment.apps "service5" deleted
        service "service5" deleted
        configmap "config-service6" deleted
        deployment.apps "service6" deleted
        service "service6" deleted
        configmap "config-service7" deleted
        deployment.apps "service7" deleted
        service "service7" deleted
        configmap "config-service8" deleted
        deployment.apps "service8" deleted
        service "service8" deleted
        configmap "config-service9" deleted
        deployment.apps "service9" deleted
        service "service9" deleted
        deployment.apps "ubuntu-client" deleted
        [run.sh] Waiting for all pods to be deleted
        [run.sh] Deploying all services
        configmap/config-service0 created
        deployment.apps/service0 created
        service/service0 created
        configmap/config-service1 created
        deployment.apps/service1 created
        service/service1 created
        configmap/config-service2 created
        deployment.apps/service2 created
        service/service2 created
        configmap/config-service3 created
        deployment.apps/service3 created
        service/service3 created
        configmap/config-service4 created
        deployment.apps/service4 created
        service/service4 created
        configmap/config-service5 created
        deployment.apps/service5 created
        service/service5 created
        configmap/config-service6 created
        deployment.apps/service6 created
        service/service6 created
        configmap/config-service7 created
        deployment.apps/service7 created
        service/service7 created
        configmap/config-service8 created
        deployment.apps/service8 created
        service/service8 created
        configmap/config-service9 created
        deployment.apps/service9 created
        service/service9 created
        [run.sh] Client pod not found, deploying client
        deployment.apps/ubuntu-client created
        [run.sh] Waiting for all pods to be running
        [run.sh] All pods are running
        [run.sh] Checking heartbeat for all services
        [run.sh] All pods can connect to all services
        [run.sh] Running warmup test
        [run.sh] /wrk/wrk -t8 -c512 --timeout 3s -d3s -L http://service0:80/endpoint1
        Running 3s test @ http://service0:80/endpoint1
        8 threads and 512 connections
        Thread Stats   Avg      Stdev     Max   +/- Stdev
        Latency   567.55ms  142.76ms   1.09s    84.26%
        Req/Sec   115.99     52.48   290.00     66.36%
        Latency Distribution
        50%  511.57ms
        75%  568.86ms
        90%  801.55ms
        99%    1.02s
        2491 requests in 3.03s, 3.18MB read
        Requests/sec:    822.49
        Transfer/sec:      1.05MB
        [run.sh] Speed is 822.49, duration is 36
        [run.sh] Fix the request number.
        [run.sh] Running the actual test
        [run.sh] /wrk/wrk --timeout 20s -t8 -c512 -d36s -L -s /wrk/fix_req_n.lua http://service0:80/endpoint1
        [run.sh] Checking the resource usage
        NAME                             CPU(cores)   MEMORY(bytes)
        service0-544b75c497-6lwc2        867m         51Mi
        service1-6bc8844bbb-6bstb        1317m        20Mi
        service2-6bf884cfd7-mptq5        1184m        18Mi
        service3-9f8c4579b-dn2fg         736m         17Mi
        service4-56564cb69c-ghqp2        1131m        16Mi
        service5-5467447458-p9fzn        718m         15Mi
        service6-544cc9c599-dr6z7        799m         14Mi
        service7-7b45db477b-lwq9q        693m         12Mi
        service8-7545c877b9-42xkk        751m         10Mi
        service9-646698f87-g5nqw         432m         9Mi
        ubuntu-client-76886f6bbd-scpxt   30m          14Mi
        Running 36s test @ http://service0:80/endpoint1
        8 threads and 512 connections
        Thread Stats   Avg      Stdev     Max   +/- Stdev
        Latency   525.41ms   85.14ms   1.51s    86.64%
        Req/Sec   121.08     37.20   250.00     67.62%
        Latency Distribution
        50%  516.59ms
        75%  556.11ms
        90%  599.99ms
        99%  804.74ms
        20000 requests in 36.00s, 25.54MB read
        Requests/sec:    555.55
        Transfer/sec:    726.45KB
        ------------------------------
        stop time: 20.376728
        stop time: 20.553504
        stop time: 20.749941
        stop time: 20.650266
        stop time: 20.844843
        stop time: 21.003978
        stop time: 21.054750
        stop time: 21.116420
        [run.sh] Test finished with status 0
        > STDERR
        > No resources found in default namespace.
    [exp] Times: [20.376728, 20.553504, 20.749941, 20.650266, 20.844843, 21.003978, 21.05475, 21.11642]
    [exp] Throughput: 961.8249859648694
[test.py] Finished running 2th optmization experiment: groundtruth->1329.6085789403612, slowdown->961.8249859648694, predicted->1314.8203343210098, err->-1.1122254213444522
[test.py] Running 3th optmization experiment
[test.py] Running 3th groundtruth exp
    [exp] Running (pre_run: False) workload synthetic/chain-d8-http-sync request with the following configuration: {'CLIENT_CPU_QUOTA': '2', 'SLOWPOKE_POKER_BATCH_THRESHOLD': '20000000', 'PROCESSING_TIME_SERVICE0': '0.00103987', 'PROCESSING_TIME_SERVICE1': '0.00102939', 'PROCESSING_TIME_SERVICE2': '0.00084391', 'PROCESSING_TIME_SERVICE3': '0.00082903', 'PROCESSING_TIME_SERVICE4': '0.00073297', 'PROCESSING_TIME_SERVICE5': '0.000207', 'PROCESSING_TIME_SERVICE6': '0.00042566', 'PROCESSING_TIME_SERVICE7': '0.00037051', 'PROCESSING_TIME_SERVICE8': '0.00031708', 'PROCESSING_TIME_SERVICE9': '0.00024455', 'SLOWPOKE_DELAY_MICROS_SERVICE0': '0.0', 'SLOWPOKE_POKER_BATCH_THRESHOLD_SERVICE0': '10', 'SLOWPOKE_DELAY_MICROS_SERVICE1': '0.0', 'SLOWPOKE_POKER_BATCH_THRESHOLD_SERVICE1': '10', 'SLOWPOKE_DELAY_MICROS_SERVICE2': '0.0', 'SLOWPOKE_POKER_BATCH_THRESHOLD_SERVICE2': '10', 'SLOWPOKE_DELAY_MICROS_SERVICE3': '0.0', 'SLOWPOKE_POKER_BATCH_THRESHOLD_SERVICE3': '10', 'SLOWPOKE_DELAY_MICROS_SERVICE4': '0.0', 'SLOWPOKE_POKER_BATCH_THRESHOLD_SERVICE4': '10', 'SLOWPOKE_DELAY_MICROS_SERVICE5': '0.0', 'SLOWPOKE_POKER_BATCH_THRESHOLD_SERVICE5': '10', 'SLOWPOKE_DELAY_MICROS_SERVICE6': '0.0', 'SLOWPOKE_POKER_BATCH_THRESHOLD_SERVICE6': '10', 'SLOWPOKE_DELAY_MICROS_SERVICE7': '0.0', 'SLOWPOKE_POKER_BATCH_THRESHOLD_SERVICE7': '10', 'SLOWPOKE_DELAY_MICROS_SERVICE8': '0.0', 'SLOWPOKE_POKER_BATCH_THRESHOLD_SERVICE8': '10', 'SLOWPOKE_DELAY_MICROS_SERVICE9': '0.0', 'SLOWPOKE_POKER_BATCH_THRESHOLD_SERVICE9': '10'}
    [exp] Executing cmd `bash run.sh synthetic chain-d8-http-sync 8 512 20000`:
        [run.sh] Running benchmark synthetic with request chain-d8-http-sync, thread 8, conn 512, duration 60
        [run.sh] Deleting all services
        configmap "config-service0" deleted
        deployment.apps "service0" deleted
        service "service0" deleted
        configmap "config-service1" deleted
        deployment.apps "service1" deleted
        service "service1" deleted
        configmap "config-service2" deleted
        deployment.apps "service2" deleted
        service "service2" deleted
        configmap "config-service3" deleted
        deployment.apps "service3" deleted
        service "service3" deleted
        configmap "config-service4" deleted
        deployment.apps "service4" deleted
        service "service4" deleted
        configmap "config-service5" deleted
        deployment.apps "service5" deleted
        service "service5" deleted
        configmap "config-service6" deleted
        deployment.apps "service6" deleted
        service "service6" deleted
        configmap "config-service7" deleted
        deployment.apps "service7" deleted
        service "service7" deleted
        configmap "config-service8" deleted
        deployment.apps "service8" deleted
        service "service8" deleted
        configmap "config-service9" deleted
        deployment.apps "service9" deleted
        service "service9" deleted
        deployment.apps "ubuntu-client" deleted
        [run.sh] Waiting for all pods to be deleted
        [run.sh] Deploying all services
        configmap/config-service0 created
        deployment.apps/service0 created
        service/service0 created
        configmap/config-service1 created
        deployment.apps/service1 created
        service/service1 created
        configmap/config-service2 created
        deployment.apps/service2 created
        service/service2 created
        configmap/config-service3 created
        deployment.apps/service3 created
        service/service3 created
        configmap/config-service4 created
        deployment.apps/service4 created
        service/service4 created
        configmap/config-service5 created
        deployment.apps/service5 created
        service/service5 created
        configmap/config-service6 created
        deployment.apps/service6 created
        service/service6 created
        configmap/config-service7 created
        deployment.apps/service7 created
        service/service7 created
        configmap/config-service8 created
        deployment.apps/service8 created
        service/service8 created
        configmap/config-service9 created
        deployment.apps/service9 created
        service/service9 created
        [run.sh] Client pod not found, deploying client
        deployment.apps/ubuntu-client created
        [run.sh] Waiting for all pods to be running
        [run.sh] All pods are running
        [run.sh] Checking heartbeat for all services
        [run.sh] All pods can connect to all services
        [run.sh] Running warmup test
        [run.sh] /wrk/wrk -t8 -c512 --timeout 3s -d3s -L http://service0:80/endpoint1
        Running 3s test @ http://service0:80/endpoint1
        8 threads and 512 connections
        Thread Stats   Avg      Stdev     Max   +/- Stdev
        Latency   408.73ms   89.85ms 792.95ms   77.23%
        Req/Sec   156.22     64.32   310.00     67.86%
        Latency Distribution
        50%  379.46ms
        75%  456.68ms
        90%  531.02ms
        99%  707.12ms
        3513 requests in 3.02s, 4.49MB read
        Requests/sec:   1163.64
        Transfer/sec:      1.49MB
        [run.sh] Speed is 1163.64, duration is 25
        [run.sh] Fix the request number.
        [run.sh] Running the actual test
        [run.sh] /wrk/wrk --timeout 20s -t8 -c512 -d25s -L -s /wrk/fix_req_n.lua http://service0:80/endpoint1
        Running 25s test @ http://service0:80/endpoint1
        8 threads and 512 connections
        Thread Stats   Avg      Stdev     Max   +/- Stdev
        Latency   375.60ms   77.35ms   1.13s    90.29%
        Req/Sec   169.60     45.37   330.00     69.30%
        Latency Distribution
        50%  366.26ms
        75%  399.38ms
        90%  436.31ms
        99%  722.95ms
        20000 requests in 25.00s, 25.54MB read
        Requests/sec:    800.00
        Transfer/sec:      1.02MB
        ------------------------------
        stop time: 14.448042
        stop time: 14.634419
        stop time: 14.725422
        stop time: 14.798364
        stop time: 15.058871
        stop time: 15.003054
        stop time: 15.054036
        stop time: 15.098199
        [run.sh] Checking the resource usage
        NAME                             CPU(cores)   MEMORY(bytes)
        service0-7564bb8985-kh2x4        6m           3Mi
        service7-868cb9c7bd-5hnsz        3m           3Mi
        ubuntu-client-76886f6bbd-9nznf   0m           0Mi
        [run.sh] Test finished with status 0
        > STDERR
        > No resources found in default namespace.
    [exp] Times: [14.448042, 14.634419, 14.725422, 14.798364, 15.058871, 15.003054, 15.054036, 15.098199]
    [exp] Throughput: 1346.5700382595055
[test.py] Running 3th slowdown exp
    [exp] Running (pre_run: False) workload synthetic/chain-d8-http-sync request with the following configuration: {'CLIENT_CPU_QUOTA': '2', 'SLOWPOKE_POKER_BATCH_THRESHOLD': '20000000', 'PROCESSING_TIME_SERVICE0': '0.00103987', 'PROCESSING_TIME_SERVICE1': '0.00102939', 'PROCESSING_TIME_SERVICE2': '0.00084391', 'PROCESSING_TIME_SERVICE3': '0.00082903', 'PROCESSING_TIME_SERVICE4': '0.00073297', 'PROCESSING_TIME_SERVICE5': '0.00069626', 'PROCESSING_TIME_SERVICE6': '0.00042566', 'PROCESSING_TIME_SERVICE7': '0.00037051', 'PROCESSING_TIME_SERVICE8': '0.00031708', 'PROCESSING_TIME_SERVICE9': '0.00024455', 'SLOWPOKE_DELAY_MICROS_SERVICE0': '244.5', 'SLOWPOKE_POKER_BATCH_THRESHOLD_SERVICE0': '24449990', 'SLOWPOKE_DELAY_MICROS_SERVICE1': '244.5', 'SLOWPOKE_POKER_BATCH_THRESHOLD_SERVICE1': '24449990', 'SLOWPOKE_DELAY_MICROS_SERVICE2': '244.5', 'SLOWPOKE_POKER_BATCH_THRESHOLD_SERVICE2': '24449990', 'SLOWPOKE_DELAY_MICROS_SERVICE3': '244.5', 'SLOWPOKE_POKER_BATCH_THRESHOLD_SERVICE3': '24449990', 'SLOWPOKE_DELAY_MICROS_SERVICE4': '244.5', 'SLOWPOKE_POKER_BATCH_THRESHOLD_SERVICE4': '24449990', 'SLOWPOKE_DELAY_MICROS_SERVICE5': '0.0', 'SLOWPOKE_POKER_BATCH_THRESHOLD_SERVICE5': '10', 'SLOWPOKE_DELAY_MICROS_SERVICE6': '244.5', 'SLOWPOKE_POKER_BATCH_THRESHOLD_SERVICE6': '24449990', 'SLOWPOKE_DELAY_MICROS_SERVICE7': '244.5', 'SLOWPOKE_POKER_BATCH_THRESHOLD_SERVICE7': '24449990', 'SLOWPOKE_DELAY_MICROS_SERVICE8': '244.5', 'SLOWPOKE_POKER_BATCH_THRESHOLD_SERVICE8': '24449990', 'SLOWPOKE_DELAY_MICROS_SERVICE9': '244.5', 'SLOWPOKE_POKER_BATCH_THRESHOLD_SERVICE9': '24449990'}
    [exp] Executing cmd `bash run.sh synthetic chain-d8-http-sync 8 512 20000`:
        [run.sh] Running benchmark synthetic with request chain-d8-http-sync, thread 8, conn 512, duration 60
        [run.sh] Deleting all services
        configmap "config-service0" deleted
        deployment.apps "service0" deleted
        service "service0" deleted
        configmap "config-service1" deleted
        deployment.apps "service1" deleted
        service "service1" deleted
        configmap "config-service2" deleted
        deployment.apps "service2" deleted
        service "service2" deleted
        configmap "config-service3" deleted
        deployment.apps "service3" deleted
        service "service3" deleted
        configmap "config-service4" deleted
        deployment.apps "service4" deleted
        service "service4" deleted
        configmap "config-service5" deleted
        deployment.apps "service5" deleted
        service "service5" deleted
        configmap "config-service6" deleted
        deployment.apps "service6" deleted
        service "service6" deleted
        configmap "config-service7" deleted
        deployment.apps "service7" deleted
        service "service7" deleted
        configmap "config-service8" deleted
        deployment.apps "service8" deleted
        service "service8" deleted
        configmap "config-service9" deleted
        deployment.apps "service9" deleted
        service "service9" deleted
        deployment.apps "ubuntu-client" deleted
        [run.sh] Waiting for all pods to be deleted
        [run.sh] Deploying all services
        configmap/config-service0 created
        deployment.apps/service0 created
        service/service0 created
        configmap/config-service1 created
        deployment.apps/service1 created
        service/service1 created
        configmap/config-service2 created
        deployment.apps/service2 created
        service/service2 created
        configmap/config-service3 created
        deployment.apps/service3 created
        service/service3 created
        configmap/config-service4 created
        deployment.apps/service4 created
        service/service4 created
        configmap/config-service5 created
        deployment.apps/service5 created
        service/service5 created
        configmap/config-service6 created
        deployment.apps/service6 created
        service/service6 created
        configmap/config-service7 created
        deployment.apps/service7 created
        service/service7 created
        configmap/config-service8 created
        deployment.apps/service8 created
        service/service8 created
        configmap/config-service9 created
        deployment.apps/service9 created
        service/service9 created
        [run.sh] Client pod not found, deploying client
        deployment.apps/ubuntu-client created
        [run.sh] Waiting for all pods to be running
        [run.sh] All pods are running
        [run.sh] Checking heartbeat for all services
        [run.sh] All pods can connect to all services
        [run.sh] Running warmup test
        [run.sh] /wrk/wrk -t8 -c512 --timeout 3s -d3s -L http://service0:80/endpoint1
        Running 3s test @ http://service0:80/endpoint1
        8 threads and 512 connections
        Thread Stats   Avg      Stdev     Max   +/- Stdev
        Latency   526.58ms  101.57ms 965.91ms   82.47%
        Req/Sec   118.60     54.18   282.00     67.11%
        Latency Distribution
        50%  509.44ms
        75%  555.28ms
        90%  641.09ms
        99%  885.04ms
        2681 requests in 3.03s, 3.42MB read
        Requests/sec:    886.13
        Transfer/sec:      1.13MB
        [run.sh] Speed is 886.13, duration is 33
        [run.sh] Fix the request number.
        [run.sh] Running the actual test
        [run.sh] /wrk/wrk --timeout 20s -t8 -c512 -d33s -L -s /wrk/fix_req_n.lua http://service0:80/endpoint1
        Running 33s test @ http://service0:80/endpoint1
        8 threads and 512 connections
        Thread Stats   Avg      Stdev     Max   +/- Stdev
        Latency   893.03ms    1.13s    5.69s    88.65%
        Req/Sec   126.88     39.99   343.00     71.28%
        Latency Distribution
        50%  500.68ms
        75%  553.56ms
        90%    2.12s
        99%    5.51s
        20000 requests in 33.00s, 25.54MB read
        Requests/sec:    606.06
        Transfer/sec:    792.65KB
        ------------------------------
        stop time: 23.978725
        stop time: 24.550978
        stop time: 24.725648
        stop time: 24.713748
        stop time: 24.914263
        stop time: 24.905009
        stop time: 25.127273
        stop time: 25.158512
        [run.sh] Checking the resource usage
        NAME                             CPU(cores)   MEMORY(bytes)
        service0-574cf67944-9wj8f        1m           43Mi
        service1-66b7d5655-rjszb         1m           20Mi
        service2-59b47d7574-4q4dx        1m           18Mi
        service3-784874bc7-8wfw8         2m           16Mi
        service4-5d9db8f548-9wf9f        1m           14Mi
        service5-5467447458-gwg46        6m           12Mi
        service6-6df8786cbb-xvmcx        319m         11Mi
        service7-646c8cf45-22gc7         322m         10Mi
        service8-5dd54fd864-prl7f        305m         10Mi
        service9-84bb46497b-26gfj        153m         8Mi
        ubuntu-client-76886f6bbd-mp6pb   10m          0Mi
        [run.sh] Test finished with status 0
        > STDERR
        > No resources found in default namespace.
    [exp] Times: [23.978725, 24.550978, 24.725648, 24.713748, 24.914263, 24.905009, 25.127273, 25.158512]
    [exp] Throughput: 807.7782747184848
[test.py] Finished running 3th optmization experiment: groundtruth->1346.5700382595055, slowdown->807.7782747184848, predicted->1006.71126582138, err->-25.238848539761527
[test.py] Running 4th optmization experiment
[test.py] Running 4th groundtruth exp
    [exp] Running (pre_run: False) workload synthetic/chain-d8-http-sync request with the following configuration: {'CLIENT_CPU_QUOTA': '2', 'SLOWPOKE_POKER_BATCH_THRESHOLD': '20000000', 'PROCESSING_TIME_SERVICE0': '0.00103987', 'PROCESSING_TIME_SERVICE1': '0.00102939', 'PROCESSING_TIME_SERVICE2': '0.00084391', 'PROCESSING_TIME_SERVICE3': '0.00082903', 'PROCESSING_TIME_SERVICE4': '0.00073297', 'PROCESSING_TIME_SERVICE5': '0.000276', 'PROCESSING_TIME_SERVICE6': '0.00042566', 'PROCESSING_TIME_SERVICE7': '0.00037051', 'PROCESSING_TIME_SERVICE8': '0.00031708', 'PROCESSING_TIME_SERVICE9': '0.00024455', 'SLOWPOKE_DELAY_MICROS_SERVICE0': '0.0', 'SLOWPOKE_POKER_BATCH_THRESHOLD_SERVICE0': '10', 'SLOWPOKE_DELAY_MICROS_SERVICE1': '0.0', 'SLOWPOKE_POKER_BATCH_THRESHOLD_SERVICE1': '10', 'SLOWPOKE_DELAY_MICROS_SERVICE2': '0.0', 'SLOWPOKE_POKER_BATCH_THRESHOLD_SERVICE2': '10', 'SLOWPOKE_DELAY_MICROS_SERVICE3': '0.0', 'SLOWPOKE_POKER_BATCH_THRESHOLD_SERVICE3': '10', 'SLOWPOKE_DELAY_MICROS_SERVICE4': '0.0', 'SLOWPOKE_POKER_BATCH_THRESHOLD_SERVICE4': '10', 'SLOWPOKE_DELAY_MICROS_SERVICE5': '0.0', 'SLOWPOKE_POKER_BATCH_THRESHOLD_SERVICE5': '10', 'SLOWPOKE_DELAY_MICROS_SERVICE6': '0.0', 'SLOWPOKE_POKER_BATCH_THRESHOLD_SERVICE6': '10', 'SLOWPOKE_DELAY_MICROS_SERVICE7': '0.0', 'SLOWPOKE_POKER_BATCH_THRESHOLD_SERVICE7': '10', 'SLOWPOKE_DELAY_MICROS_SERVICE8': '0.0', 'SLOWPOKE_POKER_BATCH_THRESHOLD_SERVICE8': '10', 'SLOWPOKE_DELAY_MICROS_SERVICE9': '0.0', 'SLOWPOKE_POKER_BATCH_THRESHOLD_SERVICE9': '10'}
    [exp] Executing cmd `bash run.sh synthetic chain-d8-http-sync 8 512 20000`:
        [run.sh] Running benchmark synthetic with request chain-d8-http-sync, thread 8, conn 512, duration 60
        [run.sh] Deleting all services
        configmap "config-service0" deleted
        deployment.apps "service0" deleted
        service "service0" deleted
        configmap "config-service1" deleted
        deployment.apps "service1" deleted
        service "service1" deleted
        configmap "config-service2" deleted
        deployment.apps "service2" deleted
        service "service2" deleted
        configmap "config-service3" deleted
        deployment.apps "service3" deleted
        service "service3" deleted
        configmap "config-service4" deleted
        deployment.apps "service4" deleted
        service "service4" deleted
        configmap "config-service5" deleted
        deployment.apps "service5" deleted
        service "service5" deleted
        configmap "config-service6" deleted
        deployment.apps "service6" deleted
        service "service6" deleted
        configmap "config-service7" deleted
        deployment.apps "service7" deleted
        service "service7" deleted
        configmap "config-service8" deleted
        deployment.apps "service8" deleted
        service "service8" deleted
        configmap "config-service9" deleted
        deployment.apps "service9" deleted
        service "service9" deleted
        deployment.apps "ubuntu-client" deleted
        [run.sh] Waiting for all pods to be deleted
        [run.sh] Deploying all services
        configmap/config-service0 created
        deployment.apps/service0 created
        service/service0 created
        configmap/config-service1 created
        deployment.apps/service1 created
        service/service1 created
        configmap/config-service2 created
        deployment.apps/service2 created
        service/service2 created
        configmap/config-service3 created
        deployment.apps/service3 created
        service/service3 created
        configmap/config-service4 created
        deployment.apps/service4 created
        service/service4 created
        configmap/config-service5 created
        deployment.apps/service5 created
        service/service5 created
        configmap/config-service6 created
        deployment.apps/service6 created
        service/service6 created
        configmap/config-service7 created
        deployment.apps/service7 created
        service/service7 created
        configmap/config-service8 created
        deployment.apps/service8 created
        service/service8 created
        configmap/config-service9 created
        deployment.apps/service9 created
        service/service9 created
        [run.sh] Client pod not found, deploying client
        deployment.apps/ubuntu-client created
        [run.sh] Waiting for all pods to be running
        [run.sh] All pods are running
        [run.sh] Checking heartbeat for all services
        [run.sh] All pods can connect to all services
        [run.sh] Running warmup test
        [run.sh] /wrk/wrk -t8 -c512 --timeout 3s -d3s -L http://service0:80/endpoint1
        Running 3s test @ http://service0:80/endpoint1
        8 threads and 512 connections
        Thread Stats   Avg      Stdev     Max   +/- Stdev
        Latency   393.74ms   75.27ms 792.99ms   83.87%
        Req/Sec   162.43     55.47   350.00     76.34%
        Latency Distribution
        50%  375.92ms
        75%  412.27ms
        90%  475.69ms
        99%  697.39ms
        3634 requests in 3.04s, 4.64MB read
        Requests/sec:   1195.45
        Transfer/sec:      1.53MB
        [run.sh] Speed is 1195.45, duration is 25
        [run.sh] Fix the request number.
        [run.sh] Running the actual test
        [run.sh] /wrk/wrk --timeout 20s -t8 -c512 -d25s -L -s /wrk/fix_req_n.lua http://service0:80/endpoint1
        Running 25s test @ http://service0:80/endpoint1
        8 threads and 512 connections
        Thread Stats   Avg      Stdev     Max   +/- Stdev
        Latency   380.58ms   86.54ms   1.26s    88.40%
        Req/Sec   167.15     51.03   575.00     70.57%
        Latency Distribution
        50%  366.98ms
        75%  406.86ms
        90%  456.65ms
        99%  777.56ms
        20000 requests in 25.00s, 25.54MB read
        Requests/sec:    800.00
        Transfer/sec:      1.02MB
        ------------------------------
        stop time: 14.438201
        stop time: 15.041332
        stop time: 15.118505
        stop time: 15.079140
        stop time: 15.155336
        stop time: 15.238418
        stop time: 15.132067
        stop time: 15.279887
        [run.sh] Checking the resource usage
        NAME                             CPU(cores)   MEMORY(bytes)
        service0-7564bb8985-7xf9g        349m         47Mi
        service1-5b899d549d-4rn4b        26m          20Mi
        service2-6f7c796b99-jb8mh        55m          17Mi
        service3-5dc7779b96-bls4k        265m         15Mi
        service4-66495c49c-ljbt2         59m          14Mi
        service5-5467447458-qq9sv        200m         12Mi
        service6-555868f599-f4r2p        793m         12Mi
        service7-868cb9c7bd-qkbvk        347m         11Mi
        service8-bcc5c55c7-pj9nn         774m         11Mi
        service9-c64958867-8wn8j         303m         9Mi
        ubuntu-client-76886f6bbd-qc5jv   16m          13Mi
        [run.sh] Test finished with status 0
        > STDERR
        > No resources found in default namespace.
    [exp] Times: [14.438201, 15.041332, 15.118505, 15.07914, 15.155336, 15.238418, 15.132067, 15.279887]
    [exp] Throughput: 1327.9894374376124
[test.py] Running 4th slowdown exp
    [exp] Running (pre_run: False) workload synthetic/chain-d8-http-sync request with the following configuration: {'CLIENT_CPU_QUOTA': '2', 'SLOWPOKE_POKER_BATCH_THRESHOLD': '20000000', 'PROCESSING_TIME_SERVICE0': '0.00103987', 'PROCESSING_TIME_SERVICE1': '0.00102939', 'PROCESSING_TIME_SERVICE2': '0.00084391', 'PROCESSING_TIME_SERVICE3': '0.00082903', 'PROCESSING_TIME_SERVICE4': '0.00073297', 'PROCESSING_TIME_SERVICE5': '0.00069626', 'PROCESSING_TIME_SERVICE6': '0.00042566', 'PROCESSING_TIME_SERVICE7': '0.00037051', 'PROCESSING_TIME_SERVICE8': '0.00031708', 'PROCESSING_TIME_SERVICE9': '0.00024455', 'SLOWPOKE_DELAY_MICROS_SERVICE0': '210.0', 'SLOWPOKE_POKER_BATCH_THRESHOLD_SERVICE0': '20999990', 'SLOWPOKE_DELAY_MICROS_SERVICE1': '210.0', 'SLOWPOKE_POKER_BATCH_THRESHOLD_SERVICE1': '20999990', 'SLOWPOKE_DELAY_MICROS_SERVICE2': '210.0', 'SLOWPOKE_POKER_BATCH_THRESHOLD_SERVICE2': '20999990', 'SLOWPOKE_DELAY_MICROS_SERVICE3': '210.0', 'SLOWPOKE_POKER_BATCH_THRESHOLD_SERVICE3': '20999990', 'SLOWPOKE_DELAY_MICROS_SERVICE4': '210.0', 'SLOWPOKE_POKER_BATCH_THRESHOLD_SERVICE4': '20999990', 'SLOWPOKE_DELAY_MICROS_SERVICE5': '0.0', 'SLOWPOKE_POKER_BATCH_THRESHOLD_SERVICE5': '10', 'SLOWPOKE_DELAY_MICROS_SERVICE6': '210.0', 'SLOWPOKE_POKER_BATCH_THRESHOLD_SERVICE6': '20999990', 'SLOWPOKE_DELAY_MICROS_SERVICE7': '210.0', 'SLOWPOKE_POKER_BATCH_THRESHOLD_SERVICE7': '20999990', 'SLOWPOKE_DELAY_MICROS_SERVICE8': '210.0', 'SLOWPOKE_POKER_BATCH_THRESHOLD_SERVICE8': '20999990', 'SLOWPOKE_DELAY_MICROS_SERVICE9': '210.0', 'SLOWPOKE_POKER_BATCH_THRESHOLD_SERVICE9': '20999990'}
    [exp] Executing cmd `bash run.sh synthetic chain-d8-http-sync 8 512 20000`:
        [run.sh] Running benchmark synthetic with request chain-d8-http-sync, thread 8, conn 512, duration 60
        [run.sh] Deleting all services
        configmap "config-service0" deleted
        deployment.apps "service0" deleted
        service "service0" deleted
        configmap "config-service1" deleted
        deployment.apps "service1" deleted
        service "service1" deleted
        configmap "config-service2" deleted
        deployment.apps "service2" deleted
        service "service2" deleted
        configmap "config-service3" deleted
        deployment.apps "service3" deleted
        service "service3" deleted
        configmap "config-service4" deleted
        deployment.apps "service4" deleted
        service "service4" deleted
        configmap "config-service5" deleted
        deployment.apps "service5" deleted
        service "service5" deleted
        configmap "config-service6" deleted
        deployment.apps "service6" deleted
        service "service6" deleted
        configmap "config-service7" deleted
        deployment.apps "service7" deleted
        service "service7" deleted
        configmap "config-service8" deleted
        deployment.apps "service8" deleted
        service "service8" deleted
        configmap "config-service9" deleted
        deployment.apps "service9" deleted
        service "service9" deleted
        deployment.apps "ubuntu-client" deleted
        [run.sh] Waiting for all pods to be deleted
        [run.sh] Deploying all services
        configmap/config-service0 created
        deployment.apps/service0 created
        service/service0 created
        configmap/config-service1 created
        deployment.apps/service1 created
        service/service1 created
        configmap/config-service2 created
        deployment.apps/service2 created
        service/service2 created
        configmap/config-service3 created
        deployment.apps/service3 created
        service/service3 created
        configmap/config-service4 created
        deployment.apps/service4 created
        service/service4 created
        configmap/config-service5 created
        deployment.apps/service5 created
        service/service5 created
        configmap/config-service6 created
        deployment.apps/service6 created
        service/service6 created
        configmap/config-service7 created
        deployment.apps/service7 created
        service/service7 created
        configmap/config-service8 created
        deployment.apps/service8 created
        service/service8 created
        configmap/config-service9 created
        deployment.apps/service9 created
        service/service9 created
        [run.sh] Client pod not found, deploying client
        deployment.apps/ubuntu-client created
        [run.sh] Waiting for all pods to be running
        [run.sh] All pods are running
        [run.sh] Checking heartbeat for all services
        [run.sh] All pods can connect to all services
        [run.sh] Running warmup test
        [run.sh] /wrk/wrk -t8 -c512 --timeout 3s -d3s -L http://service0:80/endpoint1
        Running 3s test @ http://service0:80/endpoint1
        8 threads and 512 connections
        Thread Stats   Avg      Stdev     Max   +/- Stdev
        Latency   504.37ms  115.18ms   1.02s    84.24%
        Req/Sec   127.60     54.93   300.00     72.94%
        Latency Distribution
        50%  469.66ms
        75%  522.34ms
        90%  655.56ms
        99%  921.17ms
        2799 requests in 3.03s, 3.58MB read
        Requests/sec:    922.98
        Transfer/sec:      1.18MB
        [run.sh] Speed is 922.98, duration is 32
        [run.sh] Fix the request number.
        [run.sh] Running the actual test
        [run.sh] /wrk/wrk --timeout 20s -t8 -c512 -d32s -L -s /wrk/fix_req_n.lua http://service0:80/endpoint1
        Running 32s test @ http://service0:80/endpoint1
        8 threads and 512 connections
        Thread Stats   Avg      Stdev     Max   +/- Stdev
        Latency   483.71ms  104.83ms   1.66s    91.42%
        Req/Sec   131.94     40.32   470.00     71.78%
        Latency Distribution
        50%  475.58ms
        75%  509.76ms
        90%  552.39ms
        99%  954.82ms
        20000 requests in 32.00s, 25.54MB read
        Requests/sec:    625.00
        Transfer/sec:    817.30KB
        ------------------------------
        stop time: 18.580301
        stop time: 18.851429
        stop time: 18.922687
        stop time: 19.128768
        stop time: 19.264778
        stop time: 19.304214
        stop time: 19.499707
        stop time: 19.506901
        [run.sh] Checking the resource usage
        NAME                             CPU(cores)   MEMORY(bytes)
        service0-85d7c7f556-9cvtd        1457m        49Mi
        service1-64c4cbff5f-7h6ck        1433m        20Mi
        service2-68d4b64994-cc9hc        1289m        18Mi
        service3-5d995ffdd9-jq7lk        1284m        16Mi
        service4-7944cff5dd-llb8f        1231m        16Mi
        service5-5467447458-498gb        1245m        16Mi
        service6-7685b9f7b6-7dbfx        1006m        14Mi
        service7-6d4ff6dcbf-2jxg4        1011m        13Mi
        service8-54b854cd68-6vltk        968m         13Mi
        service9-55b8c45984-7bkpk        499m         10Mi
        ubuntu-client-76886f6bbd-vw9ds   54m          15Mi
        [run.sh] Test finished with status 0
        > STDERR
        > No resources found in default namespace.
    [exp] Times: [18.580301, 18.851429, 18.922687, 19.128768, 19.264778, 19.304214, 19.499707, 19.506901]
    [exp] Throughput: 1045.3499941215396
[test.py] Finished running 4th optmization experiment: groundtruth->1327.9894374376124, slowdown->1045.3499941215396, predicted->1339.6073284391057, err->0.8748481481833367
[test.py] Running 5th optmization experiment
[test.py] Running 5th groundtruth exp
    [exp] Running (pre_run: False) workload synthetic/chain-d8-http-sync request with the following configuration: {'CLIENT_CPU_QUOTA': '2', 'SLOWPOKE_POKER_BATCH_THRESHOLD': '20000000', 'PROCESSING_TIME_SERVICE0': '0.00103987', 'PROCESSING_TIME_SERVICE1': '0.00102939', 'PROCESSING_TIME_SERVICE2': '0.00084391', 'PROCESSING_TIME_SERVICE3': '0.00082903', 'PROCESSING_TIME_SERVICE4': '0.00073297', 'PROCESSING_TIME_SERVICE5': '0.000345', 'PROCESSING_TIME_SERVICE6': '0.00042566', 'PROCESSING_TIME_SERVICE7': '0.00037051', 'PROCESSING_TIME_SERVICE8': '0.00031708', 'PROCESSING_TIME_SERVICE9': '0.00024455', 'SLOWPOKE_DELAY_MICROS_SERVICE0': '0.0', 'SLOWPOKE_POKER_BATCH_THRESHOLD_SERVICE0': '10', 'SLOWPOKE_DELAY_MICROS_SERVICE1': '0.0', 'SLOWPOKE_POKER_BATCH_THRESHOLD_SERVICE1': '10', 'SLOWPOKE_DELAY_MICROS_SERVICE2': '0.0', 'SLOWPOKE_POKER_BATCH_THRESHOLD_SERVICE2': '10', 'SLOWPOKE_DELAY_MICROS_SERVICE3': '0.0', 'SLOWPOKE_POKER_BATCH_THRESHOLD_SERVICE3': '10', 'SLOWPOKE_DELAY_MICROS_SERVICE4': '0.0', 'SLOWPOKE_POKER_BATCH_THRESHOLD_SERVICE4': '10', 'SLOWPOKE_DELAY_MICROS_SERVICE5': '0.0', 'SLOWPOKE_POKER_BATCH_THRESHOLD_SERVICE5': '10', 'SLOWPOKE_DELAY_MICROS_SERVICE6': '0.0', 'SLOWPOKE_POKER_BATCH_THRESHOLD_SERVICE6': '10', 'SLOWPOKE_DELAY_MICROS_SERVICE7': '0.0', 'SLOWPOKE_POKER_BATCH_THRESHOLD_SERVICE7': '10', 'SLOWPOKE_DELAY_MICROS_SERVICE8': '0.0', 'SLOWPOKE_POKER_BATCH_THRESHOLD_SERVICE8': '10', 'SLOWPOKE_DELAY_MICROS_SERVICE9': '0.0', 'SLOWPOKE_POKER_BATCH_THRESHOLD_SERVICE9': '10'}
    [exp] Executing cmd `bash run.sh synthetic chain-d8-http-sync 8 512 20000`:
        [run.sh] Running benchmark synthetic with request chain-d8-http-sync, thread 8, conn 512, duration 60
        [run.sh] Deleting all services
        configmap "config-service0" deleted
        deployment.apps "service0" deleted
        service "service0" deleted
        configmap "config-service1" deleted
        deployment.apps "service1" deleted
        service "service1" deleted
        configmap "config-service2" deleted
        deployment.apps "service2" deleted
        service "service2" deleted
        configmap "config-service3" deleted
        deployment.apps "service3" deleted
        service "service3" deleted
        configmap "config-service4" deleted
        deployment.apps "service4" deleted
        service "service4" deleted
        configmap "config-service5" deleted
        deployment.apps "service5" deleted
        service "service5" deleted
        configmap "config-service6" deleted
        deployment.apps "service6" deleted
        service "service6" deleted
        configmap "config-service7" deleted
        deployment.apps "service7" deleted
        service "service7" deleted
        configmap "config-service8" deleted
        deployment.apps "service8" deleted
        service "service8" deleted
        configmap "config-service9" deleted
        deployment.apps "service9" deleted
        service "service9" deleted
        deployment.apps "ubuntu-client" deleted
        [run.sh] Waiting for all pods to be deleted
        [run.sh] Deploying all services
        configmap/config-service0 created
        deployment.apps/service0 created
        service/service0 created
        configmap/config-service1 created
        deployment.apps/service1 created
        service/service1 created
        configmap/config-service2 created
        deployment.apps/service2 created
        service/service2 created
        configmap/config-service3 created
        deployment.apps/service3 created
        service/service3 created
        configmap/config-service4 created
        deployment.apps/service4 created
        service/service4 created
        configmap/config-service5 created
        deployment.apps/service5 created
        service/service5 created
        configmap/config-service6 created
        deployment.apps/service6 created
        service/service6 created
        configmap/config-service7 created
        deployment.apps/service7 created
        service/service7 created
        configmap/config-service8 created
        deployment.apps/service8 created
        service/service8 created
        configmap/config-service9 created
        deployment.apps/service9 created
        service/service9 created
        [run.sh] Client pod not found, deploying client
        deployment.apps/ubuntu-client created
        [run.sh] Waiting for all pods to be running
        [run.sh] All pods are running
        [run.sh] Checking heartbeat for all services
        [run.sh] All pods can connect to all services
        [run.sh] Running warmup test
        [run.sh] /wrk/wrk -t8 -c512 --timeout 3s -d3s -L http://service0:80/endpoint1
        Running 3s test @ http://service0:80/endpoint1
        8 threads and 512 connections
        Thread Stats   Avg      Stdev     Max   +/- Stdev
        Latency   399.97ms   93.95ms   1.15s    83.66%
        Req/Sec   154.55     58.16   310.00     70.56%
        Latency Distribution
        50%  380.02ms
        75%  428.63ms
        90%  501.89ms
        99%  749.19ms
        3572 requests in 3.03s, 4.56MB read
        Requests/sec:   1180.65
        Transfer/sec:      1.51MB
        [run.sh] Speed is 1180.65, duration is 25
        [run.sh] Fix the request number.
        [run.sh] Running the actual test
        [run.sh] /wrk/wrk --timeout 20s -t8 -c512 -d25s -L -s /wrk/fix_req_n.lua http://service0:80/endpoint1
        Running 25s test @ http://service0:80/endpoint1
        8 threads and 512 connections
        Thread Stats   Avg      Stdev     Max   +/- Stdev
        Latency   374.41ms   79.13ms   1.24s    88.30%
        Req/Sec   170.76     47.46   400.00     69.81%
        Latency Distribution
        50%  364.54ms
        75%  400.54ms
        90%  443.04ms
        99%  683.45ms
        20000 requests in 25.00s, 25.54MB read
        Requests/sec:    800.00
        Transfer/sec:      1.02MB
        ------------------------------
        stop time: 14.400264
        stop time: 14.399953
        stop time: 14.732462
        stop time: 14.912633
        stop time: 14.926962
        stop time: 14.905683
        stop time: 15.049329
        stop time: 15.054854
        [run.sh] Checking the resource usage
        [run.sh] Test finished with status 0
        > STDERR
        > No resources found in default namespace.
        > error: metrics not available yet
    [exp] Times: [14.400264, 14.399953, 14.732462, 14.912633, 14.926962, 14.905683, 15.049329, 15.054854]
    [exp] Throughput: 1351.5552261515122
[test.py] Running 5th slowdown exp
    [exp] Running (pre_run: False) workload synthetic/chain-d8-http-sync request with the following configuration: {'CLIENT_CPU_QUOTA': '2', 'SLOWPOKE_POKER_BATCH_THRESHOLD': '20000000', 'PROCESSING_TIME_SERVICE0': '0.00103987', 'PROCESSING_TIME_SERVICE1': '0.00102939', 'PROCESSING_TIME_SERVICE2': '0.00084391', 'PROCESSING_TIME_SERVICE3': '0.00082903', 'PROCESSING_TIME_SERVICE4': '0.00073297', 'PROCESSING_TIME_SERVICE5': '0.00069626', 'PROCESSING_TIME_SERVICE6': '0.00042566', 'PROCESSING_TIME_SERVICE7': '0.00037051', 'PROCESSING_TIME_SERVICE8': '0.00031708', 'PROCESSING_TIME_SERVICE9': '0.00024455', 'SLOWPOKE_DELAY_MICROS_SERVICE0': '175.5', 'SLOWPOKE_POKER_BATCH_THRESHOLD_SERVICE0': '17549990', 'SLOWPOKE_DELAY_MICROS_SERVICE1': '175.5', 'SLOWPOKE_POKER_BATCH_THRESHOLD_SERVICE1': '17549990', 'SLOWPOKE_DELAY_MICROS_SERVICE2': '175.5', 'SLOWPOKE_POKER_BATCH_THRESHOLD_SERVICE2': '17549990', 'SLOWPOKE_DELAY_MICROS_SERVICE3': '175.5', 'SLOWPOKE_POKER_BATCH_THRESHOLD_SERVICE3': '17549990', 'SLOWPOKE_DELAY_MICROS_SERVICE4': '175.5', 'SLOWPOKE_POKER_BATCH_THRESHOLD_SERVICE4': '17549990', 'SLOWPOKE_DELAY_MICROS_SERVICE5': '0.0', 'SLOWPOKE_POKER_BATCH_THRESHOLD_SERVICE5': '10', 'SLOWPOKE_DELAY_MICROS_SERVICE6': '175.5', 'SLOWPOKE_POKER_BATCH_THRESHOLD_SERVICE6': '17549990', 'SLOWPOKE_DELAY_MICROS_SERVICE7': '175.5', 'SLOWPOKE_POKER_BATCH_THRESHOLD_SERVICE7': '17549990', 'SLOWPOKE_DELAY_MICROS_SERVICE8': '175.5', 'SLOWPOKE_POKER_BATCH_THRESHOLD_SERVICE8': '17549990', 'SLOWPOKE_DELAY_MICROS_SERVICE9': '175.5', 'SLOWPOKE_POKER_BATCH_THRESHOLD_SERVICE9': '17549990'}
    [exp] Executing cmd `bash run.sh synthetic chain-d8-http-sync 8 512 20000`:
        [run.sh] Running benchmark synthetic with request chain-d8-http-sync, thread 8, conn 512, duration 60
        [run.sh] Deleting all services
        configmap "config-service0" deleted
        deployment.apps "service0" deleted
        service "service0" deleted
        configmap "config-service1" deleted
        deployment.apps "service1" deleted
        service "service1" deleted
        configmap "config-service2" deleted
        deployment.apps "service2" deleted
        service "service2" deleted
        configmap "config-service3" deleted
        deployment.apps "service3" deleted
        service "service3" deleted
        configmap "config-service4" deleted
        deployment.apps "service4" deleted
        service "service4" deleted
        configmap "config-service5" deleted
        deployment.apps "service5" deleted
        service "service5" deleted
        configmap "config-service6" deleted
        deployment.apps "service6" deleted
        service "service6" deleted
        configmap "config-service7" deleted
        deployment.apps "service7" deleted
        service "service7" deleted
        configmap "config-service8" deleted
        deployment.apps "service8" deleted
        service "service8" deleted
        configmap "config-service9" deleted
        deployment.apps "service9" deleted
        service "service9" deleted
        deployment.apps "ubuntu-client" deleted
        [run.sh] Waiting for all pods to be deleted
        [run.sh] Deploying all services
        configmap/config-service0 created
        deployment.apps/service0 created
        service/service0 created
        configmap/config-service1 created
        deployment.apps/service1 created
        service/service1 created
        configmap/config-service2 created
        deployment.apps/service2 created
        service/service2 created
        configmap/config-service3 created
        deployment.apps/service3 created
        service/service3 created
        configmap/config-service4 created
        deployment.apps/service4 created
        service/service4 created
        configmap/config-service5 created
        deployment.apps/service5 created
        service/service5 created
        configmap/config-service6 created
        deployment.apps/service6 created
        service/service6 created
        configmap/config-service7 created
        deployment.apps/service7 created
        service/service7 created
        configmap/config-service8 created
        deployment.apps/service8 created
        service/service8 created
        configmap/config-service9 created
        deployment.apps/service9 created
        service/service9 created
        [run.sh] Client pod not found, deploying client
        deployment.apps/ubuntu-client created
        [run.sh] Waiting for all pods to be running
        [run.sh] All pods are running
        [run.sh] Checking heartbeat for all services
        [run.sh] All pods can connect to all services
        [run.sh] Running warmup test
        [run.sh] /wrk/wrk -t8 -c512 --timeout 3s -d3s -L http://service0:80/endpoint1
        Running 3s test @ http://service0:80/endpoint1
        8 threads and 512 connections
        Thread Stats   Avg      Stdev     Max   +/- Stdev
        Latency   480.34ms  116.14ms   1.25s    86.02%
        Req/Sec   130.74     48.36   282.00     69.06%
        Latency Distribution
        50%  456.70ms
        75%  504.27ms
        90%  580.78ms
        99%    1.07s
        2949 requests in 3.02s, 3.77MB read
        Requests/sec:    976.40
        Transfer/sec:      1.25MB
        [run.sh] Speed is 976.40, duration is 30
        [run.sh] Fix the request number.
        [run.sh] Running the actual test
        [run.sh] /wrk/wrk --timeout 20s -t8 -c512 -d30s -L -s /wrk/fix_req_n.lua http://service0:80/endpoint1
        Running 30s test @ http://service0:80/endpoint1
        8 threads and 512 connections
        Thread Stats   Avg      Stdev     Max   +/- Stdev
        Latency   467.01ms   76.38ms   1.28s    88.25%
        Req/Sec   136.21     40.18   292.00     69.80%
        Latency Distribution
        50%  461.56ms
        75%  492.70ms
        90%  530.45ms
        99%  700.61ms
        20000 requests in 30.00s, 25.54MB read
        Requests/sec:    666.66
        Transfer/sec:      0.85MB
        ------------------------------
        stop time: 17.966390
        stop time: 18.439153
        stop time: 18.416984
        stop time: 18.427785
        stop time: 18.731008
        stop time: 18.567904
        stop time: 18.545088
        stop time: 18.662871
        [run.sh] Checking the resource usage
        NAME                             CPU(cores)   MEMORY(bytes)
        service0-5d77f97b6d-tgg99        1m           46Mi
        service1-5c84d55879-htzc6        1m           19Mi
        service2-79d999ff8b-b8b8j        1m           17Mi
        service3-8fd499549-nf8fj         4m           16Mi
        service4-6d4f97bbc6-lv576        4m           14Mi
        service5-5467447458-sklqk        6m           12Mi
        service6-547fd847d6-dltsn        6m           12Mi
        service7-6b866d57df-f49ms        6m           11Mi
        service8-588db6d5fb-6kc5l        6m           10Mi
        service9-54c5dc9f6-jsgrz         163m         9Mi
        ubuntu-client-76886f6bbd-s4lgf   10m          0Mi
        [run.sh] Test finished with status 0
        > STDERR
        > No resources found in default namespace.
    [exp] Times: [17.96639, 18.439153, 18.416984, 18.427785, 18.731008, 18.567904, 18.545088, 18.662871]
    [exp] Throughput: 1082.8576773827638
[test.py] Finished running 5th optmization experiment: groundtruth->1351.5552261515122, slowdown->1082.8576773827638, predicted->1337.1622640473763, err->-1.0649185342665697
[test.py] Running 6th optmization experiment
[test.py] Running 6th groundtruth exp
    [exp] Running (pre_run: False) workload synthetic/chain-d8-http-sync request with the following configuration: {'CLIENT_CPU_QUOTA': '2', 'SLOWPOKE_POKER_BATCH_THRESHOLD': '20000000', 'PROCESSING_TIME_SERVICE0': '0.00103987', 'PROCESSING_TIME_SERVICE1': '0.00102939', 'PROCESSING_TIME_SERVICE2': '0.00084391', 'PROCESSING_TIME_SERVICE3': '0.00082903', 'PROCESSING_TIME_SERVICE4': '0.00073297', 'PROCESSING_TIME_SERVICE5': '0.000414', 'PROCESSING_TIME_SERVICE6': '0.00042566', 'PROCESSING_TIME_SERVICE7': '0.00037051', 'PROCESSING_TIME_SERVICE8': '0.00031708', 'PROCESSING_TIME_SERVICE9': '0.00024455', 'SLOWPOKE_DELAY_MICROS_SERVICE0': '0.0', 'SLOWPOKE_POKER_BATCH_THRESHOLD_SERVICE0': '10', 'SLOWPOKE_DELAY_MICROS_SERVICE1': '0.0', 'SLOWPOKE_POKER_BATCH_THRESHOLD_SERVICE1': '10', 'SLOWPOKE_DELAY_MICROS_SERVICE2': '0.0', 'SLOWPOKE_POKER_BATCH_THRESHOLD_SERVICE2': '10', 'SLOWPOKE_DELAY_MICROS_SERVICE3': '0.0', 'SLOWPOKE_POKER_BATCH_THRESHOLD_SERVICE3': '10', 'SLOWPOKE_DELAY_MICROS_SERVICE4': '0.0', 'SLOWPOKE_POKER_BATCH_THRESHOLD_SERVICE4': '10', 'SLOWPOKE_DELAY_MICROS_SERVICE5': '0.0', 'SLOWPOKE_POKER_BATCH_THRESHOLD_SERVICE5': '10', 'SLOWPOKE_DELAY_MICROS_SERVICE6': '0.0', 'SLOWPOKE_POKER_BATCH_THRESHOLD_SERVICE6': '10', 'SLOWPOKE_DELAY_MICROS_SERVICE7': '0.0', 'SLOWPOKE_POKER_BATCH_THRESHOLD_SERVICE7': '10', 'SLOWPOKE_DELAY_MICROS_SERVICE8': '0.0', 'SLOWPOKE_POKER_BATCH_THRESHOLD_SERVICE8': '10', 'SLOWPOKE_DELAY_MICROS_SERVICE9': '0.0', 'SLOWPOKE_POKER_BATCH_THRESHOLD_SERVICE9': '10'}
    [exp] Executing cmd `bash run.sh synthetic chain-d8-http-sync 8 512 20000`:
        [run.sh] Running benchmark synthetic with request chain-d8-http-sync, thread 8, conn 512, duration 60
        [run.sh] Deleting all services
        configmap "config-service0" deleted
        deployment.apps "service0" deleted
        service "service0" deleted
        configmap "config-service1" deleted
        deployment.apps "service1" deleted
        service "service1" deleted
        configmap "config-service2" deleted
        deployment.apps "service2" deleted
        service "service2" deleted
        configmap "config-service3" deleted
        deployment.apps "service3" deleted
        service "service3" deleted
        configmap "config-service4" deleted
        deployment.apps "service4" deleted
        service "service4" deleted
        configmap "config-service5" deleted
        deployment.apps "service5" deleted
        service "service5" deleted
        configmap "config-service6" deleted
        deployment.apps "service6" deleted
        service "service6" deleted
        configmap "config-service7" deleted
        deployment.apps "service7" deleted
        service "service7" deleted
        configmap "config-service8" deleted
        deployment.apps "service8" deleted
        service "service8" deleted
        configmap "config-service9" deleted
        deployment.apps "service9" deleted
        service "service9" deleted
        deployment.apps "ubuntu-client" deleted
        [run.sh] Waiting for all pods to be deleted
        [run.sh] Deploying all services
        configmap/config-service0 created
        deployment.apps/service0 created
        service/service0 created
        configmap/config-service1 created
        deployment.apps/service1 created
        service/service1 created
        configmap/config-service2 created
        deployment.apps/service2 created
        service/service2 created
        configmap/config-service3 created
        deployment.apps/service3 created
        service/service3 created
        configmap/config-service4 created
        deployment.apps/service4 created
        service/service4 created
        configmap/config-service5 created
        deployment.apps/service5 created
        service/service5 created
        configmap/config-service6 created
        deployment.apps/service6 created
        service/service6 created
        configmap/config-service7 created
        deployment.apps/service7 created
        service/service7 created
        configmap/config-service8 created
        deployment.apps/service8 created
        service/service8 created
        configmap/config-service9 created
        deployment.apps/service9 created
        service/service9 created
        [run.sh] Client pod not found, deploying client
        deployment.apps/ubuntu-client created
        [run.sh] Waiting for all pods to be running
        [run.sh] All pods are running
        [run.sh] Checking heartbeat for all services
        [run.sh] All pods can connect to all services
        [run.sh] Running warmup test
        [run.sh] /wrk/wrk -t8 -c512 --timeout 3s -d3s -L http://service0:80/endpoint1
        Running 3s test @ http://service0:80/endpoint1
        8 threads and 512 connections
        Thread Stats   Avg      Stdev     Max   +/- Stdev
        Latency   432.98ms  131.66ms   1.00s    87.08%
        Req/Sec   140.00     61.18   330.00     65.95%
        Latency Distribution
        50%  406.13ms
        75%  452.29ms
        90%  526.99ms
        99%  928.70ms
        3267 requests in 3.03s, 4.17MB read
        Requests/sec:   1079.24
        Transfer/sec:      1.38MB
        [run.sh] Speed is 1079.24, duration is 27
        [run.sh] Fix the request number.
        [run.sh] Running the actual test
        [run.sh] /wrk/wrk --timeout 20s -t8 -c512 -d27s -L -s /wrk/fix_req_n.lua http://service0:80/endpoint1
        Running 27s test @ http://service0:80/endpoint1
        8 threads and 512 connections
        Thread Stats   Avg      Stdev     Max   +/- Stdev
        Latency   728.28ms  969.40ms   4.77s    88.66%
        Req/Sec   162.34     52.57   323.00     73.21%
        Latency Distribution
        50%  382.48ms
        75%  451.77ms
        90%    1.87s
        99%    4.63s
        20000 requests in 27.00s, 25.54MB read
        Requests/sec:    740.74
        Transfer/sec:      0.95MB
        ------------------------------
        stop time: 19.450489
        stop time: 19.425868
        stop time: 19.252275
        stop time: 19.445350
        stop time: 19.535864
        stop time: 19.728359
        stop time: 19.796227
        stop time: 19.749106
        [run.sh] Checking the resource usage
        NAME                             CPU(cores)   MEMORY(bytes)
        service0-7564bb8985-cpb8b        449m         49Mi
        service1-5b899d549d-n4p2c        91m          20Mi
        service2-6f7c796b99-csjmw        123m         17Mi
        service3-5dc7779b96-ngvj8        346m         15Mi
        service4-66495c49c-lq6mq         145m         15Mi
        service5-5467447458-gbmx4        276m         14Mi
        service6-555868f599-95d62        390m         13Mi
        service7-868cb9c7bd-jptm2        383m         12Mi
        service8-bcc5c55c7-zvpn2         355m         12Mi
        service9-c64958867-dfcgj         177m         10Mi
        ubuntu-client-76886f6bbd-wdkwc   22m          13Mi
        [run.sh] Test finished with status 0
        > STDERR
        > No resources found in default namespace.
    [exp] Times: [19.450489, 19.425868, 19.252275, 19.44535, 19.535864, 19.728359, 19.796227, 19.749106]
    [exp] Throughput: 1023.1255926694789
[test.py] Running 6th slowdown exp
    [exp] Running (pre_run: False) workload synthetic/chain-d8-http-sync request with the following configuration: {'CLIENT_CPU_QUOTA': '2', 'SLOWPOKE_POKER_BATCH_THRESHOLD': '20000000', 'PROCESSING_TIME_SERVICE0': '0.00103987', 'PROCESSING_TIME_SERVICE1': '0.00102939', 'PROCESSING_TIME_SERVICE2': '0.00084391', 'PROCESSING_TIME_SERVICE3': '0.00082903', 'PROCESSING_TIME_SERVICE4': '0.00073297', 'PROCESSING_TIME_SERVICE5': '0.00069626', 'PROCESSING_TIME_SERVICE6': '0.00042566', 'PROCESSING_TIME_SERVICE7': '0.00037051', 'PROCESSING_TIME_SERVICE8': '0.00031708', 'PROCESSING_TIME_SERVICE9': '0.00024455', 'SLOWPOKE_DELAY_MICROS_SERVICE0': '141.0', 'SLOWPOKE_POKER_BATCH_THRESHOLD_SERVICE0': '14099990', 'SLOWPOKE_DELAY_MICROS_SERVICE1': '141.0', 'SLOWPOKE_POKER_BATCH_THRESHOLD_SERVICE1': '14099990', 'SLOWPOKE_DELAY_MICROS_SERVICE2': '141.0', 'SLOWPOKE_POKER_BATCH_THRESHOLD_SERVICE2': '14099990', 'SLOWPOKE_DELAY_MICROS_SERVICE3': '141.0', 'SLOWPOKE_POKER_BATCH_THRESHOLD_SERVICE3': '14099990', 'SLOWPOKE_DELAY_MICROS_SERVICE4': '141.0', 'SLOWPOKE_POKER_BATCH_THRESHOLD_SERVICE4': '14099990', 'SLOWPOKE_DELAY_MICROS_SERVICE5': '0.0', 'SLOWPOKE_POKER_BATCH_THRESHOLD_SERVICE5': '10', 'SLOWPOKE_DELAY_MICROS_SERVICE6': '141.0', 'SLOWPOKE_POKER_BATCH_THRESHOLD_SERVICE6': '14099990', 'SLOWPOKE_DELAY_MICROS_SERVICE7': '141.0', 'SLOWPOKE_POKER_BATCH_THRESHOLD_SERVICE7': '14099990', 'SLOWPOKE_DELAY_MICROS_SERVICE8': '141.0', 'SLOWPOKE_POKER_BATCH_THRESHOLD_SERVICE8': '14099990', 'SLOWPOKE_DELAY_MICROS_SERVICE9': '141.0', 'SLOWPOKE_POKER_BATCH_THRESHOLD_SERVICE9': '14099990'}
    [exp] Executing cmd `bash run.sh synthetic chain-d8-http-sync 8 512 20000`:
        [run.sh] Running benchmark synthetic with request chain-d8-http-sync, thread 8, conn 512, duration 60
        [run.sh] Deleting all services
        configmap "config-service0" deleted
        deployment.apps "service0" deleted
        service "service0" deleted
        configmap "config-service1" deleted
        deployment.apps "service1" deleted
        service "service1" deleted
        configmap "config-service2" deleted
        deployment.apps "service2" deleted
        service "service2" deleted
        configmap "config-service3" deleted
        deployment.apps "service3" deleted
        service "service3" deleted
        configmap "config-service4" deleted
        deployment.apps "service4" deleted
        service "service4" deleted
        configmap "config-service5" deleted
        deployment.apps "service5" deleted
        service "service5" deleted
        configmap "config-service6" deleted
        deployment.apps "service6" deleted
        service "service6" deleted
        configmap "config-service7" deleted
        deployment.apps "service7" deleted
        service "service7" deleted
        configmap "config-service8" deleted
        deployment.apps "service8" deleted
        service "service8" deleted
        configmap "config-service9" deleted
        deployment.apps "service9" deleted
        service "service9" deleted
        deployment.apps "ubuntu-client" deleted
        [run.sh] Waiting for all pods to be deleted
        [run.sh] Deploying all services
        configmap/config-service0 created
        deployment.apps/service0 created
        service/service0 created
        configmap/config-service1 created
        deployment.apps/service1 created
        service/service1 created
        configmap/config-service2 created
        deployment.apps/service2 created
        service/service2 created
        configmap/config-service3 created
        deployment.apps/service3 created
        service/service3 created
        configmap/config-service4 created
        deployment.apps/service4 created
        service/service4 created
        configmap/config-service5 created
        deployment.apps/service5 created
        service/service5 created
        configmap/config-service6 created
        deployment.apps/service6 created
        service/service6 created
        configmap/config-service7 created
        deployment.apps/service7 created
        service/service7 created
        configmap/config-service8 created
        deployment.apps/service8 created
        service/service8 created
        configmap/config-service9 created
        deployment.apps/service9 created
        service/service9 created
        [run.sh] Client pod not found, deploying client
        deployment.apps/ubuntu-client created
        [run.sh] Waiting for all pods to be running
        [run.sh] All pods are running
        [run.sh] Checking heartbeat for all services
        [run.sh] All pods can connect to all services
        [run.sh] Running warmup test
        [run.sh] /wrk/wrk -t8 -c512 --timeout 3s -d3s -L http://service0:80/endpoint1
        Running 3s test @ http://service0:80/endpoint1
        8 threads and 512 connections
        Thread Stats   Avg      Stdev     Max   +/- Stdev
        Latency   490.38ms  117.16ms 920.45ms   84.46%
        Req/Sec   138.51     50.84   280.00     73.08%
        Latency Distribution
        50%  452.29ms
        75%  499.17ms
        90%  684.45ms
        99%  883.47ms
        2908 requests in 3.04s, 3.72MB read
        Requests/sec:    957.77
        Transfer/sec:      1.23MB
        [run.sh] Speed is 957.77, duration is 31
        [run.sh] Fix the request number.
        [run.sh] Running the actual test
        [run.sh] /wrk/wrk --timeout 20s -t8 -c512 -d31s -L -s /wrk/fix_req_n.lua http://service0:80/endpoint1
        Running 31s test @ http://service0:80/endpoint1
        8 threads and 512 connections
        Thread Stats   Avg      Stdev     Max   +/- Stdev
        Latency   451.11ms   76.30ms   1.38s    87.67%
        Req/Sec   141.47     43.29   500.00     74.20%
        Latency Distribution
        50%  442.57ms
        75%  477.78ms
        90%  517.38ms
        99%  741.70ms
        20000 requests in 31.00s, 25.54MB read
        Requests/sec:    645.16
        Transfer/sec:    843.62KB
        ------------------------------
        stop time: 17.320492
        stop time: 17.713365
        stop time: 17.842735
        stop time: 17.830462
        stop time: 17.912247
        stop time: 18.039981
        stop time: 18.001862
        stop time: 18.054451
        [run.sh] Checking the resource usage
        NAME                             CPU(cores)   MEMORY(bytes)
        service0-b754d7b45-vfgbp         1579m        48Mi
        service1-7bccb9666-smgfk         1574m        20Mi
        service2-5cf74fc4c9-9hj44        1393m        18Mi
        service3-8588c75996-ljhqw        1400m        16Mi
        service4-689dbd8665-cn6z6        1322m        14Mi
        service5-5467447458-lllwb        1351m        13Mi
        service6-b9cd44459-xjn65         958m         13Mi
        service7-5dbfdf646d-zzzld        1089m        12Mi
        service8-67c779849c-cv64w        901m         11Mi
        service9-5557787f67-dbqn6        394m         9Mi
        ubuntu-client-76886f6bbd-kt8kd   55m          13Mi
        [run.sh] Test finished with status 0
        > STDERR
        > No resources found in default namespace.
    [exp] Times: [17.320492, 17.713365, 17.842735, 17.830462, 17.912247, 18.039981, 18.001862, 18.054451]
    [exp] Throughput: 1121.1108358550443
[test.py] Finished running 6th optmization experiment: groundtruth->1023.1255926694789, slowdown->1121.1108358550443, predicted->1331.8372916023204, err->30.173392313192867
[test.py] Running 7th optmization experiment
[test.py] Running 7th groundtruth exp
    [exp] Running (pre_run: False) workload synthetic/chain-d8-http-sync request with the following configuration: {'CLIENT_CPU_QUOTA': '2', 'SLOWPOKE_POKER_BATCH_THRESHOLD': '20000000', 'PROCESSING_TIME_SERVICE0': '0.00103987', 'PROCESSING_TIME_SERVICE1': '0.00102939', 'PROCESSING_TIME_SERVICE2': '0.00084391', 'PROCESSING_TIME_SERVICE3': '0.00082903', 'PROCESSING_TIME_SERVICE4': '0.00073297', 'PROCESSING_TIME_SERVICE5': '0.000483', 'PROCESSING_TIME_SERVICE6': '0.00042566', 'PROCESSING_TIME_SERVICE7': '0.00037051', 'PROCESSING_TIME_SERVICE8': '0.00031708', 'PROCESSING_TIME_SERVICE9': '0.00024455', 'SLOWPOKE_DELAY_MICROS_SERVICE0': '0.0', 'SLOWPOKE_POKER_BATCH_THRESHOLD_SERVICE0': '10', 'SLOWPOKE_DELAY_MICROS_SERVICE1': '0.0', 'SLOWPOKE_POKER_BATCH_THRESHOLD_SERVICE1': '10', 'SLOWPOKE_DELAY_MICROS_SERVICE2': '0.0', 'SLOWPOKE_POKER_BATCH_THRESHOLD_SERVICE2': '10', 'SLOWPOKE_DELAY_MICROS_SERVICE3': '0.0', 'SLOWPOKE_POKER_BATCH_THRESHOLD_SERVICE3': '10', 'SLOWPOKE_DELAY_MICROS_SERVICE4': '0.0', 'SLOWPOKE_POKER_BATCH_THRESHOLD_SERVICE4': '10', 'SLOWPOKE_DELAY_MICROS_SERVICE5': '0.0', 'SLOWPOKE_POKER_BATCH_THRESHOLD_SERVICE5': '10', 'SLOWPOKE_DELAY_MICROS_SERVICE6': '0.0', 'SLOWPOKE_POKER_BATCH_THRESHOLD_SERVICE6': '10', 'SLOWPOKE_DELAY_MICROS_SERVICE7': '0.0', 'SLOWPOKE_POKER_BATCH_THRESHOLD_SERVICE7': '10', 'SLOWPOKE_DELAY_MICROS_SERVICE8': '0.0', 'SLOWPOKE_POKER_BATCH_THRESHOLD_SERVICE8': '10', 'SLOWPOKE_DELAY_MICROS_SERVICE9': '0.0', 'SLOWPOKE_POKER_BATCH_THRESHOLD_SERVICE9': '10'}
    [exp] Executing cmd `bash run.sh synthetic chain-d8-http-sync 8 512 20000`:
        [run.sh] Running benchmark synthetic with request chain-d8-http-sync, thread 8, conn 512, duration 60
        [run.sh] Deleting all services
        configmap "config-service0" deleted
        deployment.apps "service0" deleted
        service "service0" deleted
        configmap "config-service1" deleted
        deployment.apps "service1" deleted
        service "service1" deleted
        configmap "config-service2" deleted
        deployment.apps "service2" deleted
        service "service2" deleted
        configmap "config-service3" deleted
        deployment.apps "service3" deleted
        service "service3" deleted
        configmap "config-service4" deleted
        deployment.apps "service4" deleted
        service "service4" deleted
        configmap "config-service5" deleted
        deployment.apps "service5" deleted
        service "service5" deleted
        configmap "config-service6" deleted
        deployment.apps "service6" deleted
        service "service6" deleted
        configmap "config-service7" deleted
        deployment.apps "service7" deleted
        service "service7" deleted
        configmap "config-service8" deleted
        deployment.apps "service8" deleted
        service "service8" deleted
        configmap "config-service9" deleted
        deployment.apps "service9" deleted
        service "service9" deleted
        deployment.apps "ubuntu-client" deleted
        [run.sh] Waiting for all pods to be deleted
        [run.sh] Deploying all services
        configmap/config-service0 created
        deployment.apps/service0 created
        service/service0 created
        configmap/config-service1 created
        deployment.apps/service1 created
        service/service1 created
        configmap/config-service2 created
        deployment.apps/service2 created
        service/service2 created
        configmap/config-service3 created
        deployment.apps/service3 created
        service/service3 created
        configmap/config-service4 created
        deployment.apps/service4 created
        service/service4 created
        configmap/config-service5 created
        deployment.apps/service5 created
        service/service5 created
        configmap/config-service6 created
        deployment.apps/service6 created
        service/service6 created
        configmap/config-service7 created
        deployment.apps/service7 created
        service/service7 created
        configmap/config-service8 created
        deployment.apps/service8 created
        service/service8 created
        configmap/config-service9 created
        deployment.apps/service9 created
        service/service9 created
        [run.sh] Client pod not found, deploying client
        deployment.apps/ubuntu-client created
        [run.sh] Waiting for all pods to be running
        [run.sh] All pods are running
        [run.sh] Checking heartbeat for all services
        [run.sh] All pods can connect to all services
        [run.sh] Running warmup test
        [run.sh] /wrk/wrk -t8 -c512 --timeout 3s -d3s -L http://service0:80/endpoint1
        Running 3s test @ http://service0:80/endpoint1
        8 threads and 512 connections
        Thread Stats   Avg      Stdev     Max   +/- Stdev
        Latency   402.24ms   97.04ms   1.09s    89.32%
        Req/Sec   162.09     55.26   292.00     68.47%
        Latency Distribution
        50%  382.50ms
        75%  421.35ms
        90%  479.46ms
        99%  928.38ms
        3613 requests in 3.03s, 4.61MB read
        Requests/sec:   1191.83
        Transfer/sec:      1.52MB
        [run.sh] Speed is 1191.83, duration is 25
        [run.sh] Fix the request number.
        [run.sh] Running the actual test
        [run.sh] /wrk/wrk --timeout 20s -t8 -c512 -d25s -L -s /wrk/fix_req_n.lua http://service0:80/endpoint1
        Running 25s test @ http://service0:80/endpoint1
        8 threads and 512 connections
        Thread Stats   Avg      Stdev     Max   +/- Stdev
        Latency   379.24ms   75.10ms   1.27s    86.26%
        Req/Sec   167.97     47.95   313.00     69.70%
        Latency Distribution
        50%  367.22ms
        75%  402.21ms
        90%  451.04ms
        99%  673.94ms
        20000 requests in 25.00s, 25.54MB read
        Requests/sec:    800.00
        Transfer/sec:      1.02MB
        ------------------------------
        stop time: 14.671826
        stop time: 14.720104
        stop time: 14.813508
        stop time: 15.058908
        stop time: 15.093232
        stop time: 15.186487
        stop time: 15.199621
        stop time: 15.241061
        [run.sh] Checking the resource usage
        NAME                             CPU(cores)   MEMORY(bytes)
        service0-7564bb8985-4mnrg        3m           47Mi
        service1-5b899d549d-dmtmv        1m           20Mi
        service2-6f7c796b99-2ss48        1m           19Mi
        service3-5dc7779b96-zx57v        1m           17Mi
        service4-66495c49c-tntqt         1m           15Mi
        service5-5467447458-kzrrr        1m           14Mi
        service6-555868f599-9t5r5        162m         13Mi
        service7-868cb9c7bd-w9kdp        1m           11Mi
        service8-bcc5c55c7-4ktzq         140m         10Mi
        service9-c64958867-4hjvt         167m         9Mi
        ubuntu-client-76886f6bbd-7krpj   9m           0Mi
        [run.sh] Test finished with status 0
        > STDERR
        > No resources found in default namespace.
    [exp] Times: [14.671826, 14.720104, 14.813508, 15.058908, 15.093232, 15.186487, 15.199621, 15.241061]
    [exp] Throughput: 1333.5028326558875
[test.py] Running 7th slowdown exp
    [exp] Running (pre_run: False) workload synthetic/chain-d8-http-sync request with the following configuration: {'CLIENT_CPU_QUOTA': '2', 'SLOWPOKE_POKER_BATCH_THRESHOLD': '20000000', 'PROCESSING_TIME_SERVICE0': '0.00103987', 'PROCESSING_TIME_SERVICE1': '0.00102939', 'PROCESSING_TIME_SERVICE2': '0.00084391', 'PROCESSING_TIME_SERVICE3': '0.00082903', 'PROCESSING_TIME_SERVICE4': '0.00073297', 'PROCESSING_TIME_SERVICE5': '0.00069626', 'PROCESSING_TIME_SERVICE6': '0.00042566', 'PROCESSING_TIME_SERVICE7': '0.00037051', 'PROCESSING_TIME_SERVICE8': '0.00031708', 'PROCESSING_TIME_SERVICE9': '0.00024455', 'SLOWPOKE_DELAY_MICROS_SERVICE0': '106.5', 'SLOWPOKE_POKER_BATCH_THRESHOLD_SERVICE0': '10649990', 'SLOWPOKE_DELAY_MICROS_SERVICE1': '106.5', 'SLOWPOKE_POKER_BATCH_THRESHOLD_SERVICE1': '10649990', 'SLOWPOKE_DELAY_MICROS_SERVICE2': '106.5', 'SLOWPOKE_POKER_BATCH_THRESHOLD_SERVICE2': '10649990', 'SLOWPOKE_DELAY_MICROS_SERVICE3': '106.5', 'SLOWPOKE_POKER_BATCH_THRESHOLD_SERVICE3': '10649990', 'SLOWPOKE_DELAY_MICROS_SERVICE4': '106.5', 'SLOWPOKE_POKER_BATCH_THRESHOLD_SERVICE4': '10649990', 'SLOWPOKE_DELAY_MICROS_SERVICE5': '0.0', 'SLOWPOKE_POKER_BATCH_THRESHOLD_SERVICE5': '10', 'SLOWPOKE_DELAY_MICROS_SERVICE6': '106.5', 'SLOWPOKE_POKER_BATCH_THRESHOLD_SERVICE6': '10649990', 'SLOWPOKE_DELAY_MICROS_SERVICE7': '106.5', 'SLOWPOKE_POKER_BATCH_THRESHOLD_SERVICE7': '10649990', 'SLOWPOKE_DELAY_MICROS_SERVICE8': '106.5', 'SLOWPOKE_POKER_BATCH_THRESHOLD_SERVICE8': '10649990', 'SLOWPOKE_DELAY_MICROS_SERVICE9': '106.5', 'SLOWPOKE_POKER_BATCH_THRESHOLD_SERVICE9': '10649990'}
    [exp] Executing cmd `bash run.sh synthetic chain-d8-http-sync 8 512 20000`:
        [run.sh] Running benchmark synthetic with request chain-d8-http-sync, thread 8, conn 512, duration 60
        [run.sh] Deleting all services
        configmap "config-service0" deleted
        deployment.apps "service0" deleted
        service "service0" deleted
        configmap "config-service1" deleted
        deployment.apps "service1" deleted
        service "service1" deleted
        configmap "config-service2" deleted
        deployment.apps "service2" deleted
        service "service2" deleted
        configmap "config-service3" deleted
        deployment.apps "service3" deleted
        service "service3" deleted
        configmap "config-service4" deleted
        deployment.apps "service4" deleted
        service "service4" deleted
        configmap "config-service5" deleted
        deployment.apps "service5" deleted
        service "service5" deleted
        configmap "config-service6" deleted
        deployment.apps "service6" deleted
        service "service6" deleted
        configmap "config-service7" deleted
        deployment.apps "service7" deleted
        service "service7" deleted
        configmap "config-service8" deleted
        deployment.apps "service8" deleted
        service "service8" deleted
        configmap "config-service9" deleted
        deployment.apps "service9" deleted
        service "service9" deleted
        deployment.apps "ubuntu-client" deleted
        [run.sh] Waiting for all pods to be deleted
        [run.sh] Deploying all services
        configmap/config-service0 created
        deployment.apps/service0 created
        service/service0 created
        configmap/config-service1 created
        deployment.apps/service1 created
        service/service1 created
        configmap/config-service2 created
        deployment.apps/service2 created
        service/service2 created
        configmap/config-service3 created
        deployment.apps/service3 created
        service/service3 created
        configmap/config-service4 created
        deployment.apps/service4 created
        service/service4 created
        configmap/config-service5 created
        deployment.apps/service5 created
        service/service5 created
        configmap/config-service6 created
        deployment.apps/service6 created
        service/service6 created
        configmap/config-service7 created
        deployment.apps/service7 created
        service/service7 created
        configmap/config-service8 created
        deployment.apps/service8 created
        service/service8 created
        configmap/config-service9 created
        deployment.apps/service9 created
        service/service9 created
        [run.sh] Client pod not found, deploying client
        deployment.apps/ubuntu-client created
        [run.sh] Waiting for all pods to be running
        [run.sh] All pods are running
        [run.sh] Checking heartbeat for all services
        [run.sh] All pods can connect to all services
        [run.sh] Running warmup test
        [run.sh] /wrk/wrk -t8 -c512 --timeout 3s -d3s -L http://service0:80/endpoint1
        Running 3s test @ http://service0:80/endpoint1
        8 threads and 512 connections
        Thread Stats   Avg      Stdev     Max   +/- Stdev
        Latency   488.81ms  146.92ms   1.11s    83.72%
        Req/Sec   131.26     64.59   380.00     69.68%
        Latency Distribution
        50%  438.46ms
        75%  488.09ms
        90%  734.84ms
        99%  985.73ms
        2924 requests in 3.04s, 3.74MB read
        Requests/sec:    963.28
        Transfer/sec:      1.23MB
        [run.sh] Speed is 963.28, duration is 31
        [run.sh] Fix the request number.
        [run.sh] Running the actual test
        [run.sh] /wrk/wrk --timeout 20s -t8 -c512 -d31s -L -s /wrk/fix_req_n.lua http://service0:80/endpoint1
        Running 31s test @ http://service0:80/endpoint1
        8 threads and 512 connections
        Thread Stats   Avg      Stdev     Max   +/- Stdev
        Latency   432.00ms   73.06ms   1.27s    86.91%
        Req/Sec   147.09     42.92   280.00     69.20%
        Latency Distribution
        50%  424.05ms
        75%  458.41ms
        90%  496.75ms
        99%  666.49ms
        20000 requests in 31.00s, 25.54MB read
        Requests/sec:    645.16
        Transfer/sec:    843.66KB
        ------------------------------
        stop time: 16.684774
        stop time: 16.749321
        stop time: 16.915892
        stop time: 17.152413
        stop time: 17.182730
        stop time: 17.300081
        stop time: 17.357691
        stop time: 17.343331
        [run.sh] Checking the resource usage
        NAME                             CPU(cores)   MEMORY(bytes)
        service0-6c8b6b7bf6-snt4r        3m           3Mi
        service1-5d5775dc59-pt986        1m           3Mi
        service2-cc4ccd8f4-bw9jb         2m           3Mi
        service3-7fbbf5df6f-ww2v4        6m           3Mi
        service4-58d65fc9d8-rhp8f        6m           3Mi
        service5-5467447458-9cbrs        6m           3Mi
        service6-6cbcc44f8-wr2sf         6m           3Mi
        service7-65fdf846d9-tgfh9        6m           3Mi
        service8-68fc588784-rs6q9        5m           3Mi
        service9-6f6d69dd4-hrrnj         1m           3Mi
        ubuntu-client-76886f6bbd-pslh8   0m           0Mi
        [run.sh] Test finished with status 0
        > STDERR
        > No resources found in default namespace.
    [exp] Times: [16.684774, 16.749321, 16.915892, 17.152413, 17.18273, 17.300081, 17.357691, 17.343331]
    [exp] Throughput: 1170.564119650587
[test.py] Finished running 7th optmization experiment: groundtruth->1333.5028326558875, slowdown->1170.564119650587, predicted->1337.5082203464208, err->0.3003658929284721
[test.py] Running 8th optmization experiment
[test.py] Running 8th groundtruth exp
    [exp] Running (pre_run: False) workload synthetic/chain-d8-http-sync request with the following configuration: {'CLIENT_CPU_QUOTA': '2', 'SLOWPOKE_POKER_BATCH_THRESHOLD': '20000000', 'PROCESSING_TIME_SERVICE0': '0.00103987', 'PROCESSING_TIME_SERVICE1': '0.00102939', 'PROCESSING_TIME_SERVICE2': '0.00084391', 'PROCESSING_TIME_SERVICE3': '0.00082903', 'PROCESSING_TIME_SERVICE4': '0.00073297', 'PROCESSING_TIME_SERVICE5': '0.000552', 'PROCESSING_TIME_SERVICE6': '0.00042566', 'PROCESSING_TIME_SERVICE7': '0.00037051', 'PROCESSING_TIME_SERVICE8': '0.00031708', 'PROCESSING_TIME_SERVICE9': '0.00024455', 'SLOWPOKE_DELAY_MICROS_SERVICE0': '0.0', 'SLOWPOKE_POKER_BATCH_THRESHOLD_SERVICE0': '10', 'SLOWPOKE_DELAY_MICROS_SERVICE1': '0.0', 'SLOWPOKE_POKER_BATCH_THRESHOLD_SERVICE1': '10', 'SLOWPOKE_DELAY_MICROS_SERVICE2': '0.0', 'SLOWPOKE_POKER_BATCH_THRESHOLD_SERVICE2': '10', 'SLOWPOKE_DELAY_MICROS_SERVICE3': '0.0', 'SLOWPOKE_POKER_BATCH_THRESHOLD_SERVICE3': '10', 'SLOWPOKE_DELAY_MICROS_SERVICE4': '0.0', 'SLOWPOKE_POKER_BATCH_THRESHOLD_SERVICE4': '10', 'SLOWPOKE_DELAY_MICROS_SERVICE5': '0.0', 'SLOWPOKE_POKER_BATCH_THRESHOLD_SERVICE5': '10', 'SLOWPOKE_DELAY_MICROS_SERVICE6': '0.0', 'SLOWPOKE_POKER_BATCH_THRESHOLD_SERVICE6': '10', 'SLOWPOKE_DELAY_MICROS_SERVICE7': '0.0', 'SLOWPOKE_POKER_BATCH_THRESHOLD_SERVICE7': '10', 'SLOWPOKE_DELAY_MICROS_SERVICE8': '0.0', 'SLOWPOKE_POKER_BATCH_THRESHOLD_SERVICE8': '10', 'SLOWPOKE_DELAY_MICROS_SERVICE9': '0.0', 'SLOWPOKE_POKER_BATCH_THRESHOLD_SERVICE9': '10'}
    [exp] Executing cmd `bash run.sh synthetic chain-d8-http-sync 8 512 20000`:
        [run.sh] Running benchmark synthetic with request chain-d8-http-sync, thread 8, conn 512, duration 60
        [run.sh] Deleting all services
        configmap "config-service0" deleted
        deployment.apps "service0" deleted
        service "service0" deleted
        configmap "config-service1" deleted
        deployment.apps "service1" deleted
        service "service1" deleted
        configmap "config-service2" deleted
        deployment.apps "service2" deleted
        service "service2" deleted
        configmap "config-service3" deleted
        deployment.apps "service3" deleted
        service "service3" deleted
        configmap "config-service4" deleted
        deployment.apps "service4" deleted
        service "service4" deleted
        configmap "config-service5" deleted
        deployment.apps "service5" deleted
        service "service5" deleted
        configmap "config-service6" deleted
        deployment.apps "service6" deleted
        service "service6" deleted
        configmap "config-service7" deleted
        deployment.apps "service7" deleted
        service "service7" deleted
        configmap "config-service8" deleted
        deployment.apps "service8" deleted
        service "service8" deleted
        configmap "config-service9" deleted
        deployment.apps "service9" deleted
        service "service9" deleted
        deployment.apps "ubuntu-client" deleted
        [run.sh] Waiting for all pods to be deleted
        [run.sh] Deploying all services
        configmap/config-service0 created
        deployment.apps/service0 created
        service/service0 created
        configmap/config-service1 created
        deployment.apps/service1 created
        service/service1 created
        configmap/config-service2 created
        deployment.apps/service2 created
        service/service2 created
        configmap/config-service3 created
        deployment.apps/service3 created
        service/service3 created
        configmap/config-service4 created
        deployment.apps/service4 created
        service/service4 created
        configmap/config-service5 created
        deployment.apps/service5 created
        service/service5 created
        configmap/config-service6 created
        deployment.apps/service6 created
        service/service6 created
        configmap/config-service7 created
        deployment.apps/service7 created
        service/service7 created
        configmap/config-service8 created
        deployment.apps/service8 created
        service/service8 created
        configmap/config-service9 created
        deployment.apps/service9 created
        service/service9 created
        [run.sh] Client pod not found, deploying client
        deployment.apps/ubuntu-client created
        [run.sh] Waiting for all pods to be running
        [run.sh] All pods are running
        [run.sh] Checking heartbeat for all services
        [run.sh] All pods can connect to all services
        [run.sh] Running warmup test
        [run.sh] /wrk/wrk -t8 -c512 --timeout 3s -d3s -L http://service0:80/endpoint1
        Running 3s test @ http://service0:80/endpoint1
        8 threads and 512 connections
        Thread Stats   Avg      Stdev     Max   +/- Stdev
        Latency   470.88ms  145.33ms   1.18s    78.96%
        Req/Sec   151.10     62.42   290.00     69.50%
        Latency Distribution
        50%  432.54ms
        75%  507.48ms
        90%  709.77ms
        99%  909.47ms
        3051 requests in 3.03s, 3.90MB read
        Requests/sec:   1005.94
        Transfer/sec:      1.28MB
        [run.sh] Speed is 1005.94, duration is 29
        [run.sh] Fix the request number.
        [run.sh] Running the actual test
        [run.sh] /wrk/wrk --timeout 20s -t8 -c512 -d29s -L -s /wrk/fix_req_n.lua http://service0:80/endpoint1
        Running 29s test @ http://service0:80/endpoint1
        8 threads and 512 connections
        Thread Stats   Avg      Stdev     Max   +/- Stdev
        Latency   382.04ms   78.94ms   1.09s    88.01%
        Req/Sec   166.77     48.55   353.00     72.31%
        Latency Distribution
        50%  369.89ms
        75%  407.34ms
        90%  454.22ms
        99%  728.16ms
        20000 requests in 29.00s, 25.54MB read
        Requests/sec:    689.65
        Transfer/sec:      0.88MB
        ------------------------------
        stop time: 14.757144
        stop time: 14.889802
        stop time: 15.016088
        stop time: 15.186437
        stop time: 15.279921
        stop time: 15.326638
        stop time: 15.276915
        stop time: 15.329302
        [run.sh] Checking the resource usage
        NAME                             CPU(cores)   MEMORY(bytes)
        service0-7564bb8985-x42pk        521m         45Mi
        service1-5b899d549d-2wmsj        250m         17Mi
        service2-6f7c796b99-v9xch        257m         15Mi
        service3-5dc7779b96-bmtq2        444m         13Mi
        service4-66495c49c-7xn5w         277m         11Mi
        service5-5467447458-kf9wr        383m         11Mi
        service6-555868f599-57x9j        344m         10Mi
        service7-868cb9c7bd-7447z        346m         10Mi
        service8-bcc5c55c7-c5mkd         325m         10Mi
        service9-c64958867-lz6pk         169m         8Mi
        ubuntu-client-76886f6bbd-fg64f   22m          7Mi
        [run.sh] Test finished with status 0
        > STDERR
        > No resources found in default namespace.
    [exp] Times: [14.757144, 14.889802, 15.016088, 15.186437, 15.279921, 15.326638, 15.276915, 15.329302]
    [exp] Throughput: 1321.6341507356956
[test.py] Running 8th slowdown exp
    [exp] Running (pre_run: False) workload synthetic/chain-d8-http-sync request with the following configuration: {'CLIENT_CPU_QUOTA': '2', 'SLOWPOKE_POKER_BATCH_THRESHOLD': '20000000', 'PROCESSING_TIME_SERVICE0': '0.00103987', 'PROCESSING_TIME_SERVICE1': '0.00102939', 'PROCESSING_TIME_SERVICE2': '0.00084391', 'PROCESSING_TIME_SERVICE3': '0.00082903', 'PROCESSING_TIME_SERVICE4': '0.00073297', 'PROCESSING_TIME_SERVICE5': '0.00069626', 'PROCESSING_TIME_SERVICE6': '0.00042566', 'PROCESSING_TIME_SERVICE7': '0.00037051', 'PROCESSING_TIME_SERVICE8': '0.00031708', 'PROCESSING_TIME_SERVICE9': '0.00024455', 'SLOWPOKE_DELAY_MICROS_SERVICE0': '72.0', 'SLOWPOKE_POKER_BATCH_THRESHOLD_SERVICE0': '7199990', 'SLOWPOKE_DELAY_MICROS_SERVICE1': '72.0', 'SLOWPOKE_POKER_BATCH_THRESHOLD_SERVICE1': '7199990', 'SLOWPOKE_DELAY_MICROS_SERVICE2': '72.0', 'SLOWPOKE_POKER_BATCH_THRESHOLD_SERVICE2': '7199990', 'SLOWPOKE_DELAY_MICROS_SERVICE3': '72.0', 'SLOWPOKE_POKER_BATCH_THRESHOLD_SERVICE3': '7199990', 'SLOWPOKE_DELAY_MICROS_SERVICE4': '72.0', 'SLOWPOKE_POKER_BATCH_THRESHOLD_SERVICE4': '7199990', 'SLOWPOKE_DELAY_MICROS_SERVICE5': '0.0', 'SLOWPOKE_POKER_BATCH_THRESHOLD_SERVICE5': '10', 'SLOWPOKE_DELAY_MICROS_SERVICE6': '72.0', 'SLOWPOKE_POKER_BATCH_THRESHOLD_SERVICE6': '7199990', 'SLOWPOKE_DELAY_MICROS_SERVICE7': '72.0', 'SLOWPOKE_POKER_BATCH_THRESHOLD_SERVICE7': '7199990', 'SLOWPOKE_DELAY_MICROS_SERVICE8': '72.0', 'SLOWPOKE_POKER_BATCH_THRESHOLD_SERVICE8': '7199990', 'SLOWPOKE_DELAY_MICROS_SERVICE9': '72.0', 'SLOWPOKE_POKER_BATCH_THRESHOLD_SERVICE9': '7199990'}
    [exp] Executing cmd `bash run.sh synthetic chain-d8-http-sync 8 512 20000`:
        [run.sh] Running benchmark synthetic with request chain-d8-http-sync, thread 8, conn 512, duration 60
        [run.sh] Deleting all services
        configmap "config-service0" deleted
        deployment.apps "service0" deleted
        service "service0" deleted
        configmap "config-service1" deleted
        deployment.apps "service1" deleted
        service "service1" deleted
        configmap "config-service2" deleted
        deployment.apps "service2" deleted
        service "service2" deleted
        configmap "config-service3" deleted
        deployment.apps "service3" deleted
        service "service3" deleted
        configmap "config-service4" deleted
        deployment.apps "service4" deleted
        service "service4" deleted
        configmap "config-service5" deleted
        deployment.apps "service5" deleted
        service "service5" deleted
        configmap "config-service6" deleted
        deployment.apps "service6" deleted
        service "service6" deleted
        configmap "config-service7" deleted
        deployment.apps "service7" deleted
        service "service7" deleted
        configmap "config-service8" deleted
        deployment.apps "service8" deleted
        service "service8" deleted
        configmap "config-service9" deleted
        deployment.apps "service9" deleted
        service "service9" deleted
        deployment.apps "ubuntu-client" deleted
        [run.sh] Waiting for all pods to be deleted
        [run.sh] Deploying all services
        configmap/config-service0 created
        deployment.apps/service0 created
        service/service0 created
        configmap/config-service1 created
        deployment.apps/service1 created
        service/service1 created
        configmap/config-service2 created
        deployment.apps/service2 created
        service/service2 created
        configmap/config-service3 created
        deployment.apps/service3 created
        service/service3 created
        configmap/config-service4 created
        deployment.apps/service4 created
        service/service4 created
        configmap/config-service5 created
        deployment.apps/service5 created
        service/service5 created
        configmap/config-service6 created
        deployment.apps/service6 created
        service/service6 created
        configmap/config-service7 created
        deployment.apps/service7 created
        service/service7 created
        configmap/config-service8 created
        deployment.apps/service8 created
        service/service8 created
        configmap/config-service9 created
        deployment.apps/service9 created
        service/service9 created
        [run.sh] Client pod not found, deploying client
        deployment.apps/ubuntu-client created
        [run.sh] Waiting for all pods to be running
        [run.sh] All pods are running
        [run.sh] Checking heartbeat for all services
        [run.sh] All pods can connect to all services
        [run.sh] Running warmup test
        [run.sh] /wrk/wrk -t8 -c512 --timeout 3s -d3s -L http://service0:80/endpoint1
        Running 3s test @ http://service0:80/endpoint1
        8 threads and 512 connections
        Thread Stats   Avg      Stdev     Max   +/- Stdev
        Latency   438.60ms   95.02ms 823.26ms   85.42%
        Req/Sec   150.72     58.24   300.00     67.44%
        Latency Distribution
        50%  408.71ms
        75%  450.69ms
        90%  566.90ms
        99%  779.25ms
        3245 requests in 3.04s, 4.14MB read
        Requests/sec:   1068.79
        Transfer/sec:      1.36MB
        [run.sh] Speed is 1068.79, duration is 28
        [run.sh] Fix the request number.
        [run.sh] Running the actual test
        [run.sh] /wrk/wrk --timeout 20s -t8 -c512 -d28s -L -s /wrk/fix_req_n.lua http://service0:80/endpoint1
        Running 28s test @ http://service0:80/endpoint1
        8 threads and 512 connections
        Thread Stats   Avg      Stdev     Max   +/- Stdev
        Latency   415.25ms  101.39ms   1.59s    92.87%
        Req/Sec   153.63     45.61   350.00     70.42%
        Latency Distribution
        50%  404.36ms
        75%  438.30ms
        90%  476.46ms
        99%  789.61ms
        20000 requests in 28.00s, 25.54MB read
        Requests/sec:    714.28
        Transfer/sec:      0.91MB
        ------------------------------
        stop time: 16.066434
        stop time: 16.032206
        stop time: 16.318358
        stop time: 16.513624
        stop time: 16.649088
        stop time: 16.587847
        stop time: 16.606288
        stop time: 16.619801
        [run.sh] Checking the resource usage
        NAME                             CPU(cores)   MEMORY(bytes)
        service0-75b69f85d5-h8zj7        1721m        48Mi
        service1-68667fd67d-smwzb        1704m        20Mi
        service2-7ddf7fd9d7-x5s9q        1523m        18Mi
        service3-57ddb8bf96-nw56w        1534m        17Mi
        service4-867cb6777c-fpvcc        1435m        15Mi
        service5-5467447458-64d6f        1441m        17Mi
        service6-8649795dd7-84k7k        1018m        15Mi
        service7-5fc586bc4d-gqwjg        1174m        12Mi
        service8-5b69bb8b7c-lcj5j        990m         16Mi
        service9-86697d6647-g6z6x        413m         10Mi
        ubuntu-client-76886f6bbd-pzd7j   52m          13Mi
        [run.sh] Test finished with status 0
        > STDERR
        > No resources found in default namespace.
    [exp] Times: [16.066434, 16.032206, 16.318358, 16.513624, 16.649088, 16.587847, 16.606288, 16.619801]
    [exp] Throughput: 1217.7148961982532
[test.py] Finished running 8th optmization experiment: groundtruth->1321.6341507356956, slowdown->1217.7148961982532, predicted->1334.9703852672806, err->1.0090715743204186
[test.py] Running 9th optmization experiment
[test.py] Running 9th groundtruth exp
    [exp] Running (pre_run: False) workload synthetic/chain-d8-http-sync request with the following configuration: {'CLIENT_CPU_QUOTA': '2', 'SLOWPOKE_POKER_BATCH_THRESHOLD': '20000000', 'PROCESSING_TIME_SERVICE0': '0.00103987', 'PROCESSING_TIME_SERVICE1': '0.00102939', 'PROCESSING_TIME_SERVICE2': '0.00084391', 'PROCESSING_TIME_SERVICE3': '0.00082903', 'PROCESSING_TIME_SERVICE4': '0.00073297', 'PROCESSING_TIME_SERVICE5': '0.000621', 'PROCESSING_TIME_SERVICE6': '0.00042566', 'PROCESSING_TIME_SERVICE7': '0.00037051', 'PROCESSING_TIME_SERVICE8': '0.00031708', 'PROCESSING_TIME_SERVICE9': '0.00024455', 'SLOWPOKE_DELAY_MICROS_SERVICE0': '0.0', 'SLOWPOKE_POKER_BATCH_THRESHOLD_SERVICE0': '10', 'SLOWPOKE_DELAY_MICROS_SERVICE1': '0.0', 'SLOWPOKE_POKER_BATCH_THRESHOLD_SERVICE1': '10', 'SLOWPOKE_DELAY_MICROS_SERVICE2': '0.0', 'SLOWPOKE_POKER_BATCH_THRESHOLD_SERVICE2': '10', 'SLOWPOKE_DELAY_MICROS_SERVICE3': '0.0', 'SLOWPOKE_POKER_BATCH_THRESHOLD_SERVICE3': '10', 'SLOWPOKE_DELAY_MICROS_SERVICE4': '0.0', 'SLOWPOKE_POKER_BATCH_THRESHOLD_SERVICE4': '10', 'SLOWPOKE_DELAY_MICROS_SERVICE5': '0.0', 'SLOWPOKE_POKER_BATCH_THRESHOLD_SERVICE5': '10', 'SLOWPOKE_DELAY_MICROS_SERVICE6': '0.0', 'SLOWPOKE_POKER_BATCH_THRESHOLD_SERVICE6': '10', 'SLOWPOKE_DELAY_MICROS_SERVICE7': '0.0', 'SLOWPOKE_POKER_BATCH_THRESHOLD_SERVICE7': '10', 'SLOWPOKE_DELAY_MICROS_SERVICE8': '0.0', 'SLOWPOKE_POKER_BATCH_THRESHOLD_SERVICE8': '10', 'SLOWPOKE_DELAY_MICROS_SERVICE9': '0.0', 'SLOWPOKE_POKER_BATCH_THRESHOLD_SERVICE9': '10'}
    [exp] Executing cmd `bash run.sh synthetic chain-d8-http-sync 8 512 20000`:
        [run.sh] Running benchmark synthetic with request chain-d8-http-sync, thread 8, conn 512, duration 60
        [run.sh] Deleting all services
        configmap "config-service0" deleted
        deployment.apps "service0" deleted
        service "service0" deleted
        configmap "config-service1" deleted
        deployment.apps "service1" deleted
        service "service1" deleted
        configmap "config-service2" deleted
        deployment.apps "service2" deleted
        service "service2" deleted
        configmap "config-service3" deleted
        deployment.apps "service3" deleted
        service "service3" deleted
        configmap "config-service4" deleted
        deployment.apps "service4" deleted
        service "service4" deleted
        configmap "config-service5" deleted
        deployment.apps "service5" deleted
        service "service5" deleted
        configmap "config-service6" deleted
        deployment.apps "service6" deleted
        service "service6" deleted
        configmap "config-service7" deleted
        deployment.apps "service7" deleted
        service "service7" deleted
        configmap "config-service8" deleted
        deployment.apps "service8" deleted
        service "service8" deleted
        configmap "config-service9" deleted
        deployment.apps "service9" deleted
        service "service9" deleted
        deployment.apps "ubuntu-client" deleted
        [run.sh] Waiting for all pods to be deleted
        [run.sh] Deploying all services
        configmap/config-service0 created
        deployment.apps/service0 created
        service/service0 created
        configmap/config-service1 created
        deployment.apps/service1 created
        service/service1 created
        configmap/config-service2 created
        deployment.apps/service2 created
        service/service2 created
        configmap/config-service3 created
        deployment.apps/service3 created
        service/service3 created
        configmap/config-service4 created
        deployment.apps/service4 created
        service/service4 created
        configmap/config-service5 created
        deployment.apps/service5 created
        service/service5 created
        configmap/config-service6 created
        deployment.apps/service6 created
        service/service6 created
        configmap/config-service7 created
        deployment.apps/service7 created
        service/service7 created
        configmap/config-service8 created
        deployment.apps/service8 created
        service/service8 created
        configmap/config-service9 created
        deployment.apps/service9 created
        service/service9 created
        [run.sh] Client pod not found, deploying client
        deployment.apps/ubuntu-client created
        [run.sh] Waiting for all pods to be running
        [run.sh] All pods are running
        [run.sh] Checking heartbeat for all services
        [run.sh] All pods can connect to all services
        [run.sh] Running warmup test
        [run.sh] /wrk/wrk -t8 -c512 --timeout 3s -d3s -L http://service0:80/endpoint1
        Running 3s test @ http://service0:80/endpoint1
        8 threads and 512 connections
        Thread Stats   Avg      Stdev     Max   +/- Stdev
        Latency   445.30ms  120.16ms 887.29ms   77.69%
        Req/Sec   148.54     78.46   353.00     61.75%
        Latency Distribution
        50%  422.08ms
        75%  484.62ms
        90%  618.86ms
        99%  836.73ms
        3236 requests in 3.03s, 4.13MB read
        Requests/sec:   1069.68
        Transfer/sec:      1.37MB
        [run.sh] Speed is 1069.68, duration is 28
        [run.sh] Fix the request number.
        [run.sh] Running the actual test
        [run.sh] /wrk/wrk --timeout 20s -t8 -c512 -d28s -L -s /wrk/fix_req_n.lua http://service0:80/endpoint1
        Running 28s test @ http://service0:80/endpoint1
        8 threads and 512 connections
        Thread Stats   Avg      Stdev     Max   +/- Stdev
        Latency   382.18ms   68.96ms   1.07s    85.58%
        Req/Sec   167.02     47.15   323.00     73.20%
        Latency Distribution
        50%  371.94ms
        75%  408.10ms
        90%  446.70ms
        99%  631.61ms
        20000 requests in 28.00s, 25.54MB read
        Requests/sec:    714.28
        Transfer/sec:      0.91MB
        ------------------------------
        stop time: 14.808751
        stop time: 14.907207
        stop time: 15.066317
        stop time: 15.019703
        stop time: 15.212869
        stop time: 15.268657
        stop time: 15.289381
        stop time: 15.332326
        [run.sh] Checking the resource usage
        NAME                             CPU(cores)   MEMORY(bytes)
        service0-7564bb8985-khm62        43m          51Mi
        service1-5b899d549d-96bn6        1m           19Mi
        service2-6f7c796b99-925t5        1m           18Mi
        service3-5dc7779b96-slvj2        1m           18Mi
        service4-66495c49c-smz7k         1m           16Mi
        service5-5467447458-ztkln        1m           15Mi
        service6-555868f599-xf7ts        296m         13Mi
        service7-868cb9c7bd-9df6n        95m          11Mi
        service8-bcc5c55c7-hg9v6         259m         10Mi
        service9-c64958867-fvcdp         234m         9Mi
        ubuntu-client-76886f6bbd-dhbmv   22m          14Mi
        [run.sh] Test finished with status 0
        > STDERR
        > No resources found in default namespace.
    [exp] Times: [14.808751, 14.907207, 15.066317, 15.019703, 15.212869, 15.268657, 15.289381, 15.332326]
    [exp] Throughput: 1323.3507363053193
[test.py] Running 9th slowdown exp
    [exp] Running (pre_run: False) workload synthetic/chain-d8-http-sync request with the following configuration: {'CLIENT_CPU_QUOTA': '2', 'SLOWPOKE_POKER_BATCH_THRESHOLD': '20000000', 'PROCESSING_TIME_SERVICE0': '0.00103987', 'PROCESSING_TIME_SERVICE1': '0.00102939', 'PROCESSING_TIME_SERVICE2': '0.00084391', 'PROCESSING_TIME_SERVICE3': '0.00082903', 'PROCESSING_TIME_SERVICE4': '0.00073297', 'PROCESSING_TIME_SERVICE5': '0.00069626', 'PROCESSING_TIME_SERVICE6': '0.00042566', 'PROCESSING_TIME_SERVICE7': '0.00037051', 'PROCESSING_TIME_SERVICE8': '0.00031708', 'PROCESSING_TIME_SERVICE9': '0.00024455', 'SLOWPOKE_DELAY_MICROS_SERVICE0': '37.5', 'SLOWPOKE_POKER_BATCH_THRESHOLD_SERVICE0': '3749990', 'SLOWPOKE_DELAY_MICROS_SERVICE1': '37.5', 'SLOWPOKE_POKER_BATCH_THRESHOLD_SERVICE1': '3749990', 'SLOWPOKE_DELAY_MICROS_SERVICE2': '37.5', 'SLOWPOKE_POKER_BATCH_THRESHOLD_SERVICE2': '3749990', 'SLOWPOKE_DELAY_MICROS_SERVICE3': '37.5', 'SLOWPOKE_POKER_BATCH_THRESHOLD_SERVICE3': '3749990', 'SLOWPOKE_DELAY_MICROS_SERVICE4': '37.5', 'SLOWPOKE_POKER_BATCH_THRESHOLD_SERVICE4': '3749990', 'SLOWPOKE_DELAY_MICROS_SERVICE5': '0.0', 'SLOWPOKE_POKER_BATCH_THRESHOLD_SERVICE5': '10', 'SLOWPOKE_DELAY_MICROS_SERVICE6': '37.5', 'SLOWPOKE_POKER_BATCH_THRESHOLD_SERVICE6': '3749990', 'SLOWPOKE_DELAY_MICROS_SERVICE7': '37.5', 'SLOWPOKE_POKER_BATCH_THRESHOLD_SERVICE7': '3749990', 'SLOWPOKE_DELAY_MICROS_SERVICE8': '37.5', 'SLOWPOKE_POKER_BATCH_THRESHOLD_SERVICE8': '3749990', 'SLOWPOKE_DELAY_MICROS_SERVICE9': '37.5', 'SLOWPOKE_POKER_BATCH_THRESHOLD_SERVICE9': '3749990'}
    [exp] Executing cmd `bash run.sh synthetic chain-d8-http-sync 8 512 20000`:
        [run.sh] Running benchmark synthetic with request chain-d8-http-sync, thread 8, conn 512, duration 60
        [run.sh] Deleting all services
        configmap "config-service0" deleted
        deployment.apps "service0" deleted
        service "service0" deleted
        configmap "config-service1" deleted
        deployment.apps "service1" deleted
        service "service1" deleted
        configmap "config-service2" deleted
        deployment.apps "service2" deleted
        service "service2" deleted
        configmap "config-service3" deleted
        deployment.apps "service3" deleted
        service "service3" deleted
        configmap "config-service4" deleted
        deployment.apps "service4" deleted
        service "service4" deleted
        configmap "config-service5" deleted
        deployment.apps "service5" deleted
        service "service5" deleted
        configmap "config-service6" deleted
        deployment.apps "service6" deleted
        service "service6" deleted
        configmap "config-service7" deleted
        deployment.apps "service7" deleted
        service "service7" deleted
        configmap "config-service8" deleted
        deployment.apps "service8" deleted
        service "service8" deleted
        configmap "config-service9" deleted
        deployment.apps "service9" deleted
        service "service9" deleted
        deployment.apps "ubuntu-client" deleted
        [run.sh] Waiting for all pods to be deleted
        [run.sh] Deploying all services
        configmap/config-service0 created
        deployment.apps/service0 created
        service/service0 created
        configmap/config-service1 created
        deployment.apps/service1 created
        service/service1 created
        configmap/config-service2 created
        deployment.apps/service2 created
        service/service2 created
        configmap/config-service3 created
        deployment.apps/service3 created
        service/service3 created
        configmap/config-service4 created
        deployment.apps/service4 created
        service/service4 created
        configmap/config-service5 created
        deployment.apps/service5 created
        service/service5 created
        configmap/config-service6 created
        deployment.apps/service6 created
        service/service6 created
        configmap/config-service7 created
        deployment.apps/service7 created
        service/service7 created
        configmap/config-service8 created
        deployment.apps/service8 created
        service/service8 created
        configmap/config-service9 created
        deployment.apps/service9 created
        service/service9 created
        [run.sh] Client pod not found, deploying client
        deployment.apps/ubuntu-client created
        [run.sh] Waiting for all pods to be running
        [run.sh] All pods are running
        [run.sh] Checking heartbeat for all services
        [run.sh] All pods can connect to all services
        [run.sh] Running warmup test
        [run.sh] /wrk/wrk -t8 -c512 --timeout 3s -d3s -L http://service0:80/endpoint1
        Running 3s test @ http://service0:80/endpoint1
        8 threads and 512 connections
        Thread Stats   Avg      Stdev     Max   +/- Stdev
        Latency   401.01ms   74.53ms 747.08ms   84.06%
        Req/Sec   159.62     61.24   373.00     74.07%
        Latency Distribution
        50%  383.43ms
        75%  419.19ms
        90%  475.05ms
        99%  681.67ms
        3514 requests in 3.02s, 4.49MB read
        Requests/sec:   1164.34
        Transfer/sec:      1.49MB
        [run.sh] Speed is 1164.34, duration is 25
        [run.sh] Fix the request number.
        [run.sh] Running the actual test
        [run.sh] /wrk/wrk --timeout 20s -t8 -c512 -d25s -L -s /wrk/fix_req_n.lua http://service0:80/endpoint1
        Running 25s test @ http://service0:80/endpoint1
        8 threads and 512 connections
        Thread Stats   Avg      Stdev     Max   +/- Stdev
        Latency   408.90ms  120.13ms   1.47s    90.41%
        Req/Sec   155.81     46.13   323.00     70.59%
        Latency Distribution
        50%  393.80ms
        75%  430.05ms
        90%  489.41ms
        99%    1.00s
        20000 requests in 25.00s, 25.54MB read
        Requests/sec:    800.00
        Transfer/sec:      1.02MB
        ------------------------------
        stop time: 15.882976
        stop time: 15.972680
        stop time: 16.168385
        stop time: 16.304795
        stop time: 16.362260
        stop time: 16.272402
        stop time: 16.171447
        stop time: 15.979733
        [run.sh] Checking the resource usage
        NAME                        CPU(cores)   MEMORY(bytes)
        service0-5b46878bfd-n22vv   5m           3Mi
        service2-5dd9c95f76-xrxhf   5m           3Mi
        service3-7dd789c79f-nncbs   6m           3Mi
        service4-cd7b8cf78-rm26w    6m           3Mi
        service5-5467447458-tz4bn   6m           3Mi
        service6-9d68ff7f6-nshdj    6m           3Mi
        service7-85db9cb9b7-48qv2   6m           3Mi
        service8-7685b87fdb-v5rcs   1m           3Mi
        [run.sh] Test finished with status 0
        > STDERR
        > No resources found in default namespace.
    [exp] Times: [15.882976, 15.97268, 16.168385, 16.304795, 16.36226, 16.272402, 16.171447, 15.979733]
    [exp] Throughput: 1239.2084500261078
[test.py] Finished running 9th optmization experiment: groundtruth->1323.3507363053193, slowdown->1239.2084500261078, predicted->1299.820938292317, err->-1.7780469959683969
[test.py] Baseline throughput:  1328.4610474546712
[test.py] Groundtruth:  [1337.5593632879697, 1333.6140257454022, 1329.6085789403612, 1346.5700382595055, 1327.9894374376124, 1351.5552261515122, 1023.1255926694789, 1333.5028326558875, 1321.6341507356956, 1323.3507363053193]
[test.py] Slowdown:  [903.1703095495436, 753.4195464727941, 961.8249859648694, 807.7782747184848, 1045.3499941215396, 1082.8576773827638, 1121.1108358550443, 1170.564119650587, 1217.7148961982532, 1239.2084500261078]
[test.py] Predicted:  [1317.3826616731933, 986.5321285120627, 1314.8203343210098, 1006.71126582138, 1339.6073284391057, 1337.1622640473763, 1331.8372916023204, 1337.5082203464208, 1334.9703852672806, 1299.820938292317]
[test.py] Error percentage:  [-1.5084714868414035, -26.02566338782644, -1.1122254213444522, -25.238848539761527, 0.8748481481833367, -1.0649185342665697, 30.173392313192867, 0.3003658929284721, 1.0090715743204186, -1.7780469959683969]
[test.py] >>>>>>>>>>>>>>>>>>>>>>>>>>>>> Running experiment 2...
[test.py] Actual processing time range: [0, 69, 138, 207, 276, 345, 414, 483, 552, 621]
[test.py] Running baseline experiment
    [exp] Running (pre_run: False) workload synthetic/chain-d8-http-sync request with the following configuration: {'CLIENT_CPU_QUOTA': '2', 'SLOWPOKE_POKER_BATCH_THRESHOLD': '20000000', 'PROCESSING_TIME_SERVICE0': '0.00103987', 'PROCESSING_TIME_SERVICE1': '0.00102939', 'PROCESSING_TIME_SERVICE2': '0.00084391', 'PROCESSING_TIME_SERVICE3': '0.00082903', 'PROCESSING_TIME_SERVICE4': '0.00073297', 'PROCESSING_TIME_SERVICE5': '0.00069626', 'PROCESSING_TIME_SERVICE6': '0.00042566', 'PROCESSING_TIME_SERVICE7': '0.00037051', 'PROCESSING_TIME_SERVICE8': '0.00031708', 'PROCESSING_TIME_SERVICE9': '0.00024455', 'SLOWPOKE_DELAY_MICROS_SERVICE0': '0.0', 'SLOWPOKE_POKER_BATCH_THRESHOLD_SERVICE0': '10', 'SLOWPOKE_DELAY_MICROS_SERVICE1': '0.0', 'SLOWPOKE_POKER_BATCH_THRESHOLD_SERVICE1': '10', 'SLOWPOKE_DELAY_MICROS_SERVICE2': '0.0', 'SLOWPOKE_POKER_BATCH_THRESHOLD_SERVICE2': '10', 'SLOWPOKE_DELAY_MICROS_SERVICE3': '0.0', 'SLOWPOKE_POKER_BATCH_THRESHOLD_SERVICE3': '10', 'SLOWPOKE_DELAY_MICROS_SERVICE4': '0.0', 'SLOWPOKE_POKER_BATCH_THRESHOLD_SERVICE4': '10', 'SLOWPOKE_DELAY_MICROS_SERVICE5': '0.0', 'SLOWPOKE_POKER_BATCH_THRESHOLD_SERVICE5': '10', 'SLOWPOKE_DELAY_MICROS_SERVICE6': '0.0', 'SLOWPOKE_POKER_BATCH_THRESHOLD_SERVICE6': '10', 'SLOWPOKE_DELAY_MICROS_SERVICE7': '0.0', 'SLOWPOKE_POKER_BATCH_THRESHOLD_SERVICE7': '10', 'SLOWPOKE_DELAY_MICROS_SERVICE8': '0.0', 'SLOWPOKE_POKER_BATCH_THRESHOLD_SERVICE8': '10', 'SLOWPOKE_DELAY_MICROS_SERVICE9': '0.0', 'SLOWPOKE_POKER_BATCH_THRESHOLD_SERVICE9': '10'}
    [exp] Executing cmd `bash run.sh synthetic chain-d8-http-sync 8 512 20000`:
        [run.sh] Running benchmark synthetic with request chain-d8-http-sync, thread 8, conn 512, duration 60
        [run.sh] Deleting all services
        configmap "config-service0" deleted
        deployment.apps "service0" deleted
        service "service0" deleted
        configmap "config-service1" deleted
        deployment.apps "service1" deleted
        service "service1" deleted
        configmap "config-service2" deleted
        deployment.apps "service2" deleted
        service "service2" deleted
        configmap "config-service3" deleted
        deployment.apps "service3" deleted
        service "service3" deleted
        configmap "config-service4" deleted
        deployment.apps "service4" deleted
        service "service4" deleted
        configmap "config-service5" deleted
        deployment.apps "service5" deleted
        service "service5" deleted
        configmap "config-service6" deleted
        deployment.apps "service6" deleted
        service "service6" deleted
        configmap "config-service7" deleted
        deployment.apps "service7" deleted
        service "service7" deleted
        configmap "config-service8" deleted
        deployment.apps "service8" deleted
        service "service8" deleted
        configmap "config-service9" deleted
        deployment.apps "service9" deleted
        service "service9" deleted
        deployment.apps "ubuntu-client" deleted
        [run.sh] Waiting for all pods to be deleted
        [run.sh] Deploying all services
        configmap/config-service0 created
        deployment.apps/service0 created
        service/service0 created
        configmap/config-service1 created
        deployment.apps/service1 created
        service/service1 created
        configmap/config-service2 created
        deployment.apps/service2 created
        service/service2 created
        configmap/config-service3 created
        deployment.apps/service3 created
        service/service3 created
        configmap/config-service4 created
        deployment.apps/service4 created
        service/service4 created
        configmap/config-service5 created
        deployment.apps/service5 created
        service/service5 created
        configmap/config-service6 created
        deployment.apps/service6 created
        service/service6 created
        configmap/config-service7 created
        deployment.apps/service7 created
        service/service7 created
        configmap/config-service8 created
        deployment.apps/service8 created
        service/service8 created
        configmap/config-service9 created
        deployment.apps/service9 created
        service/service9 created
        [run.sh] Client pod not found, deploying client
        deployment.apps/ubuntu-client created
        [run.sh] Waiting for all pods to be running
        [run.sh] All pods are running
        [run.sh] Checking heartbeat for all services
        [run.sh] All pods can connect to all services
        [run.sh] Running warmup test
        [run.sh] /wrk/wrk -t8 -c512 --timeout 3s -d3s -L http://service0:80/endpoint1
        Running 3s test @ http://service0:80/endpoint1
        8 threads and 512 connections
        Thread Stats   Avg      Stdev     Max   +/- Stdev
        Latency   410.33ms  159.86ms   1.31s    86.51%
        Req/Sec   156.80     58.59   292.00     68.56%
        Latency Distribution
        50%  367.41ms
        75%  423.92ms
        90%  535.25ms
        99%    1.17s
        3599 requests in 3.03s, 4.60MB read
        Requests/sec:   1189.19
        Transfer/sec:      1.52MB
        [run.sh] Speed is 1189.19, duration is 25
        [run.sh] Fix the request number.
        [run.sh] Running the actual test
        [run.sh] /wrk/wrk --timeout 20s -t8 -c512 -d25s -L -s /wrk/fix_req_n.lua http://service0:80/endpoint1
        Running 25s test @ http://service0:80/endpoint1
        8 threads and 512 connections
        Thread Stats   Avg      Stdev     Max   +/- Stdev
        Latency   380.47ms   80.40ms   1.45s    88.82%
        Req/Sec   167.65     46.73   424.00     70.53%
        Latency Distribution
        50%  369.54ms
        75%  404.67ms
        90%  446.56ms
        99%  657.32ms
        20000 requests in 25.00s, 25.54MB read
        Requests/sec:    800.00
        Transfer/sec:      1.02MB
        ------------------------------
        stop time: 14.607748
        stop time: 14.764583
        stop time: 15.004154
        stop time: 15.076634
        stop time: 15.228918
        stop time: 15.204129
        stop time: 15.267229
        stop time: 15.144518
        [run.sh] Checking the resource usage
        NAME                             CPU(cores)   MEMORY(bytes)
        service0-7564bb8985-xhxkm        588m         43Mi
        service1-5b899d549d-sqdrb        158m         18Mi
        service2-6f7c796b99-p8gqk        118m         15Mi
        service3-5dc7779b96-jzd5k        510m         14Mi
        service4-66495c49c-fhhm7         72m          12Mi
        service5-5467447458-sck78        471m         12Mi
        service6-555868f599-l5f89        405m         10Mi
        service7-868cb9c7bd-6ntzb        406m         9Mi
        service8-bcc5c55c7-jd996         385m         9Mi
        service9-c64958867-kcj92         193m         8Mi
        ubuntu-client-76886f6bbd-r2g9c   24m          0Mi
        [run.sh] Test finished with status 0
        > STDERR
        > No resources found in default namespace.
    [exp] Times: [14.607748, 14.764583, 15.004154, 15.076634, 15.228918, 15.204129, 15.267229, 15.144518]
    [exp] Throughput: 1330.0313863300355
[test.py] Baseline throughput: 1330.0313863300355
[test.py] Running 0th optmization experiment
[test.py] Running 0th groundtruth exp
    [exp] Running (pre_run: False) workload synthetic/chain-d8-http-sync request with the following configuration: {'CLIENT_CPU_QUOTA': '2', 'SLOWPOKE_POKER_BATCH_THRESHOLD': '20000000', 'PROCESSING_TIME_SERVICE0': '0.00103987', 'PROCESSING_TIME_SERVICE1': '0.00102939', 'PROCESSING_TIME_SERVICE2': '0.00084391', 'PROCESSING_TIME_SERVICE3': '0.00082903', 'PROCESSING_TIME_SERVICE4': '0.00073297', 'PROCESSING_TIME_SERVICE5': '0.0', 'PROCESSING_TIME_SERVICE6': '0.00042566', 'PROCESSING_TIME_SERVICE7': '0.00037051', 'PROCESSING_TIME_SERVICE8': '0.00031708', 'PROCESSING_TIME_SERVICE9': '0.00024455', 'SLOWPOKE_DELAY_MICROS_SERVICE0': '0.0', 'SLOWPOKE_POKER_BATCH_THRESHOLD_SERVICE0': '10', 'SLOWPOKE_DELAY_MICROS_SERVICE1': '0.0', 'SLOWPOKE_POKER_BATCH_THRESHOLD_SERVICE1': '10', 'SLOWPOKE_DELAY_MICROS_SERVICE2': '0.0', 'SLOWPOKE_POKER_BATCH_THRESHOLD_SERVICE2': '10', 'SLOWPOKE_DELAY_MICROS_SERVICE3': '0.0', 'SLOWPOKE_POKER_BATCH_THRESHOLD_SERVICE3': '10', 'SLOWPOKE_DELAY_MICROS_SERVICE4': '0.0', 'SLOWPOKE_POKER_BATCH_THRESHOLD_SERVICE4': '10', 'SLOWPOKE_DELAY_MICROS_SERVICE5': '0.0', 'SLOWPOKE_POKER_BATCH_THRESHOLD_SERVICE5': '10', 'SLOWPOKE_DELAY_MICROS_SERVICE6': '0.0', 'SLOWPOKE_POKER_BATCH_THRESHOLD_SERVICE6': '10', 'SLOWPOKE_DELAY_MICROS_SERVICE7': '0.0', 'SLOWPOKE_POKER_BATCH_THRESHOLD_SERVICE7': '10', 'SLOWPOKE_DELAY_MICROS_SERVICE8': '0.0', 'SLOWPOKE_POKER_BATCH_THRESHOLD_SERVICE8': '10', 'SLOWPOKE_DELAY_MICROS_SERVICE9': '0.0', 'SLOWPOKE_POKER_BATCH_THRESHOLD_SERVICE9': '10'}
    [exp] Executing cmd `bash run.sh synthetic chain-d8-http-sync 8 512 20000`:
        [run.sh] Running benchmark synthetic with request chain-d8-http-sync, thread 8, conn 512, duration 60
        [run.sh] Deleting all services
        configmap "config-service0" deleted
        deployment.apps "service0" deleted
        service "service0" deleted
        configmap "config-service1" deleted
        deployment.apps "service1" deleted
        service "service1" deleted
        configmap "config-service2" deleted
        deployment.apps "service2" deleted
        service "service2" deleted
        configmap "config-service3" deleted
        deployment.apps "service3" deleted
        service "service3" deleted
        configmap "config-service4" deleted
        deployment.apps "service4" deleted
        service "service4" deleted
        configmap "config-service5" deleted
        deployment.apps "service5" deleted
        service "service5" deleted
        configmap "config-service6" deleted
        deployment.apps "service6" deleted
        service "service6" deleted
        configmap "config-service7" deleted
        deployment.apps "service7" deleted
        service "service7" deleted
        configmap "config-service8" deleted
        deployment.apps "service8" deleted
        service "service8" deleted
        configmap "config-service9" deleted
        deployment.apps "service9" deleted
        service "service9" deleted
        deployment.apps "ubuntu-client" deleted
        [run.sh] Waiting for all pods to be deleted
        [run.sh] Deploying all services
        configmap/config-service0 created
        deployment.apps/service0 created
        service/service0 created
        configmap/config-service1 created
        deployment.apps/service1 created
        service/service1 created
        configmap/config-service2 created
        deployment.apps/service2 created
        service/service2 created
        configmap/config-service3 created
        deployment.apps/service3 created
        service/service3 created
        configmap/config-service4 created
        deployment.apps/service4 created
        service/service4 created
        configmap/config-service5 created
        deployment.apps/service5 created
        service/service5 created
        configmap/config-service6 created
        deployment.apps/service6 created
        service/service6 created
        configmap/config-service7 created
        deployment.apps/service7 created
        service/service7 created
        configmap/config-service8 created
        deployment.apps/service8 created
        service/service8 created
        configmap/config-service9 created
        deployment.apps/service9 created
        service/service9 created
        [run.sh] Client pod not found, deploying client
        deployment.apps/ubuntu-client created
        [run.sh] Waiting for all pods to be running
        [run.sh] All pods are running
        [run.sh] Checking heartbeat for all services
        [run.sh] All pods can connect to all services
        [run.sh] Running warmup test
        [run.sh] /wrk/wrk -t8 -c512 --timeout 3s -d3s -L http://service0:80/endpoint1
        Running 3s test @ http://service0:80/endpoint1
        8 threads and 512 connections
        Thread Stats   Avg      Stdev     Max   +/- Stdev
        Latency   403.23ms   82.61ms 811.45ms   83.42%
        Req/Sec   163.24     59.58   393.00     72.22%
        Latency Distribution
        50%  382.69ms
        75%  423.05ms
        90%  506.65ms
        99%  712.14ms
        3576 requests in 3.03s, 4.57MB read
        Requests/sec:   1179.83
        Transfer/sec:      1.51MB
        [run.sh] Speed is 1179.83, duration is 25
        [run.sh] Fix the request number.
        [run.sh] Running the actual test
        [run.sh] /wrk/wrk --timeout 20s -t8 -c512 -d25s -L -s /wrk/fix_req_n.lua http://service0:80/endpoint1
        Running 25s test @ http://service0:80/endpoint1
        8 threads and 512 connections
        Thread Stats   Avg      Stdev     Max   +/- Stdev
        Latency   379.37ms  104.79ms   1.62s    91.86%
        Req/Sec   169.06     49.57   484.00     72.90%
        Latency Distribution
        50%  365.70ms
        75%  402.87ms
        90%  449.31ms
        99%  803.36ms
        20000 requests in 25.00s, 25.54MB read
        Requests/sec:    800.00
        Transfer/sec:      1.02MB
        ------------------------------
        stop time: 14.510214
        stop time: 14.572330
        stop time: 14.877180
        stop time: 15.240381
        stop time: 15.244614
        stop time: 15.163645
        stop time: 14.978258
        stop time: 14.973072
        [run.sh] Checking the resource usage
        NAME                             CPU(cores)   MEMORY(bytes)
        service0-7564bb8985-4b22j        1872m        48Mi
        service1-5b899d549d-2c4st        505m         20Mi
        service2-6f7c796b99-lwms2        439m         17Mi
        service3-5dc7779b96-ffl5w        212m         15Mi
        service4-66495c49c-qjpbd         371m         15Mi
        service5-5467447458-rblh8        897m         13Mi
        service6-555868f599-nc4zv        1130m        13Mi
        service7-868cb9c7bd-5ct6n        1269m        12Mi
        service8-bcc5c55c7-wrsv9         1099m        11Mi
        service9-c64958867-gh89j         453m         10Mi
        ubuntu-client-76886f6bbd-77chj   49m          14Mi
        [run.sh] Test finished with status 0
        > STDERR
        > No resources found in default namespace.
    [exp] Times: [14.510214, 14.57233, 14.87718, 15.240381, 15.244614, 15.163645, 14.978258, 14.973072]
    [exp] Throughput: 1338.2436391983406
[test.py] Running 0th slowdown exp
    [exp] Running (pre_run: False) workload synthetic/chain-d8-http-sync request with the following configuration: {'CLIENT_CPU_QUOTA': '2', 'SLOWPOKE_POKER_BATCH_THRESHOLD': '20000000', 'PROCESSING_TIME_SERVICE0': '0.00103987', 'PROCESSING_TIME_SERVICE1': '0.00102939', 'PROCESSING_TIME_SERVICE2': '0.00084391', 'PROCESSING_TIME_SERVICE3': '0.00082903', 'PROCESSING_TIME_SERVICE4': '0.00073297', 'PROCESSING_TIME_SERVICE5': '0.00069626', 'PROCESSING_TIME_SERVICE6': '0.00042566', 'PROCESSING_TIME_SERVICE7': '0.00037051', 'PROCESSING_TIME_SERVICE8': '0.00031708', 'PROCESSING_TIME_SERVICE9': '0.00024455', 'SLOWPOKE_DELAY_MICROS_SERVICE0': '348.0', 'SLOWPOKE_POKER_BATCH_THRESHOLD_SERVICE0': '34799990', 'SLOWPOKE_DELAY_MICROS_SERVICE1': '348.0', 'SLOWPOKE_POKER_BATCH_THRESHOLD_SERVICE1': '34799990', 'SLOWPOKE_DELAY_MICROS_SERVICE2': '348.0', 'SLOWPOKE_POKER_BATCH_THRESHOLD_SERVICE2': '34799990', 'SLOWPOKE_DELAY_MICROS_SERVICE3': '348.0', 'SLOWPOKE_POKER_BATCH_THRESHOLD_SERVICE3': '34799990', 'SLOWPOKE_DELAY_MICROS_SERVICE4': '348.0', 'SLOWPOKE_POKER_BATCH_THRESHOLD_SERVICE4': '34799990', 'SLOWPOKE_DELAY_MICROS_SERVICE5': '0.0', 'SLOWPOKE_POKER_BATCH_THRESHOLD_SERVICE5': '10', 'SLOWPOKE_DELAY_MICROS_SERVICE6': '348.0', 'SLOWPOKE_POKER_BATCH_THRESHOLD_SERVICE6': '34799990', 'SLOWPOKE_DELAY_MICROS_SERVICE7': '348.0', 'SLOWPOKE_POKER_BATCH_THRESHOLD_SERVICE7': '34799990', 'SLOWPOKE_DELAY_MICROS_SERVICE8': '348.0', 'SLOWPOKE_POKER_BATCH_THRESHOLD_SERVICE8': '34799990', 'SLOWPOKE_DELAY_MICROS_SERVICE9': '348.0', 'SLOWPOKE_POKER_BATCH_THRESHOLD_SERVICE9': '34799990'}
    [exp] Executing cmd `bash run.sh synthetic chain-d8-http-sync 8 512 20000`:
        [run.sh] Running benchmark synthetic with request chain-d8-http-sync, thread 8, conn 512, duration 60
        [run.sh] Deleting all services
        configmap "config-service0" deleted
        deployment.apps "service0" deleted
        service "service0" deleted
        configmap "config-service1" deleted
        deployment.apps "service1" deleted
        service "service1" deleted
        configmap "config-service2" deleted
        deployment.apps "service2" deleted
        service "service2" deleted
        configmap "config-service3" deleted
        deployment.apps "service3" deleted
        service "service3" deleted
        configmap "config-service4" deleted
        deployment.apps "service4" deleted
        service "service4" deleted
        configmap "config-service5" deleted
        deployment.apps "service5" deleted
        service "service5" deleted
        configmap "config-service6" deleted
        deployment.apps "service6" deleted
        service "service6" deleted
        configmap "config-service7" deleted
        deployment.apps "service7" deleted
        service "service7" deleted
        configmap "config-service8" deleted
        deployment.apps "service8" deleted
        service "service8" deleted
        configmap "config-service9" deleted
        deployment.apps "service9" deleted
        service "service9" deleted
        deployment.apps "ubuntu-client" deleted
        [run.sh] Waiting for all pods to be deleted
        [run.sh] Deploying all services
        configmap/config-service0 created
        deployment.apps/service0 created
        service/service0 created
        configmap/config-service1 created
        deployment.apps/service1 created
        service/service1 created
        configmap/config-service2 created
        deployment.apps/service2 created
        service/service2 created
        configmap/config-service3 created
        deployment.apps/service3 created
        service/service3 created
        configmap/config-service4 created
        deployment.apps/service4 created
        service/service4 created
        configmap/config-service5 created
        deployment.apps/service5 created
        service/service5 created
        configmap/config-service6 created
        deployment.apps/service6 created
        service/service6 created
        configmap/config-service7 created
        deployment.apps/service7 created
        service/service7 created
        configmap/config-service8 created
        deployment.apps/service8 created
        service/service8 created
        configmap/config-service9 created
        deployment.apps/service9 created
        service/service9 created
        [run.sh] Client pod not found, deploying client
        deployment.apps/ubuntu-client created
        [run.sh] Waiting for all pods to be running
        [run.sh] All pods are running
        [run.sh] Checking heartbeat for all services
        [run.sh] All pods can connect to all services
        [run.sh] Running warmup test
        [run.sh] /wrk/wrk -t8 -c512 --timeout 3s -d3s -L http://service0:80/endpoint1
        Running 3s test @ http://service0:80/endpoint1
        8 threads and 512 connections
        Thread Stats   Avg      Stdev     Max   +/- Stdev
        Latency   591.37ms  131.18ms   1.12s    82.07%
        Req/Sec   107.91     43.46   210.00     70.32%
        Latency Distribution
        50%  547.01ms
        75%  610.01ms
        90%  774.99ms
        99%    1.06s
        2382 requests in 3.03s, 3.04MB read
        Requests/sec:    785.13
        Transfer/sec:      1.00MB
        [run.sh] Speed is 785.13, duration is 38
        [run.sh] Fix the request number.
        [run.sh] Running the actual test
        [run.sh] /wrk/wrk --timeout 20s -t8 -c512 -d38s -L -s /wrk/fix_req_n.lua http://service0:80/endpoint1
        [run.sh] Checking the resource usage
        NAME                             CPU(cores)   MEMORY(bytes)
        service0-fd975dd7f-fbxb8         909m         52Mi
        service1-7495898696-72w97        1249m        20Mi
        service2-69656dbdd9-2pn5c        1121m        18Mi
        service3-6665cbd558-vrxlp        1124m        16Mi
        service4-786df5fff9-j6hzj        1072m        15Mi
        service5-5467447458-kwtsz        1079m        13Mi
        service6-56576c6b77-6n59f        835m         12Mi
        service7-6b8b9f85fd-rmbl2        697m         11Mi
        service8-5755f4c55f-xrnnl        783m         11Mi
        service9-5447c9dcf7-vwxw9        434m         9Mi
        ubuntu-client-76886f6bbd-r5jqw   48m          14Mi
        Running 38s test @ http://service0:80/endpoint1
        8 threads and 512 connections
        Thread Stats   Avg      Stdev     Max   +/- Stdev
        Latency   559.94ms   82.54ms   1.37s    86.61%
        Req/Sec   113.81     35.49   252.00     69.13%
        Latency Distribution
        50%  551.07ms
        75%  591.32ms
        90%  636.21ms
        99%  793.49ms
        20001 requests in 38.00s, 25.54MB read
        Requests/sec:    526.34
        Transfer/sec:    688.25KB
        ------------------------------
        stop time: 21.674817
        stop time: 21.858111
        stop time: 22.037125
        stop time: 22.314407
        stop time: 22.361718
        stop time: 22.309195
        stop time: 22.331275
        stop time: 22.325187
        [run.sh] Test finished with status 0
        > STDERR
        > No resources found in default namespace.
    [exp] Times: [21.674817, 21.858111, 22.037125, 22.314407, 22.361718, 22.309195, 22.331275, 22.325187]
    [exp] Throughput: 902.8742352337811
[test.py] Finished running 0th optmization experiment: groundtruth->1338.2436391983406, slowdown->902.8742352337811, predicted->1316.7528364810653, err->-1.6058961229323772
[test.py] Running 1th optmization experiment
[test.py] Running 1th groundtruth exp
    [exp] Running (pre_run: False) workload synthetic/chain-d8-http-sync request with the following configuration: {'CLIENT_CPU_QUOTA': '2', 'SLOWPOKE_POKER_BATCH_THRESHOLD': '20000000', 'PROCESSING_TIME_SERVICE0': '0.00103987', 'PROCESSING_TIME_SERVICE1': '0.00102939', 'PROCESSING_TIME_SERVICE2': '0.00084391', 'PROCESSING_TIME_SERVICE3': '0.00082903', 'PROCESSING_TIME_SERVICE4': '0.00073297', 'PROCESSING_TIME_SERVICE5': '6.9e-05', 'PROCESSING_TIME_SERVICE6': '0.00042566', 'PROCESSING_TIME_SERVICE7': '0.00037051', 'PROCESSING_TIME_SERVICE8': '0.00031708', 'PROCESSING_TIME_SERVICE9': '0.00024455', 'SLOWPOKE_DELAY_MICROS_SERVICE0': '0.0', 'SLOWPOKE_POKER_BATCH_THRESHOLD_SERVICE0': '10', 'SLOWPOKE_DELAY_MICROS_SERVICE1': '0.0', 'SLOWPOKE_POKER_BATCH_THRESHOLD_SERVICE1': '10', 'SLOWPOKE_DELAY_MICROS_SERVICE2': '0.0', 'SLOWPOKE_POKER_BATCH_THRESHOLD_SERVICE2': '10', 'SLOWPOKE_DELAY_MICROS_SERVICE3': '0.0', 'SLOWPOKE_POKER_BATCH_THRESHOLD_SERVICE3': '10', 'SLOWPOKE_DELAY_MICROS_SERVICE4': '0.0', 'SLOWPOKE_POKER_BATCH_THRESHOLD_SERVICE4': '10', 'SLOWPOKE_DELAY_MICROS_SERVICE5': '0.0', 'SLOWPOKE_POKER_BATCH_THRESHOLD_SERVICE5': '10', 'SLOWPOKE_DELAY_MICROS_SERVICE6': '0.0', 'SLOWPOKE_POKER_BATCH_THRESHOLD_SERVICE6': '10', 'SLOWPOKE_DELAY_MICROS_SERVICE7': '0.0', 'SLOWPOKE_POKER_BATCH_THRESHOLD_SERVICE7': '10', 'SLOWPOKE_DELAY_MICROS_SERVICE8': '0.0', 'SLOWPOKE_POKER_BATCH_THRESHOLD_SERVICE8': '10', 'SLOWPOKE_DELAY_MICROS_SERVICE9': '0.0', 'SLOWPOKE_POKER_BATCH_THRESHOLD_SERVICE9': '10'}
    [exp] Executing cmd `bash run.sh synthetic chain-d8-http-sync 8 512 20000`:
        [run.sh] Running benchmark synthetic with request chain-d8-http-sync, thread 8, conn 512, duration 60
        [run.sh] Deleting all services
        configmap "config-service0" deleted
        deployment.apps "service0" deleted
        service "service0" deleted
        configmap "config-service1" deleted
        deployment.apps "service1" deleted
        service "service1" deleted
        configmap "config-service2" deleted
        deployment.apps "service2" deleted
        service "service2" deleted
        configmap "config-service3" deleted
        deployment.apps "service3" deleted
        service "service3" deleted
        configmap "config-service4" deleted
        deployment.apps "service4" deleted
        service "service4" deleted
        configmap "config-service5" deleted
        deployment.apps "service5" deleted
        service "service5" deleted
        configmap "config-service6" deleted
        deployment.apps "service6" deleted
        service "service6" deleted
        configmap "config-service7" deleted
        deployment.apps "service7" deleted
        service "service7" deleted
        configmap "config-service8" deleted
        deployment.apps "service8" deleted
        service "service8" deleted
        configmap "config-service9" deleted
        deployment.apps "service9" deleted
        service "service9" deleted
        deployment.apps "ubuntu-client" deleted
        [run.sh] Waiting for all pods to be deleted
        [run.sh] Deploying all services
        configmap/config-service0 created
        deployment.apps/service0 created
        service/service0 created
        configmap/config-service1 created
        deployment.apps/service1 created
        service/service1 created
        configmap/config-service2 created
        deployment.apps/service2 created
        service/service2 created
        configmap/config-service3 created
        deployment.apps/service3 created
        service/service3 created
        configmap/config-service4 created
        deployment.apps/service4 created
        service/service4 created
        configmap/config-service5 created
        deployment.apps/service5 created
        service/service5 created
        configmap/config-service6 created
        deployment.apps/service6 created
        service/service6 created
        configmap/config-service7 created
        deployment.apps/service7 created
        service/service7 created
        configmap/config-service8 created
        deployment.apps/service8 created
        service/service8 created
        configmap/config-service9 created
        deployment.apps/service9 created
        service/service9 created
        [run.sh] Client pod not found, deploying client
        deployment.apps/ubuntu-client created
        [run.sh] Waiting for all pods to be running
        [run.sh] All pods are running
        [run.sh] Checking heartbeat for all services
        [run.sh] All pods can connect to all services
        [run.sh] Running warmup test
        [run.sh] /wrk/wrk -t8 -c512 --timeout 3s -d3s -L http://service0:80/endpoint1
        Running 3s test @ http://service0:80/endpoint1
        8 threads and 512 connections
        Thread Stats   Avg      Stdev     Max   +/- Stdev
        Latency   405.10ms   87.65ms 913.67ms   83.68%
        Req/Sec   161.50     57.70   290.00     65.74%
        Latency Distribution
        50%  384.97ms
        75%  430.36ms
        90%  496.29ms
        99%  780.65ms
        3555 requests in 3.03s, 4.54MB read
        Requests/sec:   1173.12
        Transfer/sec:      1.50MB
        [run.sh] Speed is 1173.12, duration is 25
        [run.sh] Fix the request number.
        [run.sh] Running the actual test
        [run.sh] /wrk/wrk --timeout 20s -t8 -c512 -d25s -L -s /wrk/fix_req_n.lua http://service0:80/endpoint1
        Running 25s test @ http://service0:80/endpoint1
        8 threads and 512 connections
        Thread Stats   Avg      Stdev     Max   +/- Stdev
        Latency   374.73ms   76.82ms   1.47s    87.94%
        Req/Sec   169.98     48.21   404.00     67.97%
        Latency Distribution
        50%  361.91ms
        75%  395.21ms
        90%  446.83ms
        99%  657.48ms
        20000 requests in 25.00s, 25.54MB read
        Requests/sec:    800.00
        Transfer/sec:      1.02MB
        ------------------------------
        stop time: 14.399029
        stop time: 14.655100
        stop time: 14.686778
        stop time: 14.739082
        stop time: 14.996019
        stop time: 15.021831
        stop time: 15.049082
        stop time: 15.062411
        [run.sh] Checking the resource usage
        [run.sh] Test finished with status 0
        > STDERR
        > No resources found in default namespace.
        > error: metrics not available yet
    [exp] Times: [14.399029, 14.6551, 14.686778, 14.739082, 14.996019, 15.021831, 15.049082, 15.062411]
    [exp] Throughput: 1348.9663696950927
[test.py] Running 1th slowdown exp
    [exp] Running (pre_run: False) workload synthetic/chain-d8-http-sync request with the following configuration: {'CLIENT_CPU_QUOTA': '2', 'SLOWPOKE_POKER_BATCH_THRESHOLD': '20000000', 'PROCESSING_TIME_SERVICE0': '0.00103987', 'PROCESSING_TIME_SERVICE1': '0.00102939', 'PROCESSING_TIME_SERVICE2': '0.00084391', 'PROCESSING_TIME_SERVICE3': '0.00082903', 'PROCESSING_TIME_SERVICE4': '0.00073297', 'PROCESSING_TIME_SERVICE5': '0.00069626', 'PROCESSING_TIME_SERVICE6': '0.00042566', 'PROCESSING_TIME_SERVICE7': '0.00037051', 'PROCESSING_TIME_SERVICE8': '0.00031708', 'PROCESSING_TIME_SERVICE9': '0.00024455', 'SLOWPOKE_DELAY_MICROS_SERVICE0': '313.5', 'SLOWPOKE_POKER_BATCH_THRESHOLD_SERVICE0': '31349990', 'SLOWPOKE_DELAY_MICROS_SERVICE1': '313.5', 'SLOWPOKE_POKER_BATCH_THRESHOLD_SERVICE1': '31349990', 'SLOWPOKE_DELAY_MICROS_SERVICE2': '313.5', 'SLOWPOKE_POKER_BATCH_THRESHOLD_SERVICE2': '31349990', 'SLOWPOKE_DELAY_MICROS_SERVICE3': '313.5', 'SLOWPOKE_POKER_BATCH_THRESHOLD_SERVICE3': '31349990', 'SLOWPOKE_DELAY_MICROS_SERVICE4': '313.5', 'SLOWPOKE_POKER_BATCH_THRESHOLD_SERVICE4': '31349990', 'SLOWPOKE_DELAY_MICROS_SERVICE5': '0.0', 'SLOWPOKE_POKER_BATCH_THRESHOLD_SERVICE5': '10', 'SLOWPOKE_DELAY_MICROS_SERVICE6': '313.5', 'SLOWPOKE_POKER_BATCH_THRESHOLD_SERVICE6': '31349990', 'SLOWPOKE_DELAY_MICROS_SERVICE7': '313.5', 'SLOWPOKE_POKER_BATCH_THRESHOLD_SERVICE7': '31349990', 'SLOWPOKE_DELAY_MICROS_SERVICE8': '313.5', 'SLOWPOKE_POKER_BATCH_THRESHOLD_SERVICE8': '31349990', 'SLOWPOKE_DELAY_MICROS_SERVICE9': '313.5', 'SLOWPOKE_POKER_BATCH_THRESHOLD_SERVICE9': '31349990'}
    [exp] Executing cmd `bash run.sh synthetic chain-d8-http-sync 8 512 20000`:
        [run.sh] Running benchmark synthetic with request chain-d8-http-sync, thread 8, conn 512, duration 60
        [run.sh] Deleting all services
        configmap "config-service0" deleted
        deployment.apps "service0" deleted
        service "service0" deleted
        configmap "config-service1" deleted
        deployment.apps "service1" deleted
        service "service1" deleted
        configmap "config-service2" deleted
        deployment.apps "service2" deleted
        service "service2" deleted
        configmap "config-service3" deleted
        deployment.apps "service3" deleted
        service "service3" deleted
        configmap "config-service4" deleted
        deployment.apps "service4" deleted
        service "service4" deleted
        configmap "config-service5" deleted
        deployment.apps "service5" deleted
        service "service5" deleted
        configmap "config-service6" deleted
        deployment.apps "service6" deleted
        service "service6" deleted
        configmap "config-service7" deleted
        deployment.apps "service7" deleted
        service "service7" deleted
        configmap "config-service8" deleted
        deployment.apps "service8" deleted
        service "service8" deleted
        configmap "config-service9" deleted
        deployment.apps "service9" deleted
        service "service9" deleted
        deployment.apps "ubuntu-client" deleted
        [run.sh] Waiting for all pods to be deleted
        [run.sh] Deploying all services
        configmap/config-service0 created
        deployment.apps/service0 created
        service/service0 created
        configmap/config-service1 created
        deployment.apps/service1 created
        service/service1 created
        configmap/config-service2 created
        deployment.apps/service2 created
        service/service2 created
        configmap/config-service3 created
        deployment.apps/service3 created
        service/service3 created
        configmap/config-service4 created
        deployment.apps/service4 created
        service/service4 created
        configmap/config-service5 created
        deployment.apps/service5 created
        service/service5 created
        configmap/config-service6 created
        deployment.apps/service6 created
        service/service6 created
        configmap/config-service7 created
        deployment.apps/service7 created
        service/service7 created
        configmap/config-service8 created
        deployment.apps/service8 created
        service/service8 created
        configmap/config-service9 created
        deployment.apps/service9 created
        service/service9 created
        [run.sh] Client pod not found, deploying client
        deployment.apps/ubuntu-client created
        [run.sh] Waiting for all pods to be running
        [run.sh] All pods are running
        [run.sh] Checking heartbeat for all services
        [run.sh] All pods can connect to all services
        [run.sh] Running warmup test
        [run.sh] /wrk/wrk -t8 -c512 --timeout 3s -d3s -L http://service0:80/endpoint1
        Running 3s test @ http://service0:80/endpoint1
        8 threads and 512 connections
        Thread Stats   Avg      Stdev     Max   +/- Stdev
        Latency   549.52ms   90.54ms 916.02ms   81.06%
        Req/Sec   115.71     42.04   230.00     65.58%
        Latency Distribution
        50%  526.57ms
        75%  577.61ms
        90%  651.01ms
        99%  854.41ms
        2524 requests in 3.03s, 3.25MB read
        Requests/sec:    832.79
        Transfer/sec:      1.07MB
        [run.sh] Speed is 832.79, duration is 36
        [run.sh] Fix the request number.
        [run.sh] Running the actual test
        [run.sh] /wrk/wrk --timeout 20s -t8 -c512 -d36s -L -s /wrk/fix_req_n.lua http://service0:80/endpoint1
        [run.sh] Checking the resource usage
        NAME                             CPU(cores)   MEMORY(bytes)
        service0-9b64c7cd8-s5b4c         1m           44Mi
        service1-5c8df6d5c9-67rff        1m           19Mi
        service2-84f5bd4fd6-w8r6m        1m           18Mi
        service3-7dc9946c5c-6m8f2        6m           16Mi
        service4-fb958bfd4-zllhd         6m           14Mi
        service5-5467447458-dzp68        6m           13Mi
        service6-76f9d889f8-c57ks        214m         11Mi
        service7-7f48dc88d5-bzdhc        6m           11Mi
        service8-5884f777cb-kmtxh        219m         9Mi
        service9-68f465dfb8-gmbr8        40m          8Mi
        ubuntu-client-76886f6bbd-dqnw9   10m          0Mi
        Running 36s test @ http://service0:80/endpoint1
        8 threads and 512 connections
        Thread Stats   Avg      Stdev     Max   +/- Stdev
        Latency   532.39ms   96.95ms   1.49s    91.02%
        Req/Sec   119.68     38.12   330.00     65.11%
        Latency Distribution
        50%  525.36ms
        75%  556.99ms
        90%  601.93ms
        99%  894.61ms
        20000 requests in 36.00s, 25.54MB read
        Requests/sec:    555.55
        Transfer/sec:    726.45KB
        ------------------------------
        stop time: 20.620996
        stop time: 20.802767
        stop time: 20.849624
        stop time: 21.218229
        stop time: 21.222292
        stop time: 21.349646
        stop time: 21.200929
        stop time: 21.340558
        [run.sh] Test finished with status 0
        > STDERR
        > No resources found in default namespace.
    [exp] Times: [20.620996, 20.802767, 20.849624, 21.218229, 21.222292, 21.349646, 21.200929, 21.340558]
    [exp] Throughput: 948.963323107285
[test.py] Finished running 1th optmization experiment: groundtruth->1348.9663696950927, slowdown->948.963323107285, predicted->1351.0747347749523, err->0.1562948585839208
[test.py] Running 2th optmization experiment
[test.py] Running 2th groundtruth exp
    [exp] Running (pre_run: False) workload synthetic/chain-d8-http-sync request with the following configuration: {'CLIENT_CPU_QUOTA': '2', 'SLOWPOKE_POKER_BATCH_THRESHOLD': '20000000', 'PROCESSING_TIME_SERVICE0': '0.00103987', 'PROCESSING_TIME_SERVICE1': '0.00102939', 'PROCESSING_TIME_SERVICE2': '0.00084391', 'PROCESSING_TIME_SERVICE3': '0.00082903', 'PROCESSING_TIME_SERVICE4': '0.00073297', 'PROCESSING_TIME_SERVICE5': '0.000138', 'PROCESSING_TIME_SERVICE6': '0.00042566', 'PROCESSING_TIME_SERVICE7': '0.00037051', 'PROCESSING_TIME_SERVICE8': '0.00031708', 'PROCESSING_TIME_SERVICE9': '0.00024455', 'SLOWPOKE_DELAY_MICROS_SERVICE0': '0.0', 'SLOWPOKE_POKER_BATCH_THRESHOLD_SERVICE0': '10', 'SLOWPOKE_DELAY_MICROS_SERVICE1': '0.0', 'SLOWPOKE_POKER_BATCH_THRESHOLD_SERVICE1': '10', 'SLOWPOKE_DELAY_MICROS_SERVICE2': '0.0', 'SLOWPOKE_POKER_BATCH_THRESHOLD_SERVICE2': '10', 'SLOWPOKE_DELAY_MICROS_SERVICE3': '0.0', 'SLOWPOKE_POKER_BATCH_THRESHOLD_SERVICE3': '10', 'SLOWPOKE_DELAY_MICROS_SERVICE4': '0.0', 'SLOWPOKE_POKER_BATCH_THRESHOLD_SERVICE4': '10', 'SLOWPOKE_DELAY_MICROS_SERVICE5': '0.0', 'SLOWPOKE_POKER_BATCH_THRESHOLD_SERVICE5': '10', 'SLOWPOKE_DELAY_MICROS_SERVICE6': '0.0', 'SLOWPOKE_POKER_BATCH_THRESHOLD_SERVICE6': '10', 'SLOWPOKE_DELAY_MICROS_SERVICE7': '0.0', 'SLOWPOKE_POKER_BATCH_THRESHOLD_SERVICE7': '10', 'SLOWPOKE_DELAY_MICROS_SERVICE8': '0.0', 'SLOWPOKE_POKER_BATCH_THRESHOLD_SERVICE8': '10', 'SLOWPOKE_DELAY_MICROS_SERVICE9': '0.0', 'SLOWPOKE_POKER_BATCH_THRESHOLD_SERVICE9': '10'}
    [exp] Executing cmd `bash run.sh synthetic chain-d8-http-sync 8 512 20000`:
        [run.sh] Running benchmark synthetic with request chain-d8-http-sync, thread 8, conn 512, duration 60
        [run.sh] Deleting all services
        configmap "config-service0" deleted
        deployment.apps "service0" deleted
        service "service0" deleted
        configmap "config-service1" deleted
        deployment.apps "service1" deleted
        service "service1" deleted
        configmap "config-service2" deleted
        deployment.apps "service2" deleted
        service "service2" deleted
        configmap "config-service3" deleted
        deployment.apps "service3" deleted
        service "service3" deleted
        configmap "config-service4" deleted
        deployment.apps "service4" deleted
        service "service4" deleted
        configmap "config-service5" deleted
        deployment.apps "service5" deleted
        service "service5" deleted
        configmap "config-service6" deleted
        deployment.apps "service6" deleted
        service "service6" deleted
        configmap "config-service7" deleted
        deployment.apps "service7" deleted
        service "service7" deleted
        configmap "config-service8" deleted
        deployment.apps "service8" deleted
        service "service8" deleted
        configmap "config-service9" deleted
        deployment.apps "service9" deleted
        service "service9" deleted
        deployment.apps "ubuntu-client" deleted
        [run.sh] Waiting for all pods to be deleted
        [run.sh] Deploying all services
        configmap/config-service0 created
        deployment.apps/service0 created
        service/service0 created
        configmap/config-service1 created
        deployment.apps/service1 created
        service/service1 created
        configmap/config-service2 created
        deployment.apps/service2 created
        service/service2 created
        configmap/config-service3 created
        deployment.apps/service3 created
        service/service3 created
        configmap/config-service4 created
        deployment.apps/service4 created
        service/service4 created
        configmap/config-service5 created
        deployment.apps/service5 created
        service/service5 created
        configmap/config-service6 created
        deployment.apps/service6 created
        service/service6 created
        configmap/config-service7 created
        deployment.apps/service7 created
        service/service7 created
        configmap/config-service8 created
        deployment.apps/service8 created
        service/service8 created
        configmap/config-service9 created
        deployment.apps/service9 created
        service/service9 created
        [run.sh] Client pod not found, deploying client
        deployment.apps/ubuntu-client created
        [run.sh] Waiting for all pods to be running
        [run.sh] All pods are running
        [run.sh] Checking heartbeat for all services
        [run.sh] service0-7564bb8985-slsgf cannot connect to service3
        [run.sh] service0-7564bb8985-slsgf cannot connect to service3
        [run.sh] service0-7564bb8985-slsgf cannot connect to service3
        [run.sh] service1-5b899d549d-2nrxf cannot connect to service3
        [run.sh] service1-5b899d549d-2nrxf cannot connect to service3
        [run.sh] service4-66495c49c-mnds7 cannot connect to service3
        [run.sh] service5-5467447458-v9jvl cannot connect to service3
        [run.sh] service6-555868f599-ft8dp cannot connect to service3
        [run.sh] service7-868cb9c7bd-lm5g6 cannot connect to service3
        [run.sh] service8-bcc5c55c7-l2jxk cannot connect to service3
        [run.sh] service9-c64958867-rngw9 cannot connect to service3
        [run.sh] ubuntu-client-76886f6bbd-26jtd cannot connect to service3
        [run.sh] All pods can connect to all services
        [run.sh] Running warmup test
        [run.sh] /wrk/wrk -t8 -c512 --timeout 3s -d3s -L http://service0:80/endpoint1
        Running 3s test @ http://service0:80/endpoint1
        8 threads and 512 connections
        Thread Stats   Avg      Stdev     Max   +/- Stdev
        Latency   379.18ms   70.92ms 732.27ms   86.91%
        Req/Sec   173.28     64.69   440.00     69.91%
        Latency Distribution
        50%  361.39ms
        75%  391.21ms
        90%  447.23ms
        99%  659.30ms
        3798 requests in 3.03s, 4.85MB read
        Requests/sec:   1252.11
        Transfer/sec:      1.60MB
        [run.sh] Speed is 1252.11, duration is 23
        [run.sh] Fix the request number.
        [run.sh] Running the actual test
        [run.sh] /wrk/wrk --timeout 20s -t8 -c512 -d23s -L -s /wrk/fix_req_n.lua http://service0:80/endpoint1
        Running 23s test @ http://service0:80/endpoint1
        8 threads and 512 connections
        Thread Stats   Avg      Stdev     Max   +/- Stdev
        Latency   375.78ms   68.60ms   1.04s    87.33%
        Req/Sec   170.11     45.47   450.00     71.70%
        Latency Distribution
        50%  367.40ms
        75%  397.26ms
        90%  434.77ms
        99%  675.03ms
        20000 requests in 23.00s, 25.54MB read
        Requests/sec:    869.56
        Transfer/sec:      1.11MB
        ------------------------------
        stop time: 14.570614
        stop time: 14.525769
        stop time: 14.720015
        stop time: 14.895155
        stop time: 14.937533
        stop time: 15.057691
        stop time: 15.058478
        stop time: 15.116231
        [run.sh] Checking the resource usage
        NAME                             CPU(cores)   MEMORY(bytes)
        service0-7564bb8985-slsgf        1m           43Mi
        service1-5b899d549d-2nrxf        1m           19Mi
        service2-6f7c796b99-8888f        1m           17Mi
        service3-5dc7779b96-kpxx5        5m           15Mi
        service4-66495c49c-mnds7         5m           13Mi
        service5-5467447458-v9jvl        6m           11Mi
        service6-555868f599-ft8dp        418m         10Mi
        service7-868cb9c7bd-lm5g6        6m           10Mi
        service8-bcc5c55c7-l2jxk         6m           9Mi
        service9-c64958867-rngw9         146m         8Mi
        ubuntu-client-76886f6bbd-26jtd   18m          0Mi
        [run.sh] Test finished with status 0
        > STDERR
        > No resources found in default namespace.
        > command terminated with exit code 1
        > command terminated with exit code 1
        > command terminated with exit code 1
        > command terminated with exit code 1
        > command terminated with exit code 1
        > command terminated with exit code 1
        > command terminated with exit code 1
        > command terminated with exit code 1
        > command terminated with exit code 1
        > command terminated with exit code 1
        > command terminated with exit code 1
        > curl: (28) Connection timed out after 1002 milliseconds
        > command terminated with exit code 28
    [exp] Times: [14.570614, 14.525769, 14.720015, 14.895155, 14.937533, 15.057691, 15.058478, 15.116231]
    [exp] Throughput: 1345.8781967109662
[test.py] Running 2th slowdown exp
    [exp] Running (pre_run: False) workload synthetic/chain-d8-http-sync request with the following configuration: {'CLIENT_CPU_QUOTA': '2', 'SLOWPOKE_POKER_BATCH_THRESHOLD': '20000000', 'PROCESSING_TIME_SERVICE0': '0.00103987', 'PROCESSING_TIME_SERVICE1': '0.00102939', 'PROCESSING_TIME_SERVICE2': '0.00084391', 'PROCESSING_TIME_SERVICE3': '0.00082903', 'PROCESSING_TIME_SERVICE4': '0.00073297', 'PROCESSING_TIME_SERVICE5': '0.00069626', 'PROCESSING_TIME_SERVICE6': '0.00042566', 'PROCESSING_TIME_SERVICE7': '0.00037051', 'PROCESSING_TIME_SERVICE8': '0.00031708', 'PROCESSING_TIME_SERVICE9': '0.00024455', 'SLOWPOKE_DELAY_MICROS_SERVICE0': '279.0', 'SLOWPOKE_POKER_BATCH_THRESHOLD_SERVICE0': '27899990', 'SLOWPOKE_DELAY_MICROS_SERVICE1': '279.0', 'SLOWPOKE_POKER_BATCH_THRESHOLD_SERVICE1': '27899990', 'SLOWPOKE_DELAY_MICROS_SERVICE2': '279.0', 'SLOWPOKE_POKER_BATCH_THRESHOLD_SERVICE2': '27899990', 'SLOWPOKE_DELAY_MICROS_SERVICE3': '279.0', 'SLOWPOKE_POKER_BATCH_THRESHOLD_SERVICE3': '27899990', 'SLOWPOKE_DELAY_MICROS_SERVICE4': '279.0', 'SLOWPOKE_POKER_BATCH_THRESHOLD_SERVICE4': '27899990', 'SLOWPOKE_DELAY_MICROS_SERVICE5': '0.0', 'SLOWPOKE_POKER_BATCH_THRESHOLD_SERVICE5': '10', 'SLOWPOKE_DELAY_MICROS_SERVICE6': '279.0', 'SLOWPOKE_POKER_BATCH_THRESHOLD_SERVICE6': '27899990', 'SLOWPOKE_DELAY_MICROS_SERVICE7': '279.0', 'SLOWPOKE_POKER_BATCH_THRESHOLD_SERVICE7': '27899990', 'SLOWPOKE_DELAY_MICROS_SERVICE8': '279.0', 'SLOWPOKE_POKER_BATCH_THRESHOLD_SERVICE8': '27899990', 'SLOWPOKE_DELAY_MICROS_SERVICE9': '279.0', 'SLOWPOKE_POKER_BATCH_THRESHOLD_SERVICE9': '27899990'}
    [exp] Executing cmd `bash run.sh synthetic chain-d8-http-sync 8 512 20000`:
        [run.sh] Running benchmark synthetic with request chain-d8-http-sync, thread 8, conn 512, duration 60
        [run.sh] Deleting all services
        configmap "config-service0" deleted
        deployment.apps "service0" deleted
        service "service0" deleted
        configmap "config-service1" deleted
        deployment.apps "service1" deleted
        service "service1" deleted
        configmap "config-service2" deleted
        deployment.apps "service2" deleted
        service "service2" deleted
        configmap "config-service3" deleted
        deployment.apps "service3" deleted
        service "service3" deleted
        configmap "config-service4" deleted
        deployment.apps "service4" deleted
        service "service4" deleted
        configmap "config-service5" deleted
        deployment.apps "service5" deleted
        service "service5" deleted
        configmap "config-service6" deleted
        deployment.apps "service6" deleted
        service "service6" deleted
        configmap "config-service7" deleted
        deployment.apps "service7" deleted
        service "service7" deleted
        configmap "config-service8" deleted
        deployment.apps "service8" deleted
        service "service8" deleted
        configmap "config-service9" deleted
        deployment.apps "service9" deleted
        service "service9" deleted
        deployment.apps "ubuntu-client" deleted
        [run.sh] Waiting for all pods to be deleted
        [run.sh] Deploying all services
        configmap/config-service0 created
        deployment.apps/service0 created
        service/service0 created
        configmap/config-service1 created
        deployment.apps/service1 created
        service/service1 created
        configmap/config-service2 created
        deployment.apps/service2 created
        service/service2 created
        configmap/config-service3 created
        deployment.apps/service3 created
        service/service3 created
        configmap/config-service4 created
        deployment.apps/service4 created
        service/service4 created
        configmap/config-service5 created
        deployment.apps/service5 created
        service/service5 created
        configmap/config-service6 created
        deployment.apps/service6 created
        service/service6 created
        configmap/config-service7 created
        deployment.apps/service7 created
        service/service7 created
        configmap/config-service8 created
        deployment.apps/service8 created
        service/service8 created
        configmap/config-service9 created
        deployment.apps/service9 created
        service/service9 created
        [run.sh] Client pod not found, deploying client
        deployment.apps/ubuntu-client created
        [run.sh] Waiting for all pods to be running
        [run.sh] All pods are running
        [run.sh] Checking heartbeat for all services
        [run.sh] All pods can connect to all services
        [run.sh] Running warmup test
        [run.sh] /wrk/wrk -t8 -c512 --timeout 3s -d3s -L http://service0:80/endpoint1
        Running 3s test @ http://service0:80/endpoint1
        8 threads and 512 connections
        Thread Stats   Avg      Stdev     Max   +/- Stdev
        Latency   563.75ms  122.03ms   1.27s    78.79%
        Req/Sec   111.06     50.69   240.00     66.96%
        Latency Distribution
        50%  544.14ms
        75%  631.29ms
        90%  698.67ms
        99%    1.02s
        2499 requests in 3.03s, 3.19MB read
        Requests/sec:    825.83
        Transfer/sec:      1.05MB
        [run.sh] Speed is 825.83, duration is 36
        [run.sh] Fix the request number.
        [run.sh] Running the actual test
        [run.sh] /wrk/wrk --timeout 20s -t8 -c512 -d36s -L -s /wrk/fix_req_n.lua http://service0:80/endpoint1
        [run.sh] Checking the resource usage
        NAME                             CPU(cores)   MEMORY(bytes)
        service0-544b75c497-pczf4        259m         51Mi
        service1-6bc8844bbb-q5sl4        27m          20Mi
        service2-6bf884cfd7-lbkdg        27m          17Mi
        service3-9f8c4579b-5xd7b         179m         16Mi
        service4-56564cb69c-nz7mh        59m          13Mi
        service5-5467447458-zncjb        210m         14Mi
        service6-544cc9c599-p2fkp        299m         12Mi
        service7-7b45db477b-qx5sc        240m         11Mi
        service8-7545c877b9-47hdw        276m         11Mi
        service9-646698f87-6p44k         197m         8Mi
        ubuntu-client-76886f6bbd-jpl78   18m          12Mi
        Running 36s test @ http://service0:80/endpoint1
        8 threads and 512 connections
        Thread Stats   Avg      Stdev     Max   +/- Stdev
        Latency   528.48ms   77.66ms   1.08s    81.12%
        Req/Sec   120.08     39.29   393.00     64.00%
        Latency Distribution
        50%  517.80ms
        75%  566.56ms
        90%  617.33ms
        99%  756.69ms
        20000 requests in 36.00s, 25.54MB read
        Requests/sec:    555.55
        Transfer/sec:    726.45KB
        ------------------------------
        stop time: 20.420739
        stop time: 20.981552
        stop time: 20.993574
        stop time: 20.868950
        stop time: 21.083749
        stop time: 21.094277
        stop time: 21.000465
        stop time: 21.065019
        [run.sh] Test finished with status 0
        > STDERR
        > No resources found in default namespace.
    [exp] Times: [20.420739, 20.981552, 20.993574, 20.86895, 21.083749, 21.094277, 21.000465, 21.065019]
    [exp] Throughput: 955.1764069039552
[test.py] Finished running 2th optmization experiment: groundtruth->1345.8781967109662, slowdown->955.1764069039552, predicted->1302.427541784012, err->-3.228424015868465
[test.py] Running 3th optmization experiment
[test.py] Running 3th groundtruth exp
    [exp] Running (pre_run: False) workload synthetic/chain-d8-http-sync request with the following configuration: {'CLIENT_CPU_QUOTA': '2', 'SLOWPOKE_POKER_BATCH_THRESHOLD': '20000000', 'PROCESSING_TIME_SERVICE0': '0.00103987', 'PROCESSING_TIME_SERVICE1': '0.00102939', 'PROCESSING_TIME_SERVICE2': '0.00084391', 'PROCESSING_TIME_SERVICE3': '0.00082903', 'PROCESSING_TIME_SERVICE4': '0.00073297', 'PROCESSING_TIME_SERVICE5': '0.000207', 'PROCESSING_TIME_SERVICE6': '0.00042566', 'PROCESSING_TIME_SERVICE7': '0.00037051', 'PROCESSING_TIME_SERVICE8': '0.00031708', 'PROCESSING_TIME_SERVICE9': '0.00024455', 'SLOWPOKE_DELAY_MICROS_SERVICE0': '0.0', 'SLOWPOKE_POKER_BATCH_THRESHOLD_SERVICE0': '10', 'SLOWPOKE_DELAY_MICROS_SERVICE1': '0.0', 'SLOWPOKE_POKER_BATCH_THRESHOLD_SERVICE1': '10', 'SLOWPOKE_DELAY_MICROS_SERVICE2': '0.0', 'SLOWPOKE_POKER_BATCH_THRESHOLD_SERVICE2': '10', 'SLOWPOKE_DELAY_MICROS_SERVICE3': '0.0', 'SLOWPOKE_POKER_BATCH_THRESHOLD_SERVICE3': '10', 'SLOWPOKE_DELAY_MICROS_SERVICE4': '0.0', 'SLOWPOKE_POKER_BATCH_THRESHOLD_SERVICE4': '10', 'SLOWPOKE_DELAY_MICROS_SERVICE5': '0.0', 'SLOWPOKE_POKER_BATCH_THRESHOLD_SERVICE5': '10', 'SLOWPOKE_DELAY_MICROS_SERVICE6': '0.0', 'SLOWPOKE_POKER_BATCH_THRESHOLD_SERVICE6': '10', 'SLOWPOKE_DELAY_MICROS_SERVICE7': '0.0', 'SLOWPOKE_POKER_BATCH_THRESHOLD_SERVICE7': '10', 'SLOWPOKE_DELAY_MICROS_SERVICE8': '0.0', 'SLOWPOKE_POKER_BATCH_THRESHOLD_SERVICE8': '10', 'SLOWPOKE_DELAY_MICROS_SERVICE9': '0.0', 'SLOWPOKE_POKER_BATCH_THRESHOLD_SERVICE9': '10'}
    [exp] Executing cmd `bash run.sh synthetic chain-d8-http-sync 8 512 20000`:
        [run.sh] Running benchmark synthetic with request chain-d8-http-sync, thread 8, conn 512, duration 60
        [run.sh] Deleting all services
        configmap "config-service0" deleted
        deployment.apps "service0" deleted
        service "service0" deleted
        configmap "config-service1" deleted
        deployment.apps "service1" deleted
        service "service1" deleted
        configmap "config-service2" deleted
        deployment.apps "service2" deleted
        service "service2" deleted
        configmap "config-service3" deleted
        deployment.apps "service3" deleted
        service "service3" deleted
        configmap "config-service4" deleted
        deployment.apps "service4" deleted
        service "service4" deleted
        configmap "config-service5" deleted
        deployment.apps "service5" deleted
        service "service5" deleted
        configmap "config-service6" deleted
        deployment.apps "service6" deleted
        service "service6" deleted
        configmap "config-service7" deleted
        deployment.apps "service7" deleted
        service "service7" deleted
        configmap "config-service8" deleted
        deployment.apps "service8" deleted
        service "service8" deleted
        configmap "config-service9" deleted
        deployment.apps "service9" deleted
        service "service9" deleted
        deployment.apps "ubuntu-client" deleted
        [run.sh] Waiting for all pods to be deleted
        [run.sh] Deploying all services
        configmap/config-service0 created
        deployment.apps/service0 created
        service/service0 created
        configmap/config-service1 created
        deployment.apps/service1 created
        service/service1 created
        configmap/config-service2 created
        deployment.apps/service2 created
        service/service2 created
        configmap/config-service3 created
        deployment.apps/service3 created
        service/service3 created
        configmap/config-service4 created
        deployment.apps/service4 created
        service/service4 created
        configmap/config-service5 created
        deployment.apps/service5 created
        service/service5 created
        configmap/config-service6 created
        deployment.apps/service6 created
        service/service6 created
        configmap/config-service7 created
        deployment.apps/service7 created
        service/service7 created
        configmap/config-service8 created
        deployment.apps/service8 created
        service/service8 created
        configmap/config-service9 created
        deployment.apps/service9 created
        service/service9 created
        [run.sh] Client pod not found, deploying client
        deployment.apps/ubuntu-client created
        [run.sh] Waiting for all pods to be running
        [run.sh] All pods are running
        [run.sh] Checking heartbeat for all services
        [run.sh] All pods can connect to all services
        [run.sh] Running warmup test
        [run.sh] /wrk/wrk -t8 -c512 --timeout 3s -d3s -L http://service0:80/endpoint1
        Running 3s test @ http://service0:80/endpoint1
        8 threads and 512 connections
        Thread Stats   Avg      Stdev     Max   +/- Stdev
        Latency   415.83ms   84.45ms 878.32ms   80.42%
        Req/Sec   156.60     56.99   323.00     71.62%
        Latency Distribution
        50%  398.37ms
        75%  446.35ms
        90%  515.64ms
        99%  725.85ms
        3483 requests in 3.02s, 4.45MB read
        Requests/sec:   1152.36
        Transfer/sec:      1.47MB
        [run.sh] Speed is 1152.36, duration is 26
        [run.sh] Fix the request number.
        [run.sh] Running the actual test
        [run.sh] /wrk/wrk --timeout 20s -t8 -c512 -d26s -L -s /wrk/fix_req_n.lua http://service0:80/endpoint1
        Running 26s test @ http://service0:80/endpoint1
        8 threads and 512 connections
        Thread Stats   Avg      Stdev     Max   +/- Stdev
        Latency   385.33ms   81.49ms   1.13s    86.65%
        Req/Sec   165.50     49.25   454.00     71.69%
        Latency Distribution
        50%  373.67ms
        75%  418.05ms
        90%  465.84ms
        99%  694.04ms
        20000 requests in 26.00s, 25.54MB read
        Requests/sec:    769.23
        Transfer/sec:      0.98MB
        ------------------------------
        stop time: 14.917601
        stop time: 15.047403
        stop time: 15.240741
        stop time: 15.344801
        stop time: 15.410072
        stop time: 15.233751
        stop time: 15.350050
        stop time: 15.458845
        [run.sh] Checking the resource usage
        NAME                             CPU(cores)   MEMORY(bytes)
        service0-7564bb8985-cb7xs        1816m        47Mi
        service1-5b899d549d-6wzfr        1802m        20Mi
        service2-6f7c796b99-v2xh4        1633m        18Mi
        service3-5dc7779b96-vvtnw        1603m        17Mi
        service4-66495c49c-sbvl9         1538m        15Mi
        service5-5467447458-m8nxf        1082m        12Mi
        service6-555868f599-nvqrz        1271m        11Mi
        service7-868cb9c7bd-8s6z8        1268m        11Mi
        service8-bcc5c55c7-zh4p8         1187m        10Mi
        service9-c64958867-2m6tl         455m         9Mi
        ubuntu-client-76886f6bbd-wdlxp   60m          14Mi
        [run.sh] Test finished with status 0
        > STDERR
        > No resources found in default namespace.
    [exp] Times: [14.917601, 15.047403, 15.240741, 15.344801, 15.410072, 15.233751, 15.35005, 15.458845]
    [exp] Throughput: 1311.4403234326585
[test.py] Running 3th slowdown exp
    [exp] Running (pre_run: False) workload synthetic/chain-d8-http-sync request with the following configuration: {'CLIENT_CPU_QUOTA': '2', 'SLOWPOKE_POKER_BATCH_THRESHOLD': '20000000', 'PROCESSING_TIME_SERVICE0': '0.00103987', 'PROCESSING_TIME_SERVICE1': '0.00102939', 'PROCESSING_TIME_SERVICE2': '0.00084391', 'PROCESSING_TIME_SERVICE3': '0.00082903', 'PROCESSING_TIME_SERVICE4': '0.00073297', 'PROCESSING_TIME_SERVICE5': '0.00069626', 'PROCESSING_TIME_SERVICE6': '0.00042566', 'PROCESSING_TIME_SERVICE7': '0.00037051', 'PROCESSING_TIME_SERVICE8': '0.00031708', 'PROCESSING_TIME_SERVICE9': '0.00024455', 'SLOWPOKE_DELAY_MICROS_SERVICE0': '244.5', 'SLOWPOKE_POKER_BATCH_THRESHOLD_SERVICE0': '24449990', 'SLOWPOKE_DELAY_MICROS_SERVICE1': '244.5', 'SLOWPOKE_POKER_BATCH_THRESHOLD_SERVICE1': '24449990', 'SLOWPOKE_DELAY_MICROS_SERVICE2': '244.5', 'SLOWPOKE_POKER_BATCH_THRESHOLD_SERVICE2': '24449990', 'SLOWPOKE_DELAY_MICROS_SERVICE3': '244.5', 'SLOWPOKE_POKER_BATCH_THRESHOLD_SERVICE3': '24449990', 'SLOWPOKE_DELAY_MICROS_SERVICE4': '244.5', 'SLOWPOKE_POKER_BATCH_THRESHOLD_SERVICE4': '24449990', 'SLOWPOKE_DELAY_MICROS_SERVICE5': '0.0', 'SLOWPOKE_POKER_BATCH_THRESHOLD_SERVICE5': '10', 'SLOWPOKE_DELAY_MICROS_SERVICE6': '244.5', 'SLOWPOKE_POKER_BATCH_THRESHOLD_SERVICE6': '24449990', 'SLOWPOKE_DELAY_MICROS_SERVICE7': '244.5', 'SLOWPOKE_POKER_BATCH_THRESHOLD_SERVICE7': '24449990', 'SLOWPOKE_DELAY_MICROS_SERVICE8': '244.5', 'SLOWPOKE_POKER_BATCH_THRESHOLD_SERVICE8': '24449990', 'SLOWPOKE_DELAY_MICROS_SERVICE9': '244.5', 'SLOWPOKE_POKER_BATCH_THRESHOLD_SERVICE9': '24449990'}
    [exp] Executing cmd `bash run.sh synthetic chain-d8-http-sync 8 512 20000`:
        [run.sh] Running benchmark synthetic with request chain-d8-http-sync, thread 8, conn 512, duration 60
        [run.sh] Deleting all services
        configmap "config-service0" deleted
        deployment.apps "service0" deleted
        service "service0" deleted
        configmap "config-service1" deleted
        deployment.apps "service1" deleted
        service "service1" deleted
        configmap "config-service2" deleted
        deployment.apps "service2" deleted
        service "service2" deleted
        configmap "config-service3" deleted
        deployment.apps "service3" deleted
        service "service3" deleted
        configmap "config-service4" deleted
        deployment.apps "service4" deleted
        service "service4" deleted
        configmap "config-service5" deleted
        deployment.apps "service5" deleted
        service "service5" deleted
        configmap "config-service6" deleted
        deployment.apps "service6" deleted
        service "service6" deleted
        configmap "config-service7" deleted
        deployment.apps "service7" deleted
        service "service7" deleted
        configmap "config-service8" deleted
        deployment.apps "service8" deleted
        service "service8" deleted
        configmap "config-service9" deleted
        deployment.apps "service9" deleted
        service "service9" deleted
        deployment.apps "ubuntu-client" deleted
        [run.sh] Waiting for all pods to be deleted
        [run.sh] Deploying all services
        configmap/config-service0 created
        deployment.apps/service0 created
        service/service0 created
        configmap/config-service1 created
        deployment.apps/service1 created
        service/service1 created
        configmap/config-service2 created
        deployment.apps/service2 created
        service/service2 created
        configmap/config-service3 created
        deployment.apps/service3 created
        service/service3 created
        configmap/config-service4 created
        deployment.apps/service4 created
        service/service4 created
        configmap/config-service5 created
        deployment.apps/service5 created
        service/service5 created
        configmap/config-service6 created
        deployment.apps/service6 created
        service/service6 created
        configmap/config-service7 created
        deployment.apps/service7 created
        service/service7 created
        configmap/config-service8 created
        deployment.apps/service8 created
        service/service8 created
        configmap/config-service9 created
        deployment.apps/service9 created
        service/service9 created
        [run.sh] Client pod not found, deploying client
        deployment.apps/ubuntu-client created
        [run.sh] Waiting for all pods to be running
        [run.sh] All pods are running
        [run.sh] Checking heartbeat for all services
        [run.sh] All pods can connect to all services
        [run.sh] Running warmup test
        [run.sh] /wrk/wrk -t8 -c512 --timeout 3s -d3s -L http://service0:80/endpoint1
        Running 3s test @ http://service0:80/endpoint1
        8 threads and 512 connections
        Thread Stats   Avg      Stdev     Max   +/- Stdev
        Latency   528.37ms   89.07ms 975.42ms   81.71%
        Req/Sec   117.73     50.03   252.00     70.72%
        Latency Distribution
        50%  513.02ms
        75%  558.07ms
        90%  620.95ms
        99%  889.43ms
        2625 requests in 3.03s, 3.35MB read
        Requests/sec:    866.28
        Transfer/sec:      1.11MB
        [run.sh] Speed is 866.28, duration is 34
        [run.sh] Fix the request number.
        [run.sh] Running the actual test
        [run.sh] /wrk/wrk --timeout 20s -t8 -c512 -d34s -L -s /wrk/fix_req_n.lua http://service0:80/endpoint1
        Running 34s test @ http://service0:80/endpoint1
        8 threads and 512 connections
        Thread Stats   Avg      Stdev     Max   +/- Stdev
        Latency   877.75ms    1.09s    5.59s    90.54%
        Req/Sec   124.79     39.77   343.00     71.93%
        Latency Distribution
        50%  508.21ms
        75%  572.02ms
        90%    1.92s
        99%    5.40s
        20000 requests in 34.00s, 25.54MB read
        Requests/sec:    588.23
        Transfer/sec:    769.26KB
        ------------------------------
        stop time: 24.452483
        stop time: 24.835314
        stop time: 24.831119
        stop time: 24.938903
        stop time: 25.193820
        stop time: 25.089542
        stop time: 25.115885
        stop time: 25.101245
        [run.sh] Checking the resource usage
        NAME                             CPU(cores)   MEMORY(bytes)
        service0-574cf67944-rz287        1099m        47Mi
        service1-66b7d5655-j9lz8         791m         20Mi
        service2-59b47d7574-hfqqd        714m         17Mi
        service3-784874bc7-nf9bq         899m         16Mi
        service4-5d9db8f548-5jpvv        735m         15Mi
        service5-5467447458-2d7wv        902m         15Mi
        service6-6df8786cbb-vbqmp        778m         13Mi
        service7-646c8cf45-jrcvv         792m         12Mi
        service8-5dd54fd864-798st        749m         11Mi
        service9-84bb46497b-jnv9h        298m         9Mi
        ubuntu-client-76886f6bbd-cglwl   20m          15Mi
        [run.sh] Test finished with status 0
        > STDERR
        > No resources found in default namespace.
    [exp] Times: [24.452483, 24.835314, 24.831119, 24.938903, 25.19382, 25.089542, 25.115885, 25.101245]
    [exp] Throughput: 801.7706664194005
[test.py] Finished running 3th optmization experiment: groundtruth->1311.4403234326585, slowdown->801.7706664194005, predicted->997.397347724713, err->-23.946417545401285
[test.py] Running 4th optmization experiment
[test.py] Running 4th groundtruth exp
    [exp] Running (pre_run: False) workload synthetic/chain-d8-http-sync request with the following configuration: {'CLIENT_CPU_QUOTA': '2', 'SLOWPOKE_POKER_BATCH_THRESHOLD': '20000000', 'PROCESSING_TIME_SERVICE0': '0.00103987', 'PROCESSING_TIME_SERVICE1': '0.00102939', 'PROCESSING_TIME_SERVICE2': '0.00084391', 'PROCESSING_TIME_SERVICE3': '0.00082903', 'PROCESSING_TIME_SERVICE4': '0.00073297', 'PROCESSING_TIME_SERVICE5': '0.000276', 'PROCESSING_TIME_SERVICE6': '0.00042566', 'PROCESSING_TIME_SERVICE7': '0.00037051', 'PROCESSING_TIME_SERVICE8': '0.00031708', 'PROCESSING_TIME_SERVICE9': '0.00024455', 'SLOWPOKE_DELAY_MICROS_SERVICE0': '0.0', 'SLOWPOKE_POKER_BATCH_THRESHOLD_SERVICE0': '10', 'SLOWPOKE_DELAY_MICROS_SERVICE1': '0.0', 'SLOWPOKE_POKER_BATCH_THRESHOLD_SERVICE1': '10', 'SLOWPOKE_DELAY_MICROS_SERVICE2': '0.0', 'SLOWPOKE_POKER_BATCH_THRESHOLD_SERVICE2': '10', 'SLOWPOKE_DELAY_MICROS_SERVICE3': '0.0', 'SLOWPOKE_POKER_BATCH_THRESHOLD_SERVICE3': '10', 'SLOWPOKE_DELAY_MICROS_SERVICE4': '0.0', 'SLOWPOKE_POKER_BATCH_THRESHOLD_SERVICE4': '10', 'SLOWPOKE_DELAY_MICROS_SERVICE5': '0.0', 'SLOWPOKE_POKER_BATCH_THRESHOLD_SERVICE5': '10', 'SLOWPOKE_DELAY_MICROS_SERVICE6': '0.0', 'SLOWPOKE_POKER_BATCH_THRESHOLD_SERVICE6': '10', 'SLOWPOKE_DELAY_MICROS_SERVICE7': '0.0', 'SLOWPOKE_POKER_BATCH_THRESHOLD_SERVICE7': '10', 'SLOWPOKE_DELAY_MICROS_SERVICE8': '0.0', 'SLOWPOKE_POKER_BATCH_THRESHOLD_SERVICE8': '10', 'SLOWPOKE_DELAY_MICROS_SERVICE9': '0.0', 'SLOWPOKE_POKER_BATCH_THRESHOLD_SERVICE9': '10'}
    [exp] Executing cmd `bash run.sh synthetic chain-d8-http-sync 8 512 20000`:
        [run.sh] Running benchmark synthetic with request chain-d8-http-sync, thread 8, conn 512, duration 60
        [run.sh] Deleting all services
        configmap "config-service0" deleted
        deployment.apps "service0" deleted
        service "service0" deleted
        configmap "config-service1" deleted
        deployment.apps "service1" deleted
        service "service1" deleted
        configmap "config-service2" deleted
        deployment.apps "service2" deleted
        service "service2" deleted
        configmap "config-service3" deleted
        deployment.apps "service3" deleted
        service "service3" deleted
        configmap "config-service4" deleted
        deployment.apps "service4" deleted
        service "service4" deleted
        configmap "config-service5" deleted
        deployment.apps "service5" deleted
        service "service5" deleted
        configmap "config-service6" deleted
        deployment.apps "service6" deleted
        service "service6" deleted
        configmap "config-service7" deleted
        deployment.apps "service7" deleted
        service "service7" deleted
        configmap "config-service8" deleted
        deployment.apps "service8" deleted
        service "service8" deleted
        configmap "config-service9" deleted
        deployment.apps "service9" deleted
        service "service9" deleted
        deployment.apps "ubuntu-client" deleted
        [run.sh] Waiting for all pods to be deleted
        [run.sh] Deploying all services
        configmap/config-service0 created
        deployment.apps/service0 created
        service/service0 created
        configmap/config-service1 created
        deployment.apps/service1 created
        service/service1 created
        configmap/config-service2 created
        deployment.apps/service2 created
        service/service2 created
        configmap/config-service3 created
        deployment.apps/service3 created
        service/service3 created
        configmap/config-service4 created
        deployment.apps/service4 created
        service/service4 created
        configmap/config-service5 created
        deployment.apps/service5 created
        service/service5 created
        configmap/config-service6 created
        deployment.apps/service6 created
        service/service6 created
        configmap/config-service7 created
        deployment.apps/service7 created
        service/service7 created
        configmap/config-service8 created
        deployment.apps/service8 created
        service/service8 created
        configmap/config-service9 created
        deployment.apps/service9 created
        service/service9 created
        [run.sh] Client pod not found, deploying client
        deployment.apps/ubuntu-client created
        [run.sh] Waiting for all pods to be running
        [run.sh] All pods are running
        [run.sh] Checking heartbeat for all services
        [run.sh] All pods can connect to all services
        [run.sh] Running warmup test
        [run.sh] /wrk/wrk -t8 -c512 --timeout 3s -d3s -L http://service0:80/endpoint1
        Running 3s test @ http://service0:80/endpoint1
        8 threads and 512 connections
        Thread Stats   Avg      Stdev     Max   +/- Stdev
        Latency   395.43ms  132.38ms   1.31s    88.26%
        Req/Sec   160.83     51.22   270.00     71.43%
        Latency Distribution
        50%  362.32ms
        75%  416.77ms
        90%  486.34ms
        99%  993.54ms
        3676 requests in 3.02s, 4.70MB read
        Requests/sec:   1217.66
        Transfer/sec:      1.56MB
        [run.sh] Speed is 1217.66, duration is 24
        [run.sh] Fix the request number.
        [run.sh] Running the actual test
        [run.sh] /wrk/wrk --timeout 20s -t8 -c512 -d24s -L -s /wrk/fix_req_n.lua http://service0:80/endpoint1
        Running 24s test @ http://service0:80/endpoint1
        8 threads and 512 connections
        Thread Stats   Avg      Stdev     Max   +/- Stdev
        Latency   382.17ms   76.95ms   1.38s    86.95%
        Req/Sec   166.86     48.20   434.00     72.85%
        Latency Distribution
        50%  372.81ms
        75%  407.60ms
        90%  450.48ms
        99%  631.99ms
        20000 requests in 24.00s, 25.54MB read
        Requests/sec:    833.33
        Transfer/sec:      1.06MB
        ------------------------------
        stop time: 14.594205
        stop time: 15.021104
        stop time: 15.092616
        stop time: 15.125013
        stop time: 15.259940
        stop time: 15.335932
        stop time: 15.289396
        stop time: 15.237828
        [run.sh] Checking the resource usage
        NAME                             CPU(cores)   MEMORY(bytes)
        service0-7564bb8985-8cfj5        1m           41Mi
        service1-5b899d549d-vj8ms        1m           16Mi
        service2-6f7c796b99-r484q        1m           14Mi
        service3-5dc7779b96-vt7qr        6m           13Mi
        service4-66495c49c-qjwd9         6m           12Mi
        service5-5467447458-mb7rm        6m           11Mi
        service6-555868f599-fn7ss        6m           10Mi
        service7-868cb9c7bd-rkmhw        6m           9Mi
        service8-bcc5c55c7-8dh5z         6m           8Mi
        service9-c64958867-wz5zx         1m           7Mi
        ubuntu-client-76886f6bbd-7fpzs   10m          8Mi
        [run.sh] Test finished with status 0
        > STDERR
        > No resources found in default namespace.
    [exp] Times: [14.594205, 15.021104, 15.092616, 15.125013, 15.25994, 15.335932, 15.289396, 15.237828]
    [exp] Throughput: 1322.7946941448165
[test.py] Running 4th slowdown exp
    [exp] Running (pre_run: False) workload synthetic/chain-d8-http-sync request with the following configuration: {'CLIENT_CPU_QUOTA': '2', 'SLOWPOKE_POKER_BATCH_THRESHOLD': '20000000', 'PROCESSING_TIME_SERVICE0': '0.00103987', 'PROCESSING_TIME_SERVICE1': '0.00102939', 'PROCESSING_TIME_SERVICE2': '0.00084391', 'PROCESSING_TIME_SERVICE3': '0.00082903', 'PROCESSING_TIME_SERVICE4': '0.00073297', 'PROCESSING_TIME_SERVICE5': '0.00069626', 'PROCESSING_TIME_SERVICE6': '0.00042566', 'PROCESSING_TIME_SERVICE7': '0.00037051', 'PROCESSING_TIME_SERVICE8': '0.00031708', 'PROCESSING_TIME_SERVICE9': '0.00024455', 'SLOWPOKE_DELAY_MICROS_SERVICE0': '210.0', 'SLOWPOKE_POKER_BATCH_THRESHOLD_SERVICE0': '20999990', 'SLOWPOKE_DELAY_MICROS_SERVICE1': '210.0', 'SLOWPOKE_POKER_BATCH_THRESHOLD_SERVICE1': '20999990', 'SLOWPOKE_DELAY_MICROS_SERVICE2': '210.0', 'SLOWPOKE_POKER_BATCH_THRESHOLD_SERVICE2': '20999990', 'SLOWPOKE_DELAY_MICROS_SERVICE3': '210.0', 'SLOWPOKE_POKER_BATCH_THRESHOLD_SERVICE3': '20999990', 'SLOWPOKE_DELAY_MICROS_SERVICE4': '210.0', 'SLOWPOKE_POKER_BATCH_THRESHOLD_SERVICE4': '20999990', 'SLOWPOKE_DELAY_MICROS_SERVICE5': '0.0', 'SLOWPOKE_POKER_BATCH_THRESHOLD_SERVICE5': '10', 'SLOWPOKE_DELAY_MICROS_SERVICE6': '210.0', 'SLOWPOKE_POKER_BATCH_THRESHOLD_SERVICE6': '20999990', 'SLOWPOKE_DELAY_MICROS_SERVICE7': '210.0', 'SLOWPOKE_POKER_BATCH_THRESHOLD_SERVICE7': '20999990', 'SLOWPOKE_DELAY_MICROS_SERVICE8': '210.0', 'SLOWPOKE_POKER_BATCH_THRESHOLD_SERVICE8': '20999990', 'SLOWPOKE_DELAY_MICROS_SERVICE9': '210.0', 'SLOWPOKE_POKER_BATCH_THRESHOLD_SERVICE9': '20999990'}
    [exp] Executing cmd `bash run.sh synthetic chain-d8-http-sync 8 512 20000`:
        [run.sh] Running benchmark synthetic with request chain-d8-http-sync, thread 8, conn 512, duration 60
        [run.sh] Deleting all services
        configmap "config-service0" deleted
        deployment.apps "service0" deleted
        service "service0" deleted
        configmap "config-service1" deleted
        deployment.apps "service1" deleted
        service "service1" deleted
        configmap "config-service2" deleted
        deployment.apps "service2" deleted
        service "service2" deleted
        configmap "config-service3" deleted
        deployment.apps "service3" deleted
        service "service3" deleted
        configmap "config-service4" deleted
        deployment.apps "service4" deleted
        service "service4" deleted
        configmap "config-service5" deleted
        deployment.apps "service5" deleted
        service "service5" deleted
        configmap "config-service6" deleted
        deployment.apps "service6" deleted
        service "service6" deleted
        configmap "config-service7" deleted
        deployment.apps "service7" deleted
        service "service7" deleted
        configmap "config-service8" deleted
        deployment.apps "service8" deleted
        service "service8" deleted
        configmap "config-service9" deleted
        deployment.apps "service9" deleted
        service "service9" deleted
        deployment.apps "ubuntu-client" deleted
        [run.sh] Waiting for all pods to be deleted
        [run.sh] Deploying all services
        configmap/config-service0 created
        deployment.apps/service0 created
        service/service0 created
        configmap/config-service1 created
        deployment.apps/service1 created
        service/service1 created
        configmap/config-service2 created
        deployment.apps/service2 created
        service/service2 created
        configmap/config-service3 created
        deployment.apps/service3 created
        service/service3 created
        configmap/config-service4 created
        deployment.apps/service4 created
        service/service4 created
        configmap/config-service5 created
        deployment.apps/service5 created
        service/service5 created
        configmap/config-service6 created
        deployment.apps/service6 created
        service/service6 created
        configmap/config-service7 created
        deployment.apps/service7 created
        service/service7 created
        configmap/config-service8 created
        deployment.apps/service8 created
        service/service8 created
        configmap/config-service9 created
        deployment.apps/service9 created
        service/service9 created
        [run.sh] Client pod not found, deploying client
        deployment.apps/ubuntu-client created
        [run.sh] Waiting for all pods to be running
        [run.sh] All pods are running
        [run.sh] Checking heartbeat for all services
        [run.sh] All pods can connect to all services
        [run.sh] Running warmup test
        [run.sh] /wrk/wrk -t8 -c512 --timeout 3s -d3s -L http://service0:80/endpoint1
        Running 3s test @ http://service0:80/endpoint1
        8 threads and 512 connections
        Thread Stats   Avg      Stdev     Max   +/- Stdev
        Latency   510.03ms   88.01ms 912.63ms   83.90%
        Req/Sec   128.03     47.70   220.00     66.51%
        Latency Distribution
        50%  491.25ms
        75%  526.33ms
        90%  602.50ms
        99%  834.39ms
        2770 requests in 3.03s, 3.54MB read
        Requests/sec:    913.95
        Transfer/sec:      1.17MB
        [run.sh] Speed is 913.95, duration is 32
        [run.sh] Fix the request number.
        [run.sh] Running the actual test
        [run.sh] /wrk/wrk --timeout 20s -t8 -c512 -d32s -L -s /wrk/fix_req_n.lua http://service0:80/endpoint1
        Running 32s test @ http://service0:80/endpoint1
        8 threads and 512 connections
        Thread Stats   Avg      Stdev     Max   +/- Stdev
        Latency   483.40ms   70.63ms   1.14s    84.14%
        Req/Sec   131.78     39.67   373.00     70.65%
        Latency Distribution
        50%  474.92ms
        75%  511.54ms
        90%  555.28ms
        99%  705.93ms
        20000 requests in 32.00s, 25.54MB read
        Requests/sec:    625.00
        Transfer/sec:    817.26KB
        ------------------------------
        stop time: 18.576756
        stop time: 19.164884
        stop time: 19.108913
        stop time: 19.122466
        stop time: 19.176125
        stop time: 19.218880
        stop time: 19.256068
        stop time: 19.393443
        [run.sh] Checking the resource usage
        NAME                             CPU(cores)   MEMORY(bytes)
        service0-85d7c7f556-4jwwl        353m         47Mi
        service1-64c4cbff5f-5djfj        30m          19Mi
        service2-68d4b64994-2g7tw        31m          17Mi
        service3-5d995ffdd9-xntk4        231m         14Mi
        service4-7944cff5dd-wvqmc        90m          14Mi
        service5-5467447458-98qln        255m         12Mi
        service6-7685b9f7b6-ddt4g        318m         12Mi
        service7-6d4ff6dcbf-tlwzx        310m         11Mi
        service8-54b854cd68-8g667        304m         10Mi
        service9-55b8c45984-xjwmx        155m         8Mi
        ubuntu-client-76886f6bbd-qjg2r   10m          12Mi
        [run.sh] Test finished with status 0
        > STDERR
        > No resources found in default namespace.
    [exp] Times: [18.576756, 19.164884, 19.108913, 19.122466, 19.176125, 19.21888, 19.256068, 19.393443]
    [exp] Throughput: 1045.631796382029
[test.py] Finished running 4th optmization experiment: groundtruth->1322.7946941448165, slowdown->1045.631796382029, predicted->1340.0701451342034, err->1.305981273273506
[test.py] Running 5th optmization experiment
[test.py] Running 5th groundtruth exp
    [exp] Running (pre_run: False) workload synthetic/chain-d8-http-sync request with the following configuration: {'CLIENT_CPU_QUOTA': '2', 'SLOWPOKE_POKER_BATCH_THRESHOLD': '20000000', 'PROCESSING_TIME_SERVICE0': '0.00103987', 'PROCESSING_TIME_SERVICE1': '0.00102939', 'PROCESSING_TIME_SERVICE2': '0.00084391', 'PROCESSING_TIME_SERVICE3': '0.00082903', 'PROCESSING_TIME_SERVICE4': '0.00073297', 'PROCESSING_TIME_SERVICE5': '0.000345', 'PROCESSING_TIME_SERVICE6': '0.00042566', 'PROCESSING_TIME_SERVICE7': '0.00037051', 'PROCESSING_TIME_SERVICE8': '0.00031708', 'PROCESSING_TIME_SERVICE9': '0.00024455', 'SLOWPOKE_DELAY_MICROS_SERVICE0': '0.0', 'SLOWPOKE_POKER_BATCH_THRESHOLD_SERVICE0': '10', 'SLOWPOKE_DELAY_MICROS_SERVICE1': '0.0', 'SLOWPOKE_POKER_BATCH_THRESHOLD_SERVICE1': '10', 'SLOWPOKE_DELAY_MICROS_SERVICE2': '0.0', 'SLOWPOKE_POKER_BATCH_THRESHOLD_SERVICE2': '10', 'SLOWPOKE_DELAY_MICROS_SERVICE3': '0.0', 'SLOWPOKE_POKER_BATCH_THRESHOLD_SERVICE3': '10', 'SLOWPOKE_DELAY_MICROS_SERVICE4': '0.0', 'SLOWPOKE_POKER_BATCH_THRESHOLD_SERVICE4': '10', 'SLOWPOKE_DELAY_MICROS_SERVICE5': '0.0', 'SLOWPOKE_POKER_BATCH_THRESHOLD_SERVICE5': '10', 'SLOWPOKE_DELAY_MICROS_SERVICE6': '0.0', 'SLOWPOKE_POKER_BATCH_THRESHOLD_SERVICE6': '10', 'SLOWPOKE_DELAY_MICROS_SERVICE7': '0.0', 'SLOWPOKE_POKER_BATCH_THRESHOLD_SERVICE7': '10', 'SLOWPOKE_DELAY_MICROS_SERVICE8': '0.0', 'SLOWPOKE_POKER_BATCH_THRESHOLD_SERVICE8': '10', 'SLOWPOKE_DELAY_MICROS_SERVICE9': '0.0', 'SLOWPOKE_POKER_BATCH_THRESHOLD_SERVICE9': '10'}
    [exp] Executing cmd `bash run.sh synthetic chain-d8-http-sync 8 512 20000`:
        [run.sh] Running benchmark synthetic with request chain-d8-http-sync, thread 8, conn 512, duration 60
        [run.sh] Deleting all services
        configmap "config-service0" deleted
        deployment.apps "service0" deleted
        service "service0" deleted
        configmap "config-service1" deleted
        deployment.apps "service1" deleted
        service "service1" deleted
        configmap "config-service2" deleted
        deployment.apps "service2" deleted
        service "service2" deleted
        configmap "config-service3" deleted
        deployment.apps "service3" deleted
        service "service3" deleted
        configmap "config-service4" deleted
        deployment.apps "service4" deleted
        service "service4" deleted
        configmap "config-service5" deleted
        deployment.apps "service5" deleted
        service "service5" deleted
        configmap "config-service6" deleted
        deployment.apps "service6" deleted
        service "service6" deleted
        configmap "config-service7" deleted
        deployment.apps "service7" deleted
        service "service7" deleted
        configmap "config-service8" deleted
        deployment.apps "service8" deleted
        service "service8" deleted
        configmap "config-service9" deleted
        deployment.apps "service9" deleted
        service "service9" deleted
        deployment.apps "ubuntu-client" deleted
        [run.sh] Waiting for all pods to be deleted
        [run.sh] Deploying all services
        configmap/config-service0 created
        deployment.apps/service0 created
        service/service0 created
        configmap/config-service1 created
        deployment.apps/service1 created
        service/service1 created
        configmap/config-service2 created
        deployment.apps/service2 created
        service/service2 created
        configmap/config-service3 created
        deployment.apps/service3 created
        service/service3 created
        configmap/config-service4 created
        deployment.apps/service4 created
        service/service4 created
        configmap/config-service5 created
        deployment.apps/service5 created
        service/service5 created
        configmap/config-service6 created
        deployment.apps/service6 created
        service/service6 created
        configmap/config-service7 created
        deployment.apps/service7 created
        service/service7 created
        configmap/config-service8 created
        deployment.apps/service8 created
        service/service8 created
        configmap/config-service9 created
        deployment.apps/service9 created
        service/service9 created
        [run.sh] Client pod not found, deploying client
        deployment.apps/ubuntu-client created
        [run.sh] Waiting for all pods to be running
        [run.sh] All pods are running
        [run.sh] Checking heartbeat for all services
        [run.sh] All pods can connect to all services
        [run.sh] Running warmup test
        [run.sh] /wrk/wrk -t8 -c512 --timeout 3s -d3s -L http://service0:80/endpoint1
        Running 3s test @ http://service0:80/endpoint1
        8 threads and 512 connections
        Thread Stats   Avg      Stdev     Max   +/- Stdev
        Latency   432.19ms  117.09ms 923.30ms   86.96%
        Req/Sec   152.31     59.77   370.00     71.76%
        Latency Distribution
        50%  397.51ms
        75%  455.44ms
        90%  570.32ms
        99%  841.87ms
        3313 requests in 3.03s, 4.23MB read
        Requests/sec:   1094.23
        Transfer/sec:      1.40MB
        [run.sh] Speed is 1094.23, duration is 27
        [run.sh] Fix the request number.
        [run.sh] Running the actual test
        [run.sh] /wrk/wrk --timeout 20s -t8 -c512 -d27s -L -s /wrk/fix_req_n.lua http://service0:80/endpoint1
        Running 27s test @ http://service0:80/endpoint1
        8 threads and 512 connections
        Thread Stats   Avg      Stdev     Max   +/- Stdev
        Latency   378.53ms   76.53ms   1.19s    86.08%
        Req/Sec   168.31     48.34   530.00     74.03%
        Latency Distribution
        50%  367.17ms
        75%  404.44ms
        90%  455.03ms
        99%  649.89ms
        20000 requests in 27.00s, 25.54MB read
        Requests/sec:    740.74
        Transfer/sec:      0.95MB
        ------------------------------
        stop time: 14.530621
        stop time: 14.590148
        stop time: 14.962943
        stop time: 15.026573
        stop time: 15.170038
        stop time: 15.195226
        stop time: 15.163640
        stop time: 15.153245
        [run.sh] Checking the resource usage
        NAME                             CPU(cores)   MEMORY(bytes)
        service0-7564bb8985-fq945        1851m        49Mi
        service1-5b899d549d-5c92x        1853m        20Mi
        service2-6f7c796b99-rqn2r        1650m        18Mi
        service3-5dc7779b96-lwlhk        1638m        16Mi
        service4-66495c49c-ksnzh         1575m        13Mi
        service5-5467447458-mz9vm        1249m        12Mi
        service6-555868f599-9dpqr        1254m        11Mi
        service7-868cb9c7bd-47tpl        1282m        12Mi
        service8-bcc5c55c7-9lsnq         1189m        10Mi
        service9-c64958867-wr7mw         479m         8Mi
        ubuntu-client-76886f6bbd-gcnfj   66m          14Mi
        [run.sh] Test finished with status 0
        > STDERR
        > No resources found in default namespace.
    [exp] Times: [14.530621, 14.590148, 14.962943, 15.026573, 15.170038, 15.195226, 15.16364, 15.153245]
    [exp] Throughput: 1335.6436183607389
[test.py] Running 5th slowdown exp
    [exp] Running (pre_run: False) workload synthetic/chain-d8-http-sync request with the following configuration: {'CLIENT_CPU_QUOTA': '2', 'SLOWPOKE_POKER_BATCH_THRESHOLD': '20000000', 'PROCESSING_TIME_SERVICE0': '0.00103987', 'PROCESSING_TIME_SERVICE1': '0.00102939', 'PROCESSING_TIME_SERVICE2': '0.00084391', 'PROCESSING_TIME_SERVICE3': '0.00082903', 'PROCESSING_TIME_SERVICE4': '0.00073297', 'PROCESSING_TIME_SERVICE5': '0.00069626', 'PROCESSING_TIME_SERVICE6': '0.00042566', 'PROCESSING_TIME_SERVICE7': '0.00037051', 'PROCESSING_TIME_SERVICE8': '0.00031708', 'PROCESSING_TIME_SERVICE9': '0.00024455', 'SLOWPOKE_DELAY_MICROS_SERVICE0': '175.5', 'SLOWPOKE_POKER_BATCH_THRESHOLD_SERVICE0': '17549990', 'SLOWPOKE_DELAY_MICROS_SERVICE1': '175.5', 'SLOWPOKE_POKER_BATCH_THRESHOLD_SERVICE1': '17549990', 'SLOWPOKE_DELAY_MICROS_SERVICE2': '175.5', 'SLOWPOKE_POKER_BATCH_THRESHOLD_SERVICE2': '17549990', 'SLOWPOKE_DELAY_MICROS_SERVICE3': '175.5', 'SLOWPOKE_POKER_BATCH_THRESHOLD_SERVICE3': '17549990', 'SLOWPOKE_DELAY_MICROS_SERVICE4': '175.5', 'SLOWPOKE_POKER_BATCH_THRESHOLD_SERVICE4': '17549990', 'SLOWPOKE_DELAY_MICROS_SERVICE5': '0.0', 'SLOWPOKE_POKER_BATCH_THRESHOLD_SERVICE5': '10', 'SLOWPOKE_DELAY_MICROS_SERVICE6': '175.5', 'SLOWPOKE_POKER_BATCH_THRESHOLD_SERVICE6': '17549990', 'SLOWPOKE_DELAY_MICROS_SERVICE7': '175.5', 'SLOWPOKE_POKER_BATCH_THRESHOLD_SERVICE7': '17549990', 'SLOWPOKE_DELAY_MICROS_SERVICE8': '175.5', 'SLOWPOKE_POKER_BATCH_THRESHOLD_SERVICE8': '17549990', 'SLOWPOKE_DELAY_MICROS_SERVICE9': '175.5', 'SLOWPOKE_POKER_BATCH_THRESHOLD_SERVICE9': '17549990'}
    [exp] Executing cmd `bash run.sh synthetic chain-d8-http-sync 8 512 20000`:
        [run.sh] Running benchmark synthetic with request chain-d8-http-sync, thread 8, conn 512, duration 60
        [run.sh] Deleting all services
        configmap "config-service0" deleted
        deployment.apps "service0" deleted
        service "service0" deleted
        configmap "config-service1" deleted
        deployment.apps "service1" deleted
        service "service1" deleted
        configmap "config-service2" deleted
        deployment.apps "service2" deleted
        service "service2" deleted
        configmap "config-service3" deleted
        deployment.apps "service3" deleted
        service "service3" deleted
        configmap "config-service4" deleted
        deployment.apps "service4" deleted
        service "service4" deleted
        configmap "config-service5" deleted
        deployment.apps "service5" deleted
        service "service5" deleted
        configmap "config-service6" deleted
        deployment.apps "service6" deleted
        service "service6" deleted
        configmap "config-service7" deleted
        deployment.apps "service7" deleted
        service "service7" deleted
        configmap "config-service8" deleted
        deployment.apps "service8" deleted
        service "service8" deleted
        configmap "config-service9" deleted
        deployment.apps "service9" deleted
        service "service9" deleted
        deployment.apps "ubuntu-client" deleted
        [run.sh] Waiting for all pods to be deleted
        [run.sh] Deploying all services
        configmap/config-service0 created
        deployment.apps/service0 created
        service/service0 created
        configmap/config-service1 created
        deployment.apps/service1 created
        service/service1 created
        configmap/config-service2 created
        deployment.apps/service2 created
        service/service2 created
        configmap/config-service3 created
        deployment.apps/service3 created
        service/service3 created
        configmap/config-service4 created
        deployment.apps/service4 created
        service/service4 created
        configmap/config-service5 created
        deployment.apps/service5 created
        service/service5 created
        configmap/config-service6 created
        deployment.apps/service6 created
        service/service6 created
        configmap/config-service7 created
        deployment.apps/service7 created
        service/service7 created
        configmap/config-service8 created
        deployment.apps/service8 created
        service/service8 created
        configmap/config-service9 created
        deployment.apps/service9 created
        service/service9 created
        [run.sh] Client pod not found, deploying client
        deployment.apps/ubuntu-client created
        [run.sh] Waiting for all pods to be running
        [run.sh] All pods are running
        [run.sh] Checking heartbeat for all services
        [run.sh] All pods can connect to all services
        [run.sh] Running warmup test
        [run.sh] /wrk/wrk -t8 -c512 --timeout 3s -d3s -L http://service0:80/endpoint1
        Running 3s test @ http://service0:80/endpoint1
        8 threads and 512 connections
        Thread Stats   Avg      Stdev     Max   +/- Stdev
        Latency   488.98ms  114.72ms   1.09s    84.04%
        Req/Sec   127.58     52.00   280.00     66.96%
        Latency Distribution
        50%  472.44ms
        75%  510.70ms
        90%  582.59ms
        99%  921.70ms
        2926 requests in 3.03s, 3.74MB read
        Requests/sec:    966.87
        Transfer/sec:      1.24MB
        [run.sh] Speed is 966.87, duration is 31
        [run.sh] Fix the request number.
        [run.sh] Running the actual test
        [run.sh] /wrk/wrk --timeout 20s -t8 -c512 -d31s -L -s /wrk/fix_req_n.lua http://service0:80/endpoint1
        Running 31s test @ http://service0:80/endpoint1
        8 threads and 512 connections
        Thread Stats   Avg      Stdev     Max   +/- Stdev
        Latency   466.12ms   88.01ms   1.46s    89.12%
        Req/Sec   137.32     42.60   434.00     70.76%
        Latency Distribution
        50%  459.31ms
        75%  494.18ms
        90%  537.34ms
        99%  766.51ms
        20000 requests in 31.00s, 25.54MB read
        Requests/sec:    645.16
        Transfer/sec:    843.66KB
        ------------------------------
        stop time: 17.535204
        stop time: 18.382592
        stop time: 18.394167
        stop time: 18.281562
        stop time: 18.437977
        stop time: 18.758185
        stop time: 18.832045
        stop time: 18.841089
        [run.sh] Checking the resource usage
        NAME                             CPU(cores)   MEMORY(bytes)
        service0-5d77f97b6d-grh65        377m         47Mi
        service1-5c84d55879-khh8t        40m          20Mi
        service2-79d999ff8b-t7mm5        42m          18Mi
        service3-8fd499549-hx7ft         257m         16Mi
        service4-6d4f97bbc6-9z7cg        92m          15Mi
        service5-5467447458-nkvhd        253m         13Mi
        service6-547fd847d6-zw7bn        506m         12Mi
        service7-6b866d57df-kvnn6        324m         12Mi
        service8-588db6d5fb-lmb5w        478m         11Mi
        service9-54c5dc9f6-j5nb6         347m         9Mi
        ubuntu-client-76886f6bbd-h8zrk   0m           15Mi
        [run.sh] Test finished with status 0
        > STDERR
        > No resources found in default namespace.
    [exp] Times: [17.535204, 18.382592, 18.394167, 18.281562, 18.437977, 18.758185, 18.832045, 18.841089]
    [exp] Throughput: 1085.0192537683786
[test.py] Finished running 5th optmization experiment: groundtruth->1335.6436183607389, slowdown->1085.0192537683786, predicted->1340.4598770994332, err->0.36059459817623163
[test.py] Running 6th optmization experiment
[test.py] Running 6th groundtruth exp
    [exp] Running (pre_run: False) workload synthetic/chain-d8-http-sync request with the following configuration: {'CLIENT_CPU_QUOTA': '2', 'SLOWPOKE_POKER_BATCH_THRESHOLD': '20000000', 'PROCESSING_TIME_SERVICE0': '0.00103987', 'PROCESSING_TIME_SERVICE1': '0.00102939', 'PROCESSING_TIME_SERVICE2': '0.00084391', 'PROCESSING_TIME_SERVICE3': '0.00082903', 'PROCESSING_TIME_SERVICE4': '0.00073297', 'PROCESSING_TIME_SERVICE5': '0.000414', 'PROCESSING_TIME_SERVICE6': '0.00042566', 'PROCESSING_TIME_SERVICE7': '0.00037051', 'PROCESSING_TIME_SERVICE8': '0.00031708', 'PROCESSING_TIME_SERVICE9': '0.00024455', 'SLOWPOKE_DELAY_MICROS_SERVICE0': '0.0', 'SLOWPOKE_POKER_BATCH_THRESHOLD_SERVICE0': '10', 'SLOWPOKE_DELAY_MICROS_SERVICE1': '0.0', 'SLOWPOKE_POKER_BATCH_THRESHOLD_SERVICE1': '10', 'SLOWPOKE_DELAY_MICROS_SERVICE2': '0.0', 'SLOWPOKE_POKER_BATCH_THRESHOLD_SERVICE2': '10', 'SLOWPOKE_DELAY_MICROS_SERVICE3': '0.0', 'SLOWPOKE_POKER_BATCH_THRESHOLD_SERVICE3': '10', 'SLOWPOKE_DELAY_MICROS_SERVICE4': '0.0', 'SLOWPOKE_POKER_BATCH_THRESHOLD_SERVICE4': '10', 'SLOWPOKE_DELAY_MICROS_SERVICE5': '0.0', 'SLOWPOKE_POKER_BATCH_THRESHOLD_SERVICE5': '10', 'SLOWPOKE_DELAY_MICROS_SERVICE6': '0.0', 'SLOWPOKE_POKER_BATCH_THRESHOLD_SERVICE6': '10', 'SLOWPOKE_DELAY_MICROS_SERVICE7': '0.0', 'SLOWPOKE_POKER_BATCH_THRESHOLD_SERVICE7': '10', 'SLOWPOKE_DELAY_MICROS_SERVICE8': '0.0', 'SLOWPOKE_POKER_BATCH_THRESHOLD_SERVICE8': '10', 'SLOWPOKE_DELAY_MICROS_SERVICE9': '0.0', 'SLOWPOKE_POKER_BATCH_THRESHOLD_SERVICE9': '10'}
    [exp] Executing cmd `bash run.sh synthetic chain-d8-http-sync 8 512 20000`:
        [run.sh] Running benchmark synthetic with request chain-d8-http-sync, thread 8, conn 512, duration 60
        [run.sh] Deleting all services
        configmap "config-service0" deleted
        deployment.apps "service0" deleted
        service "service0" deleted
        configmap "config-service1" deleted
        deployment.apps "service1" deleted
        service "service1" deleted
        configmap "config-service2" deleted
        deployment.apps "service2" deleted
        service "service2" deleted
        configmap "config-service3" deleted
        deployment.apps "service3" deleted
        service "service3" deleted
        configmap "config-service4" deleted
        deployment.apps "service4" deleted
        service "service4" deleted
        configmap "config-service5" deleted
        deployment.apps "service5" deleted
        service "service5" deleted
        configmap "config-service6" deleted
        deployment.apps "service6" deleted
        service "service6" deleted
        configmap "config-service7" deleted
        deployment.apps "service7" deleted
        service "service7" deleted
        configmap "config-service8" deleted
        deployment.apps "service8" deleted
        service "service8" deleted
        configmap "config-service9" deleted
        deployment.apps "service9" deleted
        service "service9" deleted
        deployment.apps "ubuntu-client" deleted
        [run.sh] Waiting for all pods to be deleted
        [run.sh] Deploying all services
        configmap/config-service0 created
        deployment.apps/service0 created
        service/service0 created
        configmap/config-service1 created
        deployment.apps/service1 created
        service/service1 created
        configmap/config-service2 created
        deployment.apps/service2 created
        service/service2 created
        configmap/config-service3 created
        deployment.apps/service3 created
        service/service3 created
        configmap/config-service4 created
        deployment.apps/service4 created
        service/service4 created
        configmap/config-service5 created
        deployment.apps/service5 created
        service/service5 created
        configmap/config-service6 created
        deployment.apps/service6 created
        service/service6 created
        configmap/config-service7 created
        deployment.apps/service7 created
        service/service7 created
        configmap/config-service8 created
        deployment.apps/service8 created
        service/service8 created
        configmap/config-service9 created
        deployment.apps/service9 created
        service/service9 created
        [run.sh] Client pod not found, deploying client
        deployment.apps/ubuntu-client created
        [run.sh] Waiting for all pods to be running
        [run.sh] All pods are running
        [run.sh] Checking heartbeat for all services
        [run.sh] All pods can connect to all services
        [run.sh] Running warmup test
        [run.sh] /wrk/wrk -t8 -c512 --timeout 3s -d3s -L http://service0:80/endpoint1
        Running 3s test @ http://service0:80/endpoint1
        8 threads and 512 connections
        Thread Stats   Avg      Stdev     Max   +/- Stdev
        Latency   421.04ms  125.97ms 915.67ms   85.53%
        Req/Sec   165.62     64.96   320.00     65.00%
        Latency Distribution
        50%  378.13ms
        75%  426.31ms
        90%  617.07ms
        99%  848.48ms
        3422 requests in 3.02s, 4.37MB read
        Requests/sec:   1131.61
        Transfer/sec:      1.45MB
        [run.sh] Speed is 1131.61, duration is 26
        [run.sh] Fix the request number.
        [run.sh] Running the actual test
        [run.sh] /wrk/wrk --timeout 20s -t8 -c512 -d26s -L -s /wrk/fix_req_n.lua http://service0:80/endpoint1
        Running 26s test @ http://service0:80/endpoint1
        8 threads and 512 connections
        Thread Stats   Avg      Stdev     Max   +/- Stdev
        Latency   389.89ms  112.49ms   1.55s    89.74%
        Req/Sec   163.82     52.90   595.00     71.12%
        Latency Distribution
        50%  374.11ms
        75%  416.17ms
        90%  472.72ms
        99%  888.93ms
        20000 requests in 26.00s, 25.54MB read
        Requests/sec:    769.23
        Transfer/sec:      0.98MB
        ------------------------------
        stop time: 14.741984
        stop time: 15.124688
        stop time: 15.363296
        stop time: 15.342004
        stop time: 15.586025
        stop time: 15.557136
        stop time: 15.580439
        stop time: 15.640276
        [run.sh] Checking the resource usage
        NAME                             CPU(cores)   MEMORY(bytes)
        service0-7564bb8985-25t2t        5m           3Mi
        service1-5b899d549d-6vb59        1m           3Mi
        service2-6f7c796b99-88zww        4m           3Mi
        service3-5dc7779b96-wj6b9        6m           3Mi
        service4-66495c49c-6xtlh         6m           3Mi
        service5-5467447458-v5gfh        6m           3Mi
        service6-555868f599-js2j4        6m           3Mi
        service7-868cb9c7bd-cflzm        6m           3Mi
        service8-bcc5c55c7-vddrx         1m           3Mi
        ubuntu-client-76886f6bbd-j9xwz   10m          0Mi
        [run.sh] Test finished with status 0
        > STDERR
        > No resources found in default namespace.
    [exp] Times: [14.741984, 15.124688, 15.363296, 15.342004, 15.586025, 15.557136, 15.580439, 15.640276]
    [exp] Throughput: 1301.4918154711065
[test.py] Running 6th slowdown exp
    [exp] Running (pre_run: False) workload synthetic/chain-d8-http-sync request with the following configuration: {'CLIENT_CPU_QUOTA': '2', 'SLOWPOKE_POKER_BATCH_THRESHOLD': '20000000', 'PROCESSING_TIME_SERVICE0': '0.00103987', 'PROCESSING_TIME_SERVICE1': '0.00102939', 'PROCESSING_TIME_SERVICE2': '0.00084391', 'PROCESSING_TIME_SERVICE3': '0.00082903', 'PROCESSING_TIME_SERVICE4': '0.00073297', 'PROCESSING_TIME_SERVICE5': '0.00069626', 'PROCESSING_TIME_SERVICE6': '0.00042566', 'PROCESSING_TIME_SERVICE7': '0.00037051', 'PROCESSING_TIME_SERVICE8': '0.00031708', 'PROCESSING_TIME_SERVICE9': '0.00024455', 'SLOWPOKE_DELAY_MICROS_SERVICE0': '141.0', 'SLOWPOKE_POKER_BATCH_THRESHOLD_SERVICE0': '14099990', 'SLOWPOKE_DELAY_MICROS_SERVICE1': '141.0', 'SLOWPOKE_POKER_BATCH_THRESHOLD_SERVICE1': '14099990', 'SLOWPOKE_DELAY_MICROS_SERVICE2': '141.0', 'SLOWPOKE_POKER_BATCH_THRESHOLD_SERVICE2': '14099990', 'SLOWPOKE_DELAY_MICROS_SERVICE3': '141.0', 'SLOWPOKE_POKER_BATCH_THRESHOLD_SERVICE3': '14099990', 'SLOWPOKE_DELAY_MICROS_SERVICE4': '141.0', 'SLOWPOKE_POKER_BATCH_THRESHOLD_SERVICE4': '14099990', 'SLOWPOKE_DELAY_MICROS_SERVICE5': '0.0', 'SLOWPOKE_POKER_BATCH_THRESHOLD_SERVICE5': '10', 'SLOWPOKE_DELAY_MICROS_SERVICE6': '141.0', 'SLOWPOKE_POKER_BATCH_THRESHOLD_SERVICE6': '14099990', 'SLOWPOKE_DELAY_MICROS_SERVICE7': '141.0', 'SLOWPOKE_POKER_BATCH_THRESHOLD_SERVICE7': '14099990', 'SLOWPOKE_DELAY_MICROS_SERVICE8': '141.0', 'SLOWPOKE_POKER_BATCH_THRESHOLD_SERVICE8': '14099990', 'SLOWPOKE_DELAY_MICROS_SERVICE9': '141.0', 'SLOWPOKE_POKER_BATCH_THRESHOLD_SERVICE9': '14099990'}
    [exp] Executing cmd `bash run.sh synthetic chain-d8-http-sync 8 512 20000`:
        [run.sh] Running benchmark synthetic with request chain-d8-http-sync, thread 8, conn 512, duration 60
        [run.sh] Deleting all services
        configmap "config-service0" deleted
        deployment.apps "service0" deleted
        service "service0" deleted
        configmap "config-service1" deleted
        deployment.apps "service1" deleted
        service "service1" deleted
        configmap "config-service2" deleted
        deployment.apps "service2" deleted
        service "service2" deleted
        configmap "config-service3" deleted
        deployment.apps "service3" deleted
        service "service3" deleted
        configmap "config-service4" deleted
        deployment.apps "service4" deleted
        service "service4" deleted
        configmap "config-service5" deleted
        deployment.apps "service5" deleted
        service "service5" deleted
        configmap "config-service6" deleted
        deployment.apps "service6" deleted
        service "service6" deleted
        configmap "config-service7" deleted
        deployment.apps "service7" deleted
        service "service7" deleted
        configmap "config-service8" deleted
        deployment.apps "service8" deleted
        service "service8" deleted
        configmap "config-service9" deleted
        deployment.apps "service9" deleted
        service "service9" deleted
        deployment.apps "ubuntu-client" deleted
        [run.sh] Waiting for all pods to be deleted
        [run.sh] Deploying all services
        configmap/config-service0 created
        deployment.apps/service0 created
        service/service0 created
        configmap/config-service1 created
        deployment.apps/service1 created
        service/service1 created
        configmap/config-service2 created
        deployment.apps/service2 created
        service/service2 created
        configmap/config-service3 created
        deployment.apps/service3 created
        service/service3 created
        configmap/config-service4 created
        deployment.apps/service4 created
        service/service4 created
        configmap/config-service5 created
        deployment.apps/service5 created
        service/service5 created
        configmap/config-service6 created
        deployment.apps/service6 created
        service/service6 created
        configmap/config-service7 created
        deployment.apps/service7 created
        service/service7 created
        configmap/config-service8 created
        deployment.apps/service8 created
        service/service8 created
        configmap/config-service9 created
        deployment.apps/service9 created
        service/service9 created
        [run.sh] Client pod not found, deploying client
        deployment.apps/ubuntu-client created
        [run.sh] Waiting for all pods to be running
        [run.sh] All pods are running
        [run.sh] Checking heartbeat for all services
        [run.sh] All pods can connect to all services
        [run.sh] Running warmup test
        [run.sh] /wrk/wrk -t8 -c512 --timeout 3s -d3s -L http://service0:80/endpoint1
        Running 3s test @ http://service0:80/endpoint1
        8 threads and 512 connections
        Thread Stats   Avg      Stdev     Max   +/- Stdev
        Latency   506.68ms  114.46ms   1.02s    85.21%
        Req/Sec   133.66     54.75   300.00     71.63%
        Latency Distribution
        50%  470.45ms
        75%  528.01ms
        90%  674.88ms
        99%  915.98ms
        2799 requests in 3.02s, 3.59MB read
        Requests/sec:    925.41
        Transfer/sec:      1.19MB
        [run.sh] Speed is 925.41, duration is 32
        [run.sh] Fix the request number.
        [run.sh] Running the actual test
        [run.sh] /wrk/wrk --timeout 20s -t8 -c512 -d32s -L -s /wrk/fix_req_n.lua http://service0:80/endpoint1
        Running 32s test @ http://service0:80/endpoint1
        8 threads and 512 connections
        Thread Stats   Avg      Stdev     Max   +/- Stdev
        Latency   457.86ms   75.71ms   1.30s    86.81%
        Req/Sec   139.32     43.32   420.00     71.57%
        Latency Distribution
        50%  451.63ms
        75%  486.32ms
        90%  525.99ms
        99%  701.98ms
        20000 requests in 32.00s, 25.54MB read
        Requests/sec:    625.00
        Transfer/sec:    817.26KB
        ------------------------------
        stop time: 17.556373
        stop time: 17.900654
        stop time: 18.162336
        stop time: 18.158499
        stop time: 18.204212
        stop time: 18.317434
        stop time: 18.327099
        stop time: 18.307837
        [run.sh] Checking the resource usage
        NAME                             CPU(cores)   MEMORY(bytes)
        service0-b754d7b45-dr965         490m         38Mi
        service1-7bccb9666-rtw2t         173m         19Mi
        service2-5cf74fc4c9-wkl87        144m         18Mi
        service3-8588c75996-zx9qk        409m         16Mi
        service4-689dbd8665-hsspc        312m         15Mi
        service5-5467447458-95n5g        396m         13Mi
        service6-b9cd44459-6sdn4         330m         13Mi
        service7-5dbfdf646d-gb8gs        328m         11Mi
        service8-67c779849c-zctpb        308m         10Mi
        service9-5557787f67-zn8vc        157m         9Mi
        ubuntu-client-76886f6bbd-l728p   20m          0Mi
        [run.sh] Test finished with status 0
        > STDERR
        > No resources found in default namespace.
    [exp] Times: [17.556373, 17.900654, 18.162336, 18.158499, 18.204212, 18.317434, 18.327099, 18.307837]
    [exp] Throughput: 1103.9473818935683
[test.py] Finished running 6th optmization experiment: groundtruth->1301.4918154711065, slowdown->1103.9473818935683, predicted->1307.6847960490654, err->0.47583707437431766
[test.py] Running 7th optmization experiment
[test.py] Running 7th groundtruth exp
    [exp] Running (pre_run: False) workload synthetic/chain-d8-http-sync request with the following configuration: {'CLIENT_CPU_QUOTA': '2', 'SLOWPOKE_POKER_BATCH_THRESHOLD': '20000000', 'PROCESSING_TIME_SERVICE0': '0.00103987', 'PROCESSING_TIME_SERVICE1': '0.00102939', 'PROCESSING_TIME_SERVICE2': '0.00084391', 'PROCESSING_TIME_SERVICE3': '0.00082903', 'PROCESSING_TIME_SERVICE4': '0.00073297', 'PROCESSING_TIME_SERVICE5': '0.000483', 'PROCESSING_TIME_SERVICE6': '0.00042566', 'PROCESSING_TIME_SERVICE7': '0.00037051', 'PROCESSING_TIME_SERVICE8': '0.00031708', 'PROCESSING_TIME_SERVICE9': '0.00024455', 'SLOWPOKE_DELAY_MICROS_SERVICE0': '0.0', 'SLOWPOKE_POKER_BATCH_THRESHOLD_SERVICE0': '10', 'SLOWPOKE_DELAY_MICROS_SERVICE1': '0.0', 'SLOWPOKE_POKER_BATCH_THRESHOLD_SERVICE1': '10', 'SLOWPOKE_DELAY_MICROS_SERVICE2': '0.0', 'SLOWPOKE_POKER_BATCH_THRESHOLD_SERVICE2': '10', 'SLOWPOKE_DELAY_MICROS_SERVICE3': '0.0', 'SLOWPOKE_POKER_BATCH_THRESHOLD_SERVICE3': '10', 'SLOWPOKE_DELAY_MICROS_SERVICE4': '0.0', 'SLOWPOKE_POKER_BATCH_THRESHOLD_SERVICE4': '10', 'SLOWPOKE_DELAY_MICROS_SERVICE5': '0.0', 'SLOWPOKE_POKER_BATCH_THRESHOLD_SERVICE5': '10', 'SLOWPOKE_DELAY_MICROS_SERVICE6': '0.0', 'SLOWPOKE_POKER_BATCH_THRESHOLD_SERVICE6': '10', 'SLOWPOKE_DELAY_MICROS_SERVICE7': '0.0', 'SLOWPOKE_POKER_BATCH_THRESHOLD_SERVICE7': '10', 'SLOWPOKE_DELAY_MICROS_SERVICE8': '0.0', 'SLOWPOKE_POKER_BATCH_THRESHOLD_SERVICE8': '10', 'SLOWPOKE_DELAY_MICROS_SERVICE9': '0.0', 'SLOWPOKE_POKER_BATCH_THRESHOLD_SERVICE9': '10'}
    [exp] Executing cmd `bash run.sh synthetic chain-d8-http-sync 8 512 20000`:
        [run.sh] Running benchmark synthetic with request chain-d8-http-sync, thread 8, conn 512, duration 60
        [run.sh] Deleting all services
        configmap "config-service0" deleted
        deployment.apps "service0" deleted
        service "service0" deleted
        configmap "config-service1" deleted
        deployment.apps "service1" deleted
        service "service1" deleted
        configmap "config-service2" deleted
        deployment.apps "service2" deleted
        service "service2" deleted
        configmap "config-service3" deleted
        deployment.apps "service3" deleted
        service "service3" deleted
        configmap "config-service4" deleted
        deployment.apps "service4" deleted
        service "service4" deleted
        configmap "config-service5" deleted
        deployment.apps "service5" deleted
        service "service5" deleted
        configmap "config-service6" deleted
        deployment.apps "service6" deleted
        service "service6" deleted
        configmap "config-service7" deleted
        deployment.apps "service7" deleted
        service "service7" deleted
        configmap "config-service8" deleted
        deployment.apps "service8" deleted
        service "service8" deleted
        configmap "config-service9" deleted
        deployment.apps "service9" deleted
        service "service9" deleted
        deployment.apps "ubuntu-client" deleted
        [run.sh] Waiting for all pods to be deleted
        [run.sh] Deploying all services
        configmap/config-service0 created
        deployment.apps/service0 created
        service/service0 created
        configmap/config-service1 created
        deployment.apps/service1 created
        service/service1 created
        configmap/config-service2 created
        deployment.apps/service2 created
        service/service2 created
        configmap/config-service3 created
        deployment.apps/service3 created
        service/service3 created
        configmap/config-service4 created
        deployment.apps/service4 created
        service/service4 created
        configmap/config-service5 created
        deployment.apps/service5 created
        service/service5 created
        configmap/config-service6 created
        deployment.apps/service6 created
        service/service6 created
        configmap/config-service7 created
        deployment.apps/service7 created
        service/service7 created
        configmap/config-service8 created
        deployment.apps/service8 created
        service/service8 created
        configmap/config-service9 created
        deployment.apps/service9 created
        service/service9 created
        [run.sh] Client pod not found, deploying client
        deployment.apps/ubuntu-client created
        [run.sh] Waiting for all pods to be running
        [run.sh] All pods are running
        [run.sh] Checking heartbeat for all services
        [run.sh] All pods can connect to all services
        [run.sh] Running warmup test
        [run.sh] /wrk/wrk -t8 -c512 --timeout 3s -d3s -L http://service0:80/endpoint1
        Running 3s test @ http://service0:80/endpoint1
        8 threads and 512 connections
        Thread Stats   Avg      Stdev     Max   +/- Stdev
        Latency   396.80ms   90.43ms   1.05s    86.88%
        Req/Sec   162.69     54.52   320.00     73.21%
        Latency Distribution
        50%  379.58ms
        75%  420.34ms
        90%  479.19ms
        99%  870.17ms
        3650 requests in 3.02s, 4.66MB read
        Requests/sec:   1209.22
        Transfer/sec:      1.54MB
        [run.sh] Speed is 1209.22, duration is 24
        [run.sh] Fix the request number.
        [run.sh] Running the actual test
        [run.sh] /wrk/wrk --timeout 20s -t8 -c512 -d24s -L -s /wrk/fix_req_n.lua http://service0:80/endpoint1
        Running 24s test @ http://service0:80/endpoint1
        8 threads and 512 connections
        Thread Stats   Avg      Stdev     Max   +/- Stdev
        Latency   848.00ms    1.19s    5.41s    87.01%
        Req/Sec   169.29     50.94   474.00     76.83%
        Latency Distribution
        50%  373.73ms
        75%  446.92ms
        90%    2.78s
        99%    5.26s
        20000 requests in 24.00s, 25.54MB read
        Requests/sec:    833.33
        Transfer/sec:      1.06MB
        ------------------------------
        stop time: 19.220786
        stop time: 19.135370
        stop time: 19.559887
        stop time: 19.529599
        stop time: 19.809914
        stop time: 19.931922
        stop time: 19.994030
        stop time: 19.963205
        [run.sh] Checking the resource usage
        NAME                             CPU(cores)   MEMORY(bytes)
        service0-7564bb8985-l57m9        1865m        49Mi
        service1-5b899d549d-qw4dx        783m         20Mi
        service2-6f7c796b99-tjh6k        694m         18Mi
        service3-5dc7779b96-4pdqp        1635m        16Mi
        service4-66495c49c-ljdvk         588m         13Mi
        service5-5467447458-wj7r4        1357m        12Mi
        service6-555868f599-8rjf7        1282m        12Mi
        service7-868cb9c7bd-gtj2m        1286m        12Mi
        service8-bcc5c55c7-qnsnk         1193m        9Mi
        service9-c64958867-82nf9         488m         10Mi
        ubuntu-client-76886f6bbd-7fp8t   31m          14Mi
        [run.sh] Test finished with status 0
        > STDERR
        > No resources found in default namespace.
    [exp] Times: [19.220786, 19.13537, 19.559887, 19.529599, 19.809914, 19.931922, 19.99403, 19.963205]
    [exp] Throughput: 1018.1697935965558
[test.py] Running 7th slowdown exp
    [exp] Running (pre_run: False) workload synthetic/chain-d8-http-sync request with the following configuration: {'CLIENT_CPU_QUOTA': '2', 'SLOWPOKE_POKER_BATCH_THRESHOLD': '20000000', 'PROCESSING_TIME_SERVICE0': '0.00103987', 'PROCESSING_TIME_SERVICE1': '0.00102939', 'PROCESSING_TIME_SERVICE2': '0.00084391', 'PROCESSING_TIME_SERVICE3': '0.00082903', 'PROCESSING_TIME_SERVICE4': '0.00073297', 'PROCESSING_TIME_SERVICE5': '0.00069626', 'PROCESSING_TIME_SERVICE6': '0.00042566', 'PROCESSING_TIME_SERVICE7': '0.00037051', 'PROCESSING_TIME_SERVICE8': '0.00031708', 'PROCESSING_TIME_SERVICE9': '0.00024455', 'SLOWPOKE_DELAY_MICROS_SERVICE0': '106.5', 'SLOWPOKE_POKER_BATCH_THRESHOLD_SERVICE0': '10649990', 'SLOWPOKE_DELAY_MICROS_SERVICE1': '106.5', 'SLOWPOKE_POKER_BATCH_THRESHOLD_SERVICE1': '10649990', 'SLOWPOKE_DELAY_MICROS_SERVICE2': '106.5', 'SLOWPOKE_POKER_BATCH_THRESHOLD_SERVICE2': '10649990', 'SLOWPOKE_DELAY_MICROS_SERVICE3': '106.5', 'SLOWPOKE_POKER_BATCH_THRESHOLD_SERVICE3': '10649990', 'SLOWPOKE_DELAY_MICROS_SERVICE4': '106.5', 'SLOWPOKE_POKER_BATCH_THRESHOLD_SERVICE4': '10649990', 'SLOWPOKE_DELAY_MICROS_SERVICE5': '0.0', 'SLOWPOKE_POKER_BATCH_THRESHOLD_SERVICE5': '10', 'SLOWPOKE_DELAY_MICROS_SERVICE6': '106.5', 'SLOWPOKE_POKER_BATCH_THRESHOLD_SERVICE6': '10649990', 'SLOWPOKE_DELAY_MICROS_SERVICE7': '106.5', 'SLOWPOKE_POKER_BATCH_THRESHOLD_SERVICE7': '10649990', 'SLOWPOKE_DELAY_MICROS_SERVICE8': '106.5', 'SLOWPOKE_POKER_BATCH_THRESHOLD_SERVICE8': '10649990', 'SLOWPOKE_DELAY_MICROS_SERVICE9': '106.5', 'SLOWPOKE_POKER_BATCH_THRESHOLD_SERVICE9': '10649990'}
    [exp] Executing cmd `bash run.sh synthetic chain-d8-http-sync 8 512 20000`:
        [run.sh] Running benchmark synthetic with request chain-d8-http-sync, thread 8, conn 512, duration 60
        [run.sh] Deleting all services
        configmap "config-service0" deleted
        deployment.apps "service0" deleted
        service "service0" deleted
        configmap "config-service1" deleted
        deployment.apps "service1" deleted
        service "service1" deleted
        configmap "config-service2" deleted
        deployment.apps "service2" deleted
        service "service2" deleted
        configmap "config-service3" deleted
        deployment.apps "service3" deleted
        service "service3" deleted
        configmap "config-service4" deleted
        deployment.apps "service4" deleted
        service "service4" deleted
        configmap "config-service5" deleted
        deployment.apps "service5" deleted
        service "service5" deleted
        configmap "config-service6" deleted
        deployment.apps "service6" deleted
        service "service6" deleted
        configmap "config-service7" deleted
        deployment.apps "service7" deleted
        service "service7" deleted
        configmap "config-service8" deleted
        deployment.apps "service8" deleted
        service "service8" deleted
        configmap "config-service9" deleted
        deployment.apps "service9" deleted
        service "service9" deleted
        deployment.apps "ubuntu-client" deleted
        [run.sh] Waiting for all pods to be deleted
        [run.sh] Deploying all services
        configmap/config-service0 created
        deployment.apps/service0 created
        service/service0 created
        configmap/config-service1 created
        deployment.apps/service1 created
        service/service1 created
        configmap/config-service2 created
        deployment.apps/service2 created
        service/service2 created
        configmap/config-service3 created
        deployment.apps/service3 created
        service/service3 created
        configmap/config-service4 created
        deployment.apps/service4 created
        service/service4 created
        configmap/config-service5 created
        deployment.apps/service5 created
        service/service5 created
        configmap/config-service6 created
        deployment.apps/service6 created
        service/service6 created
        configmap/config-service7 created
        deployment.apps/service7 created
        service/service7 created
        configmap/config-service8 created
        deployment.apps/service8 created
        service/service8 created
        configmap/config-service9 created
        deployment.apps/service9 created
        service/service9 created
        [run.sh] Client pod not found, deploying client
        deployment.apps/ubuntu-client created
        [run.sh] Waiting for all pods to be running
        [run.sh] All pods are running
        [run.sh] Checking heartbeat for all services
        [run.sh] All pods can connect to all services
        [run.sh] Running warmup test
        [run.sh] /wrk/wrk -t8 -c512 --timeout 3s -d3s -L http://service0:80/endpoint1
        Running 3s test @ http://service0:80/endpoint1
        8 threads and 512 connections
        Thread Stats   Avg      Stdev     Max   +/- Stdev
        Latency   452.33ms  100.82ms   1.04s    86.03%
        Req/Sec   137.93     55.73   290.00     68.86%
        Latency Distribution
        50%  430.60ms
        75%  469.13ms
        90%  553.19ms
        99%  816.51ms
        3167 requests in 3.03s, 4.06MB read
        Requests/sec:   1046.60
        Transfer/sec:      1.34MB
        [run.sh] Speed is 1046.60, duration is 28
        [run.sh] Fix the request number.
        [run.sh] Running the actual test
        [run.sh] /wrk/wrk --timeout 20s -t8 -c512 -d28s -L -s /wrk/fix_req_n.lua http://service0:80/endpoint1
        Running 28s test @ http://service0:80/endpoint1
        8 threads and 512 connections
        Thread Stats   Avg      Stdev     Max   +/- Stdev
        Latency   431.61ms   83.81ms   1.44s    88.88%
        Req/Sec   147.58     45.13   350.00     69.92%
        Latency Distribution
        50%  420.68ms
        75%  457.87ms
        90%  503.17ms
        99%  711.50ms
        20000 requests in 28.00s, 25.55MB read
        Requests/sec:    714.28
        Transfer/sec:      0.91MB
        ------------------------------
        stop time: 16.582130
        stop time: 16.749955
        stop time: 17.043040
        stop time: 17.176765
        stop time: 17.184142
        stop time: 17.281643
        stop time: 17.256208
        stop time: 17.189324
        [run.sh] Checking the resource usage
        NAME                             CPU(cores)   MEMORY(bytes)
        service0-6c8b6b7bf6-kjs2m        1m           47Mi
        service1-5d5775dc59-g68qb        1234m        19Mi
        service2-cc4ccd8f4-m78m4         1107m        17Mi
        service3-7fbbf5df6f-lc4mm        1m           14Mi
        service4-58d65fc9d8-l6r7h        1111m        15Mi
        service5-5467447458-4nsk4        1m           13Mi
        service6-6cbcc44f8-8ls6w         240m         12Mi
        service7-65fdf846d9-zfnvh        21m          11Mi
        service8-68fc588784-x57cw        232m         10Mi
        service9-6f6d69dd4-m5dld         239m         9Mi
        ubuntu-client-76886f6bbd-m5mg9   48m          0Mi
        [run.sh] Test finished with status 0
        > STDERR
        > No resources found in default namespace.
    [exp] Times: [16.58213, 16.749955, 17.04304, 17.176765, 17.184142, 17.281643, 17.256208, 17.189324]
    [exp] Throughput: 1172.4772084537042
[test.py] Finished running 7th optmization experiment: groundtruth->1018.1697935965558, slowdown->1172.4772084537042, predicted->1340.006487473908, err->31.609334307640857
[test.py] Running 8th optmization experiment
[test.py] Running 8th groundtruth exp
    [exp] Running (pre_run: False) workload synthetic/chain-d8-http-sync request with the following configuration: {'CLIENT_CPU_QUOTA': '2', 'SLOWPOKE_POKER_BATCH_THRESHOLD': '20000000', 'PROCESSING_TIME_SERVICE0': '0.00103987', 'PROCESSING_TIME_SERVICE1': '0.00102939', 'PROCESSING_TIME_SERVICE2': '0.00084391', 'PROCESSING_TIME_SERVICE3': '0.00082903', 'PROCESSING_TIME_SERVICE4': '0.00073297', 'PROCESSING_TIME_SERVICE5': '0.000552', 'PROCESSING_TIME_SERVICE6': '0.00042566', 'PROCESSING_TIME_SERVICE7': '0.00037051', 'PROCESSING_TIME_SERVICE8': '0.00031708', 'PROCESSING_TIME_SERVICE9': '0.00024455', 'SLOWPOKE_DELAY_MICROS_SERVICE0': '0.0', 'SLOWPOKE_POKER_BATCH_THRESHOLD_SERVICE0': '10', 'SLOWPOKE_DELAY_MICROS_SERVICE1': '0.0', 'SLOWPOKE_POKER_BATCH_THRESHOLD_SERVICE1': '10', 'SLOWPOKE_DELAY_MICROS_SERVICE2': '0.0', 'SLOWPOKE_POKER_BATCH_THRESHOLD_SERVICE2': '10', 'SLOWPOKE_DELAY_MICROS_SERVICE3': '0.0', 'SLOWPOKE_POKER_BATCH_THRESHOLD_SERVICE3': '10', 'SLOWPOKE_DELAY_MICROS_SERVICE4': '0.0', 'SLOWPOKE_POKER_BATCH_THRESHOLD_SERVICE4': '10', 'SLOWPOKE_DELAY_MICROS_SERVICE5': '0.0', 'SLOWPOKE_POKER_BATCH_THRESHOLD_SERVICE5': '10', 'SLOWPOKE_DELAY_MICROS_SERVICE6': '0.0', 'SLOWPOKE_POKER_BATCH_THRESHOLD_SERVICE6': '10', 'SLOWPOKE_DELAY_MICROS_SERVICE7': '0.0', 'SLOWPOKE_POKER_BATCH_THRESHOLD_SERVICE7': '10', 'SLOWPOKE_DELAY_MICROS_SERVICE8': '0.0', 'SLOWPOKE_POKER_BATCH_THRESHOLD_SERVICE8': '10', 'SLOWPOKE_DELAY_MICROS_SERVICE9': '0.0', 'SLOWPOKE_POKER_BATCH_THRESHOLD_SERVICE9': '10'}
    [exp] Executing cmd `bash run.sh synthetic chain-d8-http-sync 8 512 20000`:
        [run.sh] Running benchmark synthetic with request chain-d8-http-sync, thread 8, conn 512, duration 60
        [run.sh] Deleting all services
        configmap "config-service0" deleted
        deployment.apps "service0" deleted
        service "service0" deleted
        configmap "config-service1" deleted
        deployment.apps "service1" deleted
        service "service1" deleted
        configmap "config-service2" deleted
        deployment.apps "service2" deleted
        service "service2" deleted
        configmap "config-service3" deleted
        deployment.apps "service3" deleted
        service "service3" deleted
        configmap "config-service4" deleted
        deployment.apps "service4" deleted
        service "service4" deleted
        configmap "config-service5" deleted
        deployment.apps "service5" deleted
        service "service5" deleted
        configmap "config-service6" deleted
        deployment.apps "service6" deleted
        service "service6" deleted
        configmap "config-service7" deleted
        deployment.apps "service7" deleted
        service "service7" deleted
        configmap "config-service8" deleted
        deployment.apps "service8" deleted
        service "service8" deleted
        configmap "config-service9" deleted
        deployment.apps "service9" deleted
        service "service9" deleted
        deployment.apps "ubuntu-client" deleted
        [run.sh] Waiting for all pods to be deleted
        [run.sh] Deploying all services
        configmap/config-service0 created
        deployment.apps/service0 created
        service/service0 created
        configmap/config-service1 created
        deployment.apps/service1 created
        service/service1 created
        configmap/config-service2 created
        deployment.apps/service2 created
        service/service2 created
        configmap/config-service3 created
        deployment.apps/service3 created
        service/service3 created
        configmap/config-service4 created
        deployment.apps/service4 created
        service/service4 created
        configmap/config-service5 created
        deployment.apps/service5 created
        service/service5 created
        configmap/config-service6 created
        deployment.apps/service6 created
        service/service6 created
        configmap/config-service7 created
        deployment.apps/service7 created
        service/service7 created
        configmap/config-service8 created
        deployment.apps/service8 created
        service/service8 created
        configmap/config-service9 created
        deployment.apps/service9 created
        service/service9 created
        [run.sh] Client pod not found, deploying client
        deployment.apps/ubuntu-client created
        [run.sh] Waiting for all pods to be running
        [run.sh] All pods are running
        [run.sh] Checking heartbeat for all services
        [run.sh] All pods can connect to all services
        [run.sh] Running warmup test
        [run.sh] /wrk/wrk -t8 -c512 --timeout 3s -d3s -L http://service0:80/endpoint1
        Running 3s test @ http://service0:80/endpoint1
        8 threads and 512 connections
        Thread Stats   Avg      Stdev     Max   +/- Stdev
        Latency   425.69ms  125.48ms 983.30ms   86.14%
        Req/Sec   149.44     62.23   272.00     69.33%
        Latency Distribution
        50%  388.92ms
        75%  435.54ms
        90%  624.11ms
        99%  873.59ms
        3384 requests in 3.03s, 4.32MB read
        Requests/sec:   1117.01
        Transfer/sec:      1.43MB
        [run.sh] Speed is 1117.01, duration is 26
        [run.sh] Fix the request number.
        [run.sh] Running the actual test
        [run.sh] /wrk/wrk --timeout 20s -t8 -c512 -d26s -L -s /wrk/fix_req_n.lua http://service0:80/endpoint1
        Running 26s test @ http://service0:80/endpoint1
        8 threads and 512 connections
        Thread Stats   Avg      Stdev     Max   +/- Stdev
        Latency   845.70ms    1.20s    5.69s    88.07%
        Req/Sec   166.55     49.52   460.00     71.48%
        Latency Distribution
        50%  382.20ms
        75%  442.30ms
        90%    2.70s
        99%    5.38s
        20000 requests in 26.00s, 25.54MB read
        Requests/sec:    769.23
        Transfer/sec:      0.98MB
        ------------------------------
        stop time: 19.710043
        stop time: 19.768815
        stop time: 19.966650
        stop time: 20.090943
        stop time: 20.102144
        stop time: 20.169794
        stop time: 20.212883
        stop time: 20.237575
        [run.sh] Checking the resource usage
        NAME                        CPU(cores)   MEMORY(bytes)
        service0-7564bb8985-kf24g   1m           3Mi
        service6-555868f599-t4wz5   6m           3Mi
        service7-868cb9c7bd-9st89   6m           3Mi
        service8-bcc5c55c7-2pj5q    6m           3Mi
        [run.sh] Test finished with status 0
        > STDERR
        > No resources found in default namespace.
    [exp] Times: [19.710043, 19.768815, 19.96665, 20.090943, 20.102144, 20.169794, 20.212883, 20.237575]
    [exp] Throughput: 998.3848192792752
[test.py] Running 8th slowdown exp
    [exp] Running (pre_run: False) workload synthetic/chain-d8-http-sync request with the following configuration: {'CLIENT_CPU_QUOTA': '2', 'SLOWPOKE_POKER_BATCH_THRESHOLD': '20000000', 'PROCESSING_TIME_SERVICE0': '0.00103987', 'PROCESSING_TIME_SERVICE1': '0.00102939', 'PROCESSING_TIME_SERVICE2': '0.00084391', 'PROCESSING_TIME_SERVICE3': '0.00082903', 'PROCESSING_TIME_SERVICE4': '0.00073297', 'PROCESSING_TIME_SERVICE5': '0.00069626', 'PROCESSING_TIME_SERVICE6': '0.00042566', 'PROCESSING_TIME_SERVICE7': '0.00037051', 'PROCESSING_TIME_SERVICE8': '0.00031708', 'PROCESSING_TIME_SERVICE9': '0.00024455', 'SLOWPOKE_DELAY_MICROS_SERVICE0': '72.0', 'SLOWPOKE_POKER_BATCH_THRESHOLD_SERVICE0': '7199990', 'SLOWPOKE_DELAY_MICROS_SERVICE1': '72.0', 'SLOWPOKE_POKER_BATCH_THRESHOLD_SERVICE1': '7199990', 'SLOWPOKE_DELAY_MICROS_SERVICE2': '72.0', 'SLOWPOKE_POKER_BATCH_THRESHOLD_SERVICE2': '7199990', 'SLOWPOKE_DELAY_MICROS_SERVICE3': '72.0', 'SLOWPOKE_POKER_BATCH_THRESHOLD_SERVICE3': '7199990', 'SLOWPOKE_DELAY_MICROS_SERVICE4': '72.0', 'SLOWPOKE_POKER_BATCH_THRESHOLD_SERVICE4': '7199990', 'SLOWPOKE_DELAY_MICROS_SERVICE5': '0.0', 'SLOWPOKE_POKER_BATCH_THRESHOLD_SERVICE5': '10', 'SLOWPOKE_DELAY_MICROS_SERVICE6': '72.0', 'SLOWPOKE_POKER_BATCH_THRESHOLD_SERVICE6': '7199990', 'SLOWPOKE_DELAY_MICROS_SERVICE7': '72.0', 'SLOWPOKE_POKER_BATCH_THRESHOLD_SERVICE7': '7199990', 'SLOWPOKE_DELAY_MICROS_SERVICE8': '72.0', 'SLOWPOKE_POKER_BATCH_THRESHOLD_SERVICE8': '7199990', 'SLOWPOKE_DELAY_MICROS_SERVICE9': '72.0', 'SLOWPOKE_POKER_BATCH_THRESHOLD_SERVICE9': '7199990'}
    [exp] Executing cmd `bash run.sh synthetic chain-d8-http-sync 8 512 20000`:
        [run.sh] Running benchmark synthetic with request chain-d8-http-sync, thread 8, conn 512, duration 60
        [run.sh] Deleting all services
        configmap "config-service0" deleted
        deployment.apps "service0" deleted
        service "service0" deleted
        configmap "config-service1" deleted
        deployment.apps "service1" deleted
        service "service1" deleted
        configmap "config-service2" deleted
        deployment.apps "service2" deleted
        service "service2" deleted
        configmap "config-service3" deleted
        deployment.apps "service3" deleted
        service "service3" deleted
        configmap "config-service4" deleted
        deployment.apps "service4" deleted
        service "service4" deleted
        configmap "config-service5" deleted
        deployment.apps "service5" deleted
        service "service5" deleted
        configmap "config-service6" deleted
        deployment.apps "service6" deleted
        service "service6" deleted
        configmap "config-service7" deleted
        deployment.apps "service7" deleted
        service "service7" deleted
        configmap "config-service8" deleted
        deployment.apps "service8" deleted
        service "service8" deleted
        configmap "config-service9" deleted
        deployment.apps "service9" deleted
        service "service9" deleted
        deployment.apps "ubuntu-client" deleted
        [run.sh] Waiting for all pods to be deleted
        [run.sh] Deploying all services
        configmap/config-service0 created
        deployment.apps/service0 created
        service/service0 created
        configmap/config-service1 created
        deployment.apps/service1 created
        service/service1 created
        configmap/config-service2 created
        deployment.apps/service2 created
        service/service2 created
        configmap/config-service3 created
        deployment.apps/service3 created
        service/service3 created
        configmap/config-service4 created
        deployment.apps/service4 created
        service/service4 created
        configmap/config-service5 created
        deployment.apps/service5 created
        service/service5 created
        configmap/config-service6 created
        deployment.apps/service6 created
        service/service6 created
        configmap/config-service7 created
        deployment.apps/service7 created
        service/service7 created
        configmap/config-service8 created
        deployment.apps/service8 created
        service/service8 created
        configmap/config-service9 created
        deployment.apps/service9 created
        service/service9 created
        [run.sh] Client pod not found, deploying client
        deployment.apps/ubuntu-client created
        [run.sh] Waiting for all pods to be running
        [run.sh] All pods are running
        [run.sh] Checking heartbeat for all services
        [run.sh] All pods can connect to all services
        [run.sh] Running warmup test
        [run.sh] /wrk/wrk -t8 -c512 --timeout 3s -d3s -L http://service0:80/endpoint1
        Running 3s test @ http://service0:80/endpoint1
        8 threads and 512 connections
        Thread Stats   Avg      Stdev     Max   +/- Stdev
        Latency   476.19ms   94.14ms 880.87ms   79.56%
        Req/Sec   140.32     60.79   310.00     65.22%
        Latency Distribution
        50%  454.99ms
        75%  501.38ms
        90%  597.38ms
        99%  801.34ms
        2985 requests in 3.03s, 3.81MB read
        Requests/sec:    986.49
        Transfer/sec:      1.26MB
        [run.sh] Speed is 986.49, duration is 30
        [run.sh] Fix the request number.
        [run.sh] Running the actual test
        [run.sh] /wrk/wrk --timeout 20s -t8 -c512 -d30s -L -s /wrk/fix_req_n.lua http://service0:80/endpoint1
        Running 30s test @ http://service0:80/endpoint1
        8 threads and 512 connections
        Thread Stats   Avg      Stdev     Max   +/- Stdev
        Latency   422.22ms  100.61ms   1.44s    90.91%
        Req/Sec   150.92     46.91   500.00     68.96%
        Latency Distribution
        50%  413.13ms
        75%  451.02ms
        90%  493.97ms
        99%  880.03ms
        20000 requests in 30.00s, 25.54MB read
        Requests/sec:    666.66
        Transfer/sec:      0.85MB
        ------------------------------
        stop time: 15.906729
        stop time: 16.335643
        stop time: 16.690658
        stop time: 16.665641
        stop time: 16.984751
        stop time: 16.970782
        stop time: 17.045990
        stop time: 17.067341
        [run.sh] Checking the resource usage
        NAME                             CPU(cores)   MEMORY(bytes)
        service0-75b69f85d5-wnkck        1m           43Mi
        service1-68667fd67d-hnq4n        195m         18Mi
        service2-7ddf7fd9d7-clk4h        170m         16Mi
        service3-57ddb8bf96-96qqn        1m           14Mi
        service4-867cb6777c-mzldl        90m          14Mi
        service5-5467447458-r922r        1m           14Mi
        service6-8649795dd7-4l2fk        345m         12Mi
        service7-5fc586bc4d-5mzwz        6m           12Mi
        service8-5b69bb8b7c-wssv7        328m         11Mi
        service9-86697d6647-2vd9x        165m         9Mi
        ubuntu-client-76886f6bbd-sm27d   15m          0Mi
        [run.sh] Test finished with status 0
        > STDERR
        > No resources found in default namespace.
    [exp] Times: [15.906729, 16.335643, 16.690658, 16.665641, 16.984751, 16.970782, 17.04599, 17.067341]
    [exp] Throughput: 1196.999705276229
[test.py] Finished running 8th optmization experiment: groundtruth->998.3848192792752, slowdown->1196.999705276229, predicted->1310.114447913473, err->31.223394287909194
[test.py] Running 9th optmization experiment
[test.py] Running 9th groundtruth exp
    [exp] Running (pre_run: False) workload synthetic/chain-d8-http-sync request with the following configuration: {'CLIENT_CPU_QUOTA': '2', 'SLOWPOKE_POKER_BATCH_THRESHOLD': '20000000', 'PROCESSING_TIME_SERVICE0': '0.00103987', 'PROCESSING_TIME_SERVICE1': '0.00102939', 'PROCESSING_TIME_SERVICE2': '0.00084391', 'PROCESSING_TIME_SERVICE3': '0.00082903', 'PROCESSING_TIME_SERVICE4': '0.00073297', 'PROCESSING_TIME_SERVICE5': '0.000621', 'PROCESSING_TIME_SERVICE6': '0.00042566', 'PROCESSING_TIME_SERVICE7': '0.00037051', 'PROCESSING_TIME_SERVICE8': '0.00031708', 'PROCESSING_TIME_SERVICE9': '0.00024455', 'SLOWPOKE_DELAY_MICROS_SERVICE0': '0.0', 'SLOWPOKE_POKER_BATCH_THRESHOLD_SERVICE0': '10', 'SLOWPOKE_DELAY_MICROS_SERVICE1': '0.0', 'SLOWPOKE_POKER_BATCH_THRESHOLD_SERVICE1': '10', 'SLOWPOKE_DELAY_MICROS_SERVICE2': '0.0', 'SLOWPOKE_POKER_BATCH_THRESHOLD_SERVICE2': '10', 'SLOWPOKE_DELAY_MICROS_SERVICE3': '0.0', 'SLOWPOKE_POKER_BATCH_THRESHOLD_SERVICE3': '10', 'SLOWPOKE_DELAY_MICROS_SERVICE4': '0.0', 'SLOWPOKE_POKER_BATCH_THRESHOLD_SERVICE4': '10', 'SLOWPOKE_DELAY_MICROS_SERVICE5': '0.0', 'SLOWPOKE_POKER_BATCH_THRESHOLD_SERVICE5': '10', 'SLOWPOKE_DELAY_MICROS_SERVICE6': '0.0', 'SLOWPOKE_POKER_BATCH_THRESHOLD_SERVICE6': '10', 'SLOWPOKE_DELAY_MICROS_SERVICE7': '0.0', 'SLOWPOKE_POKER_BATCH_THRESHOLD_SERVICE7': '10', 'SLOWPOKE_DELAY_MICROS_SERVICE8': '0.0', 'SLOWPOKE_POKER_BATCH_THRESHOLD_SERVICE8': '10', 'SLOWPOKE_DELAY_MICROS_SERVICE9': '0.0', 'SLOWPOKE_POKER_BATCH_THRESHOLD_SERVICE9': '10'}
    [exp] Executing cmd `bash run.sh synthetic chain-d8-http-sync 8 512 20000`:
        [run.sh] Running benchmark synthetic with request chain-d8-http-sync, thread 8, conn 512, duration 60
        [run.sh] Deleting all services
        configmap "config-service0" deleted
        deployment.apps "service0" deleted
        service "service0" deleted
        configmap "config-service1" deleted
        deployment.apps "service1" deleted
        service "service1" deleted
        configmap "config-service2" deleted
        deployment.apps "service2" deleted
        service "service2" deleted
        configmap "config-service3" deleted
        deployment.apps "service3" deleted
        service "service3" deleted
        configmap "config-service4" deleted
        deployment.apps "service4" deleted
        service "service4" deleted
        configmap "config-service5" deleted
        deployment.apps "service5" deleted
        service "service5" deleted
        configmap "config-service6" deleted
        deployment.apps "service6" deleted
        service "service6" deleted
        configmap "config-service7" deleted
        deployment.apps "service7" deleted
        service "service7" deleted
        configmap "config-service8" deleted
        deployment.apps "service8" deleted
        service "service8" deleted
        configmap "config-service9" deleted
        deployment.apps "service9" deleted
        service "service9" deleted
        deployment.apps "ubuntu-client" deleted
        [run.sh] Waiting for all pods to be deleted
        [run.sh] Deploying all services
        configmap/config-service0 created
        deployment.apps/service0 created
        service/service0 created
        configmap/config-service1 created
        deployment.apps/service1 created
        service/service1 created
        configmap/config-service2 created
        deployment.apps/service2 created
        service/service2 created
        configmap/config-service3 created
        deployment.apps/service3 created
        service/service3 created
        configmap/config-service4 created
        deployment.apps/service4 created
        service/service4 created
        configmap/config-service5 created
        deployment.apps/service5 created
        service/service5 created
        configmap/config-service6 created
        deployment.apps/service6 created
        service/service6 created
        configmap/config-service7 created
        deployment.apps/service7 created
        service/service7 created
        configmap/config-service8 created
        deployment.apps/service8 created
        service/service8 created
        configmap/config-service9 created
        deployment.apps/service9 created
        service/service9 created
        [run.sh] Client pod not found, deploying client
        deployment.apps/ubuntu-client created
        [run.sh] Waiting for all pods to be running
        [run.sh] All pods are running
        [run.sh] Checking heartbeat for all services
        [run.sh] All pods can connect to all services
        [run.sh] Running warmup test
        [run.sh] /wrk/wrk -t8 -c512 --timeout 3s -d3s -L http://service0:80/endpoint1
        Running 3s test @ http://service0:80/endpoint1
        8 threads and 512 connections
        Thread Stats   Avg      Stdev     Max   +/- Stdev
        Latency   392.13ms   77.81ms 768.33ms   86.76%
        Req/Sec   168.93     48.36   330.00     77.78%
        Latency Distribution
        50%  370.57ms
        75%  403.84ms
        90%  475.00ms
        99%  695.05ms
        3694 requests in 3.04s, 4.72MB read
        Requests/sec:   1216.74
        Transfer/sec:      1.55MB
        [run.sh] Speed is 1216.74, duration is 24
        [run.sh] Fix the request number.
        [run.sh] Running the actual test
        [run.sh] /wrk/wrk --timeout 20s -t8 -c512 -d24s -L -s /wrk/fix_req_n.lua http://service0:80/endpoint1
        Running 24s test @ http://service0:80/endpoint1
        8 threads and 512 connections
        Thread Stats   Avg      Stdev     Max   +/- Stdev
        Latency   400.86ms   95.33ms   1.37s    85.64%
        Req/Sec   159.31     51.11   393.00     71.29%
        Latency Distribution
        50%  382.61ms
        75%  439.74ms
        90%  499.24ms
        99%  699.39ms
        20000 requests in 24.00s, 25.54MB read
        Requests/sec:    833.33
        Transfer/sec:      1.06MB
        ------------------------------
        stop time: 15.486496
        stop time: 15.659454
        stop time: 15.849716
        stop time: 15.786760
        stop time: 15.957688
        stop time: 15.942277
        stop time: 15.985917
        stop time: 15.965267
        [run.sh] Checking the resource usage
        NAME                             CPU(cores)   MEMORY(bytes)
        service0-7564bb8985-7qbct        181m         50Mi
        service1-5b899d549d-zk567        553m         19Mi
        service2-6f7c796b99-xgg6x        490m         18Mi
        service3-5dc7779b96-tlvmj        220m         16Mi
        service4-66495c49c-vpw4x         399m         15Mi
        service5-5467447458-fr87j        221m         14Mi
        service6-555868f599-bg6dd        1100m        11Mi
        service7-868cb9c7bd-7rns9        86m          10Mi
        service8-bcc5c55c7-d672w         1038m        9Mi
        service9-c64958867-xg7d8         397m         9Mi
        ubuntu-client-76886f6bbd-rd2bz   16m          13Mi
        [run.sh] Test finished with status 0
        > STDERR
        > No resources found in default namespace.
    [exp] Times: [15.486496, 15.659454, 15.849716, 15.78676, 15.957688, 15.942277, 15.985917, 15.965267]
    [exp] Throughput: 1263.487980971871
[test.py] Running 9th slowdown exp
    [exp] Running (pre_run: False) workload synthetic/chain-d8-http-sync request with the following configuration: {'CLIENT_CPU_QUOTA': '2', 'SLOWPOKE_POKER_BATCH_THRESHOLD': '20000000', 'PROCESSING_TIME_SERVICE0': '0.00103987', 'PROCESSING_TIME_SERVICE1': '0.00102939', 'PROCESSING_TIME_SERVICE2': '0.00084391', 'PROCESSING_TIME_SERVICE3': '0.00082903', 'PROCESSING_TIME_SERVICE4': '0.00073297', 'PROCESSING_TIME_SERVICE5': '0.00069626', 'PROCESSING_TIME_SERVICE6': '0.00042566', 'PROCESSING_TIME_SERVICE7': '0.00037051', 'PROCESSING_TIME_SERVICE8': '0.00031708', 'PROCESSING_TIME_SERVICE9': '0.00024455', 'SLOWPOKE_DELAY_MICROS_SERVICE0': '37.5', 'SLOWPOKE_POKER_BATCH_THRESHOLD_SERVICE0': '3749990', 'SLOWPOKE_DELAY_MICROS_SERVICE1': '37.5', 'SLOWPOKE_POKER_BATCH_THRESHOLD_SERVICE1': '3749990', 'SLOWPOKE_DELAY_MICROS_SERVICE2': '37.5', 'SLOWPOKE_POKER_BATCH_THRESHOLD_SERVICE2': '3749990', 'SLOWPOKE_DELAY_MICROS_SERVICE3': '37.5', 'SLOWPOKE_POKER_BATCH_THRESHOLD_SERVICE3': '3749990', 'SLOWPOKE_DELAY_MICROS_SERVICE4': '37.5', 'SLOWPOKE_POKER_BATCH_THRESHOLD_SERVICE4': '3749990', 'SLOWPOKE_DELAY_MICROS_SERVICE5': '0.0', 'SLOWPOKE_POKER_BATCH_THRESHOLD_SERVICE5': '10', 'SLOWPOKE_DELAY_MICROS_SERVICE6': '37.5', 'SLOWPOKE_POKER_BATCH_THRESHOLD_SERVICE6': '3749990', 'SLOWPOKE_DELAY_MICROS_SERVICE7': '37.5', 'SLOWPOKE_POKER_BATCH_THRESHOLD_SERVICE7': '3749990', 'SLOWPOKE_DELAY_MICROS_SERVICE8': '37.5', 'SLOWPOKE_POKER_BATCH_THRESHOLD_SERVICE8': '3749990', 'SLOWPOKE_DELAY_MICROS_SERVICE9': '37.5', 'SLOWPOKE_POKER_BATCH_THRESHOLD_SERVICE9': '3749990'}
    [exp] Executing cmd `bash run.sh synthetic chain-d8-http-sync 8 512 20000`:
        [run.sh] Running benchmark synthetic with request chain-d8-http-sync, thread 8, conn 512, duration 60
        [run.sh] Deleting all services
        configmap "config-service0" deleted
        deployment.apps "service0" deleted
        service "service0" deleted
        configmap "config-service1" deleted
        deployment.apps "service1" deleted
        service "service1" deleted
        configmap "config-service2" deleted
        deployment.apps "service2" deleted
        service "service2" deleted
        configmap "config-service3" deleted
        deployment.apps "service3" deleted
        service "service3" deleted
        configmap "config-service4" deleted
        deployment.apps "service4" deleted
        service "service4" deleted
        configmap "config-service5" deleted
        deployment.apps "service5" deleted
        service "service5" deleted
        configmap "config-service6" deleted
        deployment.apps "service6" deleted
        service "service6" deleted
        configmap "config-service7" deleted
        deployment.apps "service7" deleted
        service "service7" deleted
        configmap "config-service8" deleted
        deployment.apps "service8" deleted
        service "service8" deleted
        configmap "config-service9" deleted
        deployment.apps "service9" deleted
        service "service9" deleted
        deployment.apps "ubuntu-client" deleted
        [run.sh] Waiting for all pods to be deleted
        [run.sh] Deploying all services
        configmap/config-service0 created
        deployment.apps/service0 created
        service/service0 created
        configmap/config-service1 created
        deployment.apps/service1 created
        service/service1 created
        configmap/config-service2 created
        deployment.apps/service2 created
        service/service2 created
        configmap/config-service3 created
        deployment.apps/service3 created
        service/service3 created
        configmap/config-service4 created
        deployment.apps/service4 created
        service/service4 created
        configmap/config-service5 created
        deployment.apps/service5 created
        service/service5 created
        configmap/config-service6 created
        deployment.apps/service6 created
        service/service6 created
        configmap/config-service7 created
        deployment.apps/service7 created
        service/service7 created
        configmap/config-service8 created
        deployment.apps/service8 created
        service/service8 created
        configmap/config-service9 created
        deployment.apps/service9 created
        service/service9 created
        [run.sh] Client pod not found, deploying client
        deployment.apps/ubuntu-client created
        [run.sh] Waiting for all pods to be running
        [run.sh] All pods are running
        [run.sh] Checking heartbeat for all services
        [run.sh] All pods can connect to all services
        [run.sh] Running warmup test
        [run.sh] /wrk/wrk -t8 -c512 --timeout 3s -d3s -L http://service0:80/endpoint1
        Running 3s test @ http://service0:80/endpoint1
        8 threads and 512 connections
        Thread Stats   Avg      Stdev     Max   +/- Stdev
        Latency   444.32ms  105.41ms 874.66ms   86.46%
        Req/Sec   147.22     54.70   340.00     71.82%
        Latency Distribution
        50%  414.73ms
        75%  455.52ms
        90%  583.18ms
        99%  814.11ms
        3243 requests in 3.04s, 4.14MB read
        Requests/sec:   1068.46
        Transfer/sec:      1.36MB
        [run.sh] Speed is 1068.46, duration is 28
        [run.sh] Fix the request number.
        [run.sh] Running the actual test
        [run.sh] /wrk/wrk --timeout 20s -t8 -c512 -d28s -L -s /wrk/fix_req_n.lua http://service0:80/endpoint1
        Running 28s test @ http://service0:80/endpoint1
        8 threads and 512 connections
        Thread Stats   Avg      Stdev     Max   +/- Stdev
        Latency   398.35ms   73.48ms   1.01s    88.90%
        Req/Sec   160.51     47.17   480.00     68.38%
        Latency Distribution
        50%  389.55ms
        75%  421.38ms
        90%  458.80ms
        99%  714.64ms
        20000 requests in 28.00s, 25.54MB read
        Requests/sec:    714.28
        Transfer/sec:      0.91MB
        ------------------------------
        stop time: 15.198964
        stop time: 15.518301
        stop time: 15.541839
        stop time: 15.864718
        stop time: 15.880245
        stop time: 15.930524
        stop time: 15.999720
        stop time: 15.998765
        [run.sh] Checking the resource usage
        NAME                             CPU(cores)   MEMORY(bytes)
        service0-5b46878bfd-rdfq5        1689m        49Mi
        service1-59b858478f-8nrvt        1269m        20Mi
        service2-5dd9c95f76-v9mtc        1134m        18Mi
        service3-7dd789c79f-rjzrn        1402m        16Mi
        service4-cd7b8cf78-xdxx4         1153m        15Mi
        service5-5467447458-r54p6        1308m        14Mi
        service6-9d68ff7f6-kds6z         218m         12Mi
        service7-85db9cb9b7-gkfn6        1216m        11Mi
        service8-7685b87fdb-j5m29        212m         10Mi
        service9-86d78fd6d6-kn4ln        227m         8Mi
        ubuntu-client-76886f6bbd-2rsnm   56m          14Mi
        [run.sh] Test finished with status 0
        > STDERR
        > No resources found in default namespace.
    [exp] Times: [15.198964, 15.518301, 15.541839, 15.864718, 15.880245, 15.930524, 15.99972, 15.998765]
    [exp] Throughput: 1270.5160953902214
[test.py] Finished running 9th optmization experiment: groundtruth->1263.487980971871, slowdown->1270.5160953902214, predicted->1334.3087575120333, err->5.605180073473056
[test.py] Baseline throughput:  1330.0313863300355
[test.py] Groundtruth:  [1338.2436391983406, 1348.9663696950927, 1345.8781967109662, 1311.4403234326585, 1322.7946941448165, 1335.6436183607389, 1301.4918154711065, 1018.1697935965558, 998.3848192792752, 1263.487980971871]
[test.py] Slowdown:  [902.8742352337811, 948.963323107285, 955.1764069039552, 801.7706664194005, 1045.631796382029, 1085.0192537683786, 1103.9473818935683, 1172.4772084537042, 1196.999705276229, 1270.5160953902214]
[test.py] Predicted:  [1316.7528364810653, 1351.0747347749523, 1302.427541784012, 997.397347724713, 1340.0701451342034, 1340.4598770994332, 1307.6847960490654, 1340.006487473908, 1310.114447913473, 1334.3087575120333]
[test.py] Error percentage:  [-1.6058961229323772, 0.1562948585839208, -3.228424015868465, -23.946417545401285, 1.305981273273506, 0.36059459817623163, 0.47583707437431766, 31.609334307640857, 31.223394287909194, 5.605180073473056]
[test.py] ++++++++++++++++++++++++++++++++ Summary: 
[test.py] Result for the experiment 0: 
    Baseline throughput: 1306.5491412648607
    Groundtruth: [1342.4524337219486, 1341.1130856393577, 1345.2416138856913, 1312.0254173436, 1325.8776031503978, 1345.598146465465, 1337.6596367190648, 1281.7862255038335, 1327.7254855861377, 1303.161060680905]
    Slowdown:    [743.2781996044152, 940.9673046266204, 965.2488223240433, 798.0113039597975, 1022.7797795389234, 1077.2373308760116, 1124.2716239400236, 1164.8523678485544, 1196.7847420477094, 1251.360845142836]
    Predicted:   [1002.7462524975352, 1334.9242404212239, 1321.2268436828776, 991.5863095966845, 1302.765960220383, 1328.6025450361599, 1336.3003320965233, 1330.0562741821893, 1309.8569420092929, 1313.1976254662045]
    Error Perc:  [-25.30489518221351, -0.46147079499886795, -1.7851640891072134, -24.423239329897626, -1.7431203962642983, -1.2630517865938082, -0.10161812356658104, 3.7658423626281543, -1.3458010538192342, 0.7701707093715209]
[test.py] Result for the experiment 1: 
    Baseline throughput: 1328.4610474546712
    Groundtruth: [1337.5593632879697, 1333.6140257454022, 1329.6085789403612, 1346.5700382595055, 1327.9894374376124, 1351.5552261515122, 1023.1255926694789, 1333.5028326558875, 1321.6341507356956, 1323.3507363053193]
    Slowdown:    [903.1703095495436, 753.4195464727941, 961.8249859648694, 807.7782747184848, 1045.3499941215396, 1082.8576773827638, 1121.1108358550443, 1170.564119650587, 1217.7148961982532, 1239.2084500261078]
    Predicted:   [1317.3826616731933, 986.5321285120627, 1314.8203343210098, 1006.71126582138, 1339.6073284391057, 1337.1622640473763, 1331.8372916023204, 1337.5082203464208, 1334.9703852672806, 1299.820938292317]
    Error Perc:  [-1.5084714868414035, -26.02566338782644, -1.1122254213444522, -25.238848539761527, 0.8748481481833367, -1.0649185342665697, 30.173392313192867, 0.3003658929284721, 1.0090715743204186, -1.7780469959683969]
[test.py] Result for the experiment 2: 
    Baseline throughput: 1330.0313863300355
    Groundtruth: [1338.2436391983406, 1348.9663696950927, 1345.8781967109662, 1311.4403234326585, 1322.7946941448165, 1335.6436183607389, 1301.4918154711065, 1018.1697935965558, 998.3848192792752, 1263.487980971871]
    Slowdown:    [902.8742352337811, 948.963323107285, 955.1764069039552, 801.7706664194005, 1045.631796382029, 1085.0192537683786, 1103.9473818935683, 1172.4772084537042, 1196.999705276229, 1270.5160953902214]
    Predicted:   [1316.7528364810653, 1351.0747347749523, 1302.427541784012, 997.397347724713, 1340.0701451342034, 1340.4598770994332, 1307.6847960490654, 1340.006487473908, 1310.114447913473, 1334.3087575120333]
    Error Perc:  [-1.6058961229323772, 0.1562948585839208, -3.228424015868465, -23.946417545401285, 1.305981273273506, 0.36059459817623163, 0.47583707437431766, 31.609334307640857, 31.223394287909194, 5.605180073473056]
