[config.py] Random numbers for execution time: [426.9620850722314, 449.5844943335168, 617.3570975883515, 749.8838706250342, 956.1458751140824, 1339.2300416379137]
benchmark                        : synthetic
num_threads                      : 8
num_conns                        : 512
target_service                   : service2
request_type                     : chain-d4-http-sync
repetitions                      : 3
target_num_exp                   : 10
pre_run                          : False
num_req                          : 40000
groundtruths                     : []
slowdowns                        : []
predicteds                       : []
errs                             : []
poker_batch_req                  : 100
client_cpu_quota                 : 2
random_seed                      : 28561
request_ratio                    : {'service0': 1, 'service1': 1, 'service2': 1, 'service3': 1, 'service4': 1, 'service5': 1}
baseline_service_processing_time : {'service0': 1339.23, 'service1': 956.15, 'service2': 749.88, 'service3': 617.36, 'service4': 449.58, 'service5': 426.96}
cpu_quota                        : {'service0': 2, 'service1': 2, 'service2': 2, 'service3': 2, 'service4': 2, 'service5': 2}
target_processing_time_range     : [0, 749.88]
baseline_throughputs             : []
poker_batch                      : 20000000
[test.py] Starting experiment...
[test.py] >>>>>>>>>>>>>>>>>>>>>>>>>>>>> Running experiment 0...
[test.py] Actual processing time range: [0, 74, 148, 222, 296, 370, 444, 518, 592, 666]
[test.py] Running baseline experiment
    [exp] Running (pre_run: False) workload synthetic/chain-d4-http-sync request with the following configuration: {'CLIENT_CPU_QUOTA': '2', 'SLOWPOKE_POKER_BATCH_THRESHOLD': '20000000', 'PROCESSING_TIME_SERVICE0': '0.00133923', 'PROCESSING_TIME_SERVICE1': '0.00095615', 'PROCESSING_TIME_SERVICE2': '0.00074988', 'PROCESSING_TIME_SERVICE3': '0.00061736', 'PROCESSING_TIME_SERVICE4': '0.00044958', 'PROCESSING_TIME_SERVICE5': '0.00042696', 'SLOWPOKE_DELAY_MICROS_SERVICE0': '0.0', 'SLOWPOKE_POKER_BATCH_THRESHOLD_SERVICE0': '10', 'SLOWPOKE_DELAY_MICROS_SERVICE1': '0.0', 'SLOWPOKE_POKER_BATCH_THRESHOLD_SERVICE1': '10', 'SLOWPOKE_DELAY_MICROS_SERVICE2': '0.0', 'SLOWPOKE_POKER_BATCH_THRESHOLD_SERVICE2': '10', 'SLOWPOKE_DELAY_MICROS_SERVICE3': '0.0', 'SLOWPOKE_POKER_BATCH_THRESHOLD_SERVICE3': '10', 'SLOWPOKE_DELAY_MICROS_SERVICE4': '0.0', 'SLOWPOKE_POKER_BATCH_THRESHOLD_SERVICE4': '10', 'SLOWPOKE_DELAY_MICROS_SERVICE5': '0.0', 'SLOWPOKE_POKER_BATCH_THRESHOLD_SERVICE5': '10'}
    [exp] Executing cmd `bash run.sh synthetic chain-d4-http-sync 8 512 40000`:
        [run.sh] Running benchmark synthetic with request chain-d4-http-sync, thread 8, conn 512, duration 60
        [run.sh] Deleting all services
        configmap "config-service0" deleted
        deployment.apps "service0" deleted
        service "service0" deleted
        configmap "config-service1" deleted
        deployment.apps "service1" deleted
        service "service1" deleted
        configmap "config-service2" deleted
        deployment.apps "service2" deleted
        service "service2" deleted
        configmap "config-service3" deleted
        deployment.apps "service3" deleted
        service "service3" deleted
        configmap "config-service4" deleted
        deployment.apps "service4" deleted
        service "service4" deleted
        configmap "config-service5" deleted
        deployment.apps "service5" deleted
        service "service5" deleted
        deployment.apps "ubuntu-client" deleted
        [run.sh] Waiting for all pods to be deleted
        [run.sh] Deploying all services
        configmap/config-service0 created
        deployment.apps/service0 created
        service/service0 created
        configmap/config-service1 created
        deployment.apps/service1 created
        service/service1 created
        configmap/config-service2 created
        deployment.apps/service2 created
        service/service2 created
        configmap/config-service3 created
        deployment.apps/service3 created
        service/service3 created
        configmap/config-service4 created
        deployment.apps/service4 created
        service/service4 created
        configmap/config-service5 created
        deployment.apps/service5 created
        service/service5 created
        [run.sh] Client pod not found, deploying client
        deployment.apps/ubuntu-client created
        [run.sh] Waiting for all pods to be running
        [run.sh] All pods are running
        [run.sh] Checking heartbeat for all services
        [run.sh] All pods can connect to all services
        [run.sh] Running warmup test
        [run.sh] /wrk/wrk -t8 -c512 --timeout 3s -d3s -L http://service0:80/endpoint1
        Running 3s test @ http://service0:80/endpoint1
        8 threads and 512 connections
        Thread Stats   Avg      Stdev     Max   +/- Stdev
        Latency   452.85ms  101.10ms   1.12s    78.10%
        Req/Sec   145.75     52.79   282.00     71.30%
        Latency Distribution
        50%  424.21ms
        75%  483.78ms
        90%  610.95ms
        99%  795.93ms
        3158 requests in 3.02s, 2.61MB read
        Requests/sec:   1044.41
        Transfer/sec:      0.86MB
        [run.sh] Speed is 1044.41, duration is 57
        [run.sh] Fix the request number.
        [run.sh] Running the actual test
        [run.sh] /wrk/wrk --timeout 20s -t8 -c512 -d57s -L -s /wrk/fix_req_n.lua http://service0:80/endpoint1
        [run.sh] Checking the resource usage
        NAME                             CPU(cores)   MEMORY(bytes)
        service0-5f7bfff576-4xh28        340m         43Mi
        service1-96558989f-ppv7j         402m         17Mi
        service2-b9b68cb9d-lmrf9         272m         14Mi
        service3-ddcb6f57c-jhzhs         402m         12Mi
        service4-b87f5c5bd-f5f5g         363m         11Mi
        service5-75886d8875-6gqfx        235m         9Mi
        ubuntu-client-76886f6bbd-km46z   20m          0Mi
        Running 1m test @ http://service0:80/endpoint1
        8 threads and 512 connections
        Thread Stats   Avg      Stdev     Max   +/- Stdev
        Latency   422.65ms  127.55ms   2.43s    90.82%
        Req/Sec   152.18     42.54   323.00     72.40%
        Latency Distribution
        50%  402.88ms
        75%  446.91ms
        90%  510.10ms
        99%  813.83ms
        40000 requests in 0.95m, 33.08MB read
        Requests/sec:    701.75
        Transfer/sec:    594.19KB
        ------------------------------
        stop time: 32.950846
        stop time: 32.901333
        stop time: 32.931498
        stop time: 32.968384
        stop time: 33.267229
        stop time: 33.043180
        stop time: 33.097072
        stop time: 33.177241
        [run.sh] Test finished with status 0
        > STDERR
        > No resources found in default namespace.
    [exp] Times: [32.950846, 32.901333, 32.931498, 32.968384, 33.267229, 33.04318, 33.097072, 33.177241]
    [exp] Throughput: 1210.5768874398384
[test.py] Baseline throughput: 1210.5768874398384
[test.py] Running 0th optmization experiment
[test.py] Running 0th groundtruth exp
    [exp] Running (pre_run: False) workload synthetic/chain-d4-http-sync request with the following configuration: {'CLIENT_CPU_QUOTA': '2', 'SLOWPOKE_POKER_BATCH_THRESHOLD': '20000000', 'PROCESSING_TIME_SERVICE0': '0.00133923', 'PROCESSING_TIME_SERVICE1': '0.00095615', 'PROCESSING_TIME_SERVICE2': '0.0', 'PROCESSING_TIME_SERVICE3': '0.00061736', 'PROCESSING_TIME_SERVICE4': '0.00044958', 'PROCESSING_TIME_SERVICE5': '0.00042696', 'SLOWPOKE_DELAY_MICROS_SERVICE0': '0.0', 'SLOWPOKE_POKER_BATCH_THRESHOLD_SERVICE0': '10', 'SLOWPOKE_DELAY_MICROS_SERVICE1': '0.0', 'SLOWPOKE_POKER_BATCH_THRESHOLD_SERVICE1': '10', 'SLOWPOKE_DELAY_MICROS_SERVICE2': '0.0', 'SLOWPOKE_POKER_BATCH_THRESHOLD_SERVICE2': '10', 'SLOWPOKE_DELAY_MICROS_SERVICE3': '0.0', 'SLOWPOKE_POKER_BATCH_THRESHOLD_SERVICE3': '10', 'SLOWPOKE_DELAY_MICROS_SERVICE4': '0.0', 'SLOWPOKE_POKER_BATCH_THRESHOLD_SERVICE4': '10', 'SLOWPOKE_DELAY_MICROS_SERVICE5': '0.0', 'SLOWPOKE_POKER_BATCH_THRESHOLD_SERVICE5': '10'}
    [exp] Executing cmd `bash run.sh synthetic chain-d4-http-sync 8 512 40000`:
        [run.sh] Running benchmark synthetic with request chain-d4-http-sync, thread 8, conn 512, duration 60
        [run.sh] Deleting all services
        configmap "config-service0" deleted
        deployment.apps "service0" deleted
        service "service0" deleted
        configmap "config-service1" deleted
        deployment.apps "service1" deleted
        service "service1" deleted
        configmap "config-service2" deleted
        deployment.apps "service2" deleted
        service "service2" deleted
        configmap "config-service3" deleted
        deployment.apps "service3" deleted
        service "service3" deleted
        configmap "config-service4" deleted
        deployment.apps "service4" deleted
        service "service4" deleted
        configmap "config-service5" deleted
        deployment.apps "service5" deleted
        service "service5" deleted
        deployment.apps "ubuntu-client" deleted
        [run.sh] Waiting for all pods to be deleted
        [run.sh] Deploying all services
        configmap/config-service0 created
        deployment.apps/service0 created
        service/service0 created
        configmap/config-service1 created
        deployment.apps/service1 created
        service/service1 created
        configmap/config-service2 created
        deployment.apps/service2 created
        service/service2 created
        configmap/config-service3 created
        deployment.apps/service3 created
        service/service3 created
        configmap/config-service4 created
        deployment.apps/service4 created
        service/service4 created
        configmap/config-service5 created
        deployment.apps/service5 created
        service/service5 created
        [run.sh] Client pod not found, deploying client
        deployment.apps/ubuntu-client created
        [run.sh] Waiting for all pods to be running
        [run.sh] All pods are running
        [run.sh] Checking heartbeat for all services
        [run.sh] All pods can connect to all services
        [run.sh] Running warmup test
        [run.sh] /wrk/wrk -t8 -c512 --timeout 3s -d3s -L http://service0:80/endpoint1
        Running 3s test @ http://service0:80/endpoint1
        8 threads and 512 connections
        Thread Stats   Avg      Stdev     Max   +/- Stdev
        Latency   449.56ms  109.66ms 923.87ms   81.27%
        Req/Sec   149.16     50.26   270.00     71.15%
        Latency Distribution
        50%  414.76ms
        75%  477.89ms
        90%  625.16ms
        99%  789.73ms
        3155 requests in 3.03s, 2.61MB read
        Requests/sec:   1042.38
        Transfer/sec:      0.86MB
        [run.sh] Speed is 1042.38, duration is 57
        [run.sh] Fix the request number.
        [run.sh] Running the actual test
        [run.sh] /wrk/wrk --timeout 20s -t8 -c512 -d57s -L -s /wrk/fix_req_n.lua http://service0:80/endpoint1
        [run.sh] Checking the resource usage
        NAME                             CPU(cores)   MEMORY(bytes)
        service0-5f7bfff576-bq8wz        610m         48Mi
        service1-96558989f-btdnm         20m          18Mi
        service2-b9b68cb9d-pzz9s         221m         13Mi
        service3-ddcb6f57c-c6gz6         89m          12Mi
        service4-b87f5c5bd-btpss         89m          11Mi
        service5-75886d8875-bx6z6        90m          10Mi
        ubuntu-client-76886f6bbd-mh7m9   19m          8Mi
        Running 1m test @ http://service0:80/endpoint1
        8 threads and 512 connections
        Thread Stats   Avg      Stdev     Max   +/- Stdev
        Latency   420.52ms  100.37ms   1.71s    87.24%
        Req/Sec   152.70     46.04   383.00     69.45%
        Latency Distribution
        50%  402.07ms
        75%  445.72ms
        90%  510.05ms
        99%  819.99ms
        40000 requests in 0.95m, 33.07MB read
        Requests/sec:    701.75
        Transfer/sec:    594.16KB
        ------------------------------
        stop time: 32.547179
        stop time: 33.003148
        stop time: 32.971553
        stop time: 33.110361
        stop time: 33.103058
        stop time: 33.122954
        stop time: 33.207856
        stop time: 33.249970
        [run.sh] Test finished with status 0
        > STDERR
        > No resources found in default namespace.
    [exp] Times: [32.547179, 33.003148, 32.971553, 33.110361, 33.103058, 33.122954, 33.207856, 33.24997]
    [exp] Throughput: 1210.671712484052
[test.py] Running 0th slowdown exp
    [exp] Running (pre_run: False) workload synthetic/chain-d4-http-sync request with the following configuration: {'CLIENT_CPU_QUOTA': '2', 'SLOWPOKE_POKER_BATCH_THRESHOLD': '20000000', 'PROCESSING_TIME_SERVICE0': '0.00133923', 'PROCESSING_TIME_SERVICE1': '0.00095615', 'PROCESSING_TIME_SERVICE2': '0.00074988', 'PROCESSING_TIME_SERVICE3': '0.00061736', 'PROCESSING_TIME_SERVICE4': '0.00044958', 'PROCESSING_TIME_SERVICE5': '0.00042696', 'SLOWPOKE_DELAY_MICROS_SERVICE0': '374.5', 'SLOWPOKE_POKER_BATCH_THRESHOLD_SERVICE0': '37449990', 'SLOWPOKE_DELAY_MICROS_SERVICE1': '374.5', 'SLOWPOKE_POKER_BATCH_THRESHOLD_SERVICE1': '37449990', 'SLOWPOKE_DELAY_MICROS_SERVICE2': '0.0', 'SLOWPOKE_POKER_BATCH_THRESHOLD_SERVICE2': '10', 'SLOWPOKE_DELAY_MICROS_SERVICE3': '374.5', 'SLOWPOKE_POKER_BATCH_THRESHOLD_SERVICE3': '37449990', 'SLOWPOKE_DELAY_MICROS_SERVICE4': '374.5', 'SLOWPOKE_POKER_BATCH_THRESHOLD_SERVICE4': '37449990', 'SLOWPOKE_DELAY_MICROS_SERVICE5': '374.5', 'SLOWPOKE_POKER_BATCH_THRESHOLD_SERVICE5': '37449990'}
    [exp] Executing cmd `bash run.sh synthetic chain-d4-http-sync 8 512 40000`:
        [run.sh] Running benchmark synthetic with request chain-d4-http-sync, thread 8, conn 512, duration 60
        [run.sh] Deleting all services
        configmap "config-service0" deleted
        deployment.apps "service0" deleted
        service "service0" deleted
        configmap "config-service1" deleted
        deployment.apps "service1" deleted
        service "service1" deleted
        configmap "config-service2" deleted
        deployment.apps "service2" deleted
        service "service2" deleted
        configmap "config-service3" deleted
        deployment.apps "service3" deleted
        service "service3" deleted
        configmap "config-service4" deleted
        deployment.apps "service4" deleted
        service "service4" deleted
        configmap "config-service5" deleted
        deployment.apps "service5" deleted
        service "service5" deleted
        deployment.apps "ubuntu-client" deleted
        [run.sh] Waiting for all pods to be deleted
        [run.sh] Deploying all services
        configmap/config-service0 created
        deployment.apps/service0 created
        service/service0 created
        configmap/config-service1 created
        deployment.apps/service1 created
        service/service1 created
        configmap/config-service2 created
        deployment.apps/service2 created
        service/service2 created
        configmap/config-service3 created
        deployment.apps/service3 created
        service/service3 created
        configmap/config-service4 created
        deployment.apps/service4 created
        service/service4 created
        configmap/config-service5 created
        deployment.apps/service5 created
        service/service5 created
        [run.sh] Client pod not found, deploying client
        deployment.apps/ubuntu-client created
        [run.sh] Waiting for all pods to be running
        [run.sh] All pods are running
        [run.sh] Checking heartbeat for all services
        [run.sh] service0-68d6b8b949-6gvsj cannot connect to service5
        [run.sh] All pods can connect to all services
        [run.sh] Running warmup test
        [run.sh] /wrk/wrk -t8 -c512 --timeout 3s -d3s -L http://service0:80/endpoint1
        Running 3s test @ http://service0:80/endpoint1
        8 threads and 512 connections
        Thread Stats   Avg      Stdev     Max   +/- Stdev
        Latency   637.91ms  130.36ms   1.17s    79.13%
        Req/Sec   104.55     53.50   260.00     66.33%
        Latency Distribution
        50%  598.05ms
        75%  681.52ms
        90%  870.44ms
        99%    1.11s
        2147 requests in 3.04s, 1.78MB read
        Requests/sec:    706.98
        Transfer/sec:    599.14KB
        [run.sh] Speed is 706.98, duration is 84
        [run.sh] Fix the request number.
        [run.sh] Running the actual test
        [run.sh] /wrk/wrk --timeout 20s -t8 -c512 -d84s -L -s /wrk/fix_req_n.lua http://service0:80/endpoint1
        [run.sh] Checking the resource usage
        NAME                             CPU(cores)   MEMORY(bytes)
        service0-68d6b8b949-6gvsj        453m         45Mi
        service1-76548fbb7d-bnwtz        344m         17Mi
        service2-b9b68cb9d-jrjf7         323m         13Mi
        service3-5545746476-cmww6        108m         12Mi
        service4-b78dc855c-ss684         87m          10Mi
        service5-7dc686577d-4ph24        38m          9Mi
        ubuntu-client-76886f6bbd-djbgr   12m          10Mi
        Running 1m test @ http://service0:80/endpoint1
        8 threads and 512 connections
        Thread Stats   Avg      Stdev     Max   +/- Stdev
        Latency   607.60ms  110.09ms   2.01s    84.15%
        Req/Sec   105.39     43.90   350.00     64.11%
        Latency Distribution
        50%  596.82ms
        75%  633.79ms
        90%  711.03ms
        99%  950.55ms
        40000 requests in 1.40m, 33.09MB read
        Requests/sec:    476.19
        Transfer/sec:    403.43KB
        ------------------------------
        stop time: 47.605968
        stop time: 47.605739
        stop time: 47.713444
        stop time: 47.613807
        stop time: 47.608250
        stop time: 47.984262
        stop time: 47.983720
        stop time: 48.041057
        [run.sh] Test finished with status 0
        > STDERR
        > No resources found in default namespace.
        > command terminated with exit code 1
    [exp] Times: [47.605968, 47.605739, 47.713444, 47.613807, 47.60825, 47.984262, 47.98372, 48.041057]
    [exp] Throughput: 837.3538376307112
[test.py] Finished running 0th optmization experiment: groundtruth->1210.671712484052, slowdown->837.3538376307112, predicted->1220.556706059511, err->0.8164883571267247
[test.py] Running 1th optmization experiment
[test.py] Running 1th groundtruth exp
    [exp] Running (pre_run: False) workload synthetic/chain-d4-http-sync request with the following configuration: {'CLIENT_CPU_QUOTA': '2', 'SLOWPOKE_POKER_BATCH_THRESHOLD': '20000000', 'PROCESSING_TIME_SERVICE0': '0.00133923', 'PROCESSING_TIME_SERVICE1': '0.00095615', 'PROCESSING_TIME_SERVICE2': '7.4e-05', 'PROCESSING_TIME_SERVICE3': '0.00061736', 'PROCESSING_TIME_SERVICE4': '0.00044958', 'PROCESSING_TIME_SERVICE5': '0.00042696', 'SLOWPOKE_DELAY_MICROS_SERVICE0': '0.0', 'SLOWPOKE_POKER_BATCH_THRESHOLD_SERVICE0': '10', 'SLOWPOKE_DELAY_MICROS_SERVICE1': '0.0', 'SLOWPOKE_POKER_BATCH_THRESHOLD_SERVICE1': '10', 'SLOWPOKE_DELAY_MICROS_SERVICE2': '0.0', 'SLOWPOKE_POKER_BATCH_THRESHOLD_SERVICE2': '10', 'SLOWPOKE_DELAY_MICROS_SERVICE3': '0.0', 'SLOWPOKE_POKER_BATCH_THRESHOLD_SERVICE3': '10', 'SLOWPOKE_DELAY_MICROS_SERVICE4': '0.0', 'SLOWPOKE_POKER_BATCH_THRESHOLD_SERVICE4': '10', 'SLOWPOKE_DELAY_MICROS_SERVICE5': '0.0', 'SLOWPOKE_POKER_BATCH_THRESHOLD_SERVICE5': '10'}
    [exp] Executing cmd `bash run.sh synthetic chain-d4-http-sync 8 512 40000`:
        [run.sh] Running benchmark synthetic with request chain-d4-http-sync, thread 8, conn 512, duration 60
        [run.sh] Deleting all services
        configmap "config-service0" deleted
        deployment.apps "service0" deleted
        service "service0" deleted
        configmap "config-service1" deleted
        deployment.apps "service1" deleted
        service "service1" deleted
        configmap "config-service2" deleted
        deployment.apps "service2" deleted
        service "service2" deleted
        configmap "config-service3" deleted
        deployment.apps "service3" deleted
        service "service3" deleted
        configmap "config-service4" deleted
        deployment.apps "service4" deleted
        service "service4" deleted
        configmap "config-service5" deleted
        deployment.apps "service5" deleted
        service "service5" deleted
        deployment.apps "ubuntu-client" deleted
        [run.sh] Waiting for all pods to be deleted
        [run.sh] Deploying all services
        configmap/config-service0 created
        deployment.apps/service0 created
        service/service0 created
        configmap/config-service1 created
        deployment.apps/service1 created
        service/service1 created
        configmap/config-service2 created
        deployment.apps/service2 created
        service/service2 created
        configmap/config-service3 created
        deployment.apps/service3 created
        service/service3 created
        configmap/config-service4 created
        deployment.apps/service4 created
        service/service4 created
        configmap/config-service5 created
        deployment.apps/service5 created
        service/service5 created
        [run.sh] Client pod not found, deploying client
        deployment.apps/ubuntu-client created
        [run.sh] Waiting for all pods to be running
        [run.sh] All pods are running
        [run.sh] Checking heartbeat for all services
        [run.sh] service0-5f7bfff576-8fdwx cannot connect to service5
        [run.sh] All pods can connect to all services
        [run.sh] Running warmup test
        [run.sh] /wrk/wrk -t8 -c512 --timeout 3s -d3s -L http://service0:80/endpoint1
        Running 3s test @ http://service0:80/endpoint1
        8 threads and 512 connections
        Thread Stats   Avg      Stdev     Max   +/- Stdev
        Latency   505.80ms  376.73ms   2.46s    80.87%
        Req/Sec   128.73     48.46   240.00     61.21%
        Latency Distribution
        50%  391.07ms
        75%  550.44ms
        90%    1.01s
        99%    1.99s
        3033 requests in 3.03s, 2.51MB read
        Requests/sec:   1000.37
        Transfer/sec:    847.27KB
        [run.sh] Speed is 1000.37, duration is 59
        [run.sh] Fix the request number.
        [run.sh] Running the actual test
        [run.sh] /wrk/wrk --timeout 20s -t8 -c512 -d59s -L -s /wrk/fix_req_n.lua http://service0:80/endpoint1
        [run.sh] Checking the resource usage
        Running 1m test @ http://service0:80/endpoint1
        8 threads and 512 connections
        Thread Stats   Avg      Stdev     Max   +/- Stdev
        Latency   419.63ms   95.37ms   1.78s    86.19%
        Req/Sec   152.48     44.69   676.00     71.29%
        Latency Distribution
        50%  403.99ms
        75%  447.95ms
        90%  508.02ms
        99%  751.95ms
        40000 requests in 0.98m, 33.07MB read
        Requests/sec:    677.96
        Transfer/sec:    574.02KB
        ------------------------------
        stop time: 32.065513
        stop time: 32.837608
        stop time: 32.998988
        stop time: 33.094213
        stop time: 33.135960
        stop time: 33.114069
        stop time: 33.225678
        stop time: 33.216194
        [run.sh] Test finished with status 0
        > STDERR
        > No resources found in default namespace.
        > command terminated with exit code 1
        > error: metrics not available yet
    [exp] Times: [32.065513, 32.837608, 32.998988, 33.094213, 33.13596, 33.114069, 33.225678, 33.216194]
    [exp] Throughput: 1213.5543876754784
[test.py] Running 1th slowdown exp
    [exp] Running (pre_run: False) workload synthetic/chain-d4-http-sync request with the following configuration: {'CLIENT_CPU_QUOTA': '2', 'SLOWPOKE_POKER_BATCH_THRESHOLD': '20000000', 'PROCESSING_TIME_SERVICE0': '0.00133923', 'PROCESSING_TIME_SERVICE1': '0.00095615', 'PROCESSING_TIME_SERVICE2': '0.00074988', 'PROCESSING_TIME_SERVICE3': '0.00061736', 'PROCESSING_TIME_SERVICE4': '0.00044958', 'PROCESSING_TIME_SERVICE5': '0.00042696', 'SLOWPOKE_DELAY_MICROS_SERVICE0': '337.5', 'SLOWPOKE_POKER_BATCH_THRESHOLD_SERVICE0': '33749990', 'SLOWPOKE_DELAY_MICROS_SERVICE1': '337.5', 'SLOWPOKE_POKER_BATCH_THRESHOLD_SERVICE1': '33749990', 'SLOWPOKE_DELAY_MICROS_SERVICE2': '0.0', 'SLOWPOKE_POKER_BATCH_THRESHOLD_SERVICE2': '10', 'SLOWPOKE_DELAY_MICROS_SERVICE3': '337.5', 'SLOWPOKE_POKER_BATCH_THRESHOLD_SERVICE3': '33749990', 'SLOWPOKE_DELAY_MICROS_SERVICE4': '337.5', 'SLOWPOKE_POKER_BATCH_THRESHOLD_SERVICE4': '33749990', 'SLOWPOKE_DELAY_MICROS_SERVICE5': '337.5', 'SLOWPOKE_POKER_BATCH_THRESHOLD_SERVICE5': '33749990'}
    [exp] Executing cmd `bash run.sh synthetic chain-d4-http-sync 8 512 40000`:
        [run.sh] Running benchmark synthetic with request chain-d4-http-sync, thread 8, conn 512, duration 60
        [run.sh] Deleting all services
        configmap "config-service0" deleted
        deployment.apps "service0" deleted
        service "service0" deleted
        configmap "config-service1" deleted
        deployment.apps "service1" deleted
        service "service1" deleted
        configmap "config-service2" deleted
        deployment.apps "service2" deleted
        service "service2" deleted
        configmap "config-service3" deleted
        deployment.apps "service3" deleted
        service "service3" deleted
        configmap "config-service4" deleted
        deployment.apps "service4" deleted
        service "service4" deleted
        configmap "config-service5" deleted
        deployment.apps "service5" deleted
        service "service5" deleted
        deployment.apps "ubuntu-client" deleted
        [run.sh] Waiting for all pods to be deleted
        [run.sh] Deploying all services
        configmap/config-service0 created
        deployment.apps/service0 created
        service/service0 created
        configmap/config-service1 created
        deployment.apps/service1 created
        service/service1 created
        configmap/config-service2 created
        deployment.apps/service2 created
        service/service2 created
        configmap/config-service3 created
        deployment.apps/service3 created
        service/service3 created
        configmap/config-service4 created
        deployment.apps/service4 created
        service/service4 created
        configmap/config-service5 created
        deployment.apps/service5 created
        service/service5 created
        [run.sh] Client pod not found, deploying client
        deployment.apps/ubuntu-client created
        [run.sh] Waiting for all pods to be running
        [run.sh] All pods are running
        [run.sh] Checking heartbeat for all services
        [run.sh] service0-65f88b999c-b5lqr cannot connect to service5
        [run.sh] All pods can connect to all services
        [run.sh] Running warmup test
        [run.sh] /wrk/wrk -t8 -c512 --timeout 3s -d3s -L http://service0:80/endpoint1
        Running 3s test @ http://service0:80/endpoint1
        8 threads and 512 connections
        Thread Stats   Avg      Stdev     Max   +/- Stdev
        Latency   633.88ms  288.50ms   1.90s    84.63%
        Req/Sec    98.53     49.59   232.00     67.12%
        Latency Distribution
        50%  583.01ms
        75%  658.31ms
        90%  927.60ms
        99%    1.81s
        2218 requests in 3.03s, 1.84MB read
        Requests/sec:    731.17
        Transfer/sec:    621.01KB
        [run.sh] Speed is 731.17, duration is 82
        [run.sh] Fix the request number.
        [run.sh] Running the actual test
        [run.sh] /wrk/wrk --timeout 20s -t8 -c512 -d82s -L -s /wrk/fix_req_n.lua http://service0:80/endpoint1
        [run.sh] Checking the resource usage
        NAME                             CPU(cores)   MEMORY(bytes)
        service0-65f88b999c-b5lqr        1412m        49Mi
        service1-5c8bc7f6d6-9pc9l        1133m        18Mi
        service2-b9b68cb9d-sl8lw         1060m        13Mi
        service3-5486576f84-zr97j        954m         13Mi
        service4-7d955fdd69-5kv4z        848m         10Mi
        service5-75b575b44b-8dz4q        573m         10Mi
        ubuntu-client-76886f6bbd-zkjg5   40m          16Mi
        Running 1m test @ http://service0:80/endpoint1
        8 threads and 512 connections
        Thread Stats   Avg      Stdev     Max   +/- Stdev
        Latency   584.39ms  154.83ms   2.90s    91.38%
        Req/Sec   110.15     42.92   330.00     71.87%
        Latency Distribution
        50%  571.34ms
        75%  611.38ms
        90%  691.18ms
        99%    1.12s
        40001 requests in 1.37m, 33.08MB read
        Requests/sec:    487.82
        Transfer/sec:    413.04KB
        ------------------------------
        stop time: 45.546447
        stop time: 45.330387
        stop time: 45.608772
        stop time: 45.464832
        stop time: 46.052437
        stop time: 46.153889
        stop time: 46.132307
        stop time: 46.202733
        [run.sh] Test finished with status 0
        > STDERR
        > No resources found in default namespace.
        > command terminated with exit code 1
    [exp] Times: [45.546447, 45.330387, 45.608772, 45.464832, 46.052437, 46.153889, 46.132307, 46.202733]
    [exp] Throughput: 873.1436733575629
[test.py] Finished running 1th optmization experiment: groundtruth->1213.5543876754784, slowdown->873.1436733575629, predicted->1238.6249522761675, err->2.0658789466132514
[test.py] Running 2th optmization experiment
[test.py] Running 2th groundtruth exp
    [exp] Running (pre_run: False) workload synthetic/chain-d4-http-sync request with the following configuration: {'CLIENT_CPU_QUOTA': '2', 'SLOWPOKE_POKER_BATCH_THRESHOLD': '20000000', 'PROCESSING_TIME_SERVICE0': '0.00133923', 'PROCESSING_TIME_SERVICE1': '0.00095615', 'PROCESSING_TIME_SERVICE2': '0.000148', 'PROCESSING_TIME_SERVICE3': '0.00061736', 'PROCESSING_TIME_SERVICE4': '0.00044958', 'PROCESSING_TIME_SERVICE5': '0.00042696', 'SLOWPOKE_DELAY_MICROS_SERVICE0': '0.0', 'SLOWPOKE_POKER_BATCH_THRESHOLD_SERVICE0': '10', 'SLOWPOKE_DELAY_MICROS_SERVICE1': '0.0', 'SLOWPOKE_POKER_BATCH_THRESHOLD_SERVICE1': '10', 'SLOWPOKE_DELAY_MICROS_SERVICE2': '0.0', 'SLOWPOKE_POKER_BATCH_THRESHOLD_SERVICE2': '10', 'SLOWPOKE_DELAY_MICROS_SERVICE3': '0.0', 'SLOWPOKE_POKER_BATCH_THRESHOLD_SERVICE3': '10', 'SLOWPOKE_DELAY_MICROS_SERVICE4': '0.0', 'SLOWPOKE_POKER_BATCH_THRESHOLD_SERVICE4': '10', 'SLOWPOKE_DELAY_MICROS_SERVICE5': '0.0', 'SLOWPOKE_POKER_BATCH_THRESHOLD_SERVICE5': '10'}
    [exp] Executing cmd `bash run.sh synthetic chain-d4-http-sync 8 512 40000`:
        [run.sh] Running benchmark synthetic with request chain-d4-http-sync, thread 8, conn 512, duration 60
        [run.sh] Deleting all services
        configmap "config-service0" deleted
        deployment.apps "service0" deleted
        service "service0" deleted
        configmap "config-service1" deleted
        deployment.apps "service1" deleted
        service "service1" deleted
        configmap "config-service2" deleted
        deployment.apps "service2" deleted
        service "service2" deleted
        configmap "config-service3" deleted
        deployment.apps "service3" deleted
        service "service3" deleted
        configmap "config-service4" deleted
        deployment.apps "service4" deleted
        service "service4" deleted
        configmap "config-service5" deleted
        deployment.apps "service5" deleted
        service "service5" deleted
        deployment.apps "ubuntu-client" deleted
        [run.sh] Waiting for all pods to be deleted
        [run.sh] Deploying all services
        configmap/config-service0 created
        deployment.apps/service0 created
        service/service0 created
        configmap/config-service1 created
        deployment.apps/service1 created
        service/service1 created
        configmap/config-service2 created
        deployment.apps/service2 created
        service/service2 created
        configmap/config-service3 created
        deployment.apps/service3 created
        service/service3 created
        configmap/config-service4 created
        deployment.apps/service4 created
        service/service4 created
        configmap/config-service5 created
        deployment.apps/service5 created
        service/service5 created
        [run.sh] Client pod not found, deploying client
        deployment.apps/ubuntu-client created
        [run.sh] Waiting for all pods to be running
        [run.sh] All pods are running
        [run.sh] Checking heartbeat for all services
        [run.sh] service0-5f7bfff576-2prwc cannot connect to service2
        [run.sh] All pods can connect to all services
        [run.sh] Running warmup test
        [run.sh] /wrk/wrk -t8 -c512 --timeout 3s -d3s -L http://service0:80/endpoint1
        Running 3s test @ http://service0:80/endpoint1
        8 threads and 512 connections
        Thread Stats   Avg      Stdev     Max   +/- Stdev
        Latency   449.98ms  152.34ms   1.17s    83.16%
        Req/Sec   137.50     52.92   242.00     65.09%
        Latency Distribution
        50%  402.83ms
        75%  479.80ms
        90%  665.97ms
        99%    1.02s
        3194 requests in 3.03s, 2.64MB read
        Requests/sec:   1052.61
        Transfer/sec:      0.87MB
        [run.sh] Speed is 1052.61, duration is 57
        [run.sh] Fix the request number.
        [run.sh] Running the actual test
        [run.sh] /wrk/wrk --timeout 20s -t8 -c512 -d57s -L -s /wrk/fix_req_n.lua http://service0:80/endpoint1
        [run.sh] Checking the resource usage
        NAME                             CPU(cores)   MEMORY(bytes)
        service0-5f7bfff576-2prwc        958m         50Mi
        service1-96558989f-9f8hw         700m         17Mi
        service2-b9b68cb9d-pdj8n         408m         15Mi
        service3-ddcb6f57c-s5l92         470m         15Mi
        service4-b87f5c5bd-lxc5l         395m         14Mi
        service5-75886d8875-mrvdb        205m         11Mi
        ubuntu-client-76886f6bbd-gx27b   45m          14Mi
        Running 1m test @ http://service0:80/endpoint1
        8 threads and 512 connections
        Thread Stats   Avg      Stdev     Max   +/- Stdev
        Latency   416.61ms  115.75ms   1.87s    88.78%
        Req/Sec   153.99     43.80   340.00     68.08%
        Latency Distribution
        50%  398.78ms
        75%  441.65ms
        90%  507.13ms
        99%  789.35ms
        40000 requests in 0.95m, 33.07MB read
        Requests/sec:    701.75
        Transfer/sec:    594.16KB
        ------------------------------
        stop time: 32.191446
        stop time: 32.175164
        stop time: 32.632178
        stop time: 32.703842
        stop time: 32.714258
        stop time: 32.842772
        stop time: 32.910135
        stop time: 32.935174
        [run.sh] Test finished with status 0
        > STDERR
        > No resources found in default namespace.
        > command terminated with exit code 1
    [exp] Times: [32.191446, 32.175164, 32.632178, 32.703842, 32.714258, 32.842772, 32.910135, 32.935174]
    [exp] Throughput: 1225.5607437329159
[test.py] Running 2th slowdown exp
    [exp] Running (pre_run: False) workload synthetic/chain-d4-http-sync request with the following configuration: {'CLIENT_CPU_QUOTA': '2', 'SLOWPOKE_POKER_BATCH_THRESHOLD': '20000000', 'PROCESSING_TIME_SERVICE0': '0.00133923', 'PROCESSING_TIME_SERVICE1': '0.00095615', 'PROCESSING_TIME_SERVICE2': '0.00074988', 'PROCESSING_TIME_SERVICE3': '0.00061736', 'PROCESSING_TIME_SERVICE4': '0.00044958', 'PROCESSING_TIME_SERVICE5': '0.00042696', 'SLOWPOKE_DELAY_MICROS_SERVICE0': '300.5', 'SLOWPOKE_POKER_BATCH_THRESHOLD_SERVICE0': '30049990', 'SLOWPOKE_DELAY_MICROS_SERVICE1': '300.5', 'SLOWPOKE_POKER_BATCH_THRESHOLD_SERVICE1': '30049990', 'SLOWPOKE_DELAY_MICROS_SERVICE2': '0.0', 'SLOWPOKE_POKER_BATCH_THRESHOLD_SERVICE2': '10', 'SLOWPOKE_DELAY_MICROS_SERVICE3': '300.5', 'SLOWPOKE_POKER_BATCH_THRESHOLD_SERVICE3': '30049990', 'SLOWPOKE_DELAY_MICROS_SERVICE4': '300.5', 'SLOWPOKE_POKER_BATCH_THRESHOLD_SERVICE4': '30049990', 'SLOWPOKE_DELAY_MICROS_SERVICE5': '300.5', 'SLOWPOKE_POKER_BATCH_THRESHOLD_SERVICE5': '30049990'}
    [exp] Executing cmd `bash run.sh synthetic chain-d4-http-sync 8 512 40000`:
        [run.sh] Running benchmark synthetic with request chain-d4-http-sync, thread 8, conn 512, duration 60
        [run.sh] Deleting all services
        configmap "config-service0" deleted
        deployment.apps "service0" deleted
        service "service0" deleted
        configmap "config-service1" deleted
        deployment.apps "service1" deleted
        service "service1" deleted
        configmap "config-service2" deleted
        deployment.apps "service2" deleted
        service "service2" deleted
        configmap "config-service3" deleted
        deployment.apps "service3" deleted
        service "service3" deleted
        configmap "config-service4" deleted
        deployment.apps "service4" deleted
        service "service4" deleted
        configmap "config-service5" deleted
        deployment.apps "service5" deleted
        service "service5" deleted
        deployment.apps "ubuntu-client" deleted
        [run.sh] Waiting for all pods to be deleted
        [run.sh] Deploying all services
        configmap/config-service0 created
        deployment.apps/service0 created
        service/service0 created
        configmap/config-service1 created
        deployment.apps/service1 created
        service/service1 created
        configmap/config-service2 created
        deployment.apps/service2 created
        service/service2 created
        configmap/config-service3 created
        deployment.apps/service3 created
        service/service3 created
        configmap/config-service4 created
        deployment.apps/service4 created
        service/service4 created
        configmap/config-service5 created
        deployment.apps/service5 created
        service/service5 created
        [run.sh] Client pod not found, deploying client
        deployment.apps/ubuntu-client created
        [run.sh] Waiting for all pods to be running
        [run.sh] All pods are running
        [run.sh] Checking heartbeat for all services
        [run.sh] All pods can connect to all services
        [run.sh] Running warmup test
        [run.sh] /wrk/wrk -t8 -c512 --timeout 3s -d3s -L http://service0:80/endpoint1
        Running 3s test @ http://service0:80/endpoint1
        8 threads and 512 connections
        Thread Stats   Avg      Stdev     Max   +/- Stdev
        Latency   618.77ms  154.17ms   1.23s    76.18%
        Req/Sec   108.13     51.24   270.00     65.00%
        Latency Distribution
        50%  565.95ms
        75%  667.52ms
        90%  899.23ms
        99%    1.03s
        2238 requests in 3.03s, 1.88MB read
        Requests/sec:    738.87
        Transfer/sec:    635.04KB
        [run.sh] Speed is 738.87, duration is 81
        [run.sh] Fix the request number.
        [run.sh] Running the actual test
        [run.sh] /wrk/wrk --timeout 20s -t8 -c512 -d81s -L -s /wrk/fix_req_n.lua http://service0:80/endpoint1
        [run.sh] Checking the resource usage
        NAME                             CPU(cores)   MEMORY(bytes)
        service0-59f79c9c85-mj7rb        1097m        50Mi
        service1-86cd569966-vz2rz        803m         19Mi
        service2-b9b68cb9d-8l5q2         780m         15Mi
        service3-77f5495464-tfpvj        580m         13Mi
        service4-b875db4f-bj9n8          513m         12Mi
        service5-676bdf8f94-dr468        294m         10Mi
        ubuntu-client-76886f6bbd-xgdcb   42m          14Mi
        Running 1m test @ http://service0:80/endpoint1
        8 threads and 512 connections
        Thread Stats   Avg      Stdev     Max   +/- Stdev
        Latency   560.11ms  126.33ms   2.38s    88.56%
        Req/Sec   114.90     44.24   340.00     66.03%
        Latency Distribution
        50%  549.00ms
        75%  586.08ms
        90%  660.63ms
        99%    1.05s
        40000 requests in 1.35m, 33.08MB read
        Requests/sec:    493.83
        Transfer/sec:    418.21KB
        ------------------------------
        stop time: 43.096721
        stop time: 43.236631
        stop time: 44.117007
        stop time: 43.979893
        stop time: 44.169736
        stop time: 44.415817
        stop time: 44.422786
        stop time: 44.340756
        [run.sh] Test finished with status 0
        > STDERR
        > No resources found in default namespace.
    [exp] Times: [43.096721, 43.236631, 44.117007, 43.979893, 44.169736, 44.415817, 44.422786, 44.340756]
    [exp] Throughput: 909.6611348249504
[test.py] Finished running 2th optmization experiment: groundtruth->1225.5607437329159, slowdown->909.6611348249504, predicted->1252.551354145599, err->2.20230702971709
[test.py] Running 3th optmization experiment
[test.py] Running 3th groundtruth exp
    [exp] Running (pre_run: False) workload synthetic/chain-d4-http-sync request with the following configuration: {'CLIENT_CPU_QUOTA': '2', 'SLOWPOKE_POKER_BATCH_THRESHOLD': '20000000', 'PROCESSING_TIME_SERVICE0': '0.00133923', 'PROCESSING_TIME_SERVICE1': '0.00095615', 'PROCESSING_TIME_SERVICE2': '0.000222', 'PROCESSING_TIME_SERVICE3': '0.00061736', 'PROCESSING_TIME_SERVICE4': '0.00044958', 'PROCESSING_TIME_SERVICE5': '0.00042696', 'SLOWPOKE_DELAY_MICROS_SERVICE0': '0.0', 'SLOWPOKE_POKER_BATCH_THRESHOLD_SERVICE0': '10', 'SLOWPOKE_DELAY_MICROS_SERVICE1': '0.0', 'SLOWPOKE_POKER_BATCH_THRESHOLD_SERVICE1': '10', 'SLOWPOKE_DELAY_MICROS_SERVICE2': '0.0', 'SLOWPOKE_POKER_BATCH_THRESHOLD_SERVICE2': '10', 'SLOWPOKE_DELAY_MICROS_SERVICE3': '0.0', 'SLOWPOKE_POKER_BATCH_THRESHOLD_SERVICE3': '10', 'SLOWPOKE_DELAY_MICROS_SERVICE4': '0.0', 'SLOWPOKE_POKER_BATCH_THRESHOLD_SERVICE4': '10', 'SLOWPOKE_DELAY_MICROS_SERVICE5': '0.0', 'SLOWPOKE_POKER_BATCH_THRESHOLD_SERVICE5': '10'}
    [exp] Executing cmd `bash run.sh synthetic chain-d4-http-sync 8 512 40000`:
        [run.sh] Running benchmark synthetic with request chain-d4-http-sync, thread 8, conn 512, duration 60
        [run.sh] Deleting all services
        configmap "config-service0" deleted
        deployment.apps "service0" deleted
        service "service0" deleted
        configmap "config-service1" deleted
        deployment.apps "service1" deleted
        service "service1" deleted
        configmap "config-service2" deleted
        deployment.apps "service2" deleted
        service "service2" deleted
        configmap "config-service3" deleted
        deployment.apps "service3" deleted
        service "service3" deleted
        configmap "config-service4" deleted
        deployment.apps "service4" deleted
        service "service4" deleted
        configmap "config-service5" deleted
        deployment.apps "service5" deleted
        service "service5" deleted
        deployment.apps "ubuntu-client" deleted
        [run.sh] Waiting for all pods to be deleted
        [run.sh] Deploying all services
        configmap/config-service0 created
        deployment.apps/service0 created
        service/service0 created
        configmap/config-service1 created
        deployment.apps/service1 created
        service/service1 created
        configmap/config-service2 created
        deployment.apps/service2 created
        service/service2 created
        configmap/config-service3 created
        deployment.apps/service3 created
        service/service3 created
        configmap/config-service4 created
        deployment.apps/service4 created
        service/service4 created
        configmap/config-service5 created
        deployment.apps/service5 created
        service/service5 created
        [run.sh] Client pod not found, deploying client
        deployment.apps/ubuntu-client created
        [run.sh] Waiting for all pods to be running
        [run.sh] All pods are running
        [run.sh] Checking heartbeat for all services
        [run.sh] All pods can connect to all services
        [run.sh] Running warmup test
        [run.sh] /wrk/wrk -t8 -c512 --timeout 3s -d3s -L http://service0:80/endpoint1
        Running 3s test @ http://service0:80/endpoint1
        8 threads and 512 connections
        Thread Stats   Avg      Stdev     Max   +/- Stdev
        Latency   451.85ms  134.16ms   1.15s    83.50%
        Req/Sec   148.03     52.66   320.00     69.71%
        Latency Distribution
        50%  405.51ms
        75%  481.50ms
        90%  648.83ms
        99%  984.99ms
        3133 requests in 3.03s, 2.59MB read
        Requests/sec:   1035.16
        Transfer/sec:      0.86MB
        [run.sh] Speed is 1035.16, duration is 57
        [run.sh] Fix the request number.
        [run.sh] Running the actual test
        [run.sh] /wrk/wrk --timeout 20s -t8 -c512 -d57s -L -s /wrk/fix_req_n.lua http://service0:80/endpoint1
        [run.sh] Checking the resource usage
        NAME                             CPU(cores)   MEMORY(bytes)
        service0-5f7bfff576-vnxjj        64m          44Mi
        service1-96558989f-pczkj         4m           17Mi
        service2-b9b68cb9d-4gbsz         7m           16Mi
        service3-ddcb6f57c-lmz9p         4m           15Mi
        service4-b87f5c5bd-w6vkr         4m           12Mi
        service5-75886d8875-bmxcp        4m           9Mi
        ubuntu-client-76886f6bbd-jtmmc   23m          0Mi
        Running 1m test @ http://service0:80/endpoint1
        8 threads and 512 connections
        Thread Stats   Avg      Stdev     Max   +/- Stdev
        Latency   418.74ms  127.78ms   1.86s    91.01%
        Req/Sec   153.72     42.40   400.00     67.36%
        Latency Distribution
        50%  401.70ms
        75%  444.33ms
        90%  503.98ms
        99%  889.87ms
        40000 requests in 0.95m, 33.07MB read
        Requests/sec:    701.75
        Transfer/sec:    594.16KB
        ------------------------------
        stop time: 32.229094
        stop time: 32.936608
        stop time: 32.988664
        stop time: 32.549424
        stop time: 32.807352
        stop time: 32.926876
        stop time: 32.756036
        stop time: 32.680873
        [run.sh] Test finished with status 0
        > STDERR
        > No resources found in default namespace.
    [exp] Times: [32.229094, 32.936608, 32.988664, 32.549424, 32.807352, 32.926876, 32.756036, 32.680873]
    [exp] Throughput: 1221.9573812043486
[test.py] Running 3th slowdown exp
    [exp] Running (pre_run: False) workload synthetic/chain-d4-http-sync request with the following configuration: {'CLIENT_CPU_QUOTA': '2', 'SLOWPOKE_POKER_BATCH_THRESHOLD': '20000000', 'PROCESSING_TIME_SERVICE0': '0.00133923', 'PROCESSING_TIME_SERVICE1': '0.00095615', 'PROCESSING_TIME_SERVICE2': '0.00074988', 'PROCESSING_TIME_SERVICE3': '0.00061736', 'PROCESSING_TIME_SERVICE4': '0.00044958', 'PROCESSING_TIME_SERVICE5': '0.00042696', 'SLOWPOKE_DELAY_MICROS_SERVICE0': '263.5', 'SLOWPOKE_POKER_BATCH_THRESHOLD_SERVICE0': '26349990', 'SLOWPOKE_DELAY_MICROS_SERVICE1': '263.5', 'SLOWPOKE_POKER_BATCH_THRESHOLD_SERVICE1': '26349990', 'SLOWPOKE_DELAY_MICROS_SERVICE2': '0.0', 'SLOWPOKE_POKER_BATCH_THRESHOLD_SERVICE2': '10', 'SLOWPOKE_DELAY_MICROS_SERVICE3': '263.5', 'SLOWPOKE_POKER_BATCH_THRESHOLD_SERVICE3': '26349990', 'SLOWPOKE_DELAY_MICROS_SERVICE4': '263.5', 'SLOWPOKE_POKER_BATCH_THRESHOLD_SERVICE4': '26349990', 'SLOWPOKE_DELAY_MICROS_SERVICE5': '263.5', 'SLOWPOKE_POKER_BATCH_THRESHOLD_SERVICE5': '26349990'}
    [exp] Executing cmd `bash run.sh synthetic chain-d4-http-sync 8 512 40000`:
        [run.sh] Running benchmark synthetic with request chain-d4-http-sync, thread 8, conn 512, duration 60
        [run.sh] Deleting all services
        configmap "config-service0" deleted
        deployment.apps "service0" deleted
        service "service0" deleted
        configmap "config-service1" deleted
        deployment.apps "service1" deleted
        service "service1" deleted
        configmap "config-service2" deleted
        deployment.apps "service2" deleted
        service "service2" deleted
        configmap "config-service3" deleted
        deployment.apps "service3" deleted
        service "service3" deleted
        configmap "config-service4" deleted
        deployment.apps "service4" deleted
        service "service4" deleted
        configmap "config-service5" deleted
        deployment.apps "service5" deleted
        service "service5" deleted
        deployment.apps "ubuntu-client" deleted
        [run.sh] Waiting for all pods to be deleted
        [run.sh] Deploying all services
        configmap/config-service0 created
        deployment.apps/service0 created
        service/service0 created
        configmap/config-service1 created
        deployment.apps/service1 created
        service/service1 created
        configmap/config-service2 created
        deployment.apps/service2 created
        service/service2 created
        configmap/config-service3 created
        deployment.apps/service3 created
        service/service3 created
        configmap/config-service4 created
        deployment.apps/service4 created
        service/service4 created
        configmap/config-service5 created
        deployment.apps/service5 created
        service/service5 created
        [run.sh] Client pod not found, deploying client
        deployment.apps/ubuntu-client created
        [run.sh] Waiting for all pods to be running
        [run.sh] All pods are running
        [run.sh] Checking heartbeat for all services
        [run.sh] service0-5d5b977d57-lv8vm cannot connect to service2
        [run.sh] All pods can connect to all services
        [run.sh] Running warmup test
        [run.sh] /wrk/wrk -t8 -c512 --timeout 3s -d3s -L http://service0:80/endpoint1
        Running 3s test @ http://service0:80/endpoint1
        8 threads and 512 connections
        Thread Stats   Avg      Stdev     Max   +/- Stdev
        Latency   576.42ms  216.31ms   1.42s    78.30%
        Req/Sec   102.91     51.26   270.00     65.37%
        Latency Distribution
        50%  539.15ms
        75%  642.93ms
        90%  866.28ms
        99%    1.29s
        2419 requests in 3.04s, 2.00MB read
        Requests/sec:    796.55
        Transfer/sec:    675.53KB
        [run.sh] Speed is 796.55, duration is 75
        [run.sh] Fix the request number.
        [run.sh] Running the actual test
        [run.sh] /wrk/wrk --timeout 20s -t8 -c512 -d75s -L -s /wrk/fix_req_n.lua http://service0:80/endpoint1
        [run.sh] Checking the resource usage
        NAME                             CPU(cores)   MEMORY(bytes)
        service0-5d5b977d57-lv8vm        493m         37Mi
        service1-6fc74556f4-s5pjn        392m         19Mi
        service2-b9b68cb9d-7558n         365m         16Mi
        service3-6f77758c4d-7grgr        238m         14Mi
        service4-5d5c9b65d9-c8svc        196m         11Mi
        service5-576fdcf4db-rm845        63m          10Mi
        ubuntu-client-76886f6bbd-5r966   19m          0Mi
        Running 1m test @ http://service0:80/endpoint1
        8 threads and 512 connections
        Thread Stats   Avg      Stdev     Max   +/- Stdev
        Latency   549.73ms  116.72ms   2.20s    87.45%
        Req/Sec   116.52     44.52   343.00     70.92%
        Latency Distribution
        50%  534.90ms
        75%  575.91ms
        90%  649.72ms
        99%  932.16ms
        40000 requests in 1.25m, 33.08MB read
        Requests/sec:    533.33
        Transfer/sec:    451.63KB
        ------------------------------
        stop time: 42.899119
        stop time: 42.749196
        stop time: 43.011913
        stop time: 43.236953
        stop time: 43.169915
        stop time: 43.411035
        stop time: 43.470242
        stop time: 43.398267
        [run.sh] Test finished with status 0
        > STDERR
        > No resources found in default namespace.
        > command terminated with exit code 1
    [exp] Times: [42.899119, 42.749196, 43.011913, 43.236953, 43.169915, 43.411035, 43.470242, 43.398267]
    [exp] Throughput: 926.6052219300586
[test.py] Finished running 3th optmization experiment: groundtruth->1221.9573812043486, slowdown->926.6052219300586, predicted->1226.5901437962295, err->0.3791263642366083
[test.py] Running 4th optmization experiment
[test.py] Running 4th groundtruth exp
    [exp] Running (pre_run: False) workload synthetic/chain-d4-http-sync request with the following configuration: {'CLIENT_CPU_QUOTA': '2', 'SLOWPOKE_POKER_BATCH_THRESHOLD': '20000000', 'PROCESSING_TIME_SERVICE0': '0.00133923', 'PROCESSING_TIME_SERVICE1': '0.00095615', 'PROCESSING_TIME_SERVICE2': '0.000296', 'PROCESSING_TIME_SERVICE3': '0.00061736', 'PROCESSING_TIME_SERVICE4': '0.00044958', 'PROCESSING_TIME_SERVICE5': '0.00042696', 'SLOWPOKE_DELAY_MICROS_SERVICE0': '0.0', 'SLOWPOKE_POKER_BATCH_THRESHOLD_SERVICE0': '10', 'SLOWPOKE_DELAY_MICROS_SERVICE1': '0.0', 'SLOWPOKE_POKER_BATCH_THRESHOLD_SERVICE1': '10', 'SLOWPOKE_DELAY_MICROS_SERVICE2': '0.0', 'SLOWPOKE_POKER_BATCH_THRESHOLD_SERVICE2': '10', 'SLOWPOKE_DELAY_MICROS_SERVICE3': '0.0', 'SLOWPOKE_POKER_BATCH_THRESHOLD_SERVICE3': '10', 'SLOWPOKE_DELAY_MICROS_SERVICE4': '0.0', 'SLOWPOKE_POKER_BATCH_THRESHOLD_SERVICE4': '10', 'SLOWPOKE_DELAY_MICROS_SERVICE5': '0.0', 'SLOWPOKE_POKER_BATCH_THRESHOLD_SERVICE5': '10'}
    [exp] Executing cmd `bash run.sh synthetic chain-d4-http-sync 8 512 40000`:
        [run.sh] Running benchmark synthetic with request chain-d4-http-sync, thread 8, conn 512, duration 60
        [run.sh] Deleting all services
        configmap "config-service0" deleted
        deployment.apps "service0" deleted
        service "service0" deleted
        configmap "config-service1" deleted
        deployment.apps "service1" deleted
        service "service1" deleted
        configmap "config-service2" deleted
        deployment.apps "service2" deleted
        service "service2" deleted
        configmap "config-service3" deleted
        deployment.apps "service3" deleted
        service "service3" deleted
        configmap "config-service4" deleted
        deployment.apps "service4" deleted
        service "service4" deleted
        configmap "config-service5" deleted
        deployment.apps "service5" deleted
        service "service5" deleted
        deployment.apps "ubuntu-client" deleted
        [run.sh] Waiting for all pods to be deleted
        [run.sh] Deploying all services
        configmap/config-service0 created
        deployment.apps/service0 created
        service/service0 created
        configmap/config-service1 created
        deployment.apps/service1 created
        service/service1 created
        configmap/config-service2 created
        deployment.apps/service2 created
        service/service2 created
        configmap/config-service3 created
        deployment.apps/service3 created
        service/service3 created
        configmap/config-service4 created
        deployment.apps/service4 created
        service/service4 created
        configmap/config-service5 created
        deployment.apps/service5 created
        service/service5 created
        [run.sh] Client pod not found, deploying client
        deployment.apps/ubuntu-client created
        [run.sh] Waiting for all pods to be running
        [run.sh] All pods are running
        [run.sh] Checking heartbeat for all services
        [run.sh] service0-5f7bfff576-2smt7 cannot connect to service4
        [run.sh] All pods can connect to all services
        [run.sh] Running warmup test
        [run.sh] /wrk/wrk -t8 -c512 --timeout 3s -d3s -L http://service0:80/endpoint1
        Running 3s test @ http://service0:80/endpoint1
        8 threads and 512 connections
        Thread Stats   Avg      Stdev     Max   +/- Stdev
        Latency   437.55ms  101.51ms 996.15ms   81.47%
        Req/Sec   149.20     50.52   313.00     70.37%
        Latency Distribution
        50%  406.61ms
        75%  460.29ms
        90%  583.39ms
        99%  799.54ms
        3249 requests in 3.04s, 2.69MB read
        Requests/sec:   1070.43
        Transfer/sec:      0.89MB
        [run.sh] Speed is 1070.43, duration is 56
        [run.sh] Fix the request number.
        [run.sh] Running the actual test
        [run.sh] /wrk/wrk --timeout 20s -t8 -c512 -d56s -L -s /wrk/fix_req_n.lua http://service0:80/endpoint1
        [run.sh] Checking the resource usage
        Running 1m test @ http://service0:80/endpoint1
        8 threads and 512 connections
        Thread Stats   Avg      Stdev     Max   +/- Stdev
        Latency   418.26ms  110.28ms   2.01s    88.31%
        Req/Sec   153.56     45.50   560.00     70.31%
        Latency Distribution
        50%  401.95ms
        75%  446.04ms
        90%  510.67ms
        99%  790.49ms
        40000 requests in 0.93m, 33.07MB read
        Requests/sec:    714.28
        Transfer/sec:    604.78KB
        ------------------------------
        stop time: 32.291723
        stop time: 32.386848
        stop time: 32.837381
        stop time: 32.692620
        stop time: 33.064996
        stop time: 33.026590
        stop time: 33.041326
        stop time: 32.910432
        [run.sh] Test finished with status 0
        > STDERR
        > No resources found in default namespace.
        > command terminated with exit code 1
        > error: metrics not available yet
    [exp] Times: [32.291723, 32.386848, 32.837381, 32.69262, 33.064996, 33.02659, 33.041326, 32.910432]
    [exp] Throughput: 1220.2008087521465
[test.py] Running 4th slowdown exp
    [exp] Running (pre_run: False) workload synthetic/chain-d4-http-sync request with the following configuration: {'CLIENT_CPU_QUOTA': '2', 'SLOWPOKE_POKER_BATCH_THRESHOLD': '20000000', 'PROCESSING_TIME_SERVICE0': '0.00133923', 'PROCESSING_TIME_SERVICE1': '0.00095615', 'PROCESSING_TIME_SERVICE2': '0.00074988', 'PROCESSING_TIME_SERVICE3': '0.00061736', 'PROCESSING_TIME_SERVICE4': '0.00044958', 'PROCESSING_TIME_SERVICE5': '0.00042696', 'SLOWPOKE_DELAY_MICROS_SERVICE0': '226.5', 'SLOWPOKE_POKER_BATCH_THRESHOLD_SERVICE0': '22649990', 'SLOWPOKE_DELAY_MICROS_SERVICE1': '226.5', 'SLOWPOKE_POKER_BATCH_THRESHOLD_SERVICE1': '22649990', 'SLOWPOKE_DELAY_MICROS_SERVICE2': '0.0', 'SLOWPOKE_POKER_BATCH_THRESHOLD_SERVICE2': '10', 'SLOWPOKE_DELAY_MICROS_SERVICE3': '226.5', 'SLOWPOKE_POKER_BATCH_THRESHOLD_SERVICE3': '22649990', 'SLOWPOKE_DELAY_MICROS_SERVICE4': '226.5', 'SLOWPOKE_POKER_BATCH_THRESHOLD_SERVICE4': '22649990', 'SLOWPOKE_DELAY_MICROS_SERVICE5': '226.5', 'SLOWPOKE_POKER_BATCH_THRESHOLD_SERVICE5': '22649990'}
    [exp] Executing cmd `bash run.sh synthetic chain-d4-http-sync 8 512 40000`:
        [run.sh] Running benchmark synthetic with request chain-d4-http-sync, thread 8, conn 512, duration 60
        [run.sh] Deleting all services
        configmap "config-service0" deleted
        deployment.apps "service0" deleted
        service "service0" deleted
        configmap "config-service1" deleted
        deployment.apps "service1" deleted
        service "service1" deleted
        configmap "config-service2" deleted
        deployment.apps "service2" deleted
        service "service2" deleted
        configmap "config-service3" deleted
        deployment.apps "service3" deleted
        service "service3" deleted
        configmap "config-service4" deleted
        deployment.apps "service4" deleted
        service "service4" deleted
        configmap "config-service5" deleted
        deployment.apps "service5" deleted
        service "service5" deleted
        deployment.apps "ubuntu-client" deleted
        [run.sh] Waiting for all pods to be deleted
        [run.sh] Deploying all services
        configmap/config-service0 created
        deployment.apps/service0 created
        service/service0 created
        configmap/config-service1 created
        deployment.apps/service1 created
        service/service1 created
        configmap/config-service2 created
        deployment.apps/service2 created
        service/service2 created
        configmap/config-service3 created
        deployment.apps/service3 created
        service/service3 created
        configmap/config-service4 created
        deployment.apps/service4 created
        service/service4 created
        configmap/config-service5 created
        deployment.apps/service5 created
        service/service5 created
        [run.sh] Client pod not found, deploying client
        deployment.apps/ubuntu-client created
        [run.sh] Waiting for all pods to be running
        [run.sh] All pods are running
        [run.sh] Checking heartbeat for all services
        [run.sh] service0-86f749877-d48vw cannot connect to service5
        [run.sh] All pods can connect to all services
        [run.sh] Running warmup test
        [run.sh] /wrk/wrk -t8 -c512 --timeout 3s -d3s -L http://service0:80/endpoint1
        Running 3s test @ http://service0:80/endpoint1
        8 threads and 512 connections
        Thread Stats   Avg      Stdev     Max   +/- Stdev
        Latency   561.11ms  275.17ms   1.59s    77.22%
        Req/Sec   106.32     45.87   250.00     66.52%
        Latency Distribution
        50%  515.24ms
        75%  578.99ms
        90%  976.76ms
        99%    1.44s
        2475 requests in 3.02s, 2.05MB read
        Requests/sec:    819.85
        Transfer/sec:    694.15KB
        [run.sh] Speed is 819.85, duration is 73
        [run.sh] Fix the request number.
        [run.sh] Running the actual test
        [run.sh] /wrk/wrk --timeout 20s -t8 -c512 -d73s -L -s /wrk/fix_req_n.lua http://service0:80/endpoint1
        [run.sh] Checking the resource usage
        Running 1m test @ http://service0:80/endpoint1
        8 threads and 512 connections
        Thread Stats   Avg      Stdev     Max   +/- Stdev
        Latency   524.74ms  108.53ms   1.78s    84.64%
        Req/Sec   122.09     43.09   333.00     73.15%
        Latency Distribution
        50%  510.13ms
        75%  554.47ms
        90%  627.73ms
        99%  912.62ms
        40000 requests in 1.22m, 33.08MB read
        Requests/sec:    547.94
        Transfer/sec:    464.07KB
        ------------------------------
        stop time: 40.882185
        stop time: 41.129585
        stop time: 41.121728
        stop time: 41.181042
        stop time: 41.370053
        stop time: 41.419334
        stop time: 41.509864
        stop time: 41.501056
        [run.sh] Test finished with status 0
        > STDERR
        > No resources found in default namespace.
        > command terminated with exit code 1
        > error: metrics not available yet
    [exp] Times: [40.882185, 41.129585, 41.121728, 41.181042, 41.370053, 41.419334, 41.509864, 41.501056]
    [exp] Throughput: 969.3596119898236
[test.py] Finished running 4th optmization experiment: groundtruth->1220.2008087521465, slowdown->969.3596119898236, predicted->1242.7471769861927, err->1.8477588338187987
[test.py] Running 5th optmization experiment
[test.py] Running 5th groundtruth exp
    [exp] Running (pre_run: False) workload synthetic/chain-d4-http-sync request with the following configuration: {'CLIENT_CPU_QUOTA': '2', 'SLOWPOKE_POKER_BATCH_THRESHOLD': '20000000', 'PROCESSING_TIME_SERVICE0': '0.00133923', 'PROCESSING_TIME_SERVICE1': '0.00095615', 'PROCESSING_TIME_SERVICE2': '0.00037', 'PROCESSING_TIME_SERVICE3': '0.00061736', 'PROCESSING_TIME_SERVICE4': '0.00044958', 'PROCESSING_TIME_SERVICE5': '0.00042696', 'SLOWPOKE_DELAY_MICROS_SERVICE0': '0.0', 'SLOWPOKE_POKER_BATCH_THRESHOLD_SERVICE0': '10', 'SLOWPOKE_DELAY_MICROS_SERVICE1': '0.0', 'SLOWPOKE_POKER_BATCH_THRESHOLD_SERVICE1': '10', 'SLOWPOKE_DELAY_MICROS_SERVICE2': '0.0', 'SLOWPOKE_POKER_BATCH_THRESHOLD_SERVICE2': '10', 'SLOWPOKE_DELAY_MICROS_SERVICE3': '0.0', 'SLOWPOKE_POKER_BATCH_THRESHOLD_SERVICE3': '10', 'SLOWPOKE_DELAY_MICROS_SERVICE4': '0.0', 'SLOWPOKE_POKER_BATCH_THRESHOLD_SERVICE4': '10', 'SLOWPOKE_DELAY_MICROS_SERVICE5': '0.0', 'SLOWPOKE_POKER_BATCH_THRESHOLD_SERVICE5': '10'}
    [exp] Executing cmd `bash run.sh synthetic chain-d4-http-sync 8 512 40000`:
        [run.sh] Running benchmark synthetic with request chain-d4-http-sync, thread 8, conn 512, duration 60
        [run.sh] Deleting all services
        configmap "config-service0" deleted
        deployment.apps "service0" deleted
        service "service0" deleted
        configmap "config-service1" deleted
        deployment.apps "service1" deleted
        service "service1" deleted
        configmap "config-service2" deleted
        deployment.apps "service2" deleted
        service "service2" deleted
        configmap "config-service3" deleted
        deployment.apps "service3" deleted
        service "service3" deleted
        configmap "config-service4" deleted
        deployment.apps "service4" deleted
        service "service4" deleted
        configmap "config-service5" deleted
        deployment.apps "service5" deleted
        service "service5" deleted
        deployment.apps "ubuntu-client" deleted
        [run.sh] Waiting for all pods to be deleted
        [run.sh] Deploying all services
        configmap/config-service0 created
        deployment.apps/service0 created
        service/service0 created
        configmap/config-service1 created
        deployment.apps/service1 created
        service/service1 created
        configmap/config-service2 created
        deployment.apps/service2 created
        service/service2 created
        configmap/config-service3 created
        deployment.apps/service3 created
        service/service3 created
        configmap/config-service4 created
        deployment.apps/service4 created
        service/service4 created
        configmap/config-service5 created
        deployment.apps/service5 created
        service/service5 created
        [run.sh] Client pod not found, deploying client
        deployment.apps/ubuntu-client created
        [run.sh] Waiting for all pods to be running
        [run.sh] All pods are running
        [run.sh] Checking heartbeat for all services
        [run.sh] service0-5f7bfff576-cq8gz cannot connect to service5
        [run.sh] All pods can connect to all services
        [run.sh] Running warmup test
        [run.sh] /wrk/wrk -t8 -c512 --timeout 3s -d3s -L http://service0:80/endpoint1
        Running 3s test @ http://service0:80/endpoint1
        8 threads and 512 connections
        Thread Stats   Avg      Stdev     Max   +/- Stdev
        Latency   438.16ms  102.42ms   1.07s    79.26%
        Req/Sec   149.89     61.44   323.00     73.61%
        Latency Distribution
        50%  409.69ms
        75%  472.91ms
        90%  596.87ms
        99%  762.16ms
        3248 requests in 3.03s, 2.69MB read
        Requests/sec:   1071.14
        Transfer/sec:      0.89MB
        [run.sh] Speed is 1071.14, duration is 56
        [run.sh] Fix the request number.
        [run.sh] Running the actual test
        [run.sh] /wrk/wrk --timeout 20s -t8 -c512 -d56s -L -s /wrk/fix_req_n.lua http://service0:80/endpoint1
        [run.sh] Checking the resource usage
        NAME                             CPU(cores)   MEMORY(bytes)
        service0-5f7bfff576-cq8gz        1947m        49Mi
        service1-96558989f-vskbp         1594m        19Mi
        service2-b9b68cb9d-jps8w         1099m        14Mi
        service3-ddcb6f57c-smdxw         1347m        13Mi
        service4-b87f5c5bd-lrf2d         1198m        11Mi
        service5-75886d8875-hv2lb        793m         10Mi
        ubuntu-client-76886f6bbd-gk7bj   52m          15Mi
        Running 1m test @ http://service0:80/endpoint1
        8 threads and 512 connections
        Thread Stats   Avg      Stdev     Max   +/- Stdev
        Latency   417.94ms  125.19ms   2.25s    90.42%
        Req/Sec   153.35     45.13   530.00     70.87%
        Latency Distribution
        50%  400.43ms
        75%  443.52ms
        90%  505.36ms
        99%  908.53ms
        40000 requests in 0.93m, 33.07MB read
        Requests/sec:    714.28
        Transfer/sec:    604.78KB
        ------------------------------
        stop time: 31.510881
        stop time: 33.020830
        stop time: 32.850966
        stop time: 33.017257
        stop time: 32.992655
        stop time: 32.981464
        stop time: 32.993593
        stop time: 32.587934
        [run.sh] Test finished with status 0
        > STDERR
        > No resources found in default namespace.
        > command terminated with exit code 1
    [exp] Times: [31.510881, 33.02083, 32.850966, 33.017257, 32.992655, 32.981464, 32.993593, 32.587934]
    [exp] Throughput: 1221.5811550950737
[test.py] Running 5th slowdown exp
    [exp] Running (pre_run: False) workload synthetic/chain-d4-http-sync request with the following configuration: {'CLIENT_CPU_QUOTA': '2', 'SLOWPOKE_POKER_BATCH_THRESHOLD': '20000000', 'PROCESSING_TIME_SERVICE0': '0.00133923', 'PROCESSING_TIME_SERVICE1': '0.00095615', 'PROCESSING_TIME_SERVICE2': '0.00074988', 'PROCESSING_TIME_SERVICE3': '0.00061736', 'PROCESSING_TIME_SERVICE4': '0.00044958', 'PROCESSING_TIME_SERVICE5': '0.00042696', 'SLOWPOKE_DELAY_MICROS_SERVICE0': '189.5', 'SLOWPOKE_POKER_BATCH_THRESHOLD_SERVICE0': '18949990', 'SLOWPOKE_DELAY_MICROS_SERVICE1': '189.5', 'SLOWPOKE_POKER_BATCH_THRESHOLD_SERVICE1': '18949990', 'SLOWPOKE_DELAY_MICROS_SERVICE2': '0.0', 'SLOWPOKE_POKER_BATCH_THRESHOLD_SERVICE2': '10', 'SLOWPOKE_DELAY_MICROS_SERVICE3': '189.5', 'SLOWPOKE_POKER_BATCH_THRESHOLD_SERVICE3': '18949990', 'SLOWPOKE_DELAY_MICROS_SERVICE4': '189.5', 'SLOWPOKE_POKER_BATCH_THRESHOLD_SERVICE4': '18949990', 'SLOWPOKE_DELAY_MICROS_SERVICE5': '189.5', 'SLOWPOKE_POKER_BATCH_THRESHOLD_SERVICE5': '18949990'}
    [exp] Executing cmd `bash run.sh synthetic chain-d4-http-sync 8 512 40000`:
        [run.sh] Running benchmark synthetic with request chain-d4-http-sync, thread 8, conn 512, duration 60
        [run.sh] Deleting all services
        configmap "config-service0" deleted
        deployment.apps "service0" deleted
        service "service0" deleted
        configmap "config-service1" deleted
        deployment.apps "service1" deleted
        service "service1" deleted
        configmap "config-service2" deleted
        deployment.apps "service2" deleted
        service "service2" deleted
        configmap "config-service3" deleted
        deployment.apps "service3" deleted
        service "service3" deleted
        configmap "config-service4" deleted
        deployment.apps "service4" deleted
        service "service4" deleted
        configmap "config-service5" deleted
        deployment.apps "service5" deleted
        service "service5" deleted
        deployment.apps "ubuntu-client" deleted
        [run.sh] Waiting for all pods to be deleted
        [run.sh] Deploying all services
        configmap/config-service0 created
        deployment.apps/service0 created
        service/service0 created
        configmap/config-service1 created
        deployment.apps/service1 created
        service/service1 created
        configmap/config-service2 created
        deployment.apps/service2 created
        service/service2 created
        configmap/config-service3 created
        deployment.apps/service3 created
        service/service3 created
        configmap/config-service4 created
        deployment.apps/service4 created
        service/service4 created
        configmap/config-service5 created
        deployment.apps/service5 created
        service/service5 created
        [run.sh] Client pod not found, deploying client
        deployment.apps/ubuntu-client created
        [run.sh] Waiting for all pods to be running
        [run.sh] All pods are running
        [run.sh] Checking heartbeat for all services
        [run.sh] All pods can connect to all services
        [run.sh] Running warmup test
        [run.sh] /wrk/wrk -t8 -c512 --timeout 3s -d3s -L http://service0:80/endpoint1
        Running 3s test @ http://service0:80/endpoint1
        8 threads and 512 connections
        Thread Stats   Avg      Stdev     Max   +/- Stdev
        Latency   534.34ms  237.15ms   1.82s    82.33%
        Req/Sec   118.13     50.19   262.00     69.30%
        Latency Distribution
        50%  483.14ms
        75%  559.13ms
        90%  809.97ms
        99%    1.54s
        2712 requests in 3.03s, 2.25MB read
        Requests/sec:    894.51
        Transfer/sec:    761.25KB
        [run.sh] Speed is 894.51, duration is 67
        [run.sh] Fix the request number.
        [run.sh] Running the actual test
        [run.sh] /wrk/wrk --timeout 20s -t8 -c512 -d67s -L -s /wrk/fix_req_n.lua http://service0:80/endpoint1
        [run.sh] Checking the resource usage
        NAME                             CPU(cores)   MEMORY(bytes)
        service0-7f6c48497-vflx6         1612m        49Mi
        service1-79fbff6654-9zmsq        1310m        19Mi
        service2-b9b68cb9d-2kr8q         1213m        15Mi
        service3-6d95859976-bvkhn        1104m        14Mi
        service4-85876d997-cwx5k         978m         13Mi
        service5-67bfc9c6db-l8vzn        664m         10Mi
        ubuntu-client-76886f6bbd-wkcdd   48m          14Mi
        Running 1m test @ http://service0:80/endpoint1
        8 threads and 512 connections
        Thread Stats   Avg      Stdev     Max   +/- Stdev
        Latency   506.90ms  121.78ms   2.13s    88.67%
        Req/Sec   126.40     49.27   323.00     70.77%
        Latency Distribution
        50%  490.12ms
        75%  534.48ms
        90%  602.18ms
        99%  969.10ms
        40000 requests in 1.12m, 33.08MB read
        Requests/sec:    597.01
        Transfer/sec:    505.54KB
        ------------------------------
        stop time: 39.497921
        stop time: 39.690055
        stop time: 39.932797
        stop time: 39.927477
        stop time: 39.782219
        stop time: 40.016674
        stop time: 39.745274
        stop time: 39.558196
        [run.sh] Test finished with status 0
        > STDERR
        > No resources found in default namespace.
    [exp] Times: [39.497921, 39.690055, 39.932797, 39.927477, 39.782219, 40.016674, 39.745274, 39.558196]
    [exp] Throughput: 1005.8129292367573
[test.py] Finished running 5th optmization experiment: groundtruth->1221.5811550950737, slowdown->1005.8129292367573, predicted->1243.3470587321751, err->1.7817812223378209
[test.py] Running 6th optmization experiment
[test.py] Running 6th groundtruth exp
    [exp] Running (pre_run: False) workload synthetic/chain-d4-http-sync request with the following configuration: {'CLIENT_CPU_QUOTA': '2', 'SLOWPOKE_POKER_BATCH_THRESHOLD': '20000000', 'PROCESSING_TIME_SERVICE0': '0.00133923', 'PROCESSING_TIME_SERVICE1': '0.00095615', 'PROCESSING_TIME_SERVICE2': '0.000444', 'PROCESSING_TIME_SERVICE3': '0.00061736', 'PROCESSING_TIME_SERVICE4': '0.00044958', 'PROCESSING_TIME_SERVICE5': '0.00042696', 'SLOWPOKE_DELAY_MICROS_SERVICE0': '0.0', 'SLOWPOKE_POKER_BATCH_THRESHOLD_SERVICE0': '10', 'SLOWPOKE_DELAY_MICROS_SERVICE1': '0.0', 'SLOWPOKE_POKER_BATCH_THRESHOLD_SERVICE1': '10', 'SLOWPOKE_DELAY_MICROS_SERVICE2': '0.0', 'SLOWPOKE_POKER_BATCH_THRESHOLD_SERVICE2': '10', 'SLOWPOKE_DELAY_MICROS_SERVICE3': '0.0', 'SLOWPOKE_POKER_BATCH_THRESHOLD_SERVICE3': '10', 'SLOWPOKE_DELAY_MICROS_SERVICE4': '0.0', 'SLOWPOKE_POKER_BATCH_THRESHOLD_SERVICE4': '10', 'SLOWPOKE_DELAY_MICROS_SERVICE5': '0.0', 'SLOWPOKE_POKER_BATCH_THRESHOLD_SERVICE5': '10'}
    [exp] Executing cmd `bash run.sh synthetic chain-d4-http-sync 8 512 40000`:
        [run.sh] Running benchmark synthetic with request chain-d4-http-sync, thread 8, conn 512, duration 60
        [run.sh] Deleting all services
        configmap "config-service0" deleted
        deployment.apps "service0" deleted
        service "service0" deleted
        configmap "config-service1" deleted
        deployment.apps "service1" deleted
        service "service1" deleted
        configmap "config-service2" deleted
        deployment.apps "service2" deleted
        service "service2" deleted
        configmap "config-service3" deleted
        deployment.apps "service3" deleted
        service "service3" deleted
        configmap "config-service4" deleted
        deployment.apps "service4" deleted
        service "service4" deleted
        configmap "config-service5" deleted
        deployment.apps "service5" deleted
        service "service5" deleted
        deployment.apps "ubuntu-client" deleted
        [run.sh] Waiting for all pods to be deleted
        [run.sh] Deploying all services
        configmap/config-service0 created
        deployment.apps/service0 created
        service/service0 created
        configmap/config-service1 created
        deployment.apps/service1 created
        service/service1 created
        configmap/config-service2 created
        deployment.apps/service2 created
        service/service2 created
        configmap/config-service3 created
        deployment.apps/service3 created
        service/service3 created
        configmap/config-service4 created
        deployment.apps/service4 created
        service/service4 created
        configmap/config-service5 created
        deployment.apps/service5 created
        service/service5 created
        [run.sh] Client pod not found, deploying client
        deployment.apps/ubuntu-client created
        [run.sh] Waiting for all pods to be running
        [run.sh] All pods are running
        [run.sh] Checking heartbeat for all services
        [run.sh] service0-5f7bfff576-kpvqp cannot connect to service4
        [run.sh] All pods can connect to all services
        [run.sh] Running warmup test
        [run.sh] /wrk/wrk -t8 -c512 --timeout 3s -d3s -L http://service0:80/endpoint1
        Running 3s test @ http://service0:80/endpoint1
        8 threads and 512 connections
        Thread Stats   Avg      Stdev     Max   +/- Stdev
        Latency   452.87ms  153.30ms   1.23s    82.60%
        Req/Sec   135.18     53.23   252.00     67.81%
        Latency Distribution
        50%  413.90ms
        75%  490.05ms
        90%  662.95ms
        99%    1.01s
        3172 requests in 3.04s, 2.62MB read
        Requests/sec:   1044.24
        Transfer/sec:      0.86MB
        [run.sh] Speed is 1044.24, duration is 57
        [run.sh] Fix the request number.
        [run.sh] Running the actual test
        [run.sh] /wrk/wrk --timeout 20s -t8 -c512 -d57s -L -s /wrk/fix_req_n.lua http://service0:80/endpoint1
        [run.sh] Checking the resource usage
        NAME                             CPU(cores)   MEMORY(bytes)
        service0-5f7bfff576-kpvqp        1544m        49Mi
        service1-96558989f-prcf9         1212m        18Mi
        service2-b9b68cb9d-n8qcf         918m         14Mi
        service3-ddcb6f57c-89qtf         1333m        12Mi
        service4-b87f5c5bd-k9v85         1180m        10Mi
        service5-75886d8875-gqtdf        787m         9Mi
        ubuntu-client-76886f6bbd-sqswj   44m          14Mi
        Running 1m test @ http://service0:80/endpoint1
        8 threads and 512 connections
        Thread Stats   Avg      Stdev     Max   +/- Stdev
        Latency   421.92ms   99.75ms   1.83s    86.92%
        Req/Sec   151.75     43.31   380.00     71.23%
        Latency Distribution
        50%  407.16ms
        75%  450.92ms
        90%  509.11ms
        99%  758.75ms
        40000 requests in 0.95m, 33.07MB read
        Requests/sec:    701.75
        Transfer/sec:    594.17KB
        ------------------------------
        stop time: 32.867979
        stop time: 32.795048
        stop time: 32.911579
        stop time: 33.195489
        stop time: 33.277563
        stop time: 33.251961
        stop time: 33.303005
        stop time: 33.398043
        [run.sh] Test finished with status 0
        > STDERR
        > No resources found in default namespace.
        > command terminated with exit code 1
    [exp] Times: [32.867979, 32.795048, 32.911579, 33.195489, 33.277563, 33.251961, 33.303005, 33.398043]
    [exp] Throughput: 1207.5441304455283
[test.py] Running 6th slowdown exp
    [exp] Running (pre_run: False) workload synthetic/chain-d4-http-sync request with the following configuration: {'CLIENT_CPU_QUOTA': '2', 'SLOWPOKE_POKER_BATCH_THRESHOLD': '20000000', 'PROCESSING_TIME_SERVICE0': '0.00133923', 'PROCESSING_TIME_SERVICE1': '0.00095615', 'PROCESSING_TIME_SERVICE2': '0.00074988', 'PROCESSING_TIME_SERVICE3': '0.00061736', 'PROCESSING_TIME_SERVICE4': '0.00044958', 'PROCESSING_TIME_SERVICE5': '0.00042696', 'SLOWPOKE_DELAY_MICROS_SERVICE0': '152.5', 'SLOWPOKE_POKER_BATCH_THRESHOLD_SERVICE0': '15249990', 'SLOWPOKE_DELAY_MICROS_SERVICE1': '152.5', 'SLOWPOKE_POKER_BATCH_THRESHOLD_SERVICE1': '15249990', 'SLOWPOKE_DELAY_MICROS_SERVICE2': '0.0', 'SLOWPOKE_POKER_BATCH_THRESHOLD_SERVICE2': '10', 'SLOWPOKE_DELAY_MICROS_SERVICE3': '152.5', 'SLOWPOKE_POKER_BATCH_THRESHOLD_SERVICE3': '15249990', 'SLOWPOKE_DELAY_MICROS_SERVICE4': '152.5', 'SLOWPOKE_POKER_BATCH_THRESHOLD_SERVICE4': '15249990', 'SLOWPOKE_DELAY_MICROS_SERVICE5': '152.5', 'SLOWPOKE_POKER_BATCH_THRESHOLD_SERVICE5': '15249990'}
    [exp] Executing cmd `bash run.sh synthetic chain-d4-http-sync 8 512 40000`:
        [run.sh] Running benchmark synthetic with request chain-d4-http-sync, thread 8, conn 512, duration 60
        [run.sh] Deleting all services
        configmap "config-service0" deleted
        deployment.apps "service0" deleted
        service "service0" deleted
        configmap "config-service1" deleted
        deployment.apps "service1" deleted
        service "service1" deleted
        configmap "config-service2" deleted
        deployment.apps "service2" deleted
        service "service2" deleted
        configmap "config-service3" deleted
        deployment.apps "service3" deleted
        service "service3" deleted
        configmap "config-service4" deleted
        deployment.apps "service4" deleted
        service "service4" deleted
        configmap "config-service5" deleted
        deployment.apps "service5" deleted
        service "service5" deleted
        deployment.apps "ubuntu-client" deleted
        [run.sh] Waiting for all pods to be deleted
        [run.sh] Deploying all services
        configmap/config-service0 created
        deployment.apps/service0 created
        service/service0 created
        configmap/config-service1 created
        deployment.apps/service1 created
        service/service1 created
        configmap/config-service2 created
        deployment.apps/service2 created
        service/service2 created
        configmap/config-service3 created
        deployment.apps/service3 created
        service/service3 created
        configmap/config-service4 created
        deployment.apps/service4 created
        service/service4 created
        configmap/config-service5 created
        deployment.apps/service5 created
        service/service5 created
        [run.sh] Client pod not found, deploying client
        deployment.apps/ubuntu-client created
        [run.sh] Waiting for all pods to be running
        [run.sh] All pods are running
        [run.sh] Checking heartbeat for all services
        [run.sh] service0-684c6db7d9-httnd cannot connect to service5
        [run.sh] All pods can connect to all services
        [run.sh] Running warmup test
        [run.sh] /wrk/wrk -t8 -c512 --timeout 3s -d3s -L http://service0:80/endpoint1
        Running 3s test @ http://service0:80/endpoint1
        8 threads and 512 connections
        Thread Stats   Avg      Stdev     Max   +/- Stdev
        Latency   521.16ms  195.92ms   1.47s    83.99%
        Req/Sec   120.71     49.10   282.00     64.29%
        Latency Distribution
        50%  480.30ms
        75%  541.66ms
        90%  721.75ms
        99%    1.36s
        2725 requests in 3.04s, 2.25MB read
        Requests/sec:    897.76
        Transfer/sec:    760.39KB
        [run.sh] Speed is 897.76, duration is 66
        [run.sh] Fix the request number.
        [run.sh] Running the actual test
        [run.sh] /wrk/wrk --timeout 20s -t8 -c512 -d66s -L -s /wrk/fix_req_n.lua http://service0:80/endpoint1
        [run.sh] Checking the resource usage
        NAME                             CPU(cores)   MEMORY(bytes)
        service0-684c6db7d9-httnd        1489m        49Mi
        service1-79657f69f4-9qsjn        1136m        19Mi
        service2-b9b68cb9d-gf4js         1079m        14Mi
        service3-85579465cb-q2jk8        874m         12Mi
        service4-5b5bb86d6f-fgfv5        1037m        11Mi
        service5-999977958-z5kcz         685m         9Mi
        ubuntu-client-76886f6bbd-bzljv   42m          15Mi
        Running 1m test @ http://service0:80/endpoint1
        8 threads and 512 connections
        Thread Stats   Avg      Stdev     Max   +/- Stdev
        Latency   491.75ms  170.85ms   2.84s    91.27%
        Req/Sec   131.44     45.97   444.00     70.80%
        Latency Distribution
        50%  470.27ms
        75%  515.71ms
        90%  592.26ms
        99%    1.12s
        40000 requests in 1.10m, 33.08MB read
        Requests/sec:    606.06
        Transfer/sec:    513.19KB
        ------------------------------
        stop time: 37.673055
        stop time: 37.757413
        stop time: 38.081640
        stop time: 38.443670
        stop time: 38.512207
        stop time: 38.670908
        stop time: 38.594483
        stop time: 38.567370
        [run.sh] Test finished with status 0
        > STDERR
        > No resources found in default namespace.
        > command terminated with exit code 1
    [exp] Times: [37.673055, 37.757413, 38.08164, 38.44367, 38.512207, 38.670908, 38.594483, 38.56737]
    [exp] Throughput: 1044.7248469972712
[test.py] Finished running 6th optmization experiment: groundtruth->1207.5441304455283, slowdown->1044.7248469972712, predicted->1243.394727787206, err->2.9688850649665692
[test.py] Running 7th optmization experiment
[test.py] Running 7th groundtruth exp
    [exp] Running (pre_run: False) workload synthetic/chain-d4-http-sync request with the following configuration: {'CLIENT_CPU_QUOTA': '2', 'SLOWPOKE_POKER_BATCH_THRESHOLD': '20000000', 'PROCESSING_TIME_SERVICE0': '0.00133923', 'PROCESSING_TIME_SERVICE1': '0.00095615', 'PROCESSING_TIME_SERVICE2': '0.000518', 'PROCESSING_TIME_SERVICE3': '0.00061736', 'PROCESSING_TIME_SERVICE4': '0.00044958', 'PROCESSING_TIME_SERVICE5': '0.00042696', 'SLOWPOKE_DELAY_MICROS_SERVICE0': '0.0', 'SLOWPOKE_POKER_BATCH_THRESHOLD_SERVICE0': '10', 'SLOWPOKE_DELAY_MICROS_SERVICE1': '0.0', 'SLOWPOKE_POKER_BATCH_THRESHOLD_SERVICE1': '10', 'SLOWPOKE_DELAY_MICROS_SERVICE2': '0.0', 'SLOWPOKE_POKER_BATCH_THRESHOLD_SERVICE2': '10', 'SLOWPOKE_DELAY_MICROS_SERVICE3': '0.0', 'SLOWPOKE_POKER_BATCH_THRESHOLD_SERVICE3': '10', 'SLOWPOKE_DELAY_MICROS_SERVICE4': '0.0', 'SLOWPOKE_POKER_BATCH_THRESHOLD_SERVICE4': '10', 'SLOWPOKE_DELAY_MICROS_SERVICE5': '0.0', 'SLOWPOKE_POKER_BATCH_THRESHOLD_SERVICE5': '10'}
    [exp] Executing cmd `bash run.sh synthetic chain-d4-http-sync 8 512 40000`:
        [run.sh] Running benchmark synthetic with request chain-d4-http-sync, thread 8, conn 512, duration 60
        [run.sh] Deleting all services
        configmap "config-service0" deleted
        deployment.apps "service0" deleted
        service "service0" deleted
        configmap "config-service1" deleted
        deployment.apps "service1" deleted
        service "service1" deleted
        configmap "config-service2" deleted
        deployment.apps "service2" deleted
        service "service2" deleted
        configmap "config-service3" deleted
        deployment.apps "service3" deleted
        service "service3" deleted
        configmap "config-service4" deleted
        deployment.apps "service4" deleted
        service "service4" deleted
        configmap "config-service5" deleted
        deployment.apps "service5" deleted
        service "service5" deleted
        deployment.apps "ubuntu-client" deleted
        [run.sh] Waiting for all pods to be deleted
        [run.sh] Deploying all services
        configmap/config-service0 created
        deployment.apps/service0 created
        service/service0 created
        configmap/config-service1 created
        deployment.apps/service1 created
        service/service1 created
        configmap/config-service2 created
        deployment.apps/service2 created
        service/service2 created
        configmap/config-service3 created
        deployment.apps/service3 created
        service/service3 created
        configmap/config-service4 created
        deployment.apps/service4 created
        service/service4 created
        configmap/config-service5 created
        deployment.apps/service5 created
        service/service5 created
        [run.sh] Client pod not found, deploying client
        deployment.apps/ubuntu-client created
        [run.sh] Waiting for all pods to be running
        [run.sh] All pods are running
        [run.sh] Checking heartbeat for all services
        [run.sh] service0-5f7bfff576-7g622 cannot connect to service5
        [run.sh] All pods can connect to all services
        [run.sh] Running warmup test
        [run.sh] /wrk/wrk -t8 -c512 --timeout 3s -d3s -L http://service0:80/endpoint1
        Running 3s test @ http://service0:80/endpoint1
        8 threads and 512 connections
        Thread Stats   Avg      Stdev     Max   +/- Stdev
        Latency   441.55ms  133.29ms   1.46s    87.28%
        Req/Sec   145.47     51.64   282.00     70.27%
        Latency Distribution
        50%  403.41ms
        75%  471.10ms
        90%  595.55ms
        99%    1.04s
        3236 requests in 3.03s, 2.68MB read
        Requests/sec:   1068.65
        Transfer/sec:      0.88MB
        [run.sh] Speed is 1068.65, duration is 56
        [run.sh] Fix the request number.
        [run.sh] Running the actual test
        [run.sh] /wrk/wrk --timeout 20s -t8 -c512 -d56s -L -s /wrk/fix_req_n.lua http://service0:80/endpoint1
        [run.sh] Checking the resource usage
        NAME                             CPU(cores)   MEMORY(bytes)
        service0-5f7bfff576-7g622        132m         48Mi
        service1-96558989f-pbfrg         87m          17Mi
        service2-b9b68cb9d-66c9m         92m          14Mi
        service3-ddcb6f57c-hfkdz         40m          13Mi
        service4-b87f5c5bd-h7zmx         101m         11Mi
        service5-75886d8875-nsg2g        586m         9Mi
        ubuntu-client-76886f6bbd-chgjm   3m           14Mi
        Running 1m test @ http://service0:80/endpoint1
        8 threads and 512 connections
        Thread Stats   Avg      Stdev     Max   +/- Stdev
        Latency   419.28ms  137.09ms   2.13s    90.60%
        Req/Sec   153.61     45.96   440.00     69.46%
        Latency Distribution
        50%  401.38ms
        75%  446.48ms
        90%  510.82ms
        99%  975.56ms
        40000 requests in 0.93m, 33.07MB read
        Requests/sec:    714.28
        Transfer/sec:    604.77KB
        ------------------------------
        stop time: 32.119809
        stop time: 32.289735
        stop time: 32.706432
        stop time: 32.728121
        stop time: 32.832350
        stop time: 33.000118
        stop time: 33.073449
        stop time: 33.066816
        [run.sh] Test finished with status 0
        > STDERR
        > No resources found in default namespace.
        > command terminated with exit code 1
    [exp] Times: [32.119809, 32.289735, 32.706432, 32.728121, 32.83235, 33.000118, 33.073449, 33.066816]
    [exp] Throughput: 1222.2285328257929
[test.py] Running 7th slowdown exp
    [exp] Running (pre_run: False) workload synthetic/chain-d4-http-sync request with the following configuration: {'CLIENT_CPU_QUOTA': '2', 'SLOWPOKE_POKER_BATCH_THRESHOLD': '20000000', 'PROCESSING_TIME_SERVICE0': '0.00133923', 'PROCESSING_TIME_SERVICE1': '0.00095615', 'PROCESSING_TIME_SERVICE2': '0.00074988', 'PROCESSING_TIME_SERVICE3': '0.00061736', 'PROCESSING_TIME_SERVICE4': '0.00044958', 'PROCESSING_TIME_SERVICE5': '0.00042696', 'SLOWPOKE_DELAY_MICROS_SERVICE0': '115.5', 'SLOWPOKE_POKER_BATCH_THRESHOLD_SERVICE0': '11549990', 'SLOWPOKE_DELAY_MICROS_SERVICE1': '115.5', 'SLOWPOKE_POKER_BATCH_THRESHOLD_SERVICE1': '11549990', 'SLOWPOKE_DELAY_MICROS_SERVICE2': '0.0', 'SLOWPOKE_POKER_BATCH_THRESHOLD_SERVICE2': '10', 'SLOWPOKE_DELAY_MICROS_SERVICE3': '115.5', 'SLOWPOKE_POKER_BATCH_THRESHOLD_SERVICE3': '11549990', 'SLOWPOKE_DELAY_MICROS_SERVICE4': '115.5', 'SLOWPOKE_POKER_BATCH_THRESHOLD_SERVICE4': '11549990', 'SLOWPOKE_DELAY_MICROS_SERVICE5': '115.5', 'SLOWPOKE_POKER_BATCH_THRESHOLD_SERVICE5': '11549990'}
    [exp] Executing cmd `bash run.sh synthetic chain-d4-http-sync 8 512 40000`:
        [run.sh] Running benchmark synthetic with request chain-d4-http-sync, thread 8, conn 512, duration 60
        [run.sh] Deleting all services
        configmap "config-service0" deleted
        deployment.apps "service0" deleted
        service "service0" deleted
        configmap "config-service1" deleted
        deployment.apps "service1" deleted
        service "service1" deleted
        configmap "config-service2" deleted
        deployment.apps "service2" deleted
        service "service2" deleted
        configmap "config-service3" deleted
        deployment.apps "service3" deleted
        service "service3" deleted
        configmap "config-service4" deleted
        deployment.apps "service4" deleted
        service "service4" deleted
        configmap "config-service5" deleted
        deployment.apps "service5" deleted
        service "service5" deleted
        deployment.apps "ubuntu-client" deleted
        [run.sh] Waiting for all pods to be deleted
        [run.sh] Deploying all services
        configmap/config-service0 created
        deployment.apps/service0 created
        service/service0 created
        configmap/config-service1 created
        deployment.apps/service1 created
        service/service1 created
        configmap/config-service2 created
        deployment.apps/service2 created
        service/service2 created
        configmap/config-service3 created
        deployment.apps/service3 created
        service/service3 created
        configmap/config-service4 created
        deployment.apps/service4 created
        service/service4 created
        configmap/config-service5 created
        deployment.apps/service5 created
        service/service5 created
        [run.sh] Client pod not found, deploying client
        deployment.apps/ubuntu-client created
        [run.sh] Waiting for all pods to be running
        [run.sh] All pods are running
        [run.sh] Checking heartbeat for all services
        [run.sh] All pods can connect to all services
        [run.sh] Running warmup test
        [run.sh] /wrk/wrk -t8 -c512 --timeout 3s -d3s -L http://service0:80/endpoint1
        Running 3s test @ http://service0:80/endpoint1
        8 threads and 512 connections
        Thread Stats   Avg      Stdev     Max   +/- Stdev
        Latency   523.97ms  157.18ms   1.10s    80.24%
        Req/Sec   120.01     66.20   323.00     68.00%
        Latency Distribution
        50%  473.05ms
        75%  573.96ms
        90%  784.35ms
        99%  986.80ms
        2708 requests in 3.03s, 2.24MB read
        Requests/sec:    892.79
        Transfer/sec:    757.30KB
        [run.sh] Speed is 892.79, duration is 67
        [run.sh] Fix the request number.
        [run.sh] Running the actual test
        [run.sh] /wrk/wrk --timeout 20s -t8 -c512 -d67s -L -s /wrk/fix_req_n.lua http://service0:80/endpoint1
        [run.sh] Checking the resource usage
        NAME                             CPU(cores)   MEMORY(bytes)
        service0-94f9d8d5-hws8l          930m         49Mi
        service1-5db65cb9fd-rjn6k        677m         19Mi
        service2-b9b68cb9d-xsz2d         667m         14Mi
        service3-6d4d585d8d-wkvgz        490m         13Mi
        service4-779fb55d97-kpm9m        381m         12Mi
        service5-7bb8fb957d-k8zps        706m         10Mi
        ubuntu-client-76886f6bbd-5hv5j   23m          14Mi
        Running 1m test @ http://service0:80/endpoint1
        8 threads and 512 connections
        Thread Stats   Avg      Stdev     Max   +/- Stdev
        Latency   470.10ms  108.91ms   2.06s    84.57%
        Req/Sec   136.37     45.14   303.00     69.97%
        Latency Distribution
        50%  452.73ms
        75%  500.13ms
        90%  576.77ms
        99%  849.84ms
        40000 requests in 1.12m, 33.08MB read
        Requests/sec:    597.01
        Transfer/sec:    505.57KB
        ------------------------------
        stop time: 36.486493
        stop time: 36.717182
        stop time: 36.916848
        stop time: 36.629560
        stop time: 37.077618
        stop time: 37.201073
        stop time: 37.145005
        stop time: 37.140213
        [run.sh] Test finished with status 0
        > STDERR
        > No resources found in default namespace.
    [exp] Times: [36.486493, 36.717182, 36.916848, 36.62956, 37.077618, 37.201073, 37.145005, 37.140213]
    [exp] Throughput: 1083.592408990902
[test.py] Finished running 7th optmization experiment: groundtruth->1222.2285328257929, slowdown->1083.592408990902, predicted->1239.2860237752684, err->1.3956056900454308
[test.py] Running 8th optmization experiment
[test.py] Running 8th groundtruth exp
    [exp] Running (pre_run: False) workload synthetic/chain-d4-http-sync request with the following configuration: {'CLIENT_CPU_QUOTA': '2', 'SLOWPOKE_POKER_BATCH_THRESHOLD': '20000000', 'PROCESSING_TIME_SERVICE0': '0.00133923', 'PROCESSING_TIME_SERVICE1': '0.00095615', 'PROCESSING_TIME_SERVICE2': '0.000592', 'PROCESSING_TIME_SERVICE3': '0.00061736', 'PROCESSING_TIME_SERVICE4': '0.00044958', 'PROCESSING_TIME_SERVICE5': '0.00042696', 'SLOWPOKE_DELAY_MICROS_SERVICE0': '0.0', 'SLOWPOKE_POKER_BATCH_THRESHOLD_SERVICE0': '10', 'SLOWPOKE_DELAY_MICROS_SERVICE1': '0.0', 'SLOWPOKE_POKER_BATCH_THRESHOLD_SERVICE1': '10', 'SLOWPOKE_DELAY_MICROS_SERVICE2': '0.0', 'SLOWPOKE_POKER_BATCH_THRESHOLD_SERVICE2': '10', 'SLOWPOKE_DELAY_MICROS_SERVICE3': '0.0', 'SLOWPOKE_POKER_BATCH_THRESHOLD_SERVICE3': '10', 'SLOWPOKE_DELAY_MICROS_SERVICE4': '0.0', 'SLOWPOKE_POKER_BATCH_THRESHOLD_SERVICE4': '10', 'SLOWPOKE_DELAY_MICROS_SERVICE5': '0.0', 'SLOWPOKE_POKER_BATCH_THRESHOLD_SERVICE5': '10'}
    [exp] Executing cmd `bash run.sh synthetic chain-d4-http-sync 8 512 40000`:
        [run.sh] Running benchmark synthetic with request chain-d4-http-sync, thread 8, conn 512, duration 60
        [run.sh] Deleting all services
        configmap "config-service0" deleted
        deployment.apps "service0" deleted
        service "service0" deleted
        configmap "config-service1" deleted
        deployment.apps "service1" deleted
        service "service1" deleted
        configmap "config-service2" deleted
        deployment.apps "service2" deleted
        service "service2" deleted
        configmap "config-service3" deleted
        deployment.apps "service3" deleted
        service "service3" deleted
        configmap "config-service4" deleted
        deployment.apps "service4" deleted
        service "service4" deleted
        configmap "config-service5" deleted
        deployment.apps "service5" deleted
        service "service5" deleted
        deployment.apps "ubuntu-client" deleted
        [run.sh] Waiting for all pods to be deleted
        [run.sh] Deploying all services
        configmap/config-service0 created
        deployment.apps/service0 created
        service/service0 created
        configmap/config-service1 created
        deployment.apps/service1 created
        service/service1 created
        configmap/config-service2 created
        deployment.apps/service2 created
        service/service2 created
        configmap/config-service3 created
        deployment.apps/service3 created
        service/service3 created
        configmap/config-service4 created
        deployment.apps/service4 created
        service/service4 created
        configmap/config-service5 created
        deployment.apps/service5 created
        service/service5 created
        [run.sh] Client pod not found, deploying client
        deployment.apps/ubuntu-client created
        [run.sh] Waiting for all pods to be running
        [run.sh] All pods are running
        [run.sh] Checking heartbeat for all services
        [run.sh] All pods can connect to all services
        [run.sh] Running warmup test
        [run.sh] /wrk/wrk -t8 -c512 --timeout 3s -d3s -L http://service0:80/endpoint1
        Running 3s test @ http://service0:80/endpoint1
        8 threads and 512 connections
        Thread Stats   Avg      Stdev     Max   +/- Stdev
        Latency   458.81ms  171.28ms   1.65s    90.76%
        Req/Sec   143.57     47.99   292.00     75.93%
        Latency Distribution
        50%  414.11ms
        75%  469.91ms
        90%  606.07ms
        99%    1.35s
        3174 requests in 3.03s, 2.63MB read
        Requests/sec:   1047.91
        Transfer/sec:      0.87MB
        [run.sh] Speed is 1047.91, duration is 57
        [run.sh] Fix the request number.
        [run.sh] Running the actual test
        [run.sh] /wrk/wrk --timeout 20s -t8 -c512 -d57s -L -s /wrk/fix_req_n.lua http://service0:80/endpoint1
        [run.sh] Checking the resource usage
        NAME                             CPU(cores)   MEMORY(bytes)
        service0-5f7bfff576-4whh9        381m         50Mi
        service1-96558989f-hnjrr         377m         16Mi
        service2-b9b68cb9d-vb5lh         267m         13Mi
        service3-ddcb6f57c-vssmr         412m         11Mi
        service4-b87f5c5bd-zp9fm         371m         11Mi
        service5-75886d8875-99zk9        238m         9Mi
        ubuntu-client-76886f6bbd-lft5h   20m          13Mi
        Running 1m test @ http://service0:80/endpoint1
        8 threads and 512 connections
        Thread Stats   Avg      Stdev     Max   +/- Stdev
        Latency   416.90ms  103.37ms   2.16s    87.72%
        Req/Sec   153.94     45.29   460.00     70.07%
        Latency Distribution
        50%  401.19ms
        75%  447.58ms
        90%  508.79ms
        99%  753.26ms
        40000 requests in 0.95m, 33.07MB read
        Requests/sec:    701.75
        Transfer/sec:    594.17KB
        ------------------------------
        stop time: 32.356825
        stop time: 32.139896
        stop time: 32.537303
        stop time: 32.583042
        stop time: 32.941316
        stop time: 32.912231
        stop time: 33.006008
        stop time: 33.053221
        [run.sh] Test finished with status 0
        > STDERR
        > No resources found in default namespace.
    [exp] Times: [32.356825, 32.139896, 32.537303, 32.583042, 32.941316, 32.912231, 33.006008, 33.053221]
    [exp] Throughput: 1223.5697370245036
[test.py] Running 8th slowdown exp
    [exp] Running (pre_run: False) workload synthetic/chain-d4-http-sync request with the following configuration: {'CLIENT_CPU_QUOTA': '2', 'SLOWPOKE_POKER_BATCH_THRESHOLD': '20000000', 'PROCESSING_TIME_SERVICE0': '0.00133923', 'PROCESSING_TIME_SERVICE1': '0.00095615', 'PROCESSING_TIME_SERVICE2': '0.00074988', 'PROCESSING_TIME_SERVICE3': '0.00061736', 'PROCESSING_TIME_SERVICE4': '0.00044958', 'PROCESSING_TIME_SERVICE5': '0.00042696', 'SLOWPOKE_DELAY_MICROS_SERVICE0': '78.5', 'SLOWPOKE_POKER_BATCH_THRESHOLD_SERVICE0': '7849990', 'SLOWPOKE_DELAY_MICROS_SERVICE1': '78.5', 'SLOWPOKE_POKER_BATCH_THRESHOLD_SERVICE1': '7849990', 'SLOWPOKE_DELAY_MICROS_SERVICE2': '0.0', 'SLOWPOKE_POKER_BATCH_THRESHOLD_SERVICE2': '10', 'SLOWPOKE_DELAY_MICROS_SERVICE3': '78.5', 'SLOWPOKE_POKER_BATCH_THRESHOLD_SERVICE3': '7849990', 'SLOWPOKE_DELAY_MICROS_SERVICE4': '78.5', 'SLOWPOKE_POKER_BATCH_THRESHOLD_SERVICE4': '7849990', 'SLOWPOKE_DELAY_MICROS_SERVICE5': '78.5', 'SLOWPOKE_POKER_BATCH_THRESHOLD_SERVICE5': '7849990'}
    [exp] Executing cmd `bash run.sh synthetic chain-d4-http-sync 8 512 40000`:
        [run.sh] Running benchmark synthetic with request chain-d4-http-sync, thread 8, conn 512, duration 60
        [run.sh] Deleting all services
        configmap "config-service0" deleted
        deployment.apps "service0" deleted
        service "service0" deleted
        configmap "config-service1" deleted
        deployment.apps "service1" deleted
        service "service1" deleted
        configmap "config-service2" deleted
        deployment.apps "service2" deleted
        service "service2" deleted
        configmap "config-service3" deleted
        deployment.apps "service3" deleted
        service "service3" deleted
        configmap "config-service4" deleted
        deployment.apps "service4" deleted
        service "service4" deleted
        configmap "config-service5" deleted
        deployment.apps "service5" deleted
        service "service5" deleted
        deployment.apps "ubuntu-client" deleted
        [run.sh] Waiting for all pods to be deleted
        [run.sh] Deploying all services
        configmap/config-service0 created
        deployment.apps/service0 created
        service/service0 created
        configmap/config-service1 created
        deployment.apps/service1 created
        service/service1 created
        configmap/config-service2 created
        deployment.apps/service2 created
        service/service2 created
        configmap/config-service3 created
        deployment.apps/service3 created
        service/service3 created
        configmap/config-service4 created
        deployment.apps/service4 created
        service/service4 created
        configmap/config-service5 created
        deployment.apps/service5 created
        service/service5 created
        [run.sh] Client pod not found, deploying client
        deployment.apps/ubuntu-client created
        [run.sh] Waiting for all pods to be running
        [run.sh] All pods are running
        [run.sh] Checking heartbeat for all services
        [run.sh] All pods can connect to all services
        [run.sh] Running warmup test
        [run.sh] /wrk/wrk -t8 -c512 --timeout 3s -d3s -L http://service0:80/endpoint1
        Running 3s test @ http://service0:80/endpoint1
        8 threads and 512 connections
        Thread Stats   Avg      Stdev     Max   +/- Stdev
        Latency   469.02ms  122.63ms   1.34s    86.43%
        Req/Sec   138.11     50.51   290.00     72.22%
        Latency Distribution
        50%  437.07ms
        75%  489.91ms
        90%  608.95ms
        99%  990.94ms
        3027 requests in 3.03s, 2.51MB read
        Requests/sec:    997.38
        Transfer/sec:    845.85KB
        [run.sh] Speed is 997.38, duration is 60
        [run.sh] Fix the request number.
        [run.sh] Running the actual test
        [run.sh] /wrk/wrk --timeout 20s -t8 -c512 -d60s -L -s /wrk/fix_req_n.lua http://service0:80/endpoint1
        [run.sh] Checking the resource usage
        NAME                             CPU(cores)   MEMORY(bytes)
        service0-f677789d5-gptb2         280m         50Mi
        service1-755984f4d6-8g9sc        158m         17Mi
        service2-b9b68cb9d-6x8vn         184m         13Mi
        service3-c78c94cdd-7rlvl         34m          12Mi
        service4-5fb65f7d45-zsb5z        26m          11Mi
        service5-79455f5978-vj8zp        156m         10Mi
        ubuntu-client-76886f6bbd-qj7jf   6m           13Mi
        Running 1m test @ http://service0:80/endpoint1
        8 threads and 512 connections
        Thread Stats   Avg      Stdev     Max   +/- Stdev
        Latency   449.83ms  108.87ms   1.52s    86.31%
        Req/Sec   142.44     49.52   350.00     70.77%
        Latency Distribution
        50%  430.27ms
        75%  477.08ms
        90%  547.85ms
        99%  905.14ms
        40000 requests in 1.00m, 33.09MB read
        Requests/sec:    666.66
        Transfer/sec:    564.79KB
        ------------------------------
        stop time: 34.984393
        stop time: 34.987495
        stop time: 35.388955
        stop time: 35.403385
        stop time: 35.465418
        stop time: 35.518638
        stop time: 35.471801
        stop time: 35.464593
        [run.sh] Test finished with status 0
        > STDERR
        > No resources found in default namespace.
    [exp] Times: [34.984393, 34.987495, 35.388955, 35.403385, 35.465418, 35.518638, 35.471801, 35.464593]
    [exp] Throughput: 1132.0033411927618
[test.py] Finished running 8th optmization experiment: groundtruth->1223.5697370245036, slowdown->1132.0033411927618, predicted->1243.085926939536, err->1.5950206452876245
[test.py] Running 9th optmization experiment
[test.py] Running 9th groundtruth exp
    [exp] Running (pre_run: False) workload synthetic/chain-d4-http-sync request with the following configuration: {'CLIENT_CPU_QUOTA': '2', 'SLOWPOKE_POKER_BATCH_THRESHOLD': '20000000', 'PROCESSING_TIME_SERVICE0': '0.00133923', 'PROCESSING_TIME_SERVICE1': '0.00095615', 'PROCESSING_TIME_SERVICE2': '0.000666', 'PROCESSING_TIME_SERVICE3': '0.00061736', 'PROCESSING_TIME_SERVICE4': '0.00044958', 'PROCESSING_TIME_SERVICE5': '0.00042696', 'SLOWPOKE_DELAY_MICROS_SERVICE0': '0.0', 'SLOWPOKE_POKER_BATCH_THRESHOLD_SERVICE0': '10', 'SLOWPOKE_DELAY_MICROS_SERVICE1': '0.0', 'SLOWPOKE_POKER_BATCH_THRESHOLD_SERVICE1': '10', 'SLOWPOKE_DELAY_MICROS_SERVICE2': '0.0', 'SLOWPOKE_POKER_BATCH_THRESHOLD_SERVICE2': '10', 'SLOWPOKE_DELAY_MICROS_SERVICE3': '0.0', 'SLOWPOKE_POKER_BATCH_THRESHOLD_SERVICE3': '10', 'SLOWPOKE_DELAY_MICROS_SERVICE4': '0.0', 'SLOWPOKE_POKER_BATCH_THRESHOLD_SERVICE4': '10', 'SLOWPOKE_DELAY_MICROS_SERVICE5': '0.0', 'SLOWPOKE_POKER_BATCH_THRESHOLD_SERVICE5': '10'}
    [exp] Executing cmd `bash run.sh synthetic chain-d4-http-sync 8 512 40000`:
        [run.sh] Running benchmark synthetic with request chain-d4-http-sync, thread 8, conn 512, duration 60
        [run.sh] Deleting all services
        configmap "config-service0" deleted
        deployment.apps "service0" deleted
        service "service0" deleted
        configmap "config-service1" deleted
        deployment.apps "service1" deleted
        service "service1" deleted
        configmap "config-service2" deleted
        deployment.apps "service2" deleted
        service "service2" deleted
        configmap "config-service3" deleted
        deployment.apps "service3" deleted
        service "service3" deleted
        configmap "config-service4" deleted
        deployment.apps "service4" deleted
        service "service4" deleted
        configmap "config-service5" deleted
        deployment.apps "service5" deleted
        service "service5" deleted
        deployment.apps "ubuntu-client" deleted
        [run.sh] Waiting for all pods to be deleted
        [run.sh] Deploying all services
        configmap/config-service0 created
        deployment.apps/service0 created
        service/service0 created
        configmap/config-service1 created
        deployment.apps/service1 created
        service/service1 created
        configmap/config-service2 created
        deployment.apps/service2 created
        service/service2 created
        configmap/config-service3 created
        deployment.apps/service3 created
        service/service3 created
        configmap/config-service4 created
        deployment.apps/service4 created
        service/service4 created
        configmap/config-service5 created
        deployment.apps/service5 created
        service/service5 created
        [run.sh] Client pod not found, deploying client
        deployment.apps/ubuntu-client created
        [run.sh] Waiting for all pods to be running
        [run.sh] All pods are running
        [run.sh] Checking heartbeat for all services
        [run.sh] All pods can connect to all services
        [run.sh] Running warmup test
        [run.sh] /wrk/wrk -t8 -c512 --timeout 3s -d3s -L http://service0:80/endpoint1
        Running 3s test @ http://service0:80/endpoint1
        8 threads and 512 connections
        Thread Stats   Avg      Stdev     Max   +/- Stdev
        Latency   441.97ms  106.05ms   1.07s    81.03%
        Req/Sec   150.04     53.76   272.00     72.09%
        Latency Distribution
        50%  407.37ms
        75%  467.98ms
        90%  601.27ms
        99%  816.91ms
        3241 requests in 3.03s, 2.68MB read
        Requests/sec:   1068.87
        Transfer/sec:      0.88MB
        [run.sh] Speed is 1068.87, duration is 56
        [run.sh] Fix the request number.
        [run.sh] Running the actual test
        [run.sh] /wrk/wrk --timeout 20s -t8 -c512 -d56s -L -s /wrk/fix_req_n.lua http://service0:80/endpoint1
        [run.sh] Checking the resource usage
        NAME                             CPU(cores)   MEMORY(bytes)
        service0-5f7bfff576-jtp55        404m         50Mi
        service1-96558989f-jbj2x         263m         17Mi
        service2-b9b68cb9d-pk4mn         278m         13Mi
        service3-ddcb6f57c-5qj9m         110m         12Mi
        service4-b87f5c5bd-n7vqj         41m          11Mi
        service5-75886d8875-cmh69        127m         9Mi
        ubuntu-client-76886f6bbd-p2d9f   4m           14Mi
        Running 1m test @ http://service0:80/endpoint1
        8 threads and 512 connections
        Thread Stats   Avg      Stdev     Max   +/- Stdev
        Latency   422.35ms  107.70ms   1.85s    88.47%
        Req/Sec   151.64     44.73   370.00     70.65%
        Latency Distribution
        50%  405.87ms
        75%  450.52ms
        90%  513.47ms
        99%  804.85ms
        40001 requests in 0.93m, 33.08MB read
        Requests/sec:    714.30
        Transfer/sec:    604.83KB
        ------------------------------
        stop time: 32.673328
        stop time: 32.928730
        stop time: 33.013098
        stop time: 33.100356
        stop time: 33.312391
        stop time: 33.302551
        stop time: 33.390614
        stop time: 33.380278
        [run.sh] Test finished with status 0
        > STDERR
        > No resources found in default namespace.
    [exp] Times: [32.673328, 32.92873, 33.013098, 33.100356, 33.312391, 33.302551, 33.390614, 33.380278]
    [exp] Throughput: 1207.085534752434
[test.py] Running 9th slowdown exp
    [exp] Running (pre_run: False) workload synthetic/chain-d4-http-sync request with the following configuration: {'CLIENT_CPU_QUOTA': '2', 'SLOWPOKE_POKER_BATCH_THRESHOLD': '20000000', 'PROCESSING_TIME_SERVICE0': '0.00133923', 'PROCESSING_TIME_SERVICE1': '0.00095615', 'PROCESSING_TIME_SERVICE2': '0.00074988', 'PROCESSING_TIME_SERVICE3': '0.00061736', 'PROCESSING_TIME_SERVICE4': '0.00044958', 'PROCESSING_TIME_SERVICE5': '0.00042696', 'SLOWPOKE_DELAY_MICROS_SERVICE0': '41.5', 'SLOWPOKE_POKER_BATCH_THRESHOLD_SERVICE0': '4149990', 'SLOWPOKE_DELAY_MICROS_SERVICE1': '41.5', 'SLOWPOKE_POKER_BATCH_THRESHOLD_SERVICE1': '4149990', 'SLOWPOKE_DELAY_MICROS_SERVICE2': '0.0', 'SLOWPOKE_POKER_BATCH_THRESHOLD_SERVICE2': '10', 'SLOWPOKE_DELAY_MICROS_SERVICE3': '41.5', 'SLOWPOKE_POKER_BATCH_THRESHOLD_SERVICE3': '4149990', 'SLOWPOKE_DELAY_MICROS_SERVICE4': '41.5', 'SLOWPOKE_POKER_BATCH_THRESHOLD_SERVICE4': '4149990', 'SLOWPOKE_DELAY_MICROS_SERVICE5': '41.5', 'SLOWPOKE_POKER_BATCH_THRESHOLD_SERVICE5': '4149990'}
    [exp] Executing cmd `bash run.sh synthetic chain-d4-http-sync 8 512 40000`:
        [run.sh] Running benchmark synthetic with request chain-d4-http-sync, thread 8, conn 512, duration 60
        [run.sh] Deleting all services
        configmap "config-service0" deleted
        deployment.apps "service0" deleted
        service "service0" deleted
        configmap "config-service1" deleted
        deployment.apps "service1" deleted
        service "service1" deleted
        configmap "config-service2" deleted
        deployment.apps "service2" deleted
        service "service2" deleted
        configmap "config-service3" deleted
        deployment.apps "service3" deleted
        service "service3" deleted
        configmap "config-service4" deleted
        deployment.apps "service4" deleted
        service "service4" deleted
        configmap "config-service5" deleted
        deployment.apps "service5" deleted
        service "service5" deleted
        deployment.apps "ubuntu-client" deleted
        [run.sh] Waiting for all pods to be deleted
        [run.sh] Deploying all services
        configmap/config-service0 created
        deployment.apps/service0 created
        service/service0 created
        configmap/config-service1 created
        deployment.apps/service1 created
        service/service1 created
        configmap/config-service2 created
        deployment.apps/service2 created
        service/service2 created
        configmap/config-service3 created
        deployment.apps/service3 created
        service/service3 created
        configmap/config-service4 created
        deployment.apps/service4 created
        service/service4 created
        configmap/config-service5 created
        deployment.apps/service5 created
        service/service5 created
        [run.sh] Client pod not found, deploying client
        deployment.apps/ubuntu-client created
        [run.sh] Waiting for all pods to be running
        [run.sh] All pods are running
        [run.sh] Checking heartbeat for all services
        [run.sh] service0-7cb7d7df77-qhgwq cannot connect to service5
        [run.sh] All pods can connect to all services
        [run.sh] Running warmup test
        [run.sh] /wrk/wrk -t8 -c512 --timeout 3s -d3s -L http://service0:80/endpoint1
        Running 3s test @ http://service0:80/endpoint1
        8 threads and 512 connections
        Thread Stats   Avg      Stdev     Max   +/- Stdev
        Latency   458.18ms  174.81ms   1.43s    82.55%
        Req/Sec   135.53     59.20   323.00     65.95%
        Latency Distribution
        50%  412.87ms
        75%  483.73ms
        90%  678.20ms
        99%    1.08s
        3155 requests in 3.03s, 2.62MB read
        Requests/sec:   1039.70
        Transfer/sec:      0.86MB
        [run.sh] Speed is 1039.70, duration is 57
        [run.sh] Fix the request number.
        [run.sh] Running the actual test
        [run.sh] /wrk/wrk --timeout 20s -t8 -c512 -d57s -L -s /wrk/fix_req_n.lua http://service0:80/endpoint1
        [run.sh] Checking the resource usage
        NAME                             CPU(cores)   MEMORY(bytes)
        service0-7cb7d7df77-qhgwq        769m         48Mi
        service1-5bbf674566-2h9kg        559m         19Mi
        service2-b9b68cb9d-2xzzr         559m         14Mi
        service3-84dc85cd6d-x4zv9        340m         12Mi
        service4-5585b7897c-c7z6t        252m         11Mi
        service5-5c5f45dd8b-zzpxl        13m          9Mi
        ubuntu-client-76886f6bbd-nvjdm   8m           14Mi
        Running 1m test @ http://service0:80/endpoint1
        8 threads and 512 connections
        Thread Stats   Avg      Stdev     Max   +/- Stdev
        Latency   433.66ms  109.51ms   1.74s    86.96%
        Req/Sec   147.44     47.84   330.00     71.88%
        Latency Distribution
        50%  417.09ms
        75%  461.47ms
        90%  529.21ms
        99%  821.33ms
        40000 requests in 0.95m, 33.08MB read
        Requests/sec:    701.75
        Transfer/sec:    594.23KB
        ------------------------------
        stop time: 34.098016
        stop time: 33.732184
        stop time: 33.954972
        stop time: 34.171693
        stop time: 34.375431
        stop time: 34.044878
        stop time: 34.117780
        stop time: 34.085125
        [run.sh] Test finished with status 0
        > STDERR
        > No resources found in default namespace.
        > command terminated with exit code 1
    [exp] Times: [34.098016, 33.732184, 33.954972, 34.171693, 34.375431, 34.044878, 34.11778, 34.085125]
    [exp] Throughput: 1173.966935419371
[test.py] Finished running 9th optmization experiment: groundtruth->1207.085534752434, slowdown->1173.966935419371, predicted->1234.761885566135, err->2.2928243290876216
[test.py] Baseline throughput:  1210.5768874398384
[test.py] Groundtruth:  [1210.671712484052, 1213.5543876754784, 1225.5607437329159, 1221.9573812043486, 1220.2008087521465, 1221.5811550950737, 1207.5441304455283, 1222.2285328257929, 1223.5697370245036, 1207.085534752434]
[test.py] Slowdown:  [837.3538376307112, 873.1436733575629, 909.6611348249504, 926.6052219300586, 969.3596119898236, 1005.8129292367573, 1044.7248469972712, 1083.592408990902, 1132.0033411927618, 1173.966935419371]
[test.py] Predicted:  [1220.556706059511, 1238.6249522761675, 1252.551354145599, 1226.5901437962295, 1242.7471769861927, 1243.3470587321751, 1243.394727787206, 1239.2860237752684, 1243.085926939536, 1234.761885566135]
[test.py] Error percentage:  [0.8164883571267247, 2.0658789466132514, 2.20230702971709, 0.3791263642366083, 1.8477588338187987, 1.7817812223378209, 2.9688850649665692, 1.3956056900454308, 1.5950206452876245, 2.2928243290876216]
[test.py] >>>>>>>>>>>>>>>>>>>>>>>>>>>>> Running experiment 1...
[test.py] Actual processing time range: [0, 74, 148, 222, 296, 370, 444, 518, 592, 666]
[test.py] Running baseline experiment
    [exp] Running (pre_run: False) workload synthetic/chain-d4-http-sync request with the following configuration: {'CLIENT_CPU_QUOTA': '2', 'SLOWPOKE_POKER_BATCH_THRESHOLD': '20000000', 'PROCESSING_TIME_SERVICE0': '0.00133923', 'PROCESSING_TIME_SERVICE1': '0.00095615', 'PROCESSING_TIME_SERVICE2': '0.00074988', 'PROCESSING_TIME_SERVICE3': '0.00061736', 'PROCESSING_TIME_SERVICE4': '0.00044958', 'PROCESSING_TIME_SERVICE5': '0.00042696', 'SLOWPOKE_DELAY_MICROS_SERVICE0': '0.0', 'SLOWPOKE_POKER_BATCH_THRESHOLD_SERVICE0': '10', 'SLOWPOKE_DELAY_MICROS_SERVICE1': '0.0', 'SLOWPOKE_POKER_BATCH_THRESHOLD_SERVICE1': '10', 'SLOWPOKE_DELAY_MICROS_SERVICE2': '0.0', 'SLOWPOKE_POKER_BATCH_THRESHOLD_SERVICE2': '10', 'SLOWPOKE_DELAY_MICROS_SERVICE3': '0.0', 'SLOWPOKE_POKER_BATCH_THRESHOLD_SERVICE3': '10', 'SLOWPOKE_DELAY_MICROS_SERVICE4': '0.0', 'SLOWPOKE_POKER_BATCH_THRESHOLD_SERVICE4': '10', 'SLOWPOKE_DELAY_MICROS_SERVICE5': '0.0', 'SLOWPOKE_POKER_BATCH_THRESHOLD_SERVICE5': '10'}
    [exp] Executing cmd `bash run.sh synthetic chain-d4-http-sync 8 512 40000`:
        [run.sh] Running benchmark synthetic with request chain-d4-http-sync, thread 8, conn 512, duration 60
        [run.sh] Deleting all services
        configmap "config-service0" deleted
        deployment.apps "service0" deleted
        service "service0" deleted
        configmap "config-service1" deleted
        deployment.apps "service1" deleted
        service "service1" deleted
        configmap "config-service2" deleted
        deployment.apps "service2" deleted
        service "service2" deleted
        configmap "config-service3" deleted
        deployment.apps "service3" deleted
        service "service3" deleted
        configmap "config-service4" deleted
        deployment.apps "service4" deleted
        service "service4" deleted
        configmap "config-service5" deleted
        deployment.apps "service5" deleted
        service "service5" deleted
        deployment.apps "ubuntu-client" deleted
        [run.sh] Waiting for all pods to be deleted
        [run.sh] Deploying all services
        configmap/config-service0 created
        deployment.apps/service0 created
        service/service0 created
        configmap/config-service1 created
        deployment.apps/service1 created
        service/service1 created
        configmap/config-service2 created
        deployment.apps/service2 created
        service/service2 created
        configmap/config-service3 created
        deployment.apps/service3 created
        service/service3 created
        configmap/config-service4 created
        deployment.apps/service4 created
        service/service4 created
        configmap/config-service5 created
        deployment.apps/service5 created
        service/service5 created
        [run.sh] Client pod not found, deploying client
        deployment.apps/ubuntu-client created
        [run.sh] Waiting for all pods to be running
        [run.sh] All pods are running
        [run.sh] Checking heartbeat for all services
        [run.sh] All pods can connect to all services
        [run.sh] Running warmup test
        [run.sh] /wrk/wrk -t8 -c512 --timeout 3s -d3s -L http://service0:80/endpoint1
        Running 3s test @ http://service0:80/endpoint1
        8 threads and 512 connections
        Thread Stats   Avg      Stdev     Max   +/- Stdev
        Latency   457.47ms  155.43ms   1.38s    90.14%
        Req/Sec   142.78     50.35   303.00     73.15%
        Latency Distribution
        50%  413.59ms
        75%  482.21ms
        90%  605.53ms
        99%    1.22s
        3148 requests in 3.03s, 2.61MB read
        Requests/sec:   1038.82
        Transfer/sec:      0.86MB
        [run.sh] Speed is 1038.82, duration is 57
        [run.sh] Fix the request number.
        [run.sh] Running the actual test
        [run.sh] /wrk/wrk --timeout 20s -t8 -c512 -d57s -L -s /wrk/fix_req_n.lua http://service0:80/endpoint1
        [run.sh] Checking the resource usage
        NAME                             CPU(cores)   MEMORY(bytes)
        service0-5f7bfff576-lzfhh        1286m        49Mi
        service1-96558989f-gp7sp         982m         17Mi
        service2-b9b68cb9d-mxqjt         927m         13Mi
        service3-ddcb6f57c-zwxr9         689m         12Mi
        service4-b87f5c5bd-fdzp7         565m         10Mi
        service5-75886d8875-kvrld        183m         9Mi
        ubuntu-client-76886f6bbd-vtmtf   19m          13Mi
        Running 1m test @ http://service0:80/endpoint1
        8 threads and 512 connections
        Thread Stats   Avg      Stdev     Max   +/- Stdev
        Latency   420.14ms   85.57ms   1.25s    82.32%
        Req/Sec   152.41     42.18   292.00     68.81%
        Latency Distribution
        50%  403.20ms
        75%  447.19ms
        90%  513.34ms
        99%  733.54ms
        40000 requests in 0.95m, 33.08MB read
        Requests/sec:    701.75
        Transfer/sec:    594.19KB
        ------------------------------
        stop time: 33.103660
        stop time: 33.090139
        stop time: 32.803091
        stop time: 32.870137
        stop time: 33.050897
        stop time: 33.104189
        stop time: 33.093204
        stop time: 33.048345
        [run.sh] Test finished with status 0
        > STDERR
        > No resources found in default namespace.
    [exp] Times: [33.10366, 33.090139, 32.803091, 32.870137, 33.050897, 33.104189, 33.093204, 33.048345]
    [exp] Throughput: 1211.370245162637
[test.py] Baseline throughput: 1211.370245162637
[test.py] Running 0th optmization experiment
[test.py] Running 0th groundtruth exp
    [exp] Running (pre_run: False) workload synthetic/chain-d4-http-sync request with the following configuration: {'CLIENT_CPU_QUOTA': '2', 'SLOWPOKE_POKER_BATCH_THRESHOLD': '20000000', 'PROCESSING_TIME_SERVICE0': '0.00133923', 'PROCESSING_TIME_SERVICE1': '0.00095615', 'PROCESSING_TIME_SERVICE2': '0.0', 'PROCESSING_TIME_SERVICE3': '0.00061736', 'PROCESSING_TIME_SERVICE4': '0.00044958', 'PROCESSING_TIME_SERVICE5': '0.00042696', 'SLOWPOKE_DELAY_MICROS_SERVICE0': '0.0', 'SLOWPOKE_POKER_BATCH_THRESHOLD_SERVICE0': '10', 'SLOWPOKE_DELAY_MICROS_SERVICE1': '0.0', 'SLOWPOKE_POKER_BATCH_THRESHOLD_SERVICE1': '10', 'SLOWPOKE_DELAY_MICROS_SERVICE2': '0.0', 'SLOWPOKE_POKER_BATCH_THRESHOLD_SERVICE2': '10', 'SLOWPOKE_DELAY_MICROS_SERVICE3': '0.0', 'SLOWPOKE_POKER_BATCH_THRESHOLD_SERVICE3': '10', 'SLOWPOKE_DELAY_MICROS_SERVICE4': '0.0', 'SLOWPOKE_POKER_BATCH_THRESHOLD_SERVICE4': '10', 'SLOWPOKE_DELAY_MICROS_SERVICE5': '0.0', 'SLOWPOKE_POKER_BATCH_THRESHOLD_SERVICE5': '10'}
    [exp] Executing cmd `bash run.sh synthetic chain-d4-http-sync 8 512 40000`:
        [run.sh] Running benchmark synthetic with request chain-d4-http-sync, thread 8, conn 512, duration 60
        [run.sh] Deleting all services
        configmap "config-service0" deleted
        deployment.apps "service0" deleted
        service "service0" deleted
        configmap "config-service1" deleted
        deployment.apps "service1" deleted
        service "service1" deleted
        configmap "config-service2" deleted
        deployment.apps "service2" deleted
        service "service2" deleted
        configmap "config-service3" deleted
        deployment.apps "service3" deleted
        service "service3" deleted
        configmap "config-service4" deleted
        deployment.apps "service4" deleted
        service "service4" deleted
        configmap "config-service5" deleted
        deployment.apps "service5" deleted
        service "service5" deleted
        deployment.apps "ubuntu-client" deleted
        [run.sh] Waiting for all pods to be deleted
        [run.sh] Deploying all services
        configmap/config-service0 created
        deployment.apps/service0 created
        service/service0 created
        configmap/config-service1 created
        deployment.apps/service1 created
        service/service1 created
        configmap/config-service2 created
        deployment.apps/service2 created
        service/service2 created
        configmap/config-service3 created
        deployment.apps/service3 created
        service/service3 created
        configmap/config-service4 created
        deployment.apps/service4 created
        service/service4 created
        configmap/config-service5 created
        deployment.apps/service5 created
        service/service5 created
        [run.sh] Client pod not found, deploying client
        deployment.apps/ubuntu-client created
        [run.sh] Waiting for all pods to be running
        [run.sh] All pods are running
        [run.sh] Checking heartbeat for all services
        [run.sh] service0-5f7bfff576-5ltgd cannot connect to service4
        [run.sh] All pods can connect to all services
        [run.sh] Running warmup test
        [run.sh] /wrk/wrk -t8 -c512 --timeout 3s -d3s -L http://service0:80/endpoint1
        Running 3s test @ http://service0:80/endpoint1
        8 threads and 512 connections
        Thread Stats   Avg      Stdev     Max   +/- Stdev
        Latency   457.23ms  154.25ms   1.31s    87.47%
        Req/Sec   141.19     55.82   270.00     68.78%
        Latency Distribution
        50%  412.09ms
        75%  475.17ms
        90%  632.80ms
        99%    1.07s
        3136 requests in 3.04s, 2.59MB read
        Requests/sec:   1032.54
        Transfer/sec:      0.85MB
        [run.sh] Speed is 1032.54, duration is 58
        [run.sh] Fix the request number.
        [run.sh] Running the actual test
        [run.sh] /wrk/wrk --timeout 20s -t8 -c512 -d58s -L -s /wrk/fix_req_n.lua http://service0:80/endpoint1
        [run.sh] Checking the resource usage
        NAME                             CPU(cores)   MEMORY(bytes)
        service0-5f7bfff576-5ltgd        1490m        49Mi
        service1-96558989f-cwpjn         1145m        17Mi
        service2-b9b68cb9d-49qt2         553m         12Mi
        service3-ddcb6f57c-p9rp6         822m         12Mi
        service4-b87f5c5bd-lsmtn         654m         10Mi
        service5-75886d8875-vsvwd        259m         9Mi
        ubuntu-client-76886f6bbd-zqfh5   22m          14Mi
        Running 1m test @ http://service0:80/endpoint1
        8 threads and 512 connections
        Thread Stats   Avg      Stdev     Max   +/- Stdev
        Latency   416.25ms  105.22ms   1.73s    87.85%
        Req/Sec   154.10     43.52   540.00     68.41%
        Latency Distribution
        50%  399.62ms
        75%  443.39ms
        90%  505.92ms
        99%  782.40ms
        40000 requests in 0.97m, 33.07MB read
        Requests/sec:    689.65
        Transfer/sec:    583.92KB
        ------------------------------
        stop time: 31.869813
        stop time: 32.417551
        stop time: 32.627275
        stop time: 32.722472
        stop time: 32.911306
        stop time: 32.966743
        stop time: 32.913422
        stop time: 32.840146
        [run.sh] Test finished with status 0
        > STDERR
        > No resources found in default namespace.
        > command terminated with exit code 1
    [exp] Times: [31.869813, 32.417551, 32.627275, 32.722472, 32.911306, 32.966743, 32.913422, 32.840146]
    [exp] Throughput: 1224.7925821417095
[test.py] Running 0th slowdown exp
    [exp] Running (pre_run: False) workload synthetic/chain-d4-http-sync request with the following configuration: {'CLIENT_CPU_QUOTA': '2', 'SLOWPOKE_POKER_BATCH_THRESHOLD': '20000000', 'PROCESSING_TIME_SERVICE0': '0.00133923', 'PROCESSING_TIME_SERVICE1': '0.00095615', 'PROCESSING_TIME_SERVICE2': '0.00074988', 'PROCESSING_TIME_SERVICE3': '0.00061736', 'PROCESSING_TIME_SERVICE4': '0.00044958', 'PROCESSING_TIME_SERVICE5': '0.00042696', 'SLOWPOKE_DELAY_MICROS_SERVICE0': '374.5', 'SLOWPOKE_POKER_BATCH_THRESHOLD_SERVICE0': '37449990', 'SLOWPOKE_DELAY_MICROS_SERVICE1': '374.5', 'SLOWPOKE_POKER_BATCH_THRESHOLD_SERVICE1': '37449990', 'SLOWPOKE_DELAY_MICROS_SERVICE2': '0.0', 'SLOWPOKE_POKER_BATCH_THRESHOLD_SERVICE2': '10', 'SLOWPOKE_DELAY_MICROS_SERVICE3': '374.5', 'SLOWPOKE_POKER_BATCH_THRESHOLD_SERVICE3': '37449990', 'SLOWPOKE_DELAY_MICROS_SERVICE4': '374.5', 'SLOWPOKE_POKER_BATCH_THRESHOLD_SERVICE4': '37449990', 'SLOWPOKE_DELAY_MICROS_SERVICE5': '374.5', 'SLOWPOKE_POKER_BATCH_THRESHOLD_SERVICE5': '37449990'}
    [exp] Executing cmd `bash run.sh synthetic chain-d4-http-sync 8 512 40000`:
        [run.sh] Running benchmark synthetic with request chain-d4-http-sync, thread 8, conn 512, duration 60
        [run.sh] Deleting all services
        configmap "config-service0" deleted
        deployment.apps "service0" deleted
        service "service0" deleted
        configmap "config-service1" deleted
        deployment.apps "service1" deleted
        service "service1" deleted
        configmap "config-service2" deleted
        deployment.apps "service2" deleted
        service "service2" deleted
        configmap "config-service3" deleted
        deployment.apps "service3" deleted
        service "service3" deleted
        configmap "config-service4" deleted
        deployment.apps "service4" deleted
        service "service4" deleted
        configmap "config-service5" deleted
        deployment.apps "service5" deleted
        service "service5" deleted
        deployment.apps "ubuntu-client" deleted
        [run.sh] Waiting for all pods to be deleted
        [run.sh] Deploying all services
        configmap/config-service0 created
        deployment.apps/service0 created
        service/service0 created
        configmap/config-service1 created
        deployment.apps/service1 created
        service/service1 created
        configmap/config-service2 created
        deployment.apps/service2 created
        service/service2 created
        configmap/config-service3 created
        deployment.apps/service3 created
        service/service3 created
        configmap/config-service4 created
        deployment.apps/service4 created
        service/service4 created
        configmap/config-service5 created
        deployment.apps/service5 created
        service/service5 created
        [run.sh] Client pod not found, deploying client
        deployment.apps/ubuntu-client created
        [run.sh] Waiting for all pods to be running
        [run.sh] All pods are running
        [run.sh] Checking heartbeat for all services
        [run.sh] All pods can connect to all services
        [run.sh] Running warmup test
        [run.sh] /wrk/wrk -t8 -c512 --timeout 3s -d3s -L http://service0:80/endpoint1
        Running 3s test @ http://service0:80/endpoint1
        8 threads and 512 connections
        Thread Stats   Avg      Stdev     Max   +/- Stdev
        Latency   612.52ms  191.17ms   1.73s    84.02%
        Req/Sec   100.27     51.10   250.00     67.28%
        Latency Distribution
        50%  583.21ms
        75%  631.19ms
        90%  810.62ms
        99%    1.37s
        2221 requests in 3.03s, 1.86MB read
        Requests/sec:    733.74
        Transfer/sec:    627.64KB
        [run.sh] Speed is 733.74, duration is 81
        [run.sh] Fix the request number.
        [run.sh] Running the actual test
        [run.sh] /wrk/wrk --timeout 20s -t8 -c512 -d81s -L -s /wrk/fix_req_n.lua http://service0:80/endpoint1
        [run.sh] Checking the resource usage
        NAME                             CPU(cores)   MEMORY(bytes)
        service0-68d6b8b949-vkkwx        1375m        50Mi
        service1-76548fbb7d-794hw        1075m        19Mi
        service2-b9b68cb9d-bf89t         1015m        15Mi
        service3-5545746476-x9zrn        801m         13Mi
        service4-b78dc855c-hjbws         676m         11Mi
        service5-7dc686577d-x7gmh        318m         10Mi
        ubuntu-client-76886f6bbd-vfz2h   26m          13Mi
        Running 1m test @ http://service0:80/endpoint1
        8 threads and 512 connections
        Thread Stats   Avg      Stdev     Max   +/- Stdev
        Latency   598.88ms   83.84ms   1.55s    77.57%
        Req/Sec   107.11     43.17   270.00     69.13%
        Latency Distribution
        50%  589.76ms
        75%  621.89ms
        90%  697.28ms
        99%  857.90ms
        40000 requests in 1.35m, 33.08MB read
        Requests/sec:    493.83
        Transfer/sec:    418.13KB
        ------------------------------
        stop time: 46.708673
        stop time: 46.824732
        stop time: 46.928318
        stop time: 46.928997
        stop time: 47.233208
        stop time: 47.222721
        stop time: 47.395462
        stop time: 47.397385
        [run.sh] Test finished with status 0
        > STDERR
        > No resources found in default namespace.
    [exp] Times: [46.708673, 46.824732, 46.928318, 46.928997, 47.233208, 47.222721, 47.395462, 47.397385]
    [exp] Throughput: 849.6188089631472
[test.py] Finished running 0th optmization experiment: groundtruth->1224.7925821417095, slowdown->849.6188089631472, predicted->1246.7919653110064, err->1.7961721429458728
[test.py] Running 1th optmization experiment
[test.py] Running 1th groundtruth exp
    [exp] Running (pre_run: False) workload synthetic/chain-d4-http-sync request with the following configuration: {'CLIENT_CPU_QUOTA': '2', 'SLOWPOKE_POKER_BATCH_THRESHOLD': '20000000', 'PROCESSING_TIME_SERVICE0': '0.00133923', 'PROCESSING_TIME_SERVICE1': '0.00095615', 'PROCESSING_TIME_SERVICE2': '7.4e-05', 'PROCESSING_TIME_SERVICE3': '0.00061736', 'PROCESSING_TIME_SERVICE4': '0.00044958', 'PROCESSING_TIME_SERVICE5': '0.00042696', 'SLOWPOKE_DELAY_MICROS_SERVICE0': '0.0', 'SLOWPOKE_POKER_BATCH_THRESHOLD_SERVICE0': '10', 'SLOWPOKE_DELAY_MICROS_SERVICE1': '0.0', 'SLOWPOKE_POKER_BATCH_THRESHOLD_SERVICE1': '10', 'SLOWPOKE_DELAY_MICROS_SERVICE2': '0.0', 'SLOWPOKE_POKER_BATCH_THRESHOLD_SERVICE2': '10', 'SLOWPOKE_DELAY_MICROS_SERVICE3': '0.0', 'SLOWPOKE_POKER_BATCH_THRESHOLD_SERVICE3': '10', 'SLOWPOKE_DELAY_MICROS_SERVICE4': '0.0', 'SLOWPOKE_POKER_BATCH_THRESHOLD_SERVICE4': '10', 'SLOWPOKE_DELAY_MICROS_SERVICE5': '0.0', 'SLOWPOKE_POKER_BATCH_THRESHOLD_SERVICE5': '10'}
    [exp] Executing cmd `bash run.sh synthetic chain-d4-http-sync 8 512 40000`:
        [run.sh] Running benchmark synthetic with request chain-d4-http-sync, thread 8, conn 512, duration 60
        [run.sh] Deleting all services
        configmap "config-service0" deleted
        deployment.apps "service0" deleted
        service "service0" deleted
        configmap "config-service1" deleted
        deployment.apps "service1" deleted
        service "service1" deleted
        configmap "config-service2" deleted
        deployment.apps "service2" deleted
        service "service2" deleted
        configmap "config-service3" deleted
        deployment.apps "service3" deleted
        service "service3" deleted
        configmap "config-service4" deleted
        deployment.apps "service4" deleted
        service "service4" deleted
        configmap "config-service5" deleted
        deployment.apps "service5" deleted
        service "service5" deleted
        deployment.apps "ubuntu-client" deleted
        [run.sh] Waiting for all pods to be deleted
        [run.sh] Deploying all services
        configmap/config-service0 created
        deployment.apps/service0 created
        service/service0 created
        configmap/config-service1 created
        deployment.apps/service1 created
        service/service1 created
        configmap/config-service2 created
        deployment.apps/service2 created
        service/service2 created
        configmap/config-service3 created
        deployment.apps/service3 created
        service/service3 created
        configmap/config-service4 created
        deployment.apps/service4 created
        service/service4 created
        configmap/config-service5 created
        deployment.apps/service5 created
        service/service5 created
        [run.sh] Client pod not found, deploying client
        deployment.apps/ubuntu-client created
        [run.sh] Waiting for all pods to be running
        [run.sh] All pods are running
        [run.sh] Checking heartbeat for all services
        [run.sh] All pods can connect to all services
        [run.sh] Running warmup test
        [run.sh] /wrk/wrk -t8 -c512 --timeout 3s -d3s -L http://service0:80/endpoint1
        Running 3s test @ http://service0:80/endpoint1
        8 threads and 512 connections
        Thread Stats   Avg      Stdev     Max   +/- Stdev
        Latency   466.08ms  175.63ms   1.48s    87.34%
        Req/Sec   134.73     57.62   280.00     70.26%
        Latency Distribution
        50%  417.61ms
        75%  493.30ms
        90%  659.76ms
        99%    1.24s
        3126 requests in 3.03s, 2.59MB read
        Requests/sec:   1031.38
        Transfer/sec:      0.85MB
        [run.sh] Speed is 1031.38, duration is 58
        [run.sh] Fix the request number.
        [run.sh] Running the actual test
        [run.sh] /wrk/wrk --timeout 20s -t8 -c512 -d58s -L -s /wrk/fix_req_n.lua http://service0:80/endpoint1
        [run.sh] Checking the resource usage
        NAME                        CPU(cores)   MEMORY(bytes)
        service0-5f7bfff576-jlt4v   423m         44Mi
        service1-96558989f-vjcl7    277m         17Mi
        service3-ddcb6f57c-d4fb8    79m          14Mi
        service4-b87f5c5bd-hvmzx    13m          13Mi
        service5-75886d8875-sqlz9   4m           10Mi
        Running 1m test @ http://service0:80/endpoint1
        8 threads and 512 connections
        Thread Stats   Avg      Stdev     Max   +/- Stdev
        Latency   418.64ms   99.90ms   1.82s    86.44%
        Req/Sec   153.24     43.32   330.00     70.56%
        Latency Distribution
        50%  399.83ms
        75%  445.12ms
        90%  510.71ms
        99%  768.15ms
        40000 requests in 0.97m, 33.07MB read
        Requests/sec:    689.65
        Transfer/sec:    583.93KB
        ------------------------------
        stop time: 32.482630
        stop time: 32.665036
        stop time: 32.786564
        stop time: 32.946666
        stop time: 32.977689
        stop time: 33.057038
        stop time: 33.008326
        stop time: 33.106831
        [run.sh] Test finished with status 0
        > STDERR
        > No resources found in default namespace.
    [exp] Times: [32.48263, 32.665036, 32.786564, 32.946666, 32.977689, 33.057038, 33.008326, 33.106831]
    [exp] Throughput: 1216.5876556348273
[test.py] Running 1th slowdown exp
    [exp] Running (pre_run: False) workload synthetic/chain-d4-http-sync request with the following configuration: {'CLIENT_CPU_QUOTA': '2', 'SLOWPOKE_POKER_BATCH_THRESHOLD': '20000000', 'PROCESSING_TIME_SERVICE0': '0.00133923', 'PROCESSING_TIME_SERVICE1': '0.00095615', 'PROCESSING_TIME_SERVICE2': '0.00074988', 'PROCESSING_TIME_SERVICE3': '0.00061736', 'PROCESSING_TIME_SERVICE4': '0.00044958', 'PROCESSING_TIME_SERVICE5': '0.00042696', 'SLOWPOKE_DELAY_MICROS_SERVICE0': '337.5', 'SLOWPOKE_POKER_BATCH_THRESHOLD_SERVICE0': '33749990', 'SLOWPOKE_DELAY_MICROS_SERVICE1': '337.5', 'SLOWPOKE_POKER_BATCH_THRESHOLD_SERVICE1': '33749990', 'SLOWPOKE_DELAY_MICROS_SERVICE2': '0.0', 'SLOWPOKE_POKER_BATCH_THRESHOLD_SERVICE2': '10', 'SLOWPOKE_DELAY_MICROS_SERVICE3': '337.5', 'SLOWPOKE_POKER_BATCH_THRESHOLD_SERVICE3': '33749990', 'SLOWPOKE_DELAY_MICROS_SERVICE4': '337.5', 'SLOWPOKE_POKER_BATCH_THRESHOLD_SERVICE4': '33749990', 'SLOWPOKE_DELAY_MICROS_SERVICE5': '337.5', 'SLOWPOKE_POKER_BATCH_THRESHOLD_SERVICE5': '33749990'}
    [exp] Executing cmd `bash run.sh synthetic chain-d4-http-sync 8 512 40000`:
        [run.sh] Running benchmark synthetic with request chain-d4-http-sync, thread 8, conn 512, duration 60
        [run.sh] Deleting all services
        configmap "config-service0" deleted
        deployment.apps "service0" deleted
        service "service0" deleted
        configmap "config-service1" deleted
        deployment.apps "service1" deleted
        service "service1" deleted
        configmap "config-service2" deleted
        deployment.apps "service2" deleted
        service "service2" deleted
        configmap "config-service3" deleted
        deployment.apps "service3" deleted
        service "service3" deleted
        configmap "config-service4" deleted
        deployment.apps "service4" deleted
        service "service4" deleted
        configmap "config-service5" deleted
        deployment.apps "service5" deleted
        service "service5" deleted
        deployment.apps "ubuntu-client" deleted
        [run.sh] Waiting for all pods to be deleted
        [run.sh] Deploying all services
        configmap/config-service0 created
        deployment.apps/service0 created
        service/service0 created
        configmap/config-service1 created
        deployment.apps/service1 created
        service/service1 created
        configmap/config-service2 created
        deployment.apps/service2 created
        service/service2 created
        configmap/config-service3 created
        deployment.apps/service3 created
        service/service3 created
        configmap/config-service4 created
        deployment.apps/service4 created
        service/service4 created
        configmap/config-service5 created
        deployment.apps/service5 created
        service/service5 created
        [run.sh] Client pod not found, deploying client
        deployment.apps/ubuntu-client created
        [run.sh] Waiting for all pods to be running
        [run.sh] All pods are running
        [run.sh] Checking heartbeat for all services
        [run.sh] service0-65f88b999c-bh7kz cannot connect to service4
        [run.sh] All pods can connect to all services
        [run.sh] Running warmup test
        [run.sh] /wrk/wrk -t8 -c512 --timeout 3s -d3s -L http://service0:80/endpoint1
        Running 3s test @ http://service0:80/endpoint1
        8 threads and 512 connections
        Thread Stats   Avg      Stdev     Max   +/- Stdev
        Latency   633.76ms  148.97ms   1.15s    75.99%
        Req/Sec   106.37     48.16   232.00     72.00%
        Latency Distribution
        50%  584.55ms
        75%  677.49ms
        90%  918.75ms
        99%    1.04s
        2178 requests in 3.03s, 1.81MB read
        Requests/sec:    719.42
        Transfer/sec:    611.62KB
        [run.sh] Speed is 719.42, duration is 83
        [run.sh] Fix the request number.
        [run.sh] Running the actual test
        [run.sh] /wrk/wrk --timeout 20s -t8 -c512 -d83s -L -s /wrk/fix_req_n.lua http://service0:80/endpoint1
        [run.sh] Checking the resource usage
        NAME                             CPU(cores)   MEMORY(bytes)
        service3-5486576f84-c9gl4        148m         13Mi
        service4-7d955fdd69-vhd6b        72m          11Mi
        service5-75b575b44b-p442s        4m           8Mi
        ubuntu-client-76886f6bbd-r6j5n   6m           9Mi
        Running 1m test @ http://service0:80/endpoint1
        8 threads and 512 connections
        Thread Stats   Avg      Stdev     Max   +/- Stdev
        Latency   579.85ms  123.34ms   2.19s    89.22%
        Req/Sec   110.86     44.39   290.00     70.28%
        Latency Distribution
        50%  567.53ms
        75%  603.68ms
        90%  678.64ms
        99%  990.49ms
        40000 requests in 1.38m, 33.07MB read
        Requests/sec:    481.93
        Transfer/sec:    408.04KB
        ------------------------------
        stop time: 44.787896
        stop time: 45.064908
        stop time: 45.366170
        stop time: 45.584348
        stop time: 45.628829
        stop time: 45.920822
        stop time: 45.874165
        stop time: 45.918927
        [run.sh] Test finished with status 0
        > STDERR
        > No resources found in default namespace.
        > command terminated with exit code 1
    [exp] Times: [44.787896, 45.064908, 45.36617, 45.584348, 45.628829, 45.920822, 45.874165, 45.918927]
    [exp] Throughput: 878.7682492188951
[test.py] Finished running 1th optmization experiment: groundtruth->1216.5876556348273, slowdown->878.7682492188951, predicted->1249.974292520898, err->2.7442853567874765
[test.py] Running 2th optmization experiment
[test.py] Running 2th groundtruth exp
    [exp] Running (pre_run: False) workload synthetic/chain-d4-http-sync request with the following configuration: {'CLIENT_CPU_QUOTA': '2', 'SLOWPOKE_POKER_BATCH_THRESHOLD': '20000000', 'PROCESSING_TIME_SERVICE0': '0.00133923', 'PROCESSING_TIME_SERVICE1': '0.00095615', 'PROCESSING_TIME_SERVICE2': '0.000148', 'PROCESSING_TIME_SERVICE3': '0.00061736', 'PROCESSING_TIME_SERVICE4': '0.00044958', 'PROCESSING_TIME_SERVICE5': '0.00042696', 'SLOWPOKE_DELAY_MICROS_SERVICE0': '0.0', 'SLOWPOKE_POKER_BATCH_THRESHOLD_SERVICE0': '10', 'SLOWPOKE_DELAY_MICROS_SERVICE1': '0.0', 'SLOWPOKE_POKER_BATCH_THRESHOLD_SERVICE1': '10', 'SLOWPOKE_DELAY_MICROS_SERVICE2': '0.0', 'SLOWPOKE_POKER_BATCH_THRESHOLD_SERVICE2': '10', 'SLOWPOKE_DELAY_MICROS_SERVICE3': '0.0', 'SLOWPOKE_POKER_BATCH_THRESHOLD_SERVICE3': '10', 'SLOWPOKE_DELAY_MICROS_SERVICE4': '0.0', 'SLOWPOKE_POKER_BATCH_THRESHOLD_SERVICE4': '10', 'SLOWPOKE_DELAY_MICROS_SERVICE5': '0.0', 'SLOWPOKE_POKER_BATCH_THRESHOLD_SERVICE5': '10'}
    [exp] Executing cmd `bash run.sh synthetic chain-d4-http-sync 8 512 40000`:
        [run.sh] Running benchmark synthetic with request chain-d4-http-sync, thread 8, conn 512, duration 60
        [run.sh] Deleting all services
        configmap "config-service0" deleted
        deployment.apps "service0" deleted
        service "service0" deleted
        configmap "config-service1" deleted
        deployment.apps "service1" deleted
        service "service1" deleted
        configmap "config-service2" deleted
        deployment.apps "service2" deleted
        service "service2" deleted
        configmap "config-service3" deleted
        deployment.apps "service3" deleted
        service "service3" deleted
        configmap "config-service4" deleted
        deployment.apps "service4" deleted
        service "service4" deleted
        configmap "config-service5" deleted
        deployment.apps "service5" deleted
        service "service5" deleted
        deployment.apps "ubuntu-client" deleted
        [run.sh] Waiting for all pods to be deleted
        [run.sh] Deploying all services
        configmap/config-service0 created
        deployment.apps/service0 created
        service/service0 created
        configmap/config-service1 created
        deployment.apps/service1 created
        service/service1 created
        configmap/config-service2 created
        deployment.apps/service2 created
        service/service2 created
        configmap/config-service3 created
        deployment.apps/service3 created
        service/service3 created
        configmap/config-service4 created
        deployment.apps/service4 created
        service/service4 created
        configmap/config-service5 created
        deployment.apps/service5 created
        service/service5 created
        [run.sh] Client pod not found, deploying client
        deployment.apps/ubuntu-client created
        [run.sh] Waiting for all pods to be running
        [run.sh] All pods are running
        [run.sh] Checking heartbeat for all services
        [run.sh] service0-5f7bfff576-6vf8c cannot connect to service5
        [run.sh] All pods can connect to all services
        [run.sh] Running warmup test
        [run.sh] /wrk/wrk -t8 -c512 --timeout 3s -d3s -L http://service0:80/endpoint1
        Running 3s test @ http://service0:80/endpoint1
        8 threads and 512 connections
        Thread Stats   Avg      Stdev     Max   +/- Stdev
        Latency   439.82ms   99.87ms 842.63ms   78.28%
        Req/Sec   150.30     51.99   270.00     72.69%
        Latency Distribution
        50%  409.30ms
        75%  472.17ms
        90%  595.32ms
        99%  758.66ms
        3251 requests in 3.03s, 2.69MB read
        Requests/sec:   1072.97
        Transfer/sec:      0.89MB
        [run.sh] Speed is 1072.97, duration is 55
        [run.sh] Fix the request number.
        [run.sh] Running the actual test
        [run.sh] /wrk/wrk --timeout 20s -t8 -c512 -d55s -L -s /wrk/fix_req_n.lua http://service0:80/endpoint1
        [run.sh] Checking the resource usage
        NAME                             CPU(cores)   MEMORY(bytes)
        service0-5f7bfff576-6vf8c        1942m        49Mi
        service1-96558989f-5mgwr         1593m        17Mi
        service2-b9b68cb9d-4djnn         899m         12Mi
        service3-ddcb6f57c-wc2qw         1342m        12Mi
        service4-b87f5c5bd-6dd2n         1205m        12Mi
        service5-75886d8875-kkx4p        784m         9Mi
        ubuntu-client-76886f6bbd-9zrjp   52m          15Mi
        Running 1m test @ http://service0:80/endpoint1
        8 threads and 512 connections
        Thread Stats   Avg      Stdev     Max   +/- Stdev
        Latency   416.70ms  130.86ms   1.69s    89.51%
        Req/Sec   155.44     45.68   440.00     73.62%
        Latency Distribution
        50%  400.13ms
        75%  442.27ms
        90%  506.63ms
        99%  869.80ms
        40000 requests in 0.92m, 33.07MB read
        Requests/sec:    727.27
        Transfer/sec:    615.77KB
        ------------------------------
        stop time: 31.893068
        stop time: 32.216391
        stop time: 32.407667
        stop time: 32.491920
        stop time: 32.827210
        stop time: 32.962073
        stop time: 32.980835
        stop time: 32.973703
        [run.sh] Test finished with status 0
        > STDERR
        > No resources found in default namespace.
        > command terminated with exit code 1
    [exp] Times: [31.893068, 32.216391, 32.407667, 32.49192, 32.82721, 32.962073, 32.980835, 32.973703]
    [exp] Throughput: 1227.2156532031536
[test.py] Running 2th slowdown exp
    [exp] Running (pre_run: False) workload synthetic/chain-d4-http-sync request with the following configuration: {'CLIENT_CPU_QUOTA': '2', 'SLOWPOKE_POKER_BATCH_THRESHOLD': '20000000', 'PROCESSING_TIME_SERVICE0': '0.00133923', 'PROCESSING_TIME_SERVICE1': '0.00095615', 'PROCESSING_TIME_SERVICE2': '0.00074988', 'PROCESSING_TIME_SERVICE3': '0.00061736', 'PROCESSING_TIME_SERVICE4': '0.00044958', 'PROCESSING_TIME_SERVICE5': '0.00042696', 'SLOWPOKE_DELAY_MICROS_SERVICE0': '300.5', 'SLOWPOKE_POKER_BATCH_THRESHOLD_SERVICE0': '30049990', 'SLOWPOKE_DELAY_MICROS_SERVICE1': '300.5', 'SLOWPOKE_POKER_BATCH_THRESHOLD_SERVICE1': '30049990', 'SLOWPOKE_DELAY_MICROS_SERVICE2': '0.0', 'SLOWPOKE_POKER_BATCH_THRESHOLD_SERVICE2': '10', 'SLOWPOKE_DELAY_MICROS_SERVICE3': '300.5', 'SLOWPOKE_POKER_BATCH_THRESHOLD_SERVICE3': '30049990', 'SLOWPOKE_DELAY_MICROS_SERVICE4': '300.5', 'SLOWPOKE_POKER_BATCH_THRESHOLD_SERVICE4': '30049990', 'SLOWPOKE_DELAY_MICROS_SERVICE5': '300.5', 'SLOWPOKE_POKER_BATCH_THRESHOLD_SERVICE5': '30049990'}
    [exp] Executing cmd `bash run.sh synthetic chain-d4-http-sync 8 512 40000`:
        [run.sh] Running benchmark synthetic with request chain-d4-http-sync, thread 8, conn 512, duration 60
        [run.sh] Deleting all services
        configmap "config-service0" deleted
        deployment.apps "service0" deleted
        service "service0" deleted
        configmap "config-service1" deleted
        deployment.apps "service1" deleted
        service "service1" deleted
        configmap "config-service2" deleted
        deployment.apps "service2" deleted
        service "service2" deleted
        configmap "config-service3" deleted
        deployment.apps "service3" deleted
        service "service3" deleted
        configmap "config-service4" deleted
        deployment.apps "service4" deleted
        service "service4" deleted
        configmap "config-service5" deleted
        deployment.apps "service5" deleted
        service "service5" deleted
        deployment.apps "ubuntu-client" deleted
        [run.sh] Waiting for all pods to be deleted
        [run.sh] Deploying all services
        configmap/config-service0 created
        deployment.apps/service0 created
        service/service0 created
        configmap/config-service1 created
        deployment.apps/service1 created
        service/service1 created
        configmap/config-service2 created
        deployment.apps/service2 created
        service/service2 created
        configmap/config-service3 created
        deployment.apps/service3 created
        service/service3 created
        configmap/config-service4 created
        deployment.apps/service4 created
        service/service4 created
        configmap/config-service5 created
        deployment.apps/service5 created
        service/service5 created
        [run.sh] Client pod not found, deploying client
        deployment.apps/ubuntu-client created
        [run.sh] Waiting for all pods to be running
        [run.sh] All pods are running
        [run.sh] Checking heartbeat for all services
        [run.sh] service0-59f79c9c85-vvd69 cannot connect to service5
        [run.sh] All pods can connect to all services
        [run.sh] Running warmup test
        [run.sh] /wrk/wrk -t8 -c512 --timeout 3s -d3s -L http://service0:80/endpoint1
        Running 3s test @ http://service0:80/endpoint1
        8 threads and 512 connections
        Thread Stats   Avg      Stdev     Max   +/- Stdev
        Latency   579.44ms  122.73ms   1.34s    81.10%
        Req/Sec   109.81     57.52   393.00     69.91%
        Latency Distribution
        50%  560.44ms
        75%  621.32ms
        90%  703.46ms
        99%    1.07s
        2423 requests in 3.03s, 2.00MB read
        Requests/sec:    800.52
        Transfer/sec:    678.06KB
        [run.sh] Speed is 800.52, duration is 74
        [run.sh] Fix the request number.
        [run.sh] Running the actual test
        [run.sh] /wrk/wrk --timeout 20s -t8 -c512 -d74s -L -s /wrk/fix_req_n.lua http://service0:80/endpoint1
        [run.sh] Checking the resource usage
        NAME                             CPU(cores)   MEMORY(bytes)
        service0-59f79c9c85-vvd69        1463m        50Mi
        service1-86cd569966-g8q48        1173m        19Mi
        service2-b9b68cb9d-ckr74         1108m        16Mi
        service3-77f5495464-7jvbm        983m         14Mi
        service4-b875db4f-qzmhc          897m         12Mi
        service5-676bdf8f94-f76dm        592m         10Mi
        ubuntu-client-76886f6bbd-zk27b   42m          14Mi
        Running 1m test @ http://service0:80/endpoint1
        8 threads and 512 connections
        Thread Stats   Avg      Stdev     Max   +/- Stdev
        Latency   559.92ms   96.06ms   1.76s    81.76%
        Req/Sec   114.85     42.74   313.00     67.01%
        Latency Distribution
        50%  550.88ms
        75%  584.62ms
        90%  657.24ms
        99%  869.29ms
        40000 requests in 1.23m, 33.08MB read
        Requests/sec:    540.54
        Transfer/sec:    457.72KB
        ------------------------------
        stop time: 43.454333
        stop time: 43.633874
        stop time: 43.558375
        stop time: 44.023902
        stop time: 44.172391
        stop time: 44.269095
        stop time: 44.265491
        stop time: 44.368908
        [run.sh] Test finished with status 0
        > STDERR
        > No resources found in default namespace.
        > command terminated with exit code 1
    [exp] Times: [43.454333, 43.633874, 43.558375, 44.023902, 44.172391, 44.269095, 44.265491, 44.368908]
    [exp] Throughput: 909.7464201542334
[test.py] Finished running 2th optmization experiment: groundtruth->1227.2156532031536, slowdown->909.7464201542334, predicted->1252.7130584128474, err->2.077662971715127
[test.py] Running 3th optmization experiment
[test.py] Running 3th groundtruth exp
    [exp] Running (pre_run: False) workload synthetic/chain-d4-http-sync request with the following configuration: {'CLIENT_CPU_QUOTA': '2', 'SLOWPOKE_POKER_BATCH_THRESHOLD': '20000000', 'PROCESSING_TIME_SERVICE0': '0.00133923', 'PROCESSING_TIME_SERVICE1': '0.00095615', 'PROCESSING_TIME_SERVICE2': '0.000222', 'PROCESSING_TIME_SERVICE3': '0.00061736', 'PROCESSING_TIME_SERVICE4': '0.00044958', 'PROCESSING_TIME_SERVICE5': '0.00042696', 'SLOWPOKE_DELAY_MICROS_SERVICE0': '0.0', 'SLOWPOKE_POKER_BATCH_THRESHOLD_SERVICE0': '10', 'SLOWPOKE_DELAY_MICROS_SERVICE1': '0.0', 'SLOWPOKE_POKER_BATCH_THRESHOLD_SERVICE1': '10', 'SLOWPOKE_DELAY_MICROS_SERVICE2': '0.0', 'SLOWPOKE_POKER_BATCH_THRESHOLD_SERVICE2': '10', 'SLOWPOKE_DELAY_MICROS_SERVICE3': '0.0', 'SLOWPOKE_POKER_BATCH_THRESHOLD_SERVICE3': '10', 'SLOWPOKE_DELAY_MICROS_SERVICE4': '0.0', 'SLOWPOKE_POKER_BATCH_THRESHOLD_SERVICE4': '10', 'SLOWPOKE_DELAY_MICROS_SERVICE5': '0.0', 'SLOWPOKE_POKER_BATCH_THRESHOLD_SERVICE5': '10'}
    [exp] Executing cmd `bash run.sh synthetic chain-d4-http-sync 8 512 40000`:
        [run.sh] Running benchmark synthetic with request chain-d4-http-sync, thread 8, conn 512, duration 60
        [run.sh] Deleting all services
        configmap "config-service0" deleted
        deployment.apps "service0" deleted
        service "service0" deleted
        configmap "config-service1" deleted
        deployment.apps "service1" deleted
        service "service1" deleted
        configmap "config-service2" deleted
        deployment.apps "service2" deleted
        service "service2" deleted
        configmap "config-service3" deleted
        deployment.apps "service3" deleted
        service "service3" deleted
        configmap "config-service4" deleted
        deployment.apps "service4" deleted
        service "service4" deleted
        configmap "config-service5" deleted
        deployment.apps "service5" deleted
        service "service5" deleted
        deployment.apps "ubuntu-client" deleted
        [run.sh] Waiting for all pods to be deleted
        [run.sh] Deploying all services
        configmap/config-service0 created
        deployment.apps/service0 created
        service/service0 created
        configmap/config-service1 created
        deployment.apps/service1 created
        service/service1 created
        configmap/config-service2 created
        deployment.apps/service2 created
        service/service2 created
        configmap/config-service3 created
        deployment.apps/service3 created
        service/service3 created
        configmap/config-service4 created
        deployment.apps/service4 created
        service/service4 created
        configmap/config-service5 created
        deployment.apps/service5 created
        service/service5 created
        [run.sh] Client pod not found, deploying client
        deployment.apps/ubuntu-client created
        [run.sh] Waiting for all pods to be running
        [run.sh] All pods are running
        [run.sh] Checking heartbeat for all services
        [run.sh] service0-5f7bfff576-zkd2d cannot connect to service4
        [run.sh] All pods can connect to all services
        [run.sh] Running warmup test
        [run.sh] /wrk/wrk -t8 -c512 --timeout 3s -d3s -L http://service0:80/endpoint1
        Running 3s test @ http://service0:80/endpoint1
        8 threads and 512 connections
        Thread Stats   Avg      Stdev     Max   +/- Stdev
        Latency   454.70ms  160.80ms   1.63s    86.01%
        Req/Sec   139.14     49.14   300.00     64.73%
        Latency Distribution
        50%  408.60ms
        75%  468.98ms
        90%  644.14ms
        99%    1.09s
        3149 requests in 3.03s, 2.61MB read
        Requests/sec:   1038.88
        Transfer/sec:      0.86MB
        [run.sh] Speed is 1038.88, duration is 57
        [run.sh] Fix the request number.
        [run.sh] Running the actual test
        [run.sh] /wrk/wrk --timeout 20s -t8 -c512 -d57s -L -s /wrk/fix_req_n.lua http://service0:80/endpoint1
        [run.sh] Checking the resource usage
        NAME                             CPU(cores)   MEMORY(bytes)
        service0-5f7bfff576-zkd2d        796m         50Mi
        service1-96558989f-vwjfz         579m         17Mi
        service2-b9b68cb9d-vkxsb         398m         13Mi
        service3-ddcb6f57c-t2m68         357m         13Mi
        service4-b87f5c5bd-78bf6         214m         11Mi
        service5-75886d8875-n8dlj        697m         9Mi
        ubuntu-client-76886f6bbd-2cw6r   40m          14Mi
        Running 1m test @ http://service0:80/endpoint1
        8 threads and 512 connections
        Thread Stats   Avg      Stdev     Max   +/- Stdev
        Latency   418.98ms  107.56ms   1.76s    89.03%
        Req/Sec   152.85     43.05   373.00     71.41%
        Latency Distribution
        50%  401.93ms
        75%  446.04ms
        90%  507.89ms
        99%  755.94ms
        40000 requests in 0.95m, 33.07MB read
        Requests/sec:    701.75
        Transfer/sec:    594.16KB
        ------------------------------
        stop time: 32.539412
        stop time: 32.537182
        stop time: 32.905577
        stop time: 33.030551
        stop time: 33.153335
        stop time: 32.997671
        stop time: 32.873718
        stop time: 32.981816
        [run.sh] Test finished with status 0
        > STDERR
        > No resources found in default namespace.
        > command terminated with exit code 1
    [exp] Times: [32.539412, 32.537182, 32.905577, 33.030551, 33.153335, 32.997671, 32.873718, 32.981816]
    [exp] Throughput: 1216.6409317960904
[test.py] Running 3th slowdown exp
    [exp] Running (pre_run: False) workload synthetic/chain-d4-http-sync request with the following configuration: {'CLIENT_CPU_QUOTA': '2', 'SLOWPOKE_POKER_BATCH_THRESHOLD': '20000000', 'PROCESSING_TIME_SERVICE0': '0.00133923', 'PROCESSING_TIME_SERVICE1': '0.00095615', 'PROCESSING_TIME_SERVICE2': '0.00074988', 'PROCESSING_TIME_SERVICE3': '0.00061736', 'PROCESSING_TIME_SERVICE4': '0.00044958', 'PROCESSING_TIME_SERVICE5': '0.00042696', 'SLOWPOKE_DELAY_MICROS_SERVICE0': '263.5', 'SLOWPOKE_POKER_BATCH_THRESHOLD_SERVICE0': '26349990', 'SLOWPOKE_DELAY_MICROS_SERVICE1': '263.5', 'SLOWPOKE_POKER_BATCH_THRESHOLD_SERVICE1': '26349990', 'SLOWPOKE_DELAY_MICROS_SERVICE2': '0.0', 'SLOWPOKE_POKER_BATCH_THRESHOLD_SERVICE2': '10', 'SLOWPOKE_DELAY_MICROS_SERVICE3': '263.5', 'SLOWPOKE_POKER_BATCH_THRESHOLD_SERVICE3': '26349990', 'SLOWPOKE_DELAY_MICROS_SERVICE4': '263.5', 'SLOWPOKE_POKER_BATCH_THRESHOLD_SERVICE4': '26349990', 'SLOWPOKE_DELAY_MICROS_SERVICE5': '263.5', 'SLOWPOKE_POKER_BATCH_THRESHOLD_SERVICE5': '26349990'}
    [exp] Executing cmd `bash run.sh synthetic chain-d4-http-sync 8 512 40000`:
        [run.sh] Running benchmark synthetic with request chain-d4-http-sync, thread 8, conn 512, duration 60
        [run.sh] Deleting all services
        configmap "config-service0" deleted
        deployment.apps "service0" deleted
        service "service0" deleted
        configmap "config-service1" deleted
        deployment.apps "service1" deleted
        service "service1" deleted
        configmap "config-service2" deleted
        deployment.apps "service2" deleted
        service "service2" deleted
        configmap "config-service3" deleted
        deployment.apps "service3" deleted
        service "service3" deleted
        configmap "config-service4" deleted
        deployment.apps "service4" deleted
        service "service4" deleted
        configmap "config-service5" deleted
        deployment.apps "service5" deleted
        service "service5" deleted
        deployment.apps "ubuntu-client" deleted
        [run.sh] Waiting for all pods to be deleted
        [run.sh] Deploying all services
        configmap/config-service0 created
        deployment.apps/service0 created
        service/service0 created
        configmap/config-service1 created
        deployment.apps/service1 created
        service/service1 created
        configmap/config-service2 created
        deployment.apps/service2 created
        service/service2 created
        configmap/config-service3 created
        deployment.apps/service3 created
        service/service3 created
        configmap/config-service4 created
        deployment.apps/service4 created
        service/service4 created
        configmap/config-service5 created
        deployment.apps/service5 created
        service/service5 created
        [run.sh] Client pod not found, deploying client
        deployment.apps/ubuntu-client created
        [run.sh] Waiting for all pods to be running
        [run.sh] All pods are running
        [run.sh] Checking heartbeat for all services
        [run.sh] All pods can connect to all services
        [run.sh] Running warmup test
        [run.sh] /wrk/wrk -t8 -c512 --timeout 3s -d3s -L http://service0:80/endpoint1
        Running 3s test @ http://service0:80/endpoint1
        8 threads and 512 connections
        Thread Stats   Avg      Stdev     Max   +/- Stdev
        Latency   581.51ms  245.16ms   1.80s    79.49%
        Req/Sec   105.82     52.34   282.00     64.76%
        Latency Distribution
        50%  537.25ms
        75%  591.77ms
        90%  908.47ms
        99%    1.46s
        2424 requests in 3.04s, 2.01MB read
        Requests/sec:    798.60
        Transfer/sec:    677.54KB
        [run.sh] Speed is 798.60, duration is 75
        [run.sh] Fix the request number.
        [run.sh] Running the actual test
        [run.sh] /wrk/wrk --timeout 20s -t8 -c512 -d75s -L -s /wrk/fix_req_n.lua http://service0:80/endpoint1
        [run.sh] Checking the resource usage
        NAME                             CPU(cores)   MEMORY(bytes)
        service0-5d5b977d57-d4n82        1166m        50Mi
        service1-6fc74556f4-8ndwm        872m         18Mi
        service2-b9b68cb9d-6snjs         874m         15Mi
        service3-6f77758c4d-kpl7p        619m         14Mi
        service4-5d5c9b65d9-9vsgv        494m         12Mi
        service5-576fdcf4db-fprqn        610m         10Mi
        ubuntu-client-76886f6bbd-gz6zk   44m          14Mi
        Running 1m test @ http://service0:80/endpoint1
        8 threads and 512 connections
        Thread Stats   Avg      Stdev     Max   +/- Stdev
        Latency   544.35ms  112.61ms   2.13s    85.73%
        Req/Sec   117.74     43.83   292.00     70.80%
        Latency Distribution
        50%  530.47ms
        75%  572.79ms
        90%  645.21ms
        99%  882.47ms
        40000 requests in 1.25m, 33.08MB read
        Requests/sec:    533.33
        Transfer/sec:    451.66KB
        ------------------------------
        stop time: 42.260385
        stop time: 42.571168
        stop time: 42.684943
        stop time: 42.736461
        stop time: 42.824290
        stop time: 42.957142
        stop time: 43.009649
        stop time: 43.076035
        [run.sh] Test finished with status 0
        > STDERR
        > No resources found in default namespace.
    [exp] Times: [42.260385, 42.571168, 42.684943, 42.736461, 42.82429, 42.957142, 43.009649, 43.076035]
    [exp] Throughput: 935.3441240496871
[test.py] Finished running 3th optmization experiment: groundtruth->1216.6409317960904, slowdown->935.3441240496871, predicted->1241.9502557550104, err->2.080262409185643
[test.py] Running 4th optmization experiment
[test.py] Running 4th groundtruth exp
    [exp] Running (pre_run: False) workload synthetic/chain-d4-http-sync request with the following configuration: {'CLIENT_CPU_QUOTA': '2', 'SLOWPOKE_POKER_BATCH_THRESHOLD': '20000000', 'PROCESSING_TIME_SERVICE0': '0.00133923', 'PROCESSING_TIME_SERVICE1': '0.00095615', 'PROCESSING_TIME_SERVICE2': '0.000296', 'PROCESSING_TIME_SERVICE3': '0.00061736', 'PROCESSING_TIME_SERVICE4': '0.00044958', 'PROCESSING_TIME_SERVICE5': '0.00042696', 'SLOWPOKE_DELAY_MICROS_SERVICE0': '0.0', 'SLOWPOKE_POKER_BATCH_THRESHOLD_SERVICE0': '10', 'SLOWPOKE_DELAY_MICROS_SERVICE1': '0.0', 'SLOWPOKE_POKER_BATCH_THRESHOLD_SERVICE1': '10', 'SLOWPOKE_DELAY_MICROS_SERVICE2': '0.0', 'SLOWPOKE_POKER_BATCH_THRESHOLD_SERVICE2': '10', 'SLOWPOKE_DELAY_MICROS_SERVICE3': '0.0', 'SLOWPOKE_POKER_BATCH_THRESHOLD_SERVICE3': '10', 'SLOWPOKE_DELAY_MICROS_SERVICE4': '0.0', 'SLOWPOKE_POKER_BATCH_THRESHOLD_SERVICE4': '10', 'SLOWPOKE_DELAY_MICROS_SERVICE5': '0.0', 'SLOWPOKE_POKER_BATCH_THRESHOLD_SERVICE5': '10'}
    [exp] Executing cmd `bash run.sh synthetic chain-d4-http-sync 8 512 40000`:
        [run.sh] Running benchmark synthetic with request chain-d4-http-sync, thread 8, conn 512, duration 60
        [run.sh] Deleting all services
        configmap "config-service0" deleted
        deployment.apps "service0" deleted
        service "service0" deleted
        configmap "config-service1" deleted
        deployment.apps "service1" deleted
        service "service1" deleted
        configmap "config-service2" deleted
        deployment.apps "service2" deleted
        service "service2" deleted
        configmap "config-service3" deleted
        deployment.apps "service3" deleted
        service "service3" deleted
        configmap "config-service4" deleted
        deployment.apps "service4" deleted
        service "service4" deleted
        configmap "config-service5" deleted
        deployment.apps "service5" deleted
        service "service5" deleted
        deployment.apps "ubuntu-client" deleted
        [run.sh] Waiting for all pods to be deleted
        [run.sh] Deploying all services
        configmap/config-service0 created
        deployment.apps/service0 created
        service/service0 created
        configmap/config-service1 created
        deployment.apps/service1 created
        service/service1 created
        configmap/config-service2 created
        deployment.apps/service2 created
        service/service2 created
        configmap/config-service3 created
        deployment.apps/service3 created
        service/service3 created
        configmap/config-service4 created
        deployment.apps/service4 created
        service/service4 created
        configmap/config-service5 created
        deployment.apps/service5 created
        service/service5 created
        [run.sh] Client pod not found, deploying client
        deployment.apps/ubuntu-client created
        [run.sh] Waiting for all pods to be running
        [run.sh] All pods are running
        [run.sh] Checking heartbeat for all services
        [run.sh] All pods can connect to all services
        [run.sh] Running warmup test
        [run.sh] /wrk/wrk -t8 -c512 --timeout 3s -d3s -L http://service0:80/endpoint1
        Running 3s test @ http://service0:80/endpoint1
        8 threads and 512 connections
        Thread Stats   Avg      Stdev     Max   +/- Stdev
        Latency   441.82ms  146.32ms   1.23s    86.99%
        Req/Sec   145.32     50.09   250.00     69.96%
        Latency Distribution
        50%  394.73ms
        75%  460.72ms
        90%  634.40ms
        99%  986.98ms
        3253 requests in 3.03s, 2.69MB read
        Requests/sec:   1074.16
        Transfer/sec:      0.89MB
        [run.sh] Speed is 1074.16, duration is 55
        [run.sh] Fix the request number.
        [run.sh] Running the actual test
        [run.sh] /wrk/wrk --timeout 20s -t8 -c512 -d55s -L -s /wrk/fix_req_n.lua http://service0:80/endpoint1
        [run.sh] Checking the resource usage
        NAME                             CPU(cores)   MEMORY(bytes)
        service0-5f7bfff576-gxfjr        621m         39Mi
        service1-96558989f-qbrqw         494m         17Mi
        service2-b9b68cb9d-27b42         321m         16Mi
        service3-ddcb6f57c-8s5r8         417m         14Mi
        service4-b87f5c5bd-5lljh         375m         14Mi
        service5-75886d8875-7sbvb        18m          10Mi
        ubuntu-client-76886f6bbd-k5nz4   20m          0Mi
        Running 1m test @ http://service0:80/endpoint1
        8 threads and 512 connections
        Thread Stats   Avg      Stdev     Max   +/- Stdev
        Latency   419.24ms   96.62ms   1.86s    86.17%
        Req/Sec   153.23     44.80   343.00     69.86%
        Latency Distribution
        50%  403.06ms
        75%  447.93ms
        90%  509.60ms
        99%  741.15ms
        40000 requests in 0.92m, 33.07MB read
        Requests/sec:    727.27
        Transfer/sec:    615.77KB
        ------------------------------
        stop time: 32.232170
        stop time: 32.385249
        stop time: 33.038780
        stop time: 33.032009
        stop time: 33.039173
        stop time: 33.151507
        stop time: 33.202675
        stop time: 33.130959
        [run.sh] Test finished with status 0
        > STDERR
        > No resources found in default namespace.
    [exp] Times: [32.23217, 32.385249, 33.03878, 33.032009, 33.039173, 33.151507, 33.202675, 33.130959]
    [exp] Throughput: 1215.7476307301215
[test.py] Running 4th slowdown exp
    [exp] Running (pre_run: False) workload synthetic/chain-d4-http-sync request with the following configuration: {'CLIENT_CPU_QUOTA': '2', 'SLOWPOKE_POKER_BATCH_THRESHOLD': '20000000', 'PROCESSING_TIME_SERVICE0': '0.00133923', 'PROCESSING_TIME_SERVICE1': '0.00095615', 'PROCESSING_TIME_SERVICE2': '0.00074988', 'PROCESSING_TIME_SERVICE3': '0.00061736', 'PROCESSING_TIME_SERVICE4': '0.00044958', 'PROCESSING_TIME_SERVICE5': '0.00042696', 'SLOWPOKE_DELAY_MICROS_SERVICE0': '226.5', 'SLOWPOKE_POKER_BATCH_THRESHOLD_SERVICE0': '22649990', 'SLOWPOKE_DELAY_MICROS_SERVICE1': '226.5', 'SLOWPOKE_POKER_BATCH_THRESHOLD_SERVICE1': '22649990', 'SLOWPOKE_DELAY_MICROS_SERVICE2': '0.0', 'SLOWPOKE_POKER_BATCH_THRESHOLD_SERVICE2': '10', 'SLOWPOKE_DELAY_MICROS_SERVICE3': '226.5', 'SLOWPOKE_POKER_BATCH_THRESHOLD_SERVICE3': '22649990', 'SLOWPOKE_DELAY_MICROS_SERVICE4': '226.5', 'SLOWPOKE_POKER_BATCH_THRESHOLD_SERVICE4': '22649990', 'SLOWPOKE_DELAY_MICROS_SERVICE5': '226.5', 'SLOWPOKE_POKER_BATCH_THRESHOLD_SERVICE5': '22649990'}
    [exp] Executing cmd `bash run.sh synthetic chain-d4-http-sync 8 512 40000`:
        [run.sh] Running benchmark synthetic with request chain-d4-http-sync, thread 8, conn 512, duration 60
        [run.sh] Deleting all services
        configmap "config-service0" deleted
        deployment.apps "service0" deleted
        service "service0" deleted
        configmap "config-service1" deleted
        deployment.apps "service1" deleted
        service "service1" deleted
        configmap "config-service2" deleted
        deployment.apps "service2" deleted
        service "service2" deleted
        configmap "config-service3" deleted
        deployment.apps "service3" deleted
        service "service3" deleted
        configmap "config-service4" deleted
        deployment.apps "service4" deleted
        service "service4" deleted
        configmap "config-service5" deleted
        deployment.apps "service5" deleted
        service "service5" deleted
        deployment.apps "ubuntu-client" deleted
        [run.sh] Waiting for all pods to be deleted
        [run.sh] Deploying all services
        configmap/config-service0 created
        deployment.apps/service0 created
        service/service0 created
        configmap/config-service1 created
        deployment.apps/service1 created
        service/service1 created
        configmap/config-service2 created
        deployment.apps/service2 created
        service/service2 created
        configmap/config-service3 created
        deployment.apps/service3 created
        service/service3 created
        configmap/config-service4 created
        deployment.apps/service4 created
        service/service4 created
        configmap/config-service5 created
        deployment.apps/service5 created
        service/service5 created
        [run.sh] Client pod not found, deploying client
        deployment.apps/ubuntu-client created
        [run.sh] Waiting for all pods to be running
        [run.sh] All pods are running
        [run.sh] Checking heartbeat for all services
        [run.sh] service0-86f749877-l4g7c cannot connect to service4
        [run.sh] All pods can connect to all services
        [run.sh] Running warmup test
        [run.sh] /wrk/wrk -t8 -c512 --timeout 3s -d3s -L http://service0:80/endpoint1
        Running 3s test @ http://service0:80/endpoint1
        8 threads and 512 connections
        Thread Stats   Avg      Stdev     Max   +/- Stdev
        Latency   574.95ms  345.58ms   2.33s    82.88%
        Req/Sec   110.72     43.40   300.00     71.98%
        Latency Distribution
        50%  494.68ms
        75%  587.66ms
        90%  975.99ms
        99%    1.93s
        2603 requests in 3.03s, 2.16MB read
        Requests/sec:    859.11
        Transfer/sec:    730.73KB
        [run.sh] Speed is 859.11, duration is 69
        [run.sh] Fix the request number.
        [run.sh] Running the actual test
        [run.sh] /wrk/wrk --timeout 20s -t8 -c512 -d69s -L -s /wrk/fix_req_n.lua http://service0:80/endpoint1
        [run.sh] Checking the resource usage
        NAME                             CPU(cores)   MEMORY(bytes)
        service0-86f749877-l4g7c         523m         43Mi
        service1-79bd87f7c8-jpp5m        415m         18Mi
        service2-b9b68cb9d-jdmlc         384m         17Mi
        service3-6d86b665b4-s4tp7        345m         13Mi
        service4-5b86d48bf-r5tqw         312m         9Mi
        service5-797c8d47b6-xsk67        204m         9Mi
        ubuntu-client-76886f6bbd-wvnb7   11m          7Mi
        Running 1m test @ http://service0:80/endpoint1
        8 threads and 512 connections
        Thread Stats   Avg      Stdev     Max   +/- Stdev
        Latency   525.54ms   96.22ms   1.50s    82.32%
        Req/Sec   121.75     43.74   310.00     71.81%
        Latency Distribution
        50%  511.51ms
        75%  551.30ms
        90%  620.02ms
        99%  899.87ms
        40000 requests in 1.15m, 33.09MB read
        Requests/sec:    579.71
        Transfer/sec:    491.05KB
        ------------------------------
        stop time: 41.048936
        stop time: 41.048787
        stop time: 41.295033
        stop time: 41.314920
        stop time: 41.460675
        stop time: 41.431711
        stop time: 41.332319
        stop time: 41.483032
        [run.sh] Test finished with status 0
        > STDERR
        > No resources found in default namespace.
        > command terminated with exit code 1
    [exp] Times: [41.048936, 41.048787, 41.295033, 41.31492, 41.460675, 41.431711, 41.332319, 41.483032]
    [exp] Throughput: 968.4778233998425
[test.py] Finished running 4th optmization experiment: groundtruth->1215.7476307301215, slowdown->968.4778233998425, predicted->1241.2982423337141, err->2.1016377871325265
[test.py] Running 5th optmization experiment
[test.py] Running 5th groundtruth exp
    [exp] Running (pre_run: False) workload synthetic/chain-d4-http-sync request with the following configuration: {'CLIENT_CPU_QUOTA': '2', 'SLOWPOKE_POKER_BATCH_THRESHOLD': '20000000', 'PROCESSING_TIME_SERVICE0': '0.00133923', 'PROCESSING_TIME_SERVICE1': '0.00095615', 'PROCESSING_TIME_SERVICE2': '0.00037', 'PROCESSING_TIME_SERVICE3': '0.00061736', 'PROCESSING_TIME_SERVICE4': '0.00044958', 'PROCESSING_TIME_SERVICE5': '0.00042696', 'SLOWPOKE_DELAY_MICROS_SERVICE0': '0.0', 'SLOWPOKE_POKER_BATCH_THRESHOLD_SERVICE0': '10', 'SLOWPOKE_DELAY_MICROS_SERVICE1': '0.0', 'SLOWPOKE_POKER_BATCH_THRESHOLD_SERVICE1': '10', 'SLOWPOKE_DELAY_MICROS_SERVICE2': '0.0', 'SLOWPOKE_POKER_BATCH_THRESHOLD_SERVICE2': '10', 'SLOWPOKE_DELAY_MICROS_SERVICE3': '0.0', 'SLOWPOKE_POKER_BATCH_THRESHOLD_SERVICE3': '10', 'SLOWPOKE_DELAY_MICROS_SERVICE4': '0.0', 'SLOWPOKE_POKER_BATCH_THRESHOLD_SERVICE4': '10', 'SLOWPOKE_DELAY_MICROS_SERVICE5': '0.0', 'SLOWPOKE_POKER_BATCH_THRESHOLD_SERVICE5': '10'}
    [exp] Executing cmd `bash run.sh synthetic chain-d4-http-sync 8 512 40000`:
        [run.sh] Running benchmark synthetic with request chain-d4-http-sync, thread 8, conn 512, duration 60
        [run.sh] Deleting all services
        configmap "config-service0" deleted
        deployment.apps "service0" deleted
        service "service0" deleted
        configmap "config-service1" deleted
        deployment.apps "service1" deleted
        service "service1" deleted
        configmap "config-service2" deleted
        deployment.apps "service2" deleted
        service "service2" deleted
        configmap "config-service3" deleted
        deployment.apps "service3" deleted
        service "service3" deleted
        configmap "config-service4" deleted
        deployment.apps "service4" deleted
        service "service4" deleted
        configmap "config-service5" deleted
        deployment.apps "service5" deleted
        service "service5" deleted
        deployment.apps "ubuntu-client" deleted
        [run.sh] Waiting for all pods to be deleted
        [run.sh] Deploying all services
        configmap/config-service0 created
        deployment.apps/service0 created
        service/service0 created
        configmap/config-service1 created
        deployment.apps/service1 created
        service/service1 created
        configmap/config-service2 created
        deployment.apps/service2 created
        service/service2 created
        configmap/config-service3 created
        deployment.apps/service3 created
        service/service3 created
        configmap/config-service4 created
        deployment.apps/service4 created
        service/service4 created
        configmap/config-service5 created
        deployment.apps/service5 created
        service/service5 created
        [run.sh] Client pod not found, deploying client
        deployment.apps/ubuntu-client created
        [run.sh] Waiting for all pods to be running
        [run.sh] All pods are running
        [run.sh] Checking heartbeat for all services
        [run.sh] service0-5f7bfff576-kp8pz cannot connect to service4
        [run.sh] All pods can connect to all services
        [run.sh] Running warmup test
        [run.sh] /wrk/wrk -t8 -c512 --timeout 3s -d3s -L http://service0:80/endpoint1
        Running 3s test @ http://service0:80/endpoint1
        8 threads and 512 connections
        Thread Stats   Avg      Stdev     Max   +/- Stdev
        Latency   455.40ms  123.46ms 884.10ms   77.92%
        Req/Sec   146.36     52.64   303.00     68.27%
        Latency Distribution
        50%  414.02ms
        75%  503.95ms
        90%  656.57ms
        99%  843.38ms
        3080 requests in 3.03s, 2.55MB read
        Requests/sec:   1016.06
        Transfer/sec:    861.11KB
        [run.sh] Speed is 1016.06, duration is 59
        [run.sh] Fix the request number.
        [run.sh] Running the actual test
        [run.sh] /wrk/wrk --timeout 20s -t8 -c512 -d59s -L -s /wrk/fix_req_n.lua http://service0:80/endpoint1
        [run.sh] Checking the resource usage
        NAME                             CPU(cores)   MEMORY(bytes)
        service0-5f7bfff576-kp8pz        3m           46Mi
        service1-96558989f-wj7hk         4m           16Mi
        service2-b9b68cb9d-wj4nn         4m           12Mi
        service3-ddcb6f57c-6pqs7         4m           11Mi
        service4-b87f5c5bd-pj9hj         4m           11Mi
        ubuntu-client-76886f6bbd-5jtw6   13m          9Mi
        Running 1m test @ http://service0:80/endpoint1
        8 threads and 512 connections
        Thread Stats   Avg      Stdev     Max   +/- Stdev
        Latency   418.38ms  102.61ms   1.73s    87.02%
        Req/Sec   152.78     43.80   343.00     71.10%
        Latency Distribution
        50%  399.88ms
        75%  443.78ms
        90%  512.89ms
        99%  765.42ms
        40000 requests in 0.98m, 33.07MB read
        Requests/sec:    677.96
        Transfer/sec:    574.02KB
        ------------------------------
        stop time: 32.644554
        stop time: 32.796014
        stop time: 32.661610
        stop time: 32.768095
        stop time: 32.930493
        stop time: 33.015055
        stop time: 33.072692
        stop time: 33.104835
        [run.sh] Test finished with status 0
        > STDERR
        > No resources found in default namespace.
        > command terminated with exit code 1
    [exp] Times: [32.644554, 32.796014, 32.66161, 32.768095, 32.930493, 33.015055, 33.072692, 33.104835]
    [exp] Throughput: 1216.7608132811026
[test.py] Running 5th slowdown exp
    [exp] Running (pre_run: False) workload synthetic/chain-d4-http-sync request with the following configuration: {'CLIENT_CPU_QUOTA': '2', 'SLOWPOKE_POKER_BATCH_THRESHOLD': '20000000', 'PROCESSING_TIME_SERVICE0': '0.00133923', 'PROCESSING_TIME_SERVICE1': '0.00095615', 'PROCESSING_TIME_SERVICE2': '0.00074988', 'PROCESSING_TIME_SERVICE3': '0.00061736', 'PROCESSING_TIME_SERVICE4': '0.00044958', 'PROCESSING_TIME_SERVICE5': '0.00042696', 'SLOWPOKE_DELAY_MICROS_SERVICE0': '189.5', 'SLOWPOKE_POKER_BATCH_THRESHOLD_SERVICE0': '18949990', 'SLOWPOKE_DELAY_MICROS_SERVICE1': '189.5', 'SLOWPOKE_POKER_BATCH_THRESHOLD_SERVICE1': '18949990', 'SLOWPOKE_DELAY_MICROS_SERVICE2': '0.0', 'SLOWPOKE_POKER_BATCH_THRESHOLD_SERVICE2': '10', 'SLOWPOKE_DELAY_MICROS_SERVICE3': '189.5', 'SLOWPOKE_POKER_BATCH_THRESHOLD_SERVICE3': '18949990', 'SLOWPOKE_DELAY_MICROS_SERVICE4': '189.5', 'SLOWPOKE_POKER_BATCH_THRESHOLD_SERVICE4': '18949990', 'SLOWPOKE_DELAY_MICROS_SERVICE5': '189.5', 'SLOWPOKE_POKER_BATCH_THRESHOLD_SERVICE5': '18949990'}
    [exp] Executing cmd `bash run.sh synthetic chain-d4-http-sync 8 512 40000`:
        [run.sh] Running benchmark synthetic with request chain-d4-http-sync, thread 8, conn 512, duration 60
        [run.sh] Deleting all services
        configmap "config-service0" deleted
        deployment.apps "service0" deleted
        service "service0" deleted
        configmap "config-service1" deleted
        deployment.apps "service1" deleted
        service "service1" deleted
        configmap "config-service2" deleted
        deployment.apps "service2" deleted
        service "service2" deleted
        configmap "config-service3" deleted
        deployment.apps "service3" deleted
        service "service3" deleted
        configmap "config-service4" deleted
        deployment.apps "service4" deleted
        service "service4" deleted
        configmap "config-service5" deleted
        deployment.apps "service5" deleted
        service "service5" deleted
        deployment.apps "ubuntu-client" deleted
        [run.sh] Waiting for all pods to be deleted
        [run.sh] Deploying all services
        configmap/config-service0 created
        deployment.apps/service0 created
        service/service0 created
        configmap/config-service1 created
        deployment.apps/service1 created
        service/service1 created
        configmap/config-service2 created
        deployment.apps/service2 created
        service/service2 created
        configmap/config-service3 created
        deployment.apps/service3 created
        service/service3 created
        configmap/config-service4 created
        deployment.apps/service4 created
        service/service4 created
        configmap/config-service5 created
        deployment.apps/service5 created
        service/service5 created
        [run.sh] Client pod not found, deploying client
        deployment.apps/ubuntu-client created
        [run.sh] Waiting for all pods to be running
        [run.sh] All pods are running
        [run.sh] Checking heartbeat for all services
        [run.sh] service0-7f6c48497-dfw8g cannot connect to service5
        [run.sh] All pods can connect to all services
        [run.sh] Running warmup test
        [run.sh] /wrk/wrk -t8 -c512 --timeout 3s -d3s -L http://service0:80/endpoint1
        Running 3s test @ http://service0:80/endpoint1
        8 threads and 512 connections
        Thread Stats   Avg      Stdev     Max   +/- Stdev
        Latency   543.79ms  201.97ms   1.51s    81.54%
        Req/Sec   110.71     60.37   313.00     67.97%
        Latency Distribution
        50%  495.42ms
        75%  602.09ms
        90%  821.73ms
        99%    1.22s
        2589 requests in 3.04s, 2.14MB read
        Requests/sec:    852.89
        Transfer/sec:    722.68KB
        [run.sh] Speed is 852.89, duration is 70
        [run.sh] Fix the request number.
        [run.sh] Running the actual test
        [run.sh] /wrk/wrk --timeout 20s -t8 -c512 -d70s -L -s /wrk/fix_req_n.lua http://service0:80/endpoint1
        [run.sh] Checking the resource usage
        NAME                             CPU(cores)   MEMORY(bytes)
        service0-7f6c48497-dfw8g         6m           32Mi
        service1-79fbff6654-blxkf        4m           12Mi
        service2-b9b68cb9d-87b2l         4m           10Mi
        service3-6d95859976-zgk2l        4m           8Mi
        service4-85876d997-wwnml         4m           8Mi
        ubuntu-client-76886f6bbd-pqxvt   7m           7Mi
        Running 1m test @ http://service0:80/endpoint1
        8 threads and 512 connections
        Thread Stats   Avg      Stdev     Max   +/- Stdev
        Latency   507.59ms  118.30ms   2.14s    87.71%
        Req/Sec   126.18     43.85   383.00     69.73%
        Latency Distribution
        50%  492.93ms
        75%  536.45ms
        90%  608.25ms
        99%  888.49ms
        40000 requests in 1.17m, 33.07MB read
        Requests/sec:    571.43
        Transfer/sec:    483.82KB
        ------------------------------
        stop time: 39.689800
        stop time: 39.580882
        stop time: 39.926143
        stop time: 39.684014
        stop time: 39.977154
        stop time: 40.078633
        stop time: 39.803466
        stop time: 39.971435
        [run.sh] Test finished with status 0
        > STDERR
        > No resources found in default namespace.
        > command terminated with exit code 1
    [exp] Times: [39.6898, 39.580882, 39.926143, 39.684014, 39.977154, 40.078633, 39.803466, 39.971435]
    [exp] Throughput: 1004.0427561943816
[test.py] Finished running 5th optmization experiment: groundtruth->1216.7608132811026, slowdown->1004.0427561943816, predicted->1240.643190215953, err->1.9627832088419555
[test.py] Running 6th optmization experiment
[test.py] Running 6th groundtruth exp
    [exp] Running (pre_run: False) workload synthetic/chain-d4-http-sync request with the following configuration: {'CLIENT_CPU_QUOTA': '2', 'SLOWPOKE_POKER_BATCH_THRESHOLD': '20000000', 'PROCESSING_TIME_SERVICE0': '0.00133923', 'PROCESSING_TIME_SERVICE1': '0.00095615', 'PROCESSING_TIME_SERVICE2': '0.000444', 'PROCESSING_TIME_SERVICE3': '0.00061736', 'PROCESSING_TIME_SERVICE4': '0.00044958', 'PROCESSING_TIME_SERVICE5': '0.00042696', 'SLOWPOKE_DELAY_MICROS_SERVICE0': '0.0', 'SLOWPOKE_POKER_BATCH_THRESHOLD_SERVICE0': '10', 'SLOWPOKE_DELAY_MICROS_SERVICE1': '0.0', 'SLOWPOKE_POKER_BATCH_THRESHOLD_SERVICE1': '10', 'SLOWPOKE_DELAY_MICROS_SERVICE2': '0.0', 'SLOWPOKE_POKER_BATCH_THRESHOLD_SERVICE2': '10', 'SLOWPOKE_DELAY_MICROS_SERVICE3': '0.0', 'SLOWPOKE_POKER_BATCH_THRESHOLD_SERVICE3': '10', 'SLOWPOKE_DELAY_MICROS_SERVICE4': '0.0', 'SLOWPOKE_POKER_BATCH_THRESHOLD_SERVICE4': '10', 'SLOWPOKE_DELAY_MICROS_SERVICE5': '0.0', 'SLOWPOKE_POKER_BATCH_THRESHOLD_SERVICE5': '10'}
    [exp] Executing cmd `bash run.sh synthetic chain-d4-http-sync 8 512 40000`:
        [run.sh] Running benchmark synthetic with request chain-d4-http-sync, thread 8, conn 512, duration 60
        [run.sh] Deleting all services
        configmap "config-service0" deleted
        deployment.apps "service0" deleted
        service "service0" deleted
        configmap "config-service1" deleted
        deployment.apps "service1" deleted
        service "service1" deleted
        configmap "config-service2" deleted
        deployment.apps "service2" deleted
        service "service2" deleted
        configmap "config-service3" deleted
        deployment.apps "service3" deleted
        service "service3" deleted
        configmap "config-service4" deleted
        deployment.apps "service4" deleted
        service "service4" deleted
        configmap "config-service5" deleted
        deployment.apps "service5" deleted
        service "service5" deleted
        deployment.apps "ubuntu-client" deleted
        [run.sh] Waiting for all pods to be deleted
        [run.sh] Deploying all services
        configmap/config-service0 created
        deployment.apps/service0 created
        service/service0 created
        configmap/config-service1 created
        deployment.apps/service1 created
        service/service1 created
        configmap/config-service2 created
        deployment.apps/service2 created
        service/service2 created
        configmap/config-service3 created
        deployment.apps/service3 created
        service/service3 created
        configmap/config-service4 created
        deployment.apps/service4 created
        service/service4 created
        configmap/config-service5 created
        deployment.apps/service5 created
        service/service5 created
        [run.sh] Client pod not found, deploying client
        deployment.apps/ubuntu-client created
        [run.sh] Waiting for all pods to be running
        [run.sh] All pods are running
        [run.sh] Checking heartbeat for all services
        [run.sh] service0-5f7bfff576-4jzp9 cannot connect to service5
        [run.sh] All pods can connect to all services
        [run.sh] Running warmup test
        [run.sh] /wrk/wrk -t8 -c512 --timeout 3s -d3s -L http://service0:80/endpoint1
        Running 3s test @ http://service0:80/endpoint1
        8 threads and 512 connections
        Thread Stats   Avg      Stdev     Max   +/- Stdev
        Latency   459.90ms  235.80ms   1.55s    84.62%
        Req/Sec   141.87     51.79   270.00     67.41%
        Latency Distribution
        50%  393.64ms
        75%  458.95ms
        90%  748.94ms
        99%    1.36s
        3216 requests in 3.04s, 2.66MB read
        Requests/sec:   1059.42
        Transfer/sec:      0.88MB
        [run.sh] Speed is 1059.42, duration is 56
        [run.sh] Fix the request number.
        [run.sh] Running the actual test
        [run.sh] /wrk/wrk --timeout 20s -t8 -c512 -d56s -L -s /wrk/fix_req_n.lua http://service0:80/endpoint1
        [run.sh] Checking the resource usage
        Running 1m test @ http://service0:80/endpoint1
        8 threads and 512 connections
        Thread Stats   Avg      Stdev     Max   +/- Stdev
        Latency   417.85ms   92.81ms   1.38s    85.29%
        Req/Sec   153.06     47.01   350.00     72.71%
        Latency Distribution
        50%  402.64ms
        75%  446.85ms
        90%  508.91ms
        99%  746.93ms
        40000 requests in 0.93m, 33.07MB read
        Requests/sec:    714.28
        Transfer/sec:    604.77KB
        ------------------------------
        stop time: 32.367642
        stop time: 32.575876
        stop time: 32.712219
        stop time: 32.978412
        stop time: 32.978678
        stop time: 32.993946
        stop time: 32.985574
        stop time: 33.005891
        [run.sh] Test finished with status 0
        > STDERR
        > No resources found in default namespace.
        > command terminated with exit code 1
        > error: metrics not available yet
    [exp] Times: [32.367642, 32.575876, 32.712219, 32.978412, 32.978678, 32.993946, 32.985574, 33.005891]
    [exp] Throughput: 1218.5915733372135
[test.py] Running 6th slowdown exp
    [exp] Running (pre_run: False) workload synthetic/chain-d4-http-sync request with the following configuration: {'CLIENT_CPU_QUOTA': '2', 'SLOWPOKE_POKER_BATCH_THRESHOLD': '20000000', 'PROCESSING_TIME_SERVICE0': '0.00133923', 'PROCESSING_TIME_SERVICE1': '0.00095615', 'PROCESSING_TIME_SERVICE2': '0.00074988', 'PROCESSING_TIME_SERVICE3': '0.00061736', 'PROCESSING_TIME_SERVICE4': '0.00044958', 'PROCESSING_TIME_SERVICE5': '0.00042696', 'SLOWPOKE_DELAY_MICROS_SERVICE0': '152.5', 'SLOWPOKE_POKER_BATCH_THRESHOLD_SERVICE0': '15249990', 'SLOWPOKE_DELAY_MICROS_SERVICE1': '152.5', 'SLOWPOKE_POKER_BATCH_THRESHOLD_SERVICE1': '15249990', 'SLOWPOKE_DELAY_MICROS_SERVICE2': '0.0', 'SLOWPOKE_POKER_BATCH_THRESHOLD_SERVICE2': '10', 'SLOWPOKE_DELAY_MICROS_SERVICE3': '152.5', 'SLOWPOKE_POKER_BATCH_THRESHOLD_SERVICE3': '15249990', 'SLOWPOKE_DELAY_MICROS_SERVICE4': '152.5', 'SLOWPOKE_POKER_BATCH_THRESHOLD_SERVICE4': '15249990', 'SLOWPOKE_DELAY_MICROS_SERVICE5': '152.5', 'SLOWPOKE_POKER_BATCH_THRESHOLD_SERVICE5': '15249990'}
    [exp] Executing cmd `bash run.sh synthetic chain-d4-http-sync 8 512 40000`:
        [run.sh] Running benchmark synthetic with request chain-d4-http-sync, thread 8, conn 512, duration 60
        [run.sh] Deleting all services
        configmap "config-service0" deleted
        deployment.apps "service0" deleted
        service "service0" deleted
        configmap "config-service1" deleted
        deployment.apps "service1" deleted
        service "service1" deleted
        configmap "config-service2" deleted
        deployment.apps "service2" deleted
        service "service2" deleted
        configmap "config-service3" deleted
        deployment.apps "service3" deleted
        service "service3" deleted
        configmap "config-service4" deleted
        deployment.apps "service4" deleted
        service "service4" deleted
        configmap "config-service5" deleted
        deployment.apps "service5" deleted
        service "service5" deleted
        deployment.apps "ubuntu-client" deleted
        [run.sh] Waiting for all pods to be deleted
        [run.sh] Deploying all services
        configmap/config-service0 created
        deployment.apps/service0 created
        service/service0 created
        configmap/config-service1 created
        deployment.apps/service1 created
        service/service1 created
        configmap/config-service2 created
        deployment.apps/service2 created
        service/service2 created
        configmap/config-service3 created
        deployment.apps/service3 created
        service/service3 created
        configmap/config-service4 created
        deployment.apps/service4 created
        service/service4 created
        configmap/config-service5 created
        deployment.apps/service5 created
        service/service5 created
        [run.sh] Client pod not found, deploying client
        deployment.apps/ubuntu-client created
        [run.sh] Waiting for all pods to be running
        [run.sh] All pods are running
        [run.sh] Checking heartbeat for all services
        [run.sh] service0-684c6db7d9-ms5lx cannot connect to service5
        [run.sh] All pods can connect to all services
        [run.sh] Running warmup test
        [run.sh] /wrk/wrk -t8 -c512 --timeout 3s -d3s -L http://service0:80/endpoint1
        Running 3s test @ http://service0:80/endpoint1
        8 threads and 512 connections
        Thread Stats   Avg      Stdev     Max   +/- Stdev
        Latency   540.96ms  155.85ms   1.08s    82.06%
        Req/Sec   130.81     51.63   272.00     73.47%
        Latency Distribution
        50%  479.75ms
        75%  581.67ms
        90%  796.84ms
        99%  995.81ms
        2625 requests in 3.03s, 2.17MB read
        Requests/sec:    867.65
        Transfer/sec:    734.90KB
        [run.sh] Speed is 867.65, duration is 69
        [run.sh] Fix the request number.
        [run.sh] Running the actual test
        [run.sh] /wrk/wrk --timeout 20s -t8 -c512 -d69s -L -s /wrk/fix_req_n.lua http://service0:80/endpoint1
        [run.sh] Checking the resource usage
        Running 1m test @ http://service0:80/endpoint1
        8 threads and 512 connections
        Thread Stats   Avg      Stdev     Max   +/- Stdev
        Latency   489.02ms  128.18ms   2.80s    87.90%
        Req/Sec   131.05     45.02   363.00     70.11%
        Latency Distribution
        50%  472.81ms
        75%  519.19ms
        90%  590.87ms
        99%  942.85ms
        40000 requests in 1.15m, 33.08MB read
        Requests/sec:    579.71
        Transfer/sec:    490.88KB
        ------------------------------
        stop time: 37.735462
        stop time: 37.961931
        stop time: 38.198415
        stop time: 38.421599
        stop time: 38.424273
        stop time: 38.636411
        stop time: 38.721468
        stop time: 38.710424
        [run.sh] Test finished with status 0
        > STDERR
        > No resources found in default namespace.
        > command terminated with exit code 1
        > error: metrics not available yet
    [exp] Times: [37.735462, 37.961931, 38.198415, 38.421599, 38.424273, 38.636411, 38.721468, 38.710424]
    [exp] Throughput: 1042.9908338412836
[test.py] Finished running 6th optmization experiment: groundtruth->1218.5915733372135, slowdown->1042.9908338412836, predicted->1240.9392866459737, err->1.8338969181904887
[test.py] Running 7th optmization experiment
[test.py] Running 7th groundtruth exp
    [exp] Running (pre_run: False) workload synthetic/chain-d4-http-sync request with the following configuration: {'CLIENT_CPU_QUOTA': '2', 'SLOWPOKE_POKER_BATCH_THRESHOLD': '20000000', 'PROCESSING_TIME_SERVICE0': '0.00133923', 'PROCESSING_TIME_SERVICE1': '0.00095615', 'PROCESSING_TIME_SERVICE2': '0.000518', 'PROCESSING_TIME_SERVICE3': '0.00061736', 'PROCESSING_TIME_SERVICE4': '0.00044958', 'PROCESSING_TIME_SERVICE5': '0.00042696', 'SLOWPOKE_DELAY_MICROS_SERVICE0': '0.0', 'SLOWPOKE_POKER_BATCH_THRESHOLD_SERVICE0': '10', 'SLOWPOKE_DELAY_MICROS_SERVICE1': '0.0', 'SLOWPOKE_POKER_BATCH_THRESHOLD_SERVICE1': '10', 'SLOWPOKE_DELAY_MICROS_SERVICE2': '0.0', 'SLOWPOKE_POKER_BATCH_THRESHOLD_SERVICE2': '10', 'SLOWPOKE_DELAY_MICROS_SERVICE3': '0.0', 'SLOWPOKE_POKER_BATCH_THRESHOLD_SERVICE3': '10', 'SLOWPOKE_DELAY_MICROS_SERVICE4': '0.0', 'SLOWPOKE_POKER_BATCH_THRESHOLD_SERVICE4': '10', 'SLOWPOKE_DELAY_MICROS_SERVICE5': '0.0', 'SLOWPOKE_POKER_BATCH_THRESHOLD_SERVICE5': '10'}
    [exp] Executing cmd `bash run.sh synthetic chain-d4-http-sync 8 512 40000`:
        [run.sh] Running benchmark synthetic with request chain-d4-http-sync, thread 8, conn 512, duration 60
        [run.sh] Deleting all services
        configmap "config-service0" deleted
        deployment.apps "service0" deleted
        service "service0" deleted
        configmap "config-service1" deleted
        deployment.apps "service1" deleted
        service "service1" deleted
        configmap "config-service2" deleted
        deployment.apps "service2" deleted
        service "service2" deleted
        configmap "config-service3" deleted
        deployment.apps "service3" deleted
        service "service3" deleted
        configmap "config-service4" deleted
        deployment.apps "service4" deleted
        service "service4" deleted
        configmap "config-service5" deleted
        deployment.apps "service5" deleted
        service "service5" deleted
        deployment.apps "ubuntu-client" deleted
        [run.sh] Waiting for all pods to be deleted
        [run.sh] Deploying all services
        configmap/config-service0 created
        deployment.apps/service0 created
        service/service0 created
        configmap/config-service1 created
        deployment.apps/service1 created
        service/service1 created
        configmap/config-service2 created
        deployment.apps/service2 created
        service/service2 created
        configmap/config-service3 created
        deployment.apps/service3 created
        service/service3 created
        configmap/config-service4 created
        deployment.apps/service4 created
        service/service4 created
        configmap/config-service5 created
        deployment.apps/service5 created
        service/service5 created
        [run.sh] Client pod not found, deploying client
        deployment.apps/ubuntu-client created
        [run.sh] Waiting for all pods to be running
        [run.sh] All pods are running
        [run.sh] Checking heartbeat for all services
        [run.sh] service0-5f7bfff576-h5gz6 cannot connect to service5
        [run.sh] All pods can connect to all services
        [run.sh] Running warmup test
        [run.sh] /wrk/wrk -t8 -c512 --timeout 3s -d3s -L http://service0:80/endpoint1
        Running 3s test @ http://service0:80/endpoint1
        8 threads and 512 connections
        Thread Stats   Avg      Stdev     Max   +/- Stdev
        Latency   442.60ms  149.52ms   1.25s    87.35%
        Req/Sec   144.67     54.65   272.00     66.67%
        Latency Distribution
        50%  397.49ms
        75%  455.54ms
        90%  605.46ms
        99%  976.59ms
        3243 requests in 3.02s, 2.69MB read
        Requests/sec:   1073.28
        Transfer/sec:      0.89MB
        [run.sh] Speed is 1073.28, duration is 55
        [run.sh] Fix the request number.
        [run.sh] Running the actual test
        [run.sh] /wrk/wrk --timeout 20s -t8 -c512 -d55s -L -s /wrk/fix_req_n.lua http://service0:80/endpoint1
        [run.sh] Checking the resource usage
        NAME                             CPU(cores)   MEMORY(bytes)
        service0-5f7bfff576-h5gz6        1940m        50Mi
        service1-96558989f-j4ws8         1567m        18Mi
        service2-b9b68cb9d-kzrws         1229m        14Mi
        service3-ddcb6f57c-s9p48         1331m        12Mi
        service4-b87f5c5bd-stq4c         1172m        11Mi
        service5-75886d8875-pbzg7        781m         10Mi
        ubuntu-client-76886f6bbd-jwp5w   51m          14Mi
        Running 1m test @ http://service0:80/endpoint1
        8 threads and 512 connections
        Thread Stats   Avg      Stdev     Max   +/- Stdev
        Latency   422.67ms   91.97ms   1.70s    85.19%
        Req/Sec   151.76     45.36   440.00     69.98%
        Latency Distribution
        50%  408.21ms
        75%  452.92ms
        90%  509.65ms
        99%  760.91ms
        40000 requests in 0.92m, 33.07MB read
        Requests/sec:    727.27
        Transfer/sec:    615.77KB
        ------------------------------
        stop time: 32.636469
        stop time: 33.082094
        stop time: 33.099967
        stop time: 33.089924
        stop time: 33.373027
        stop time: 33.435699
        stop time: 33.420804
        stop time: 33.382098
        [run.sh] Test finished with status 0
        > STDERR
        > No resources found in default namespace.
        > command terminated with exit code 1
    [exp] Times: [32.636469, 33.082094, 33.099967, 33.089924, 33.373027, 33.435699, 33.420804, 33.382098]
    [exp] Throughput: 1205.1819116265563
[test.py] Running 7th slowdown exp
    [exp] Running (pre_run: False) workload synthetic/chain-d4-http-sync request with the following configuration: {'CLIENT_CPU_QUOTA': '2', 'SLOWPOKE_POKER_BATCH_THRESHOLD': '20000000', 'PROCESSING_TIME_SERVICE0': '0.00133923', 'PROCESSING_TIME_SERVICE1': '0.00095615', 'PROCESSING_TIME_SERVICE2': '0.00074988', 'PROCESSING_TIME_SERVICE3': '0.00061736', 'PROCESSING_TIME_SERVICE4': '0.00044958', 'PROCESSING_TIME_SERVICE5': '0.00042696', 'SLOWPOKE_DELAY_MICROS_SERVICE0': '115.5', 'SLOWPOKE_POKER_BATCH_THRESHOLD_SERVICE0': '11549990', 'SLOWPOKE_DELAY_MICROS_SERVICE1': '115.5', 'SLOWPOKE_POKER_BATCH_THRESHOLD_SERVICE1': '11549990', 'SLOWPOKE_DELAY_MICROS_SERVICE2': '0.0', 'SLOWPOKE_POKER_BATCH_THRESHOLD_SERVICE2': '10', 'SLOWPOKE_DELAY_MICROS_SERVICE3': '115.5', 'SLOWPOKE_POKER_BATCH_THRESHOLD_SERVICE3': '11549990', 'SLOWPOKE_DELAY_MICROS_SERVICE4': '115.5', 'SLOWPOKE_POKER_BATCH_THRESHOLD_SERVICE4': '11549990', 'SLOWPOKE_DELAY_MICROS_SERVICE5': '115.5', 'SLOWPOKE_POKER_BATCH_THRESHOLD_SERVICE5': '11549990'}
    [exp] Executing cmd `bash run.sh synthetic chain-d4-http-sync 8 512 40000`:
        [run.sh] Running benchmark synthetic with request chain-d4-http-sync, thread 8, conn 512, duration 60
        [run.sh] Deleting all services
        configmap "config-service0" deleted
        deployment.apps "service0" deleted
        service "service0" deleted
        configmap "config-service1" deleted
        deployment.apps "service1" deleted
        service "service1" deleted
        configmap "config-service2" deleted
        deployment.apps "service2" deleted
        service "service2" deleted
        configmap "config-service3" deleted
        deployment.apps "service3" deleted
        service "service3" deleted
        configmap "config-service4" deleted
        deployment.apps "service4" deleted
        service "service4" deleted
        configmap "config-service5" deleted
        deployment.apps "service5" deleted
        service "service5" deleted
        deployment.apps "ubuntu-client" deleted
        [run.sh] Waiting for all pods to be deleted
        [run.sh] Deploying all services
        configmap/config-service0 created
        deployment.apps/service0 created
        service/service0 created
        configmap/config-service1 created
        deployment.apps/service1 created
        service/service1 created
        configmap/config-service2 created
        deployment.apps/service2 created
        service/service2 created
        configmap/config-service3 created
        deployment.apps/service3 created
        service/service3 created
        configmap/config-service4 created
        deployment.apps/service4 created
        service/service4 created
        configmap/config-service5 created
        deployment.apps/service5 created
        service/service5 created
        [run.sh] Client pod not found, deploying client
        deployment.apps/ubuntu-client created
        [run.sh] Waiting for all pods to be running
        [run.sh] All pods are running
        [run.sh] Checking heartbeat for all services
        [run.sh] All pods can connect to all services
        [run.sh] Running warmup test
        [run.sh] /wrk/wrk -t8 -c512 --timeout 3s -d3s -L http://service0:80/endpoint1
        Running 3s test @ http://service0:80/endpoint1
        8 threads and 512 connections
        Thread Stats   Avg      Stdev     Max   +/- Stdev
        Latency   490.56ms  192.36ms   1.61s    84.87%
        Req/Sec   127.70     48.41   250.00     71.56%
        Latency Distribution
        50%  436.36ms
        75%  495.48ms
        90%  716.07ms
        99%    1.25s
        2894 requests in 3.03s, 2.39MB read
        Requests/sec:    954.18
        Transfer/sec:    807.89KB
        [run.sh] Speed is 954.18, duration is 62
        [run.sh] Fix the request number.
        [run.sh] Running the actual test
        [run.sh] /wrk/wrk --timeout 20s -t8 -c512 -d62s -L -s /wrk/fix_req_n.lua http://service0:80/endpoint1
        [run.sh] Checking the resource usage
        NAME                             CPU(cores)   MEMORY(bytes)
        service0-94f9d8d5-whhs2          1742m        49Mi
        service1-5db65cb9fd-6xc56        1398m        19Mi
        service2-b9b68cb9d-fwxxr         1293m        15Mi
        service3-6d4d585d8d-b62pm        1176m        13Mi
        service4-779fb55d97-tcwdl        1053m        13Mi
        service5-7bb8fb957d-bs2d5        712m         11Mi
        ubuntu-client-76886f6bbd-r6mvv   49m          15Mi
        Running 1m test @ http://service0:80/endpoint1
        8 threads and 512 connections
        Thread Stats   Avg      Stdev     Max   +/- Stdev
        Latency   471.61ms  129.98ms   2.28s    88.86%
        Req/Sec   136.45     48.80   424.00     72.56%
        Latency Distribution
        50%  451.81ms
        75%  499.43ms
        90%  571.69ms
        99%  991.86ms
        40000 requests in 1.03m, 33.08MB read
        Requests/sec:    645.16
        Transfer/sec:    546.27KB
        ------------------------------
        stop time: 36.350194
        stop time: 36.546052
        stop time: 36.820727
        stop time: 37.098611
        stop time: 37.253109
        stop time: 37.329688
        stop time: 37.164668
        stop time: 36.921119
        [run.sh] Test finished with status 0
        > STDERR
        > No resources found in default namespace.
    [exp] Times: [36.350194, 36.546052, 36.820727, 37.098611, 37.253109, 37.329688, 37.164668, 36.921119]
    [exp] Throughput: 1082.9683436711236
[test.py] Finished running 7th optmization experiment: groundtruth->1205.1819116265563, slowdown->1082.9683436711236, predicted->1238.4698073910083, err->2.7620640040577387
[test.py] Running 8th optmization experiment
[test.py] Running 8th groundtruth exp
    [exp] Running (pre_run: False) workload synthetic/chain-d4-http-sync request with the following configuration: {'CLIENT_CPU_QUOTA': '2', 'SLOWPOKE_POKER_BATCH_THRESHOLD': '20000000', 'PROCESSING_TIME_SERVICE0': '0.00133923', 'PROCESSING_TIME_SERVICE1': '0.00095615', 'PROCESSING_TIME_SERVICE2': '0.000592', 'PROCESSING_TIME_SERVICE3': '0.00061736', 'PROCESSING_TIME_SERVICE4': '0.00044958', 'PROCESSING_TIME_SERVICE5': '0.00042696', 'SLOWPOKE_DELAY_MICROS_SERVICE0': '0.0', 'SLOWPOKE_POKER_BATCH_THRESHOLD_SERVICE0': '10', 'SLOWPOKE_DELAY_MICROS_SERVICE1': '0.0', 'SLOWPOKE_POKER_BATCH_THRESHOLD_SERVICE1': '10', 'SLOWPOKE_DELAY_MICROS_SERVICE2': '0.0', 'SLOWPOKE_POKER_BATCH_THRESHOLD_SERVICE2': '10', 'SLOWPOKE_DELAY_MICROS_SERVICE3': '0.0', 'SLOWPOKE_POKER_BATCH_THRESHOLD_SERVICE3': '10', 'SLOWPOKE_DELAY_MICROS_SERVICE4': '0.0', 'SLOWPOKE_POKER_BATCH_THRESHOLD_SERVICE4': '10', 'SLOWPOKE_DELAY_MICROS_SERVICE5': '0.0', 'SLOWPOKE_POKER_BATCH_THRESHOLD_SERVICE5': '10'}
    [exp] Executing cmd `bash run.sh synthetic chain-d4-http-sync 8 512 40000`:
        [run.sh] Running benchmark synthetic with request chain-d4-http-sync, thread 8, conn 512, duration 60
        [run.sh] Deleting all services
        configmap "config-service0" deleted
        deployment.apps "service0" deleted
        service "service0" deleted
        configmap "config-service1" deleted
        deployment.apps "service1" deleted
        service "service1" deleted
        configmap "config-service2" deleted
        deployment.apps "service2" deleted
        service "service2" deleted
        configmap "config-service3" deleted
        deployment.apps "service3" deleted
        service "service3" deleted
        configmap "config-service4" deleted
        deployment.apps "service4" deleted
        service "service4" deleted
        configmap "config-service5" deleted
        deployment.apps "service5" deleted
        service "service5" deleted
        deployment.apps "ubuntu-client" deleted
        [run.sh] Waiting for all pods to be deleted
        [run.sh] Deploying all services
        configmap/config-service0 created
        deployment.apps/service0 created
        service/service0 created
        configmap/config-service1 created
        deployment.apps/service1 created
        service/service1 created
        configmap/config-service2 created
        deployment.apps/service2 created
        service/service2 created
        configmap/config-service3 created
        deployment.apps/service3 created
        service/service3 created
        configmap/config-service4 created
        deployment.apps/service4 created
        service/service4 created
        configmap/config-service5 created
        deployment.apps/service5 created
        service/service5 created
        [run.sh] Client pod not found, deploying client
        deployment.apps/ubuntu-client created
        [run.sh] Waiting for all pods to be running
        [run.sh] All pods are running
        [run.sh] Checking heartbeat for all services
        [run.sh] All pods can connect to all services
        [run.sh] Running warmup test
        [run.sh] /wrk/wrk -t8 -c512 --timeout 3s -d3s -L http://service0:80/endpoint1
        Running 3s test @ http://service0:80/endpoint1
        8 threads and 512 connections
        Thread Stats   Avg      Stdev     Max   +/- Stdev
        Latency   451.53ms  110.53ms   1.23s    80.44%
        Req/Sec   147.70     62.41   383.00     72.56%
        Latency Distribution
        50%  424.33ms
        75%  488.78ms
        90%  606.78ms
        99%  834.84ms
        3188 requests in 3.03s, 2.64MB read
        Requests/sec:   1052.88
        Transfer/sec:      0.87MB
        [run.sh] Speed is 1052.88, duration is 56
        [run.sh] Fix the request number.
        [run.sh] Running the actual test
        [run.sh] /wrk/wrk --timeout 20s -t8 -c512 -d56s -L -s /wrk/fix_req_n.lua http://service0:80/endpoint1
        [run.sh] Checking the resource usage
        NAME                             CPU(cores)   MEMORY(bytes)
        service0-5f7bfff576-jt687        1943m        49Mi
        service1-96558989f-k9gs8         1597m        18Mi
        service2-b9b68cb9d-h8fjv         1291m        14Mi
        service3-ddcb6f57c-hp89d         1337m        13Mi
        service4-b87f5c5bd-lvbtx         1195m        14Mi
        service5-75886d8875-4dzg7        787m         10Mi
        ubuntu-client-76886f6bbd-mpxzd   52m          14Mi
        Running 1m test @ http://service0:80/endpoint1
        8 threads and 512 connections
        Thread Stats   Avg      Stdev     Max   +/- Stdev
        Latency   419.30ms  115.45ms   1.81s    89.07%
        Req/Sec   153.06     43.49   414.00     71.49%
        Latency Distribution
        50%  401.19ms
        75%  445.52ms
        90%  508.59ms
        99%  803.42ms
        40000 requests in 0.93m, 33.07MB read
        Requests/sec:    714.28
        Transfer/sec:    604.77KB
        ------------------------------
        stop time: 32.289992
        stop time: 32.610051
        stop time: 32.699224
        stop time: 32.929847
        stop time: 33.062218
        stop time: 33.082543
        stop time: 33.014631
        stop time: 32.932660
        [run.sh] Test finished with status 0
        > STDERR
        > No resources found in default namespace.
    [exp] Times: [32.289992, 32.610051, 32.699224, 32.929847, 33.062218, 33.082543, 33.014631, 32.93266]
    [exp] Throughput: 1218.485184853684
[test.py] Running 8th slowdown exp
    [exp] Running (pre_run: False) workload synthetic/chain-d4-http-sync request with the following configuration: {'CLIENT_CPU_QUOTA': '2', 'SLOWPOKE_POKER_BATCH_THRESHOLD': '20000000', 'PROCESSING_TIME_SERVICE0': '0.00133923', 'PROCESSING_TIME_SERVICE1': '0.00095615', 'PROCESSING_TIME_SERVICE2': '0.00074988', 'PROCESSING_TIME_SERVICE3': '0.00061736', 'PROCESSING_TIME_SERVICE4': '0.00044958', 'PROCESSING_TIME_SERVICE5': '0.00042696', 'SLOWPOKE_DELAY_MICROS_SERVICE0': '78.5', 'SLOWPOKE_POKER_BATCH_THRESHOLD_SERVICE0': '7849990', 'SLOWPOKE_DELAY_MICROS_SERVICE1': '78.5', 'SLOWPOKE_POKER_BATCH_THRESHOLD_SERVICE1': '7849990', 'SLOWPOKE_DELAY_MICROS_SERVICE2': '0.0', 'SLOWPOKE_POKER_BATCH_THRESHOLD_SERVICE2': '10', 'SLOWPOKE_DELAY_MICROS_SERVICE3': '78.5', 'SLOWPOKE_POKER_BATCH_THRESHOLD_SERVICE3': '7849990', 'SLOWPOKE_DELAY_MICROS_SERVICE4': '78.5', 'SLOWPOKE_POKER_BATCH_THRESHOLD_SERVICE4': '7849990', 'SLOWPOKE_DELAY_MICROS_SERVICE5': '78.5', 'SLOWPOKE_POKER_BATCH_THRESHOLD_SERVICE5': '7849990'}
    [exp] Executing cmd `bash run.sh synthetic chain-d4-http-sync 8 512 40000`:
        [run.sh] Running benchmark synthetic with request chain-d4-http-sync, thread 8, conn 512, duration 60
        [run.sh] Deleting all services
        configmap "config-service0" deleted
        deployment.apps "service0" deleted
        service "service0" deleted
        configmap "config-service1" deleted
        deployment.apps "service1" deleted
        service "service1" deleted
        configmap "config-service2" deleted
        deployment.apps "service2" deleted
        service "service2" deleted
        configmap "config-service3" deleted
        deployment.apps "service3" deleted
        service "service3" deleted
        configmap "config-service4" deleted
        deployment.apps "service4" deleted
        service "service4" deleted
        configmap "config-service5" deleted
        deployment.apps "service5" deleted
        service "service5" deleted
        deployment.apps "ubuntu-client" deleted
        [run.sh] Waiting for all pods to be deleted
        [run.sh] Deploying all services
        configmap/config-service0 created
        deployment.apps/service0 created
        service/service0 created
        configmap/config-service1 created
        deployment.apps/service1 created
        service/service1 created
        configmap/config-service2 created
        deployment.apps/service2 created
        service/service2 created
        configmap/config-service3 created
        deployment.apps/service3 created
        service/service3 created
        configmap/config-service4 created
        deployment.apps/service4 created
        service/service4 created
        configmap/config-service5 created
        deployment.apps/service5 created
        service/service5 created
        [run.sh] Client pod not found, deploying client
        deployment.apps/ubuntu-client created
        [run.sh] Waiting for all pods to be running
        [run.sh] All pods are running
        [run.sh] Checking heartbeat for all services
        [run.sh] All pods can connect to all services
        [run.sh] Running warmup test
        [run.sh] /wrk/wrk -t8 -c512 --timeout 3s -d3s -L http://service0:80/endpoint1
        Running 3s test @ http://service0:80/endpoint1
        8 threads and 512 connections
        Thread Stats   Avg      Stdev     Max   +/- Stdev
        Latency   472.35ms  224.36ms   1.30s    78.64%
        Req/Sec   126.13     60.45   310.00     65.95%
        Latency Distribution
        50%  426.74ms
        75%  497.64ms
        90%  837.49ms
        99%    1.20s
        2962 requests in 3.03s, 2.45MB read
        Requests/sec:    977.85
        Transfer/sec:    828.20KB
        [run.sh] Speed is 977.85, duration is 61
        [run.sh] Fix the request number.
        [run.sh] Running the actual test
        [run.sh] /wrk/wrk --timeout 20s -t8 -c512 -d61s -L -s /wrk/fix_req_n.lua http://service0:80/endpoint1
        [run.sh] Checking the resource usage
        NAME                             CPU(cores)   MEMORY(bytes)
        service0-f677789d5-djn8g         1814m        49Mi
        service1-755984f4d6-62t7g        1482m        20Mi
        service2-b9b68cb9d-7djpv         1362m        14Mi
        service3-c78c94cdd-s4flg         1235m        13Mi
        service4-5fb65f7d45-5jzkz        1116m        12Mi
        service5-79455f5978-mw7l7        694m         10Mi
        ubuntu-client-76886f6bbd-xnj9n   52m          14Mi
        Running 1m test @ http://service0:80/endpoint1
        8 threads and 512 connections
        Thread Stats   Avg      Stdev     Max   +/- Stdev
        Latency   671.01ms  867.01ms   5.91s    93.73%
        Req/Sec   140.95     48.11   340.00     67.50%
        Latency Distribution
        50%  438.35ms
        75%  500.15ms
        90%  718.98ms
        99%    5.33s
        40000 requests in 1.02m, 33.08MB read
        Requests/sec:    655.74
        Transfer/sec:    555.34KB
        ------------------------------
        stop time: 40.270389
        stop time: 40.481749
        stop time: 40.457306
        stop time: 40.510764
        stop time: 40.589474
        stop time: 40.594375
        stop time: 40.756290
        stop time: 40.536423
        [run.sh] Test finished with status 0
        > STDERR
        > No resources found in default namespace.
    [exp] Times: [40.270389, 40.481749, 40.457306, 40.510764, 40.589474, 40.594375, 40.75629, 40.536423]
    [exp] Throughput: 987.0548679433172
[test.py] Finished running 8th optmization experiment: groundtruth->1218.485184853684, slowdown->987.0548679433172, predicted->1070.4633503957386, err->-12.148020862126426
[test.py] Running 9th optmization experiment
[test.py] Running 9th groundtruth exp
    [exp] Running (pre_run: False) workload synthetic/chain-d4-http-sync request with the following configuration: {'CLIENT_CPU_QUOTA': '2', 'SLOWPOKE_POKER_BATCH_THRESHOLD': '20000000', 'PROCESSING_TIME_SERVICE0': '0.00133923', 'PROCESSING_TIME_SERVICE1': '0.00095615', 'PROCESSING_TIME_SERVICE2': '0.000666', 'PROCESSING_TIME_SERVICE3': '0.00061736', 'PROCESSING_TIME_SERVICE4': '0.00044958', 'PROCESSING_TIME_SERVICE5': '0.00042696', 'SLOWPOKE_DELAY_MICROS_SERVICE0': '0.0', 'SLOWPOKE_POKER_BATCH_THRESHOLD_SERVICE0': '10', 'SLOWPOKE_DELAY_MICROS_SERVICE1': '0.0', 'SLOWPOKE_POKER_BATCH_THRESHOLD_SERVICE1': '10', 'SLOWPOKE_DELAY_MICROS_SERVICE2': '0.0', 'SLOWPOKE_POKER_BATCH_THRESHOLD_SERVICE2': '10', 'SLOWPOKE_DELAY_MICROS_SERVICE3': '0.0', 'SLOWPOKE_POKER_BATCH_THRESHOLD_SERVICE3': '10', 'SLOWPOKE_DELAY_MICROS_SERVICE4': '0.0', 'SLOWPOKE_POKER_BATCH_THRESHOLD_SERVICE4': '10', 'SLOWPOKE_DELAY_MICROS_SERVICE5': '0.0', 'SLOWPOKE_POKER_BATCH_THRESHOLD_SERVICE5': '10'}
    [exp] Executing cmd `bash run.sh synthetic chain-d4-http-sync 8 512 40000`:
        [run.sh] Running benchmark synthetic with request chain-d4-http-sync, thread 8, conn 512, duration 60
        [run.sh] Deleting all services
        configmap "config-service0" deleted
        deployment.apps "service0" deleted
        service "service0" deleted
        configmap "config-service1" deleted
        deployment.apps "service1" deleted
        service "service1" deleted
        configmap "config-service2" deleted
        deployment.apps "service2" deleted
        service "service2" deleted
        configmap "config-service3" deleted
        deployment.apps "service3" deleted
        service "service3" deleted
        configmap "config-service4" deleted
        deployment.apps "service4" deleted
        service "service4" deleted
        configmap "config-service5" deleted
        deployment.apps "service5" deleted
        service "service5" deleted
        deployment.apps "ubuntu-client" deleted
        [run.sh] Waiting for all pods to be deleted
        [run.sh] Deploying all services
        configmap/config-service0 created
        deployment.apps/service0 created
        service/service0 created
        configmap/config-service1 created
        deployment.apps/service1 created
        service/service1 created
        configmap/config-service2 created
        deployment.apps/service2 created
        service/service2 created
        configmap/config-service3 created
        deployment.apps/service3 created
        service/service3 created
        configmap/config-service4 created
        deployment.apps/service4 created
        service/service4 created
        configmap/config-service5 created
        deployment.apps/service5 created
        service/service5 created
        [run.sh] Client pod not found, deploying client
        deployment.apps/ubuntu-client created
        [run.sh] Waiting for all pods to be running
        [run.sh] All pods are running
        [run.sh] Checking heartbeat for all services
        [run.sh] All pods can connect to all services
        [run.sh] Running warmup test
        [run.sh] /wrk/wrk -t8 -c512 --timeout 3s -d3s -L http://service0:80/endpoint1
        Running 3s test @ http://service0:80/endpoint1
        8 threads and 512 connections
        Thread Stats   Avg      Stdev     Max   +/- Stdev
        Latency   460.69ms  178.15ms   1.27s    81.90%
        Req/Sec   134.87     53.39   250.00     66.23%
        Latency Distribution
        50%  411.86ms
        75%  495.62ms
        90%  701.26ms
        99%    1.16s
        3138 requests in 3.03s, 2.59MB read
        Requests/sec:   1035.47
        Transfer/sec:      0.86MB
        [run.sh] Speed is 1035.47, duration is 57
        [run.sh] Fix the request number.
        [run.sh] Running the actual test
        [run.sh] /wrk/wrk --timeout 20s -t8 -c512 -d57s -L -s /wrk/fix_req_n.lua http://service0:80/endpoint1
        [run.sh] Checking the resource usage
        NAME                             CPU(cores)   MEMORY(bytes)
        service0-5f7bfff576-smck9        1943m        49Mi
        service1-96558989f-hjtgs         1593m        16Mi
        service2-b9b68cb9d-49tkc         1374m        14Mi
        service3-ddcb6f57c-fqggz         1326m        12Mi
        service4-b87f5c5bd-t29c5         1184m        9Mi
        service5-75886d8875-gwp56        794m         9Mi
        ubuntu-client-76886f6bbd-tfdf6   51m          15Mi
        Running 1m test @ http://service0:80/endpoint1
        8 threads and 512 connections
        Thread Stats   Avg      Stdev     Max   +/- Stdev
        Latency   419.42ms  117.44ms   2.32s    89.88%
        Req/Sec   153.02     43.63   373.00     70.58%
        Latency Distribution
        50%  400.91ms
        75%  444.61ms
        90%  503.57ms
        99%  837.99ms
        40000 requests in 0.95m, 33.08MB read
        Requests/sec:    701.75
        Transfer/sec:    594.19KB
        ------------------------------
        stop time: 32.400281
        stop time: 32.568386
        stop time: 32.607216
        stop time: 33.072355
        stop time: 32.940989
        stop time: 32.967410
        stop time: 32.951442
        stop time: 33.066781
        [run.sh] Test finished with status 0
        > STDERR
        > No resources found in default namespace.
    [exp] Times: [32.400281, 32.568386, 32.607216, 33.072355, 32.940989, 32.96741, 32.951442, 33.066781]
    [exp] Throughput: 1218.7000690012744
[test.py] Running 9th slowdown exp
    [exp] Running (pre_run: False) workload synthetic/chain-d4-http-sync request with the following configuration: {'CLIENT_CPU_QUOTA': '2', 'SLOWPOKE_POKER_BATCH_THRESHOLD': '20000000', 'PROCESSING_TIME_SERVICE0': '0.00133923', 'PROCESSING_TIME_SERVICE1': '0.00095615', 'PROCESSING_TIME_SERVICE2': '0.00074988', 'PROCESSING_TIME_SERVICE3': '0.00061736', 'PROCESSING_TIME_SERVICE4': '0.00044958', 'PROCESSING_TIME_SERVICE5': '0.00042696', 'SLOWPOKE_DELAY_MICROS_SERVICE0': '41.5', 'SLOWPOKE_POKER_BATCH_THRESHOLD_SERVICE0': '4149990', 'SLOWPOKE_DELAY_MICROS_SERVICE1': '41.5', 'SLOWPOKE_POKER_BATCH_THRESHOLD_SERVICE1': '4149990', 'SLOWPOKE_DELAY_MICROS_SERVICE2': '0.0', 'SLOWPOKE_POKER_BATCH_THRESHOLD_SERVICE2': '10', 'SLOWPOKE_DELAY_MICROS_SERVICE3': '41.5', 'SLOWPOKE_POKER_BATCH_THRESHOLD_SERVICE3': '4149990', 'SLOWPOKE_DELAY_MICROS_SERVICE4': '41.5', 'SLOWPOKE_POKER_BATCH_THRESHOLD_SERVICE4': '4149990', 'SLOWPOKE_DELAY_MICROS_SERVICE5': '41.5', 'SLOWPOKE_POKER_BATCH_THRESHOLD_SERVICE5': '4149990'}
    [exp] Executing cmd `bash run.sh synthetic chain-d4-http-sync 8 512 40000`:
        [run.sh] Running benchmark synthetic with request chain-d4-http-sync, thread 8, conn 512, duration 60
        [run.sh] Deleting all services
        configmap "config-service0" deleted
        deployment.apps "service0" deleted
        service "service0" deleted
        configmap "config-service1" deleted
        deployment.apps "service1" deleted
        service "service1" deleted
        configmap "config-service2" deleted
        deployment.apps "service2" deleted
        service "service2" deleted
        configmap "config-service3" deleted
        deployment.apps "service3" deleted
        service "service3" deleted
        configmap "config-service4" deleted
        deployment.apps "service4" deleted
        service "service4" deleted
        configmap "config-service5" deleted
        deployment.apps "service5" deleted
        service "service5" deleted
        deployment.apps "ubuntu-client" deleted
        [run.sh] Waiting for all pods to be deleted
        [run.sh] Deploying all services
        configmap/config-service0 created
        deployment.apps/service0 created
        service/service0 created
        configmap/config-service1 created
        deployment.apps/service1 created
        service/service1 created
        configmap/config-service2 created
        deployment.apps/service2 created
        service/service2 created
        configmap/config-service3 created
        deployment.apps/service3 created
        service/service3 created
        configmap/config-service4 created
        deployment.apps/service4 created
        service/service4 created
        configmap/config-service5 created
        deployment.apps/service5 created
        service/service5 created
        [run.sh] Client pod not found, deploying client
        deployment.apps/ubuntu-client created
        [run.sh] Waiting for all pods to be running
        [run.sh] All pods are running
        [run.sh] Checking heartbeat for all services
        [run.sh] service0-7cb7d7df77-94vq2 cannot connect to service5
        [run.sh] All pods can connect to all services
        [run.sh] Running warmup test
        [run.sh] /wrk/wrk -t8 -c512 --timeout 3s -d3s -L http://service0:80/endpoint1
        Running 3s test @ http://service0:80/endpoint1
        8 threads and 512 connections
        Thread Stats   Avg      Stdev     Max   +/- Stdev
        Latency   457.31ms  108.61ms 918.57ms   81.79%
        Req/Sec   146.56     51.84   290.00     67.31%
        Latency Distribution
        50%  423.38ms
        75%  483.25ms
        90%  612.73ms
        99%  810.81ms
        3125 requests in 3.03s, 2.58MB read
        Requests/sec:   1032.06
        Transfer/sec:      0.85MB
        [run.sh] Speed is 1032.06, duration is 58
        [run.sh] Fix the request number.
        [run.sh] Running the actual test
        [run.sh] /wrk/wrk --timeout 20s -t8 -c512 -d58s -L -s /wrk/fix_req_n.lua http://service0:80/endpoint1
        [run.sh] Checking the resource usage
        NAME                             CPU(cores)   MEMORY(bytes)
        service0-7cb7d7df77-94vq2        1893m        54Mi
        service1-5bbf674566-kd26d        1542m        19Mi
        service2-b9b68cb9d-fb5gh         1419m        14Mi
        service3-84dc85cd6d-r7nzf        1288m        13Mi
        service4-5585b7897c-vpgdj        1152m        11Mi
        service5-5c5f45dd8b-rthff        775m         9Mi
        ubuntu-client-76886f6bbd-7wl4m   54m          14Mi
        Running 1m test @ http://service0:80/endpoint1
        8 threads and 512 connections
        Thread Stats   Avg      Stdev     Max   +/- Stdev
        Latency   433.74ms  106.85ms   1.65s    86.36%
        Req/Sec   147.88     47.96   380.00     72.07%
        Latency Distribution
        50%  415.77ms
        75%  461.86ms
        90%  530.79ms
        99%  831.92ms
        40000 requests in 0.97m, 33.08MB read
        Requests/sec:    689.65
        Transfer/sec:    583.99KB
        ------------------------------
        stop time: 33.588126
        stop time: 33.900198
        stop time: 34.039160
        stop time: 33.926034
        stop time: 34.051790
        stop time: 34.436582
        stop time: 34.454951
        stop time: 34.314206
        [run.sh] Test finished with status 0
        > STDERR
        > No resources found in default namespace.
        > command terminated with exit code 1
    [exp] Times: [33.588126, 33.900198, 34.03916, 33.926034, 34.05179, 34.436582, 34.454951, 34.314206]
    [exp] Throughput: 1173.403144171127
[test.py] Finished running 9th optmization experiment: groundtruth->1218.7000690012744, slowdown->1173.403144171127, predicted->1234.1382049745973, err->1.2667707474550713
[test.py] Baseline throughput:  1211.370245162637
[test.py] Groundtruth:  [1224.7925821417095, 1216.5876556348273, 1227.2156532031536, 1216.6409317960904, 1215.7476307301215, 1216.7608132811026, 1218.5915733372135, 1205.1819116265563, 1218.485184853684, 1218.7000690012744]
[test.py] Slowdown:  [849.6188089631472, 878.7682492188951, 909.7464201542334, 935.3441240496871, 968.4778233998425, 1004.0427561943816, 1042.9908338412836, 1082.9683436711236, 987.0548679433172, 1173.403144171127]
[test.py] Predicted:  [1246.7919653110064, 1249.974292520898, 1252.7130584128474, 1241.9502557550104, 1241.2982423337141, 1240.643190215953, 1240.9392866459737, 1238.4698073910083, 1070.4633503957386, 1234.1382049745973]
[test.py] Error percentage:  [1.7961721429458728, 2.7442853567874765, 2.077662971715127, 2.080262409185643, 2.1016377871325265, 1.9627832088419555, 1.8338969181904887, 2.7620640040577387, -12.148020862126426, 1.2667707474550713]
[test.py] >>>>>>>>>>>>>>>>>>>>>>>>>>>>> Running experiment 2...
[test.py] Actual processing time range: [0, 74, 148, 222, 296, 370, 444, 518, 592, 666]
[test.py] Running baseline experiment
    [exp] Running (pre_run: False) workload synthetic/chain-d4-http-sync request with the following configuration: {'CLIENT_CPU_QUOTA': '2', 'SLOWPOKE_POKER_BATCH_THRESHOLD': '20000000', 'PROCESSING_TIME_SERVICE0': '0.00133923', 'PROCESSING_TIME_SERVICE1': '0.00095615', 'PROCESSING_TIME_SERVICE2': '0.00074988', 'PROCESSING_TIME_SERVICE3': '0.00061736', 'PROCESSING_TIME_SERVICE4': '0.00044958', 'PROCESSING_TIME_SERVICE5': '0.00042696', 'SLOWPOKE_DELAY_MICROS_SERVICE0': '0.0', 'SLOWPOKE_POKER_BATCH_THRESHOLD_SERVICE0': '10', 'SLOWPOKE_DELAY_MICROS_SERVICE1': '0.0', 'SLOWPOKE_POKER_BATCH_THRESHOLD_SERVICE1': '10', 'SLOWPOKE_DELAY_MICROS_SERVICE2': '0.0', 'SLOWPOKE_POKER_BATCH_THRESHOLD_SERVICE2': '10', 'SLOWPOKE_DELAY_MICROS_SERVICE3': '0.0', 'SLOWPOKE_POKER_BATCH_THRESHOLD_SERVICE3': '10', 'SLOWPOKE_DELAY_MICROS_SERVICE4': '0.0', 'SLOWPOKE_POKER_BATCH_THRESHOLD_SERVICE4': '10', 'SLOWPOKE_DELAY_MICROS_SERVICE5': '0.0', 'SLOWPOKE_POKER_BATCH_THRESHOLD_SERVICE5': '10'}
    [exp] Executing cmd `bash run.sh synthetic chain-d4-http-sync 8 512 40000`:
        [run.sh] Running benchmark synthetic with request chain-d4-http-sync, thread 8, conn 512, duration 60
        [run.sh] Deleting all services
        configmap "config-service0" deleted
        deployment.apps "service0" deleted
        service "service0" deleted
        configmap "config-service1" deleted
        deployment.apps "service1" deleted
        service "service1" deleted
        configmap "config-service2" deleted
        deployment.apps "service2" deleted
        service "service2" deleted
        configmap "config-service3" deleted
        deployment.apps "service3" deleted
        service "service3" deleted
        configmap "config-service4" deleted
        deployment.apps "service4" deleted
        service "service4" deleted
        configmap "config-service5" deleted
        deployment.apps "service5" deleted
        service "service5" deleted
        deployment.apps "ubuntu-client" deleted
        [run.sh] Waiting for all pods to be deleted
        [run.sh] Deploying all services
        configmap/config-service0 created
        deployment.apps/service0 created
        service/service0 created
        configmap/config-service1 created
        deployment.apps/service1 created
        service/service1 created
        configmap/config-service2 created
        deployment.apps/service2 created
        service/service2 created
        configmap/config-service3 created
        deployment.apps/service3 created
        service/service3 created
        configmap/config-service4 created
        deployment.apps/service4 created
        service/service4 created
        configmap/config-service5 created
        deployment.apps/service5 created
        service/service5 created
        [run.sh] Client pod not found, deploying client
        deployment.apps/ubuntu-client created
        [run.sh] Waiting for all pods to be running
        [run.sh] All pods are running
        [run.sh] Checking heartbeat for all services
        [run.sh] All pods can connect to all services
        [run.sh] Running warmup test
        [run.sh] /wrk/wrk -t8 -c512 --timeout 3s -d3s -L http://service0:80/endpoint1
        Running 3s test @ http://service0:80/endpoint1
        8 threads and 512 connections
        Thread Stats   Avg      Stdev     Max   +/- Stdev
        Latency   449.52ms  189.80ms   1.55s    82.94%
        Req/Sec   139.67     51.18   252.00     71.30%
        Latency Distribution
        50%  395.76ms
        75%  471.91ms
        90%  686.49ms
        99%    1.20s
        3234 requests in 3.04s, 2.68MB read
        Requests/sec:   1063.11
        Transfer/sec:      0.88MB
        [run.sh] Speed is 1063.11, duration is 56
        [run.sh] Fix the request number.
        [run.sh] Running the actual test
        [run.sh] /wrk/wrk --timeout 20s -t8 -c512 -d56s -L -s /wrk/fix_req_n.lua http://service0:80/endpoint1
        [run.sh] Checking the resource usage
        NAME                             CPU(cores)   MEMORY(bytes)
        service0-5f7bfff576-m449c        1947m        53Mi
        service1-96558989f-v6xgn         1594m        18Mi
        service2-b9b68cb9d-xg5tr         1445m        13Mi
        service3-ddcb6f57c-bqzkj         1336m        13Mi
        service4-b87f5c5bd-5ctx7         1185m        11Mi
        service5-75886d8875-926ms        791m         10Mi
        ubuntu-client-76886f6bbd-fsr6v   51m          13Mi
        Running 1m test @ http://service0:80/endpoint1
        8 threads and 512 connections
        Thread Stats   Avg      Stdev     Max   +/- Stdev
        Latency   419.62ms   75.78ms   1.32s    79.56%
        Req/Sec   152.47     44.39   313.00     69.88%
        Latency Distribution
        50%  405.85ms
        75%  448.60ms
        90%  505.25ms
        99%  683.16ms
        40000 requests in 0.93m, 33.07MB read
        Requests/sec:    714.28
        Transfer/sec:    604.79KB
        ------------------------------
        stop time: 32.761367
        stop time: 32.931507
        stop time: 32.959635
        stop time: 32.909571
        stop time: 33.002355
        stop time: 33.145075
        stop time: 33.137705
        stop time: 33.140101
        [run.sh] Test finished with status 0
        > STDERR
        > No resources found in default namespace.
    [exp] Times: [32.761367, 32.931507, 32.959635, 32.909571, 33.002355, 33.145075, 33.137705, 33.140101]
    [exp] Throughput: 1212.1794518339661
[test.py] Baseline throughput: 1212.1794518339661
[test.py] Running 0th optmization experiment
[test.py] Running 0th groundtruth exp
    [exp] Running (pre_run: False) workload synthetic/chain-d4-http-sync request with the following configuration: {'CLIENT_CPU_QUOTA': '2', 'SLOWPOKE_POKER_BATCH_THRESHOLD': '20000000', 'PROCESSING_TIME_SERVICE0': '0.00133923', 'PROCESSING_TIME_SERVICE1': '0.00095615', 'PROCESSING_TIME_SERVICE2': '0.0', 'PROCESSING_TIME_SERVICE3': '0.00061736', 'PROCESSING_TIME_SERVICE4': '0.00044958', 'PROCESSING_TIME_SERVICE5': '0.00042696', 'SLOWPOKE_DELAY_MICROS_SERVICE0': '0.0', 'SLOWPOKE_POKER_BATCH_THRESHOLD_SERVICE0': '10', 'SLOWPOKE_DELAY_MICROS_SERVICE1': '0.0', 'SLOWPOKE_POKER_BATCH_THRESHOLD_SERVICE1': '10', 'SLOWPOKE_DELAY_MICROS_SERVICE2': '0.0', 'SLOWPOKE_POKER_BATCH_THRESHOLD_SERVICE2': '10', 'SLOWPOKE_DELAY_MICROS_SERVICE3': '0.0', 'SLOWPOKE_POKER_BATCH_THRESHOLD_SERVICE3': '10', 'SLOWPOKE_DELAY_MICROS_SERVICE4': '0.0', 'SLOWPOKE_POKER_BATCH_THRESHOLD_SERVICE4': '10', 'SLOWPOKE_DELAY_MICROS_SERVICE5': '0.0', 'SLOWPOKE_POKER_BATCH_THRESHOLD_SERVICE5': '10'}
    [exp] Executing cmd `bash run.sh synthetic chain-d4-http-sync 8 512 40000`:
        [run.sh] Running benchmark synthetic with request chain-d4-http-sync, thread 8, conn 512, duration 60
        [run.sh] Deleting all services
        configmap "config-service0" deleted
        deployment.apps "service0" deleted
        service "service0" deleted
        configmap "config-service1" deleted
        deployment.apps "service1" deleted
        service "service1" deleted
        configmap "config-service2" deleted
        deployment.apps "service2" deleted
        service "service2" deleted
        configmap "config-service3" deleted
        deployment.apps "service3" deleted
        service "service3" deleted
        configmap "config-service4" deleted
        deployment.apps "service4" deleted
        service "service4" deleted
        configmap "config-service5" deleted
        deployment.apps "service5" deleted
        service "service5" deleted
        deployment.apps "ubuntu-client" deleted
        [run.sh] Waiting for all pods to be deleted
        [run.sh] Deploying all services
        configmap/config-service0 created
        deployment.apps/service0 created
        service/service0 created
        configmap/config-service1 created
        deployment.apps/service1 created
        service/service1 created
        configmap/config-service2 created
        deployment.apps/service2 created
        service/service2 created
        configmap/config-service3 created
        deployment.apps/service3 created
        service/service3 created
        configmap/config-service4 created
        deployment.apps/service4 created
        service/service4 created
        configmap/config-service5 created
        deployment.apps/service5 created
        service/service5 created
        [run.sh] Client pod not found, deploying client
        deployment.apps/ubuntu-client created
        [run.sh] Waiting for all pods to be running
        [run.sh] All pods are running
        [run.sh] Checking heartbeat for all services
        [run.sh] service0-5f7bfff576-g2sps cannot connect to service5
        [run.sh] All pods can connect to all services
        [run.sh] Running warmup test
        [run.sh] /wrk/wrk -t8 -c512 --timeout 3s -d3s -L http://service0:80/endpoint1
        Running 3s test @ http://service0:80/endpoint1
        8 threads and 512 connections
        Thread Stats   Avg      Stdev     Max   +/- Stdev
        Latency   470.10ms  144.04ms   1.14s    80.58%
        Req/Sec   143.12     51.11   280.00     70.19%
        Latency Distribution
        50%  416.68ms
        75%  495.62ms
        90%  698.13ms
        99%  906.92ms
        3013 requests in 3.03s, 2.49MB read
        Requests/sec:    994.20
        Transfer/sec:    841.76KB
        [run.sh] Speed is 994.20, duration is 60
        [run.sh] Fix the request number.
        [run.sh] Running the actual test
        [run.sh] /wrk/wrk --timeout 20s -t8 -c512 -d60s -L -s /wrk/fix_req_n.lua http://service0:80/endpoint1
        [run.sh] Checking the resource usage
        NAME                             CPU(cores)   MEMORY(bytes)
        service0-5f7bfff576-g2sps        1950m        50Mi
        service1-96558989f-x6vdq         1605m        18Mi
        service2-b9b68cb9d-qvzrc         727m         13Mi
        service3-ddcb6f57c-v2xmf         1346m        13Mi
        service4-b87f5c5bd-lpkbr         1184m        13Mi
        service5-75886d8875-x5677        791m         9Mi
        ubuntu-client-76886f6bbd-rp7lr   52m          14Mi
        Running 1m test @ http://service0:80/endpoint1
        8 threads and 512 connections
        Thread Stats   Avg      Stdev     Max   +/- Stdev
        Latency   418.61ms   89.71ms   1.27s    84.09%
        Req/Sec   152.78     44.45   330.00     70.84%
        Latency Distribution
        50%  402.40ms
        75%  447.04ms
        90%  508.89ms
        99%  771.09ms
        40000 requests in 1.00m, 33.07MB read
        Requests/sec:    666.67
        Transfer/sec:    564.45KB
        ------------------------------
        stop time: 32.646477
        stop time: 32.723934
        stop time: 32.741231
        stop time: 33.004541
        stop time: 33.099557
        stop time: 33.022847
        stop time: 33.110849
        stop time: 33.125051
        [run.sh] Test finished with status 0
        > STDERR
        > No resources found in default namespace.
        > command terminated with exit code 1
    [exp] Times: [32.646477, 32.723934, 32.741231, 33.004541, 33.099557, 33.022847, 33.110849, 33.125051]
    [exp] Throughput: 1214.5388483098175
[test.py] Running 0th slowdown exp
    [exp] Running (pre_run: False) workload synthetic/chain-d4-http-sync request with the following configuration: {'CLIENT_CPU_QUOTA': '2', 'SLOWPOKE_POKER_BATCH_THRESHOLD': '20000000', 'PROCESSING_TIME_SERVICE0': '0.00133923', 'PROCESSING_TIME_SERVICE1': '0.00095615', 'PROCESSING_TIME_SERVICE2': '0.00074988', 'PROCESSING_TIME_SERVICE3': '0.00061736', 'PROCESSING_TIME_SERVICE4': '0.00044958', 'PROCESSING_TIME_SERVICE5': '0.00042696', 'SLOWPOKE_DELAY_MICROS_SERVICE0': '374.5', 'SLOWPOKE_POKER_BATCH_THRESHOLD_SERVICE0': '37449990', 'SLOWPOKE_DELAY_MICROS_SERVICE1': '374.5', 'SLOWPOKE_POKER_BATCH_THRESHOLD_SERVICE1': '37449990', 'SLOWPOKE_DELAY_MICROS_SERVICE2': '0.0', 'SLOWPOKE_POKER_BATCH_THRESHOLD_SERVICE2': '10', 'SLOWPOKE_DELAY_MICROS_SERVICE3': '374.5', 'SLOWPOKE_POKER_BATCH_THRESHOLD_SERVICE3': '37449990', 'SLOWPOKE_DELAY_MICROS_SERVICE4': '374.5', 'SLOWPOKE_POKER_BATCH_THRESHOLD_SERVICE4': '37449990', 'SLOWPOKE_DELAY_MICROS_SERVICE5': '374.5', 'SLOWPOKE_POKER_BATCH_THRESHOLD_SERVICE5': '37449990'}
    [exp] Executing cmd `bash run.sh synthetic chain-d4-http-sync 8 512 40000`:
        [run.sh] Running benchmark synthetic with request chain-d4-http-sync, thread 8, conn 512, duration 60
        [run.sh] Deleting all services
        configmap "config-service0" deleted
        deployment.apps "service0" deleted
        service "service0" deleted
        configmap "config-service1" deleted
        deployment.apps "service1" deleted
        service "service1" deleted
        configmap "config-service2" deleted
        deployment.apps "service2" deleted
        service "service2" deleted
        configmap "config-service3" deleted
        deployment.apps "service3" deleted
        service "service3" deleted
        configmap "config-service4" deleted
        deployment.apps "service4" deleted
        service "service4" deleted
        configmap "config-service5" deleted
        deployment.apps "service5" deleted
        service "service5" deleted
        deployment.apps "ubuntu-client" deleted
        [run.sh] Waiting for all pods to be deleted
        [run.sh] Deploying all services
        configmap/config-service0 created
        deployment.apps/service0 created
        service/service0 created
        configmap/config-service1 created
        deployment.apps/service1 created
        service/service1 created
        configmap/config-service2 created
        deployment.apps/service2 created
        service/service2 created
        configmap/config-service3 created
        deployment.apps/service3 created
        service/service3 created
        configmap/config-service4 created
        deployment.apps/service4 created
        service/service4 created
        configmap/config-service5 created
        deployment.apps/service5 created
        service/service5 created
        [run.sh] Client pod not found, deploying client
        deployment.apps/ubuntu-client created
        [run.sh] Waiting for all pods to be running
        [run.sh] All pods are running
        [run.sh] Checking heartbeat for all services
        [run.sh] service0-68d6b8b949-gqfp8 cannot connect to service5
        [run.sh] All pods can connect to all services
        [run.sh] Running warmup test
        [run.sh] /wrk/wrk -t8 -c512 --timeout 3s -d3s -L http://service0:80/endpoint1
        Running 3s test @ http://service0:80/endpoint1
        8 threads and 512 connections
        Thread Stats   Avg      Stdev     Max   +/- Stdev
        Latency   625.71ms  197.17ms   1.75s    85.06%
        Req/Sec    99.53     43.04   230.00     68.66%
        Latency Distribution
        50%  593.99ms
        75%  655.97ms
        90%  798.05ms
        99%    1.49s
        2220 requests in 3.03s, 1.84MB read
        Requests/sec:    732.65
        Transfer/sec:    620.60KB
        [run.sh] Speed is 732.65, duration is 81
        [run.sh] Fix the request number.
        [run.sh] Running the actual test
        [run.sh] /wrk/wrk --timeout 20s -t8 -c512 -d81s -L -s /wrk/fix_req_n.lua http://service0:80/endpoint1
        [run.sh] Checking the resource usage
        NAME                             CPU(cores)   MEMORY(bytes)
        service0-68d6b8b949-gqfp8        1355m        51Mi
        service1-76548fbb7d-5pvpr        1091m        19Mi
        service2-b9b68cb9d-7vs48         1022m        16Mi
        service3-5545746476-4lfkm        905m         15Mi
        service4-b78dc855c-kkbq6         829m         12Mi
        service5-7dc686577d-k52mp        553m         10Mi
        ubuntu-client-76886f6bbd-mprhp   39m          14Mi
        Running 1m test @ http://service0:80/endpoint1
        8 threads and 512 connections
        Thread Stats   Avg      Stdev     Max   +/- Stdev
        Latency   602.30ms  100.77ms   1.70s    79.36%
        Req/Sec   106.72     43.91   430.00     66.77%
        Latency Distribution
        50%  591.00ms
        75%  634.40ms
        90%  712.09ms
        99%  929.70ms
        40000 requests in 1.35m, 33.08MB read
        Requests/sec:    493.83
        Transfer/sec:    418.19KB
        ------------------------------
        stop time: 46.567697
        stop time: 47.211234
        stop time: 47.018476
        stop time: 47.351945
        stop time: 47.524936
        stop time: 47.632019
        stop time: 47.526417
        stop time: 47.693944
        [run.sh] Test finished with status 0
        > STDERR
        > No resources found in default namespace.
        > command terminated with exit code 1
    [exp] Times: [46.567697, 47.211234, 47.018476, 47.351945, 47.524936, 47.632019, 47.526417, 47.693944]
    [exp] Throughput: 845.3829731225172
[test.py] Finished running 0th optmization experiment: groundtruth->1214.5388483098175, slowdown->845.3829731225172, predicted->1237.6914103303327, err->1.9062841878409171
[test.py] Running 1th optmization experiment
[test.py] Running 1th groundtruth exp
    [exp] Running (pre_run: False) workload synthetic/chain-d4-http-sync request with the following configuration: {'CLIENT_CPU_QUOTA': '2', 'SLOWPOKE_POKER_BATCH_THRESHOLD': '20000000', 'PROCESSING_TIME_SERVICE0': '0.00133923', 'PROCESSING_TIME_SERVICE1': '0.00095615', 'PROCESSING_TIME_SERVICE2': '7.4e-05', 'PROCESSING_TIME_SERVICE3': '0.00061736', 'PROCESSING_TIME_SERVICE4': '0.00044958', 'PROCESSING_TIME_SERVICE5': '0.00042696', 'SLOWPOKE_DELAY_MICROS_SERVICE0': '0.0', 'SLOWPOKE_POKER_BATCH_THRESHOLD_SERVICE0': '10', 'SLOWPOKE_DELAY_MICROS_SERVICE1': '0.0', 'SLOWPOKE_POKER_BATCH_THRESHOLD_SERVICE1': '10', 'SLOWPOKE_DELAY_MICROS_SERVICE2': '0.0', 'SLOWPOKE_POKER_BATCH_THRESHOLD_SERVICE2': '10', 'SLOWPOKE_DELAY_MICROS_SERVICE3': '0.0', 'SLOWPOKE_POKER_BATCH_THRESHOLD_SERVICE3': '10', 'SLOWPOKE_DELAY_MICROS_SERVICE4': '0.0', 'SLOWPOKE_POKER_BATCH_THRESHOLD_SERVICE4': '10', 'SLOWPOKE_DELAY_MICROS_SERVICE5': '0.0', 'SLOWPOKE_POKER_BATCH_THRESHOLD_SERVICE5': '10'}
    [exp] Executing cmd `bash run.sh synthetic chain-d4-http-sync 8 512 40000`:
        [run.sh] Running benchmark synthetic with request chain-d4-http-sync, thread 8, conn 512, duration 60
        [run.sh] Deleting all services
        configmap "config-service0" deleted
        deployment.apps "service0" deleted
        service "service0" deleted
        configmap "config-service1" deleted
        deployment.apps "service1" deleted
        service "service1" deleted
        configmap "config-service2" deleted
        deployment.apps "service2" deleted
        service "service2" deleted
        configmap "config-service3" deleted
        deployment.apps "service3" deleted
        service "service3" deleted
        configmap "config-service4" deleted
        deployment.apps "service4" deleted
        service "service4" deleted
        configmap "config-service5" deleted
        deployment.apps "service5" deleted
        service "service5" deleted
        deployment.apps "ubuntu-client" deleted
        [run.sh] Waiting for all pods to be deleted
        [run.sh] Deploying all services
        configmap/config-service0 created
        deployment.apps/service0 created
        service/service0 created
        configmap/config-service1 created
        deployment.apps/service1 created
        service/service1 created
        configmap/config-service2 created
        deployment.apps/service2 created
        service/service2 created
        configmap/config-service3 created
        deployment.apps/service3 created
        service/service3 created
        configmap/config-service4 created
        deployment.apps/service4 created
        service/service4 created
        configmap/config-service5 created
        deployment.apps/service5 created
        service/service5 created
        [run.sh] Client pod not found, deploying client
        deployment.apps/ubuntu-client created
        [run.sh] Waiting for all pods to be running
        [run.sh] All pods are running
        [run.sh] Checking heartbeat for all services
        [run.sh] All pods can connect to all services
        [run.sh] Running warmup test
        [run.sh] /wrk/wrk -t8 -c512 --timeout 3s -d3s -L http://service0:80/endpoint1
        Running 3s test @ http://service0:80/endpoint1
        8 threads and 512 connections
        Thread Stats   Avg      Stdev     Max   +/- Stdev
        Latency   469.85ms  214.85ms   1.59s    88.32%
        Req/Sec   139.17     49.63   292.00     73.76%
        Latency Distribution
        50%  403.12ms
        75%  481.89ms
        90%  709.89ms
        99%    1.41s
        3097 requests in 3.02s, 2.56MB read
        Requests/sec:   1024.82
        Transfer/sec:    867.69KB
        [run.sh] Speed is 1024.82, duration is 58
        [run.sh] Fix the request number.
        [run.sh] Running the actual test
        [run.sh] /wrk/wrk --timeout 20s -t8 -c512 -d58s -L -s /wrk/fix_req_n.lua http://service0:80/endpoint1
        [run.sh] Checking the resource usage
        NAME                             CPU(cores)   MEMORY(bytes)
        service0-5f7bfff576-r5l8f        1374m        49Mi
        service1-96558989f-5tvbp         1085m        17Mi
        service2-b9b68cb9d-z646g         559m         12Mi
        service3-ddcb6f57c-47s95         766m         12Mi
        service4-b87f5c5bd-thckb         526m         11Mi
        service5-75886d8875-qhl6j        25m          9Mi
        ubuntu-client-76886f6bbd-mbnbg   18m          13Mi
        Running 1m test @ http://service0:80/endpoint1
        8 threads and 512 connections
        Thread Stats   Avg      Stdev     Max   +/- Stdev
        Latency   417.95ms   92.06ms   1.45s    84.68%
        Req/Sec   152.93     43.96   313.00     71.02%
        Latency Distribution
        50%  401.28ms
        75%  446.40ms
        90%  510.14ms
        99%  749.26ms
        40000 requests in 0.97m, 33.07MB read
        Requests/sec:    689.65
        Transfer/sec:    583.92KB
        ------------------------------
        stop time: 32.469216
        stop time: 32.787556
        stop time: 32.622223
        stop time: 32.909603
        stop time: 32.989492
        stop time: 32.960861
        stop time: 33.033461
        stop time: 32.955480
        [run.sh] Test finished with status 0
        > STDERR
        > No resources found in default namespace.
    [exp] Times: [32.469216, 32.787556, 32.622223, 32.909603, 32.989492, 32.960861, 33.033461, 32.95548]
    [exp] Throughput: 1217.9902086680615
[test.py] Running 1th slowdown exp
    [exp] Running (pre_run: False) workload synthetic/chain-d4-http-sync request with the following configuration: {'CLIENT_CPU_QUOTA': '2', 'SLOWPOKE_POKER_BATCH_THRESHOLD': '20000000', 'PROCESSING_TIME_SERVICE0': '0.00133923', 'PROCESSING_TIME_SERVICE1': '0.00095615', 'PROCESSING_TIME_SERVICE2': '0.00074988', 'PROCESSING_TIME_SERVICE3': '0.00061736', 'PROCESSING_TIME_SERVICE4': '0.00044958', 'PROCESSING_TIME_SERVICE5': '0.00042696', 'SLOWPOKE_DELAY_MICROS_SERVICE0': '337.5', 'SLOWPOKE_POKER_BATCH_THRESHOLD_SERVICE0': '33749990', 'SLOWPOKE_DELAY_MICROS_SERVICE1': '337.5', 'SLOWPOKE_POKER_BATCH_THRESHOLD_SERVICE1': '33749990', 'SLOWPOKE_DELAY_MICROS_SERVICE2': '0.0', 'SLOWPOKE_POKER_BATCH_THRESHOLD_SERVICE2': '10', 'SLOWPOKE_DELAY_MICROS_SERVICE3': '337.5', 'SLOWPOKE_POKER_BATCH_THRESHOLD_SERVICE3': '33749990', 'SLOWPOKE_DELAY_MICROS_SERVICE4': '337.5', 'SLOWPOKE_POKER_BATCH_THRESHOLD_SERVICE4': '33749990', 'SLOWPOKE_DELAY_MICROS_SERVICE5': '337.5', 'SLOWPOKE_POKER_BATCH_THRESHOLD_SERVICE5': '33749990'}
    [exp] Executing cmd `bash run.sh synthetic chain-d4-http-sync 8 512 40000`:
        [run.sh] Running benchmark synthetic with request chain-d4-http-sync, thread 8, conn 512, duration 60
        [run.sh] Deleting all services
        configmap "config-service0" deleted
        deployment.apps "service0" deleted
        service "service0" deleted
        configmap "config-service1" deleted
        deployment.apps "service1" deleted
        service "service1" deleted
        configmap "config-service2" deleted
        deployment.apps "service2" deleted
        service "service2" deleted
        configmap "config-service3" deleted
        deployment.apps "service3" deleted
        service "service3" deleted
        configmap "config-service4" deleted
        deployment.apps "service4" deleted
        service "service4" deleted
        configmap "config-service5" deleted
        deployment.apps "service5" deleted
        service "service5" deleted
        deployment.apps "ubuntu-client" deleted
        [run.sh] Waiting for all pods to be deleted
        [run.sh] Deploying all services
        configmap/config-service0 created
        deployment.apps/service0 created
        service/service0 created
        configmap/config-service1 created
        deployment.apps/service1 created
        service/service1 created
        configmap/config-service2 created
        deployment.apps/service2 created
        service/service2 created
        configmap/config-service3 created
        deployment.apps/service3 created
        service/service3 created
        configmap/config-service4 created
        deployment.apps/service4 created
        service/service4 created
        configmap/config-service5 created
        deployment.apps/service5 created
        service/service5 created
        [run.sh] Client pod not found, deploying client
        deployment.apps/ubuntu-client created
        [run.sh] Waiting for all pods to be running
        [run.sh] All pods are running
        [run.sh] Checking heartbeat for all services
        [run.sh] All pods can connect to all services
        [run.sh] Running warmup test
        [run.sh] /wrk/wrk -t8 -c512 --timeout 3s -d3s -L http://service0:80/endpoint1
        Running 3s test @ http://service0:80/endpoint1
        8 threads and 512 connections
        Thread Stats   Avg      Stdev     Max   +/- Stdev
        Latency   614.84ms  153.65ms   1.49s    82.26%
        Req/Sec   102.79     51.25   260.00     68.04%
        Latency Distribution
        50%  592.58ms
        75%  652.74ms
        90%  755.31ms
        99%    1.16s
        2294 requests in 3.02s, 1.90MB read
        Requests/sec:    759.05
        Transfer/sec:    642.95KB
        [run.sh] Speed is 759.05, duration is 79
        [run.sh] Fix the request number.
        [run.sh] Running the actual test
        [run.sh] /wrk/wrk --timeout 20s -t8 -c512 -d79s -L -s /wrk/fix_req_n.lua http://service0:80/endpoint1
        [run.sh] Checking the resource usage
        NAME                             CPU(cores)   MEMORY(bytes)
        service0-65f88b999c-2ttjf        1245m        49Mi
        service1-5c8bc7f6d6-lm2jx        946m         19Mi
        service2-b9b68cb9d-xjvbt         881m         15Mi
        service3-5486576f84-f8wtl        681m         13Mi
        service4-7d955fdd69-5577p        512m         10Mi
        service5-75b575b44b-b8gc6        93m          9Mi
        ubuntu-client-76886f6bbd-vx4f2   20m          14Mi
        Running 1m test @ http://service0:80/endpoint1
        8 threads and 512 connections
        Thread Stats   Avg      Stdev     Max   +/- Stdev
        Latency   582.08ms  109.00ms   2.04s    83.16%
        Req/Sec   110.42     44.86   414.00     70.29%
        Latency Distribution
        50%  571.41ms
        75%  607.28ms
        90%  686.57ms
        99%  947.36ms
        40000 requests in 1.32m, 33.08MB read
        Requests/sec:    506.33
        Transfer/sec:    428.76KB
        ------------------------------
        stop time: 45.124517
        stop time: 45.303464
        stop time: 45.480930
        stop time: 45.884546
        stop time: 45.896974
        stop time: 45.944828
        stop time: 46.039805
        stop time: 46.136282
        [run.sh] Test finished with status 0
        > STDERR
        > No resources found in default namespace.
    [exp] Times: [45.124517, 45.303464, 45.48093, 45.884546, 45.896974, 45.944828, 46.039805, 46.136282]
    [exp] Throughput: 874.767837299393
[test.py] Finished running 1th optmization experiment: groundtruth->1217.9902086680615, slowdown->874.767837299393, predicted->1241.8959208477013, err->1.9627179274110869
[test.py] Running 2th optmization experiment
[test.py] Running 2th groundtruth exp
    [exp] Running (pre_run: False) workload synthetic/chain-d4-http-sync request with the following configuration: {'CLIENT_CPU_QUOTA': '2', 'SLOWPOKE_POKER_BATCH_THRESHOLD': '20000000', 'PROCESSING_TIME_SERVICE0': '0.00133923', 'PROCESSING_TIME_SERVICE1': '0.00095615', 'PROCESSING_TIME_SERVICE2': '0.000148', 'PROCESSING_TIME_SERVICE3': '0.00061736', 'PROCESSING_TIME_SERVICE4': '0.00044958', 'PROCESSING_TIME_SERVICE5': '0.00042696', 'SLOWPOKE_DELAY_MICROS_SERVICE0': '0.0', 'SLOWPOKE_POKER_BATCH_THRESHOLD_SERVICE0': '10', 'SLOWPOKE_DELAY_MICROS_SERVICE1': '0.0', 'SLOWPOKE_POKER_BATCH_THRESHOLD_SERVICE1': '10', 'SLOWPOKE_DELAY_MICROS_SERVICE2': '0.0', 'SLOWPOKE_POKER_BATCH_THRESHOLD_SERVICE2': '10', 'SLOWPOKE_DELAY_MICROS_SERVICE3': '0.0', 'SLOWPOKE_POKER_BATCH_THRESHOLD_SERVICE3': '10', 'SLOWPOKE_DELAY_MICROS_SERVICE4': '0.0', 'SLOWPOKE_POKER_BATCH_THRESHOLD_SERVICE4': '10', 'SLOWPOKE_DELAY_MICROS_SERVICE5': '0.0', 'SLOWPOKE_POKER_BATCH_THRESHOLD_SERVICE5': '10'}
    [exp] Executing cmd `bash run.sh synthetic chain-d4-http-sync 8 512 40000`:
        [run.sh] Running benchmark synthetic with request chain-d4-http-sync, thread 8, conn 512, duration 60
        [run.sh] Deleting all services
        configmap "config-service0" deleted
        deployment.apps "service0" deleted
        service "service0" deleted
        configmap "config-service1" deleted
        deployment.apps "service1" deleted
        service "service1" deleted
        configmap "config-service2" deleted
        deployment.apps "service2" deleted
        service "service2" deleted
        configmap "config-service3" deleted
        deployment.apps "service3" deleted
        service "service3" deleted
        configmap "config-service4" deleted
        deployment.apps "service4" deleted
        service "service4" deleted
        configmap "config-service5" deleted
        deployment.apps "service5" deleted
        service "service5" deleted
        deployment.apps "ubuntu-client" deleted
        [run.sh] Waiting for all pods to be deleted
        [run.sh] Deploying all services
        configmap/config-service0 created
        deployment.apps/service0 created
        service/service0 created
        configmap/config-service1 created
        deployment.apps/service1 created
        service/service1 created
        configmap/config-service2 created
        deployment.apps/service2 created
        service/service2 created
        configmap/config-service3 created
        deployment.apps/service3 created
        service/service3 created
        configmap/config-service4 created
        deployment.apps/service4 created
        service/service4 created
        configmap/config-service5 created
        deployment.apps/service5 created
        service/service5 created
        [run.sh] Client pod not found, deploying client
        deployment.apps/ubuntu-client created
        [run.sh] Waiting for all pods to be running
        [run.sh] All pods are running
        [run.sh] Checking heartbeat for all services
        [run.sh] service0-5f7bfff576-vn7t7 cannot connect to service4
        [run.sh] All pods can connect to all services
        [run.sh] Running warmup test
        [run.sh] /wrk/wrk -t8 -c512 --timeout 3s -d3s -L http://service0:80/endpoint1
        Running 3s test @ http://service0:80/endpoint1
        8 threads and 512 connections
        Thread Stats   Avg      Stdev     Max   +/- Stdev
        Latency   479.82ms  137.22ms   1.02s    81.04%
        Req/Sec   137.38     53.05   252.00     67.13%
        Latency Distribution
        50%  433.47ms
        75%  515.20ms
        90%  704.34ms
        99%  923.72ms
        2980 requests in 3.03s, 2.47MB read
        Requests/sec:    984.46
        Transfer/sec:    834.08KB
        [run.sh] Speed is 984.46, duration is 60
        [run.sh] Fix the request number.
        [run.sh] Running the actual test
        [run.sh] /wrk/wrk --timeout 20s -t8 -c512 -d60s -L -s /wrk/fix_req_n.lua http://service0:80/endpoint1
        [run.sh] Checking the resource usage
        NAME                             CPU(cores)   MEMORY(bytes)
        service0-5f7bfff576-vn7t7        379m         46Mi
        service1-96558989f-7z5wl         257m         17Mi
        service2-b9b68cb9d-k4xhb         140m         16Mi
        service3-ddcb6f57c-2j5th         42m          16Mi
        service4-b87f5c5bd-h7vrm         4m           14Mi
        ubuntu-client-76886f6bbd-qv9f7   7m           9Mi
        Running 1m test @ http://service0:80/endpoint1
        8 threads and 512 connections
        Thread Stats   Avg      Stdev     Max   +/- Stdev
        Latency   417.69ms   97.97ms   1.61s    86.53%
        Req/Sec   153.13     43.28   400.00     72.28%
        Latency Distribution
        50%  401.83ms
        75%  445.79ms
        90%  507.16ms
        99%  777.64ms
        40000 requests in 1.00m, 33.07MB read
        Requests/sec:    666.67
        Transfer/sec:    564.47KB
        ------------------------------
        stop time: 32.625751
        stop time: 32.395338
        stop time: 32.516036
        stop time: 32.948995
        stop time: 32.965472
        stop time: 32.946129
        stop time: 33.006575
        stop time: 32.953322
        [run.sh] Test finished with status 0
        > STDERR
        > No resources found in default namespace.
        > command terminated with exit code 1
    [exp] Times: [32.625751, 32.395338, 32.516036, 32.948995, 32.965472, 32.946129, 33.006575, 32.953322]
    [exp] Throughput: 1219.7091986099676
[test.py] Running 2th slowdown exp
    [exp] Running (pre_run: False) workload synthetic/chain-d4-http-sync request with the following configuration: {'CLIENT_CPU_QUOTA': '2', 'SLOWPOKE_POKER_BATCH_THRESHOLD': '20000000', 'PROCESSING_TIME_SERVICE0': '0.00133923', 'PROCESSING_TIME_SERVICE1': '0.00095615', 'PROCESSING_TIME_SERVICE2': '0.00074988', 'PROCESSING_TIME_SERVICE3': '0.00061736', 'PROCESSING_TIME_SERVICE4': '0.00044958', 'PROCESSING_TIME_SERVICE5': '0.00042696', 'SLOWPOKE_DELAY_MICROS_SERVICE0': '300.5', 'SLOWPOKE_POKER_BATCH_THRESHOLD_SERVICE0': '30049990', 'SLOWPOKE_DELAY_MICROS_SERVICE1': '300.5', 'SLOWPOKE_POKER_BATCH_THRESHOLD_SERVICE1': '30049990', 'SLOWPOKE_DELAY_MICROS_SERVICE2': '0.0', 'SLOWPOKE_POKER_BATCH_THRESHOLD_SERVICE2': '10', 'SLOWPOKE_DELAY_MICROS_SERVICE3': '300.5', 'SLOWPOKE_POKER_BATCH_THRESHOLD_SERVICE3': '30049990', 'SLOWPOKE_DELAY_MICROS_SERVICE4': '300.5', 'SLOWPOKE_POKER_BATCH_THRESHOLD_SERVICE4': '30049990', 'SLOWPOKE_DELAY_MICROS_SERVICE5': '300.5', 'SLOWPOKE_POKER_BATCH_THRESHOLD_SERVICE5': '30049990'}
    [exp] Executing cmd `bash run.sh synthetic chain-d4-http-sync 8 512 40000`:
        [run.sh] Running benchmark synthetic with request chain-d4-http-sync, thread 8, conn 512, duration 60
        [run.sh] Deleting all services
        configmap "config-service0" deleted
        deployment.apps "service0" deleted
        service "service0" deleted
        configmap "config-service1" deleted
        deployment.apps "service1" deleted
        service "service1" deleted
        configmap "config-service2" deleted
        deployment.apps "service2" deleted
        service "service2" deleted
        configmap "config-service3" deleted
        deployment.apps "service3" deleted
        service "service3" deleted
        configmap "config-service4" deleted
        deployment.apps "service4" deleted
        service "service4" deleted
        configmap "config-service5" deleted
        deployment.apps "service5" deleted
        service "service5" deleted
        deployment.apps "ubuntu-client" deleted
        [run.sh] Waiting for all pods to be deleted
        [run.sh] Deploying all services
        configmap/config-service0 created
        deployment.apps/service0 created
        service/service0 created
        configmap/config-service1 created
        deployment.apps/service1 created
        service/service1 created
        configmap/config-service2 created
        deployment.apps/service2 created
        service/service2 created
        configmap/config-service3 created
        deployment.apps/service3 created
        service/service3 created
        configmap/config-service4 created
        deployment.apps/service4 created
        service/service4 created
        configmap/config-service5 created
        deployment.apps/service5 created
        service/service5 created
        [run.sh] Client pod not found, deploying client
        deployment.apps/ubuntu-client created
        [run.sh] Waiting for all pods to be running
        [run.sh] All pods are running
        [run.sh] Checking heartbeat for all services
        [run.sh] All pods can connect to all services
        [run.sh] Running warmup test
        [run.sh] /wrk/wrk -t8 -c512 --timeout 3s -d3s -L http://service0:80/endpoint1
        Running 3s test @ http://service0:80/endpoint1
        8 threads and 512 connections
        Thread Stats   Avg      Stdev     Max   +/- Stdev
        Latency   597.47ms  234.25ms   2.40s    86.28%
        Req/Sec   105.20     52.46   300.00     65.62%
        Latency Distribution
        50%  543.46ms
        75%  627.37ms
        90%  807.52ms
        99%    1.78s
        2364 requests in 3.03s, 1.96MB read
        Requests/sec:    781.13
        Transfer/sec:    661.93KB
        [run.sh] Speed is 781.13, duration is 76
        [run.sh] Fix the request number.
        [run.sh] Running the actual test
        [run.sh] /wrk/wrk --timeout 20s -t8 -c512 -d76s -L -s /wrk/fix_req_n.lua http://service0:80/endpoint1
        [run.sh] Checking the resource usage
        NAME                        CPU(cores)   MEMORY(bytes)
        service3-77f5495464-sbdbt   4m           13Mi
        service4-b875db4f-km7fn     4m           11Mi
        Running 1m test @ http://service0:80/endpoint1
        8 threads and 512 connections
        Thread Stats   Avg      Stdev     Max   +/- Stdev
        Latency   561.84ms   88.32ms   1.57s    79.05%
        Req/Sec   113.98     42.07   323.00     67.39%
        Latency Distribution
        50%  551.22ms
        75%  586.43ms
        90%  658.82ms
        99%  882.01ms
        40000 requests in 1.27m, 33.08MB read
        Requests/sec:    526.31
        Transfer/sec:    445.68KB
        ------------------------------
        stop time: 43.984172
        stop time: 43.813107
        stop time: 44.164227
        stop time: 44.352179
        stop time: 44.063229
        stop time: 44.155705
        stop time: 44.252934
        stop time: 44.439790
        [run.sh] Test finished with status 0
        > STDERR
        > No resources found in default namespace.
    [exp] Times: [43.984172, 43.813107, 44.164227, 44.352179, 44.063229, 44.155705, 44.252934, 44.43979]
    [exp] Throughput: 905.9372616986884
[test.py] Finished running 2th optmization experiment: groundtruth->1219.7091986099676, slowdown->905.9372616986884, predicted->1245.501874844242, err->2.1146578433341894
[test.py] Running 3th optmization experiment
[test.py] Running 3th groundtruth exp
    [exp] Running (pre_run: False) workload synthetic/chain-d4-http-sync request with the following configuration: {'CLIENT_CPU_QUOTA': '2', 'SLOWPOKE_POKER_BATCH_THRESHOLD': '20000000', 'PROCESSING_TIME_SERVICE0': '0.00133923', 'PROCESSING_TIME_SERVICE1': '0.00095615', 'PROCESSING_TIME_SERVICE2': '0.000222', 'PROCESSING_TIME_SERVICE3': '0.00061736', 'PROCESSING_TIME_SERVICE4': '0.00044958', 'PROCESSING_TIME_SERVICE5': '0.00042696', 'SLOWPOKE_DELAY_MICROS_SERVICE0': '0.0', 'SLOWPOKE_POKER_BATCH_THRESHOLD_SERVICE0': '10', 'SLOWPOKE_DELAY_MICROS_SERVICE1': '0.0', 'SLOWPOKE_POKER_BATCH_THRESHOLD_SERVICE1': '10', 'SLOWPOKE_DELAY_MICROS_SERVICE2': '0.0', 'SLOWPOKE_POKER_BATCH_THRESHOLD_SERVICE2': '10', 'SLOWPOKE_DELAY_MICROS_SERVICE3': '0.0', 'SLOWPOKE_POKER_BATCH_THRESHOLD_SERVICE3': '10', 'SLOWPOKE_DELAY_MICROS_SERVICE4': '0.0', 'SLOWPOKE_POKER_BATCH_THRESHOLD_SERVICE4': '10', 'SLOWPOKE_DELAY_MICROS_SERVICE5': '0.0', 'SLOWPOKE_POKER_BATCH_THRESHOLD_SERVICE5': '10'}
    [exp] Executing cmd `bash run.sh synthetic chain-d4-http-sync 8 512 40000`:
        [run.sh] Running benchmark synthetic with request chain-d4-http-sync, thread 8, conn 512, duration 60
        [run.sh] Deleting all services
        configmap "config-service0" deleted
        deployment.apps "service0" deleted
        service "service0" deleted
        configmap "config-service1" deleted
        deployment.apps "service1" deleted
        service "service1" deleted
        configmap "config-service2" deleted
        deployment.apps "service2" deleted
        service "service2" deleted
        configmap "config-service3" deleted
        deployment.apps "service3" deleted
        service "service3" deleted
        configmap "config-service4" deleted
        deployment.apps "service4" deleted
        service "service4" deleted
        configmap "config-service5" deleted
        deployment.apps "service5" deleted
        service "service5" deleted
        deployment.apps "ubuntu-client" deleted
        [run.sh] Waiting for all pods to be deleted
        [run.sh] Deploying all services
        configmap/config-service0 created
        deployment.apps/service0 created
        service/service0 created
        configmap/config-service1 created
        deployment.apps/service1 created
        service/service1 created
        configmap/config-service2 created
        deployment.apps/service2 created
        service/service2 created
        configmap/config-service3 created
        deployment.apps/service3 created
        service/service3 created
        configmap/config-service4 created
        deployment.apps/service4 created
        service/service4 created
        configmap/config-service5 created
        deployment.apps/service5 created
        service/service5 created
        [run.sh] Client pod not found, deploying client
        deployment.apps/ubuntu-client created
        [run.sh] Waiting for all pods to be running
        [run.sh] All pods are running
        [run.sh] Checking heartbeat for all services
        [run.sh] All pods can connect to all services
        [run.sh] Running warmup test
        [run.sh] /wrk/wrk -t8 -c512 --timeout 3s -d3s -L http://service0:80/endpoint1
        Running 3s test @ http://service0:80/endpoint1
        8 threads and 512 connections
        Thread Stats   Avg      Stdev     Max   +/- Stdev
        Latency   442.86ms  167.07ms   1.16s    83.19%
        Req/Sec   143.35     52.92   272.00     67.27%
        Latency Distribution
        50%  394.55ms
        75%  454.24ms
        90%  655.82ms
        99%    1.02s
        3231 requests in 3.02s, 2.68MB read
        Requests/sec:   1069.12
        Transfer/sec:      0.89MB
        [run.sh] Speed is 1069.12, duration is 56
        [run.sh] Fix the request number.
        [run.sh] Running the actual test
        [run.sh] /wrk/wrk --timeout 20s -t8 -c512 -d56s -L -s /wrk/fix_req_n.lua http://service0:80/endpoint1
        [run.sh] Checking the resource usage
        NAME                             CPU(cores)   MEMORY(bytes)
        service0-5f7bfff576-rzrl5        1946m        50Mi
        service1-96558989f-kjgpd         1585m        19Mi
        service2-b9b68cb9d-lh8df         963m         14Mi
        service3-ddcb6f57c-ph24n         1330m        14Mi
        service4-b87f5c5bd-zp4mg         1190m        13Mi
        service5-75886d8875-ns72z        791m         9Mi
        ubuntu-client-76886f6bbd-vdgg2   52m          13Mi
        Running 1m test @ http://service0:80/endpoint1
        8 threads and 512 connections
        Thread Stats   Avg      Stdev     Max   +/- Stdev
        Latency   420.21ms   85.08ms   1.26s    82.74%
        Req/Sec   152.25     42.99   313.00     71.17%
        Latency Distribution
        50%  405.71ms
        75%  449.14ms
        90%  508.50ms
        99%  738.93ms
        40000 requests in 0.93m, 33.07MB read
        Requests/sec:    714.28
        Transfer/sec:    604.77KB
        ------------------------------
        stop time: 32.710627
        stop time: 32.723994
        stop time: 32.952280
        stop time: 33.035231
        stop time: 33.123721
        stop time: 33.174263
        stop time: 33.110738
        stop time: 33.294007
        [run.sh] Test finished with status 0
        > STDERR
        > No resources found in default namespace.
    [exp] Times: [32.710627, 32.723994, 32.95228, 33.035231, 33.123721, 33.174263, 33.110738, 33.294007]
    [exp] Throughput: 1211.5482003036434
[test.py] Running 3th slowdown exp
    [exp] Running (pre_run: False) workload synthetic/chain-d4-http-sync request with the following configuration: {'CLIENT_CPU_QUOTA': '2', 'SLOWPOKE_POKER_BATCH_THRESHOLD': '20000000', 'PROCESSING_TIME_SERVICE0': '0.00133923', 'PROCESSING_TIME_SERVICE1': '0.00095615', 'PROCESSING_TIME_SERVICE2': '0.00074988', 'PROCESSING_TIME_SERVICE3': '0.00061736', 'PROCESSING_TIME_SERVICE4': '0.00044958', 'PROCESSING_TIME_SERVICE5': '0.00042696', 'SLOWPOKE_DELAY_MICROS_SERVICE0': '263.5', 'SLOWPOKE_POKER_BATCH_THRESHOLD_SERVICE0': '26349990', 'SLOWPOKE_DELAY_MICROS_SERVICE1': '263.5', 'SLOWPOKE_POKER_BATCH_THRESHOLD_SERVICE1': '26349990', 'SLOWPOKE_DELAY_MICROS_SERVICE2': '0.0', 'SLOWPOKE_POKER_BATCH_THRESHOLD_SERVICE2': '10', 'SLOWPOKE_DELAY_MICROS_SERVICE3': '263.5', 'SLOWPOKE_POKER_BATCH_THRESHOLD_SERVICE3': '26349990', 'SLOWPOKE_DELAY_MICROS_SERVICE4': '263.5', 'SLOWPOKE_POKER_BATCH_THRESHOLD_SERVICE4': '26349990', 'SLOWPOKE_DELAY_MICROS_SERVICE5': '263.5', 'SLOWPOKE_POKER_BATCH_THRESHOLD_SERVICE5': '26349990'}
    [exp] Executing cmd `bash run.sh synthetic chain-d4-http-sync 8 512 40000`:
        [run.sh] Running benchmark synthetic with request chain-d4-http-sync, thread 8, conn 512, duration 60
        [run.sh] Deleting all services
        configmap "config-service0" deleted
        deployment.apps "service0" deleted
        service "service0" deleted
        configmap "config-service1" deleted
        deployment.apps "service1" deleted
        service "service1" deleted
        configmap "config-service2" deleted
        deployment.apps "service2" deleted
        service "service2" deleted
        configmap "config-service3" deleted
        deployment.apps "service3" deleted
        service "service3" deleted
        configmap "config-service4" deleted
        deployment.apps "service4" deleted
        service "service4" deleted
        configmap "config-service5" deleted
        deployment.apps "service5" deleted
        service "service5" deleted
        deployment.apps "ubuntu-client" deleted
        [run.sh] Waiting for all pods to be deleted
        [run.sh] Deploying all services
        configmap/config-service0 created
        deployment.apps/service0 created
        service/service0 created
        configmap/config-service1 created
        deployment.apps/service1 created
        service/service1 created
        configmap/config-service2 created
        deployment.apps/service2 created
        service/service2 created
        configmap/config-service3 created
        deployment.apps/service3 created
        service/service3 created
        configmap/config-service4 created
        deployment.apps/service4 created
        service/service4 created
        configmap/config-service5 created
        deployment.apps/service5 created
        service/service5 created
        [run.sh] Client pod not found, deploying client
        deployment.apps/ubuntu-client created
        [run.sh] Waiting for all pods to be running
        [run.sh] All pods are running
        [run.sh] Checking heartbeat for all services
        [run.sh] All pods can connect to all services
        [run.sh] Running warmup test
        [run.sh] /wrk/wrk -t8 -c512 --timeout 3s -d3s -L http://service0:80/endpoint1
        Running 3s test @ http://service0:80/endpoint1
        8 threads and 512 connections
        Thread Stats   Avg      Stdev     Max   +/- Stdev
        Latency   586.35ms  125.29ms   1.05s    80.37%
        Req/Sec   115.10     52.17   272.00     70.87%
        Latency Distribution
        50%  547.42ms
        75%  619.72ms
        90%  754.82ms
        99%  990.61ms
        2389 requests in 3.04s, 1.98MB read
        Requests/sec:    786.31
        Transfer/sec:    665.76KB
        [run.sh] Speed is 786.31, duration is 76
        [run.sh] Fix the request number.
        [run.sh] Running the actual test
        [run.sh] /wrk/wrk --timeout 20s -t8 -c512 -d76s -L -s /wrk/fix_req_n.lua http://service0:80/endpoint1
        [run.sh] Checking the resource usage
        NAME                             CPU(cores)   MEMORY(bytes)
        service0-5d5b977d57-vnrr8        1508m        49Mi
        service1-6fc74556f4-9r79j        1205m        18Mi
        service2-b9b68cb9d-twgqp         1128m        13Mi
        service3-6f77758c4d-kmhlg        1011m        13Mi
        service4-5d5c9b65d9-9qsf8        917m         11Mi
        service5-576fdcf4db-mdt44        612m         9Mi
        ubuntu-client-76886f6bbd-nsjhg   43m          14Mi
        Running 1m test @ http://service0:80/endpoint1
        8 threads and 512 connections
        Thread Stats   Avg      Stdev     Max   +/- Stdev
        Latency   544.51ms  111.83ms   2.34s    86.08%
        Req/Sec   118.05     44.71   410.00     70.72%
        Latency Distribution
        50%  532.74ms
        75%  573.80ms
        90%  645.36ms
        99%  884.58ms
        40000 requests in 1.27m, 33.08MB read
        Requests/sec:    526.31
        Transfer/sec:    445.66KB
        ------------------------------
        stop time: 42.011234
        stop time: 42.139676
        stop time: 42.581780
        stop time: 43.033306
        stop time: 43.116765
        stop time: 43.043697
        stop time: 43.026715
        stop time: 42.998958
        [run.sh] Test finished with status 0
        > STDERR
        > No resources found in default namespace.
    [exp] Times: [42.011234, 42.139676, 42.58178, 43.033306, 43.116765, 43.043697, 43.026715, 42.998958]
    [exp] Throughput: 935.8034970105215
[test.py] Finished running 3th optmization experiment: groundtruth->1211.5482003036434, slowdown->935.8034970105215, predicted->1242.7602853938408, err->2.5762148862401784
[test.py] Running 4th optmization experiment
[test.py] Running 4th groundtruth exp
    [exp] Running (pre_run: False) workload synthetic/chain-d4-http-sync request with the following configuration: {'CLIENT_CPU_QUOTA': '2', 'SLOWPOKE_POKER_BATCH_THRESHOLD': '20000000', 'PROCESSING_TIME_SERVICE0': '0.00133923', 'PROCESSING_TIME_SERVICE1': '0.00095615', 'PROCESSING_TIME_SERVICE2': '0.000296', 'PROCESSING_TIME_SERVICE3': '0.00061736', 'PROCESSING_TIME_SERVICE4': '0.00044958', 'PROCESSING_TIME_SERVICE5': '0.00042696', 'SLOWPOKE_DELAY_MICROS_SERVICE0': '0.0', 'SLOWPOKE_POKER_BATCH_THRESHOLD_SERVICE0': '10', 'SLOWPOKE_DELAY_MICROS_SERVICE1': '0.0', 'SLOWPOKE_POKER_BATCH_THRESHOLD_SERVICE1': '10', 'SLOWPOKE_DELAY_MICROS_SERVICE2': '0.0', 'SLOWPOKE_POKER_BATCH_THRESHOLD_SERVICE2': '10', 'SLOWPOKE_DELAY_MICROS_SERVICE3': '0.0', 'SLOWPOKE_POKER_BATCH_THRESHOLD_SERVICE3': '10', 'SLOWPOKE_DELAY_MICROS_SERVICE4': '0.0', 'SLOWPOKE_POKER_BATCH_THRESHOLD_SERVICE4': '10', 'SLOWPOKE_DELAY_MICROS_SERVICE5': '0.0', 'SLOWPOKE_POKER_BATCH_THRESHOLD_SERVICE5': '10'}
    [exp] Executing cmd `bash run.sh synthetic chain-d4-http-sync 8 512 40000`:
        [run.sh] Running benchmark synthetic with request chain-d4-http-sync, thread 8, conn 512, duration 60
        [run.sh] Deleting all services
        configmap "config-service0" deleted
        deployment.apps "service0" deleted
        service "service0" deleted
        configmap "config-service1" deleted
        deployment.apps "service1" deleted
        service "service1" deleted
        configmap "config-service2" deleted
        deployment.apps "service2" deleted
        service "service2" deleted
        configmap "config-service3" deleted
        deployment.apps "service3" deleted
        service "service3" deleted
        configmap "config-service4" deleted
        deployment.apps "service4" deleted
        service "service4" deleted
        configmap "config-service5" deleted
        deployment.apps "service5" deleted
        service "service5" deleted
        deployment.apps "ubuntu-client" deleted
        [run.sh] Waiting for all pods to be deleted
        [run.sh] Deploying all services
        configmap/config-service0 created
        deployment.apps/service0 created
        service/service0 created
        configmap/config-service1 created
        deployment.apps/service1 created
        service/service1 created
        configmap/config-service2 created
        deployment.apps/service2 created
        service/service2 created
        configmap/config-service3 created
        deployment.apps/service3 created
        service/service3 created
        configmap/config-service4 created
        deployment.apps/service4 created
        service/service4 created
        configmap/config-service5 created
        deployment.apps/service5 created
        service/service5 created
        [run.sh] Client pod not found, deploying client
        deployment.apps/ubuntu-client created
        [run.sh] Waiting for all pods to be running
        [run.sh] All pods are running
        [run.sh] Checking heartbeat for all services
        [run.sh] service0-5f7bfff576-ntt2r cannot connect to service4
        [run.sh] All pods can connect to all services
        [run.sh] Running warmup test
        [run.sh] /wrk/wrk -t8 -c512 --timeout 3s -d3s -L http://service0:80/endpoint1
        Running 3s test @ http://service0:80/endpoint1
        8 threads and 512 connections
        Thread Stats   Avg      Stdev     Max   +/- Stdev
        Latency   461.03ms  122.67ms 892.84ms   77.72%
        Req/Sec   147.31     56.41   310.00     70.73%
        Latency Distribution
        50%  419.66ms
        75%  505.27ms
        90%  650.66ms
        99%  842.00ms
        3057 requests in 3.04s, 2.53MB read
        Requests/sec:   1005.89
        Transfer/sec:    851.94KB
        [run.sh] Speed is 1005.89, duration is 59
        [run.sh] Fix the request number.
        [run.sh] Running the actual test
        [run.sh] /wrk/wrk --timeout 20s -t8 -c512 -d59s -L -s /wrk/fix_req_n.lua http://service0:80/endpoint1
        [run.sh] Checking the resource usage
        NAME                             CPU(cores)   MEMORY(bytes)
        service0-5f7bfff576-ntt2r        1839m        51Mi
        service1-96558989f-xw8lq         1455m        18Mi
        service2-b9b68cb9d-dlwxh         943m         12Mi
        service3-ddcb6f57c-rvjcm         1060m        12Mi
        service4-b87f5c5bd-lx54h         780m         11Mi
        service5-75886d8875-hm2ps        781m         9Mi
        ubuntu-client-76886f6bbd-xxkdz   51m          14Mi
        Running 1m test @ http://service0:80/endpoint1
        8 threads and 512 connections
        Thread Stats   Avg      Stdev     Max   +/- Stdev
        Latency   422.30ms  112.30ms   1.70s    89.52%
        Req/Sec   151.95     45.15   460.00     69.88%
        Latency Distribution
        50%  406.29ms
        75%  450.97ms
        90%  508.73ms
        99%  800.29ms
        40000 requests in 0.98m, 33.07MB read
        Requests/sec:    677.96
        Transfer/sec:    574.03KB
        ------------------------------
        stop time: 32.674196
        stop time: 32.949582
        stop time: 33.078631
        stop time: 32.976614
        stop time: 33.147650
        stop time: 33.243938
        stop time: 33.370633
        stop time: 33.382499
        [run.sh] Test finished with status 0
        > STDERR
        > No resources found in default namespace.
        > command terminated with exit code 1
    [exp] Times: [32.674196, 32.949582, 33.078631, 32.976614, 33.14765, 33.243938, 33.370633, 33.382499]
    [exp] Throughput: 1208.3508690533085
[test.py] Running 4th slowdown exp
    [exp] Running (pre_run: False) workload synthetic/chain-d4-http-sync request with the following configuration: {'CLIENT_CPU_QUOTA': '2', 'SLOWPOKE_POKER_BATCH_THRESHOLD': '20000000', 'PROCESSING_TIME_SERVICE0': '0.00133923', 'PROCESSING_TIME_SERVICE1': '0.00095615', 'PROCESSING_TIME_SERVICE2': '0.00074988', 'PROCESSING_TIME_SERVICE3': '0.00061736', 'PROCESSING_TIME_SERVICE4': '0.00044958', 'PROCESSING_TIME_SERVICE5': '0.00042696', 'SLOWPOKE_DELAY_MICROS_SERVICE0': '226.5', 'SLOWPOKE_POKER_BATCH_THRESHOLD_SERVICE0': '22649990', 'SLOWPOKE_DELAY_MICROS_SERVICE1': '226.5', 'SLOWPOKE_POKER_BATCH_THRESHOLD_SERVICE1': '22649990', 'SLOWPOKE_DELAY_MICROS_SERVICE2': '0.0', 'SLOWPOKE_POKER_BATCH_THRESHOLD_SERVICE2': '10', 'SLOWPOKE_DELAY_MICROS_SERVICE3': '226.5', 'SLOWPOKE_POKER_BATCH_THRESHOLD_SERVICE3': '22649990', 'SLOWPOKE_DELAY_MICROS_SERVICE4': '226.5', 'SLOWPOKE_POKER_BATCH_THRESHOLD_SERVICE4': '22649990', 'SLOWPOKE_DELAY_MICROS_SERVICE5': '226.5', 'SLOWPOKE_POKER_BATCH_THRESHOLD_SERVICE5': '22649990'}
    [exp] Executing cmd `bash run.sh synthetic chain-d4-http-sync 8 512 40000`:
        [run.sh] Running benchmark synthetic with request chain-d4-http-sync, thread 8, conn 512, duration 60
        [run.sh] Deleting all services
        configmap "config-service0" deleted
        deployment.apps "service0" deleted
        service "service0" deleted
        configmap "config-service1" deleted
        deployment.apps "service1" deleted
        service "service1" deleted
        configmap "config-service2" deleted
        deployment.apps "service2" deleted
        service "service2" deleted
        configmap "config-service3" deleted
        deployment.apps "service3" deleted
        service "service3" deleted
        configmap "config-service4" deleted
        deployment.apps "service4" deleted
        service "service4" deleted
        configmap "config-service5" deleted
        deployment.apps "service5" deleted
        service "service5" deleted
        deployment.apps "ubuntu-client" deleted
        [run.sh] Waiting for all pods to be deleted
        [run.sh] Deploying all services
        configmap/config-service0 created
        deployment.apps/service0 created
        service/service0 created
        configmap/config-service1 created
        deployment.apps/service1 created
        service/service1 created
        configmap/config-service2 created
        deployment.apps/service2 created
        service/service2 created
        configmap/config-service3 created
        deployment.apps/service3 created
        service/service3 created
        configmap/config-service4 created
        deployment.apps/service4 created
        service/service4 created
        configmap/config-service5 created
        deployment.apps/service5 created
        service/service5 created
        [run.sh] Client pod not found, deploying client
        deployment.apps/ubuntu-client created
        [run.sh] Waiting for all pods to be running
        [run.sh] All pods are running
        [run.sh] Checking heartbeat for all services
        [run.sh] service0-86f749877-7tmxg cannot connect to service5
        [run.sh] All pods can connect to all services
        [run.sh] Running warmup test
        [run.sh] /wrk/wrk -t8 -c512 --timeout 3s -d3s -L http://service0:80/endpoint1
        Running 3s test @ http://service0:80/endpoint1
        8 threads and 512 connections
        Thread Stats   Avg      Stdev     Max   +/- Stdev
        Latency   575.52ms  142.76ms   1.10s    75.98%
        Req/Sec   117.35     39.48   202.00     74.00%
        Latency Distribution
        50%  527.96ms
        75%  631.91ms
        90%  823.44ms
        99%  988.52ms
        2423 requests in 3.03s, 2.00MB read
        Requests/sec:    800.06
        Transfer/sec:    677.67KB
        [run.sh] Speed is 800.06, duration is 74
        [run.sh] Fix the request number.
        [run.sh] Running the actual test
        [run.sh] /wrk/wrk --timeout 20s -t8 -c512 -d74s -L -s /wrk/fix_req_n.lua http://service0:80/endpoint1
        [run.sh] Checking the resource usage
        NAME                             CPU(cores)   MEMORY(bytes)
        service0-86f749877-7tmxg         1338m        49Mi
        service1-79bd87f7c8-8fqbb        1034m        19Mi
        service2-b9b68cb9d-m58cw         962m         14Mi
        service3-6d86b665b4-4tjcz        720m         13Mi
        service4-5b86d48bf-4kd4v         519m         11Mi
        service5-797c8d47b6-4g79m        640m         10Mi
        ubuntu-client-76886f6bbd-sgsqb   45m          13Mi
        Running 1m test @ http://service0:80/endpoint1
        8 threads and 512 connections
        Thread Stats   Avg      Stdev     Max   +/- Stdev
        Latency   522.22ms   97.95ms   1.51s    81.96%
        Req/Sec   122.69     45.04   340.00     71.32%
        Latency Distribution
        50%  508.74ms
        75%  547.85ms
        90%  620.60ms
        99%  908.29ms
        40000 requests in 1.23m, 33.08MB read
        Requests/sec:    540.54
        Transfer/sec:    457.70KB
        ------------------------------
        stop time: 40.500936
        stop time: 40.779456
        stop time: 40.795298
        stop time: 41.161649
        stop time: 41.304904
        stop time: 41.200315
        stop time: 41.278517
        stop time: 41.099744
        [run.sh] Test finished with status 0
        > STDERR
        > No resources found in default namespace.
        > command terminated with exit code 1
    [exp] Times: [40.500936, 40.779456, 40.795298, 41.161649, 41.304904, 41.200315, 41.278517, 41.099744]
    [exp] Throughput: 975.2505219731271
[test.py] Finished running 4th optmization experiment: groundtruth->1208.3508690533085, slowdown->975.2505219731271, predicted->1252.4460908161418, err->3.6492067736401754
[test.py] Running 5th optmization experiment
[test.py] Running 5th groundtruth exp
    [exp] Running (pre_run: False) workload synthetic/chain-d4-http-sync request with the following configuration: {'CLIENT_CPU_QUOTA': '2', 'SLOWPOKE_POKER_BATCH_THRESHOLD': '20000000', 'PROCESSING_TIME_SERVICE0': '0.00133923', 'PROCESSING_TIME_SERVICE1': '0.00095615', 'PROCESSING_TIME_SERVICE2': '0.00037', 'PROCESSING_TIME_SERVICE3': '0.00061736', 'PROCESSING_TIME_SERVICE4': '0.00044958', 'PROCESSING_TIME_SERVICE5': '0.00042696', 'SLOWPOKE_DELAY_MICROS_SERVICE0': '0.0', 'SLOWPOKE_POKER_BATCH_THRESHOLD_SERVICE0': '10', 'SLOWPOKE_DELAY_MICROS_SERVICE1': '0.0', 'SLOWPOKE_POKER_BATCH_THRESHOLD_SERVICE1': '10', 'SLOWPOKE_DELAY_MICROS_SERVICE2': '0.0', 'SLOWPOKE_POKER_BATCH_THRESHOLD_SERVICE2': '10', 'SLOWPOKE_DELAY_MICROS_SERVICE3': '0.0', 'SLOWPOKE_POKER_BATCH_THRESHOLD_SERVICE3': '10', 'SLOWPOKE_DELAY_MICROS_SERVICE4': '0.0', 'SLOWPOKE_POKER_BATCH_THRESHOLD_SERVICE4': '10', 'SLOWPOKE_DELAY_MICROS_SERVICE5': '0.0', 'SLOWPOKE_POKER_BATCH_THRESHOLD_SERVICE5': '10'}
    [exp] Executing cmd `bash run.sh synthetic chain-d4-http-sync 8 512 40000`:
        [run.sh] Running benchmark synthetic with request chain-d4-http-sync, thread 8, conn 512, duration 60
        [run.sh] Deleting all services
        configmap "config-service0" deleted
        deployment.apps "service0" deleted
        service "service0" deleted
        configmap "config-service1" deleted
        deployment.apps "service1" deleted
        service "service1" deleted
        configmap "config-service2" deleted
        deployment.apps "service2" deleted
        service "service2" deleted
        configmap "config-service3" deleted
        deployment.apps "service3" deleted
        service "service3" deleted
        configmap "config-service4" deleted
        deployment.apps "service4" deleted
        service "service4" deleted
        configmap "config-service5" deleted
        deployment.apps "service5" deleted
        service "service5" deleted
        deployment.apps "ubuntu-client" deleted
        [run.sh] Waiting for all pods to be deleted
        [run.sh] Deploying all services
        configmap/config-service0 created
        deployment.apps/service0 created
        service/service0 created
        configmap/config-service1 created
        deployment.apps/service1 created
        service/service1 created
        configmap/config-service2 created
        deployment.apps/service2 created
        service/service2 created
        configmap/config-service3 created
        deployment.apps/service3 created
        service/service3 created
        configmap/config-service4 created
        deployment.apps/service4 created
        service/service4 created
        configmap/config-service5 created
        deployment.apps/service5 created
        service/service5 created
        [run.sh] Client pod not found, deploying client
        deployment.apps/ubuntu-client created
        [run.sh] Waiting for all pods to be running
        [run.sh] All pods are running
        [run.sh] Checking heartbeat for all services
        [run.sh] All pods can connect to all services
        [run.sh] Running warmup test
        [run.sh] /wrk/wrk -t8 -c512 --timeout 3s -d3s -L http://service0:80/endpoint1
        Running 3s test @ http://service0:80/endpoint1
        8 threads and 512 connections
        Thread Stats   Avg      Stdev     Max   +/- Stdev
        Latency   448.20ms  125.20ms   1.32s    86.95%
        Req/Sec   144.92     53.93   313.00     68.06%
        Latency Distribution
        50%  412.52ms
        75%  470.89ms
        90%  578.85ms
        99%  924.43ms
        3184 requests in 3.04s, 2.63MB read
        Requests/sec:   1047.67
        Transfer/sec:      0.87MB
        [run.sh] Speed is 1047.67, duration is 57
        [run.sh] Fix the request number.
        [run.sh] Running the actual test
        [run.sh] /wrk/wrk --timeout 20s -t8 -c512 -d57s -L -s /wrk/fix_req_n.lua http://service0:80/endpoint1
        [run.sh] Checking the resource usage
        NAME                             CPU(cores)   MEMORY(bytes)
        service0-5f7bfff576-nc9rq        614m         45Mi
        service1-96558989f-cdczv         485m         18Mi
        service2-b9b68cb9d-pgbjl         335m         13Mi
        service3-ddcb6f57c-ckdcq         413m         13Mi
        service4-b87f5c5bd-qqxb6         364m         11Mi
        service5-75886d8875-mx6r7        238m         9Mi
        ubuntu-client-76886f6bbd-jrk76   20m          0Mi
        Running 1m test @ http://service0:80/endpoint1
        8 threads and 512 connections
        Thread Stats   Avg      Stdev     Max   +/- Stdev
        Latency   421.38ms  181.95ms   2.77s    90.46%
        Req/Sec   154.23     45.88   400.00     73.27%
        Latency Distribution
        50%  397.51ms
        75%  442.88ms
        90%  516.67ms
        99%    1.32s
        40000 requests in 0.95m, 33.07MB read
        Requests/sec:    701.75
        Transfer/sec:    594.16KB
        ------------------------------
        stop time: 32.232992
        stop time: 32.229226
        stop time: 32.660794
        stop time: 32.459248
        stop time: 32.886281
        stop time: 32.880488
        stop time: 32.936890
        stop time: 32.848698
        [run.sh] Test finished with status 0
        > STDERR
        > No resources found in default namespace.
    [exp] Times: [32.232992, 32.229226, 32.660794, 32.459248, 32.886281, 32.880488, 32.93689, 32.848698]
    [exp] Throughput: 1225.4215993125106
[test.py] Running 5th slowdown exp
    [exp] Running (pre_run: False) workload synthetic/chain-d4-http-sync request with the following configuration: {'CLIENT_CPU_QUOTA': '2', 'SLOWPOKE_POKER_BATCH_THRESHOLD': '20000000', 'PROCESSING_TIME_SERVICE0': '0.00133923', 'PROCESSING_TIME_SERVICE1': '0.00095615', 'PROCESSING_TIME_SERVICE2': '0.00074988', 'PROCESSING_TIME_SERVICE3': '0.00061736', 'PROCESSING_TIME_SERVICE4': '0.00044958', 'PROCESSING_TIME_SERVICE5': '0.00042696', 'SLOWPOKE_DELAY_MICROS_SERVICE0': '189.5', 'SLOWPOKE_POKER_BATCH_THRESHOLD_SERVICE0': '18949990', 'SLOWPOKE_DELAY_MICROS_SERVICE1': '189.5', 'SLOWPOKE_POKER_BATCH_THRESHOLD_SERVICE1': '18949990', 'SLOWPOKE_DELAY_MICROS_SERVICE2': '0.0', 'SLOWPOKE_POKER_BATCH_THRESHOLD_SERVICE2': '10', 'SLOWPOKE_DELAY_MICROS_SERVICE3': '189.5', 'SLOWPOKE_POKER_BATCH_THRESHOLD_SERVICE3': '18949990', 'SLOWPOKE_DELAY_MICROS_SERVICE4': '189.5', 'SLOWPOKE_POKER_BATCH_THRESHOLD_SERVICE4': '18949990', 'SLOWPOKE_DELAY_MICROS_SERVICE5': '189.5', 'SLOWPOKE_POKER_BATCH_THRESHOLD_SERVICE5': '18949990'}
    [exp] Executing cmd `bash run.sh synthetic chain-d4-http-sync 8 512 40000`:
        [run.sh] Running benchmark synthetic with request chain-d4-http-sync, thread 8, conn 512, duration 60
        [run.sh] Deleting all services
        configmap "config-service0" deleted
        deployment.apps "service0" deleted
        service "service0" deleted
        configmap "config-service1" deleted
        deployment.apps "service1" deleted
        service "service1" deleted
        configmap "config-service2" deleted
        deployment.apps "service2" deleted
        service "service2" deleted
        configmap "config-service3" deleted
        deployment.apps "service3" deleted
        service "service3" deleted
        configmap "config-service4" deleted
        deployment.apps "service4" deleted
        service "service4" deleted
        configmap "config-service5" deleted
        deployment.apps "service5" deleted
        service "service5" deleted
        deployment.apps "ubuntu-client" deleted
        [run.sh] Waiting for all pods to be deleted
        [run.sh] Deploying all services
        configmap/config-service0 created
        deployment.apps/service0 created
        service/service0 created
        configmap/config-service1 created
        deployment.apps/service1 created
        service/service1 created
        configmap/config-service2 created
        deployment.apps/service2 created
        service/service2 created
        configmap/config-service3 created
        deployment.apps/service3 created
        service/service3 created
        configmap/config-service4 created
        deployment.apps/service4 created
        service/service4 created
        configmap/config-service5 created
        deployment.apps/service5 created
        service/service5 created
        [run.sh] Client pod not found, deploying client
        deployment.apps/ubuntu-client created
        [run.sh] Waiting for all pods to be running
        [run.sh] All pods are running
        [run.sh] Checking heartbeat for all services
        [run.sh] service0-7f6c48497-4qjgq cannot connect to service5
        [run.sh] All pods can connect to all services
        [run.sh] Running warmup test
        [run.sh] /wrk/wrk -t8 -c512 --timeout 3s -d3s -L http://service0:80/endpoint1
        Running 3s test @ http://service0:80/endpoint1
        8 threads and 512 connections
        Thread Stats   Avg      Stdev     Max   +/- Stdev
        Latency   534.42ms  142.91ms   1.12s    78.68%
        Req/Sec   124.98     53.73   270.00     68.27%
        Latency Distribution
        50%  494.08ms
        75%  559.58ms
        90%  760.26ms
        99%    1.02s
        2622 requests in 3.03s, 2.17MB read
        Requests/sec:    865.64
        Transfer/sec:    733.47KB
        [run.sh] Speed is 865.64, duration is 69
        [run.sh] Fix the request number.
        [run.sh] Running the actual test
        [run.sh] /wrk/wrk --timeout 20s -t8 -c512 -d69s -L -s /wrk/fix_req_n.lua http://service0:80/endpoint1
        [run.sh] Checking the resource usage
        NAME                             CPU(cores)   MEMORY(bytes)
        service0-7f6c48497-4qjgq         521m         44Mi
        service1-79fbff6654-6qxtg        412m         18Mi
        service2-b9b68cb9d-rc4tp         378m         14Mi
        service3-6d95859976-4j5rb        336m         12Mi
        service4-85876d997-nvvsb         305m         11Mi
        service5-67bfc9c6db-p4ccc        196m         8Mi
        ubuntu-client-76886f6bbd-2jqsv   18m          0Mi
        Running 1m test @ http://service0:80/endpoint1
        8 threads and 512 connections
        Thread Stats   Avg      Stdev     Max   +/- Stdev
        Latency   503.95ms   92.88ms   1.78s    81.11%
        Req/Sec   127.01     46.15   300.00     68.76%
        Latency Distribution
        50%  491.58ms
        75%  532.72ms
        90%  599.09ms
        99%  858.77ms
        40000 requests in 1.15m, 33.08MB read
        Requests/sec:    579.71
        Transfer/sec:    490.91KB
        ------------------------------
        stop time: 39.313467
        stop time: 39.238052
        stop time: 39.547945
        stop time: 39.720379
        stop time: 39.772009
        stop time: 39.805363
        stop time: 39.749918
        stop time: 39.745984
        [run.sh] Test finished with status 0
        > STDERR
        > No resources found in default namespace.
        > command terminated with exit code 1
    [exp] Times: [39.313467, 39.238052, 39.547945, 39.720379, 39.772009, 39.805363, 39.749918, 39.745984]
    [exp] Throughput: 1009.8041984294659
[test.py] Finished running 5th optmization experiment: groundtruth->1225.4215993125106, slowdown->1009.8041984294659, predicted->1249.4518176570164, err->1.9609755824434043
[test.py] Running 6th optmization experiment
[test.py] Running 6th groundtruth exp
    [exp] Running (pre_run: False) workload synthetic/chain-d4-http-sync request with the following configuration: {'CLIENT_CPU_QUOTA': '2', 'SLOWPOKE_POKER_BATCH_THRESHOLD': '20000000', 'PROCESSING_TIME_SERVICE0': '0.00133923', 'PROCESSING_TIME_SERVICE1': '0.00095615', 'PROCESSING_TIME_SERVICE2': '0.000444', 'PROCESSING_TIME_SERVICE3': '0.00061736', 'PROCESSING_TIME_SERVICE4': '0.00044958', 'PROCESSING_TIME_SERVICE5': '0.00042696', 'SLOWPOKE_DELAY_MICROS_SERVICE0': '0.0', 'SLOWPOKE_POKER_BATCH_THRESHOLD_SERVICE0': '10', 'SLOWPOKE_DELAY_MICROS_SERVICE1': '0.0', 'SLOWPOKE_POKER_BATCH_THRESHOLD_SERVICE1': '10', 'SLOWPOKE_DELAY_MICROS_SERVICE2': '0.0', 'SLOWPOKE_POKER_BATCH_THRESHOLD_SERVICE2': '10', 'SLOWPOKE_DELAY_MICROS_SERVICE3': '0.0', 'SLOWPOKE_POKER_BATCH_THRESHOLD_SERVICE3': '10', 'SLOWPOKE_DELAY_MICROS_SERVICE4': '0.0', 'SLOWPOKE_POKER_BATCH_THRESHOLD_SERVICE4': '10', 'SLOWPOKE_DELAY_MICROS_SERVICE5': '0.0', 'SLOWPOKE_POKER_BATCH_THRESHOLD_SERVICE5': '10'}
    [exp] Executing cmd `bash run.sh synthetic chain-d4-http-sync 8 512 40000`:
        [run.sh] Running benchmark synthetic with request chain-d4-http-sync, thread 8, conn 512, duration 60
        [run.sh] Deleting all services
        configmap "config-service0" deleted
        deployment.apps "service0" deleted
        service "service0" deleted
        configmap "config-service1" deleted
        deployment.apps "service1" deleted
        service "service1" deleted
        configmap "config-service2" deleted
        deployment.apps "service2" deleted
        service "service2" deleted
        configmap "config-service3" deleted
        deployment.apps "service3" deleted
        service "service3" deleted
        configmap "config-service4" deleted
        deployment.apps "service4" deleted
        service "service4" deleted
        configmap "config-service5" deleted
        deployment.apps "service5" deleted
        service "service5" deleted
        deployment.apps "ubuntu-client" deleted
        [run.sh] Waiting for all pods to be deleted
        [run.sh] Deploying all services
        configmap/config-service0 created
        deployment.apps/service0 created
        service/service0 created
        configmap/config-service1 created
        deployment.apps/service1 created
        service/service1 created
        configmap/config-service2 created
        deployment.apps/service2 created
        service/service2 created
        configmap/config-service3 created
        deployment.apps/service3 created
        service/service3 created
        configmap/config-service4 created
        deployment.apps/service4 created
        service/service4 created
        configmap/config-service5 created
        deployment.apps/service5 created
        service/service5 created
        [run.sh] Client pod not found, deploying client
        deployment.apps/ubuntu-client created
        [run.sh] Waiting for all pods to be running
        [run.sh] All pods are running
        [run.sh] Checking heartbeat for all services
        [run.sh] service0-5f7bfff576-6bvjc cannot connect to service5
        [run.sh] All pods can connect to all services
        [run.sh] Running warmup test
        [run.sh] /wrk/wrk -t8 -c512 --timeout 3s -d3s -L http://service0:80/endpoint1
        Running 3s test @ http://service0:80/endpoint1
        8 threads and 512 connections
        Thread Stats   Avg      Stdev     Max   +/- Stdev
        Latency   466.16ms  211.46ms   1.63s    86.48%
        Req/Sec   135.26     56.09   270.00     69.83%
        Latency Distribution
        50%  406.41ms
        75%  509.53ms
        90%  646.85ms
        99%    1.43s
        3166 requests in 3.03s, 2.62MB read
        Requests/sec:   1043.54
        Transfer/sec:      0.86MB
        [run.sh] Speed is 1043.54, duration is 57
        [run.sh] Fix the request number.
        [run.sh] Running the actual test
        [run.sh] /wrk/wrk --timeout 20s -t8 -c512 -d57s -L -s /wrk/fix_req_n.lua http://service0:80/endpoint1
        [run.sh] Checking the resource usage
        NAME                             CPU(cores)   MEMORY(bytes)
        service0-5f7bfff576-6bvjc        6m           35Mi
        service1-96558989f-2nvcc         4m           13Mi
        service2-b9b68cb9d-pgf6l         4m           12Mi
        service3-ddcb6f57c-kr4dz         4m           11Mi
        service5-75886d8875-dm6kz        4m           8Mi
        ubuntu-client-76886f6bbd-rcjmz   6m           8Mi
        Running 1m test @ http://service0:80/endpoint1
        8 threads and 512 connections
        Thread Stats   Avg      Stdev     Max   +/- Stdev
        Latency   418.44ms  120.80ms   2.39s    88.72%
        Req/Sec   153.58     44.37   414.00     71.36%
        Latency Distribution
        50%  397.64ms
        75%  444.46ms
        90%  516.17ms
        99%  845.25ms
        40000 requests in 0.95m, 33.07MB read
        Requests/sec:    701.75
        Transfer/sec:    594.17KB
        ------------------------------
        stop time: 32.181802
        stop time: 32.332894
        stop time: 32.553643
        stop time: 32.855911
        stop time: 32.844049
        stop time: 33.124073
        stop time: 33.116023
        stop time: 33.063398
        [run.sh] Test finished with status 0
        > STDERR
        > No resources found in default namespace.
        > command terminated with exit code 1
    [exp] Times: [32.181802, 32.332894, 32.553643, 32.855911, 32.844049, 33.124073, 33.116023, 33.063398]
    [exp] Throughput: 1221.0394576878405
[test.py] Running 6th slowdown exp
    [exp] Running (pre_run: False) workload synthetic/chain-d4-http-sync request with the following configuration: {'CLIENT_CPU_QUOTA': '2', 'SLOWPOKE_POKER_BATCH_THRESHOLD': '20000000', 'PROCESSING_TIME_SERVICE0': '0.00133923', 'PROCESSING_TIME_SERVICE1': '0.00095615', 'PROCESSING_TIME_SERVICE2': '0.00074988', 'PROCESSING_TIME_SERVICE3': '0.00061736', 'PROCESSING_TIME_SERVICE4': '0.00044958', 'PROCESSING_TIME_SERVICE5': '0.00042696', 'SLOWPOKE_DELAY_MICROS_SERVICE0': '152.5', 'SLOWPOKE_POKER_BATCH_THRESHOLD_SERVICE0': '15249990', 'SLOWPOKE_DELAY_MICROS_SERVICE1': '152.5', 'SLOWPOKE_POKER_BATCH_THRESHOLD_SERVICE1': '15249990', 'SLOWPOKE_DELAY_MICROS_SERVICE2': '0.0', 'SLOWPOKE_POKER_BATCH_THRESHOLD_SERVICE2': '10', 'SLOWPOKE_DELAY_MICROS_SERVICE3': '152.5', 'SLOWPOKE_POKER_BATCH_THRESHOLD_SERVICE3': '15249990', 'SLOWPOKE_DELAY_MICROS_SERVICE4': '152.5', 'SLOWPOKE_POKER_BATCH_THRESHOLD_SERVICE4': '15249990', 'SLOWPOKE_DELAY_MICROS_SERVICE5': '152.5', 'SLOWPOKE_POKER_BATCH_THRESHOLD_SERVICE5': '15249990'}
    [exp] Executing cmd `bash run.sh synthetic chain-d4-http-sync 8 512 40000`:
        [run.sh] Running benchmark synthetic with request chain-d4-http-sync, thread 8, conn 512, duration 60
        [run.sh] Deleting all services
        configmap "config-service0" deleted
        deployment.apps "service0" deleted
        service "service0" deleted
        configmap "config-service1" deleted
        deployment.apps "service1" deleted
        service "service1" deleted
        configmap "config-service2" deleted
        deployment.apps "service2" deleted
        service "service2" deleted
        configmap "config-service3" deleted
        deployment.apps "service3" deleted
        service "service3" deleted
        configmap "config-service4" deleted
        deployment.apps "service4" deleted
        service "service4" deleted
        configmap "config-service5" deleted
        deployment.apps "service5" deleted
        service "service5" deleted
        deployment.apps "ubuntu-client" deleted
        [run.sh] Waiting for all pods to be deleted
        [run.sh] Deploying all services
        configmap/config-service0 created
        deployment.apps/service0 created
        service/service0 created
        configmap/config-service1 created
        deployment.apps/service1 created
        service/service1 created
        configmap/config-service2 created
        deployment.apps/service2 created
        service/service2 created
        configmap/config-service3 created
        deployment.apps/service3 created
        service/service3 created
        configmap/config-service4 created
        deployment.apps/service4 created
        service/service4 created
        configmap/config-service5 created
        deployment.apps/service5 created
        service/service5 created
        [run.sh] Client pod not found, deploying client
        deployment.apps/ubuntu-client created
        [run.sh] Waiting for all pods to be running
        [run.sh] All pods are running
        [run.sh] Checking heartbeat for all services
        [run.sh] service0-684c6db7d9-jkt9w cannot connect to service5
        [run.sh] All pods can connect to all services
        [run.sh] Running warmup test
        [run.sh] /wrk/wrk -t8 -c512 --timeout 3s -d3s -L http://service0:80/endpoint1
        Running 3s test @ http://service0:80/endpoint1
        8 threads and 512 connections
        Thread Stats   Avg      Stdev     Max   +/- Stdev
        Latency   515.27ms  151.30ms   1.43s    84.17%
        Req/Sec   120.73     49.26   320.00     67.71%
        Latency Distribution
        50%  480.38ms
        75%  546.57ms
        90%  663.59ms
        99%    1.19s
        2725 requests in 3.03s, 2.27MB read
        Requests/sec:    898.58
        Transfer/sec:    766.08KB
        [run.sh] Speed is 898.58, duration is 66
        [run.sh] Fix the request number.
        [run.sh] Running the actual test
        [run.sh] /wrk/wrk --timeout 20s -t8 -c512 -d66s -L -s /wrk/fix_req_n.lua http://service0:80/endpoint1
        [run.sh] Checking the resource usage
        NAME                             CPU(cores)   MEMORY(bytes)
        service0-684c6db7d9-jkt9w        5m           43Mi
        service1-79657f69f4-bmklr        4m           18Mi
        service2-b9b68cb9d-sscx8         4m           14Mi
        service3-85579465cb-6cb6z        4m           12Mi
        service4-5b5bb86d6f-lm6cj        4m           14Mi
        service5-999977958-rxn5d         69m          10Mi
        ubuntu-client-76886f6bbd-h7hd6   6m           9Mi
        Running 1m test @ http://service0:80/endpoint1
        8 threads and 512 connections
        Thread Stats   Avg      Stdev     Max   +/- Stdev
        Latency   491.69ms  109.23ms   1.97s    85.81%
        Req/Sec   130.16     44.27   333.00     72.58%
        Latency Distribution
        50%  474.79ms
        75%  516.72ms
        90%  591.43ms
        99%  949.85ms
        40000 requests in 1.10m, 33.10MB read
        Requests/sec:    606.06
        Transfer/sec:    513.50KB
        ------------------------------
        stop time: 38.634655
        stop time: 38.642065
        stop time: 38.782661
        stop time: 38.674393
        stop time: 38.629026
        stop time: 38.651739
        stop time: 38.470199
        stop time: 38.740419
        [run.sh] Test finished with status 0
        > STDERR
        > No resources found in default namespace.
        > command terminated with exit code 1
    [exp] Times: [38.634655, 38.642065, 38.782661, 38.674393, 38.629026, 38.651739, 38.470199, 38.740419]
    [exp] Throughput: 1034.8446520475047
[test.py] Finished running 6th optmization experiment: groundtruth->1221.0394576878405, slowdown->1034.8446520475047, predicted->1229.424632691238, err->0.6867243274247417
[test.py] Running 7th optmization experiment
[test.py] Running 7th groundtruth exp
    [exp] Running (pre_run: False) workload synthetic/chain-d4-http-sync request with the following configuration: {'CLIENT_CPU_QUOTA': '2', 'SLOWPOKE_POKER_BATCH_THRESHOLD': '20000000', 'PROCESSING_TIME_SERVICE0': '0.00133923', 'PROCESSING_TIME_SERVICE1': '0.00095615', 'PROCESSING_TIME_SERVICE2': '0.000518', 'PROCESSING_TIME_SERVICE3': '0.00061736', 'PROCESSING_TIME_SERVICE4': '0.00044958', 'PROCESSING_TIME_SERVICE5': '0.00042696', 'SLOWPOKE_DELAY_MICROS_SERVICE0': '0.0', 'SLOWPOKE_POKER_BATCH_THRESHOLD_SERVICE0': '10', 'SLOWPOKE_DELAY_MICROS_SERVICE1': '0.0', 'SLOWPOKE_POKER_BATCH_THRESHOLD_SERVICE1': '10', 'SLOWPOKE_DELAY_MICROS_SERVICE2': '0.0', 'SLOWPOKE_POKER_BATCH_THRESHOLD_SERVICE2': '10', 'SLOWPOKE_DELAY_MICROS_SERVICE3': '0.0', 'SLOWPOKE_POKER_BATCH_THRESHOLD_SERVICE3': '10', 'SLOWPOKE_DELAY_MICROS_SERVICE4': '0.0', 'SLOWPOKE_POKER_BATCH_THRESHOLD_SERVICE4': '10', 'SLOWPOKE_DELAY_MICROS_SERVICE5': '0.0', 'SLOWPOKE_POKER_BATCH_THRESHOLD_SERVICE5': '10'}
    [exp] Executing cmd `bash run.sh synthetic chain-d4-http-sync 8 512 40000`:
        [run.sh] Running benchmark synthetic with request chain-d4-http-sync, thread 8, conn 512, duration 60
        [run.sh] Deleting all services
        configmap "config-service0" deleted
        deployment.apps "service0" deleted
        service "service0" deleted
        configmap "config-service1" deleted
        deployment.apps "service1" deleted
        service "service1" deleted
        configmap "config-service2" deleted
        deployment.apps "service2" deleted
        service "service2" deleted
        configmap "config-service3" deleted
        deployment.apps "service3" deleted
        service "service3" deleted
        configmap "config-service4" deleted
        deployment.apps "service4" deleted
        service "service4" deleted
        configmap "config-service5" deleted
        deployment.apps "service5" deleted
        service "service5" deleted
        deployment.apps "ubuntu-client" deleted
        [run.sh] Waiting for all pods to be deleted
        [run.sh] Deploying all services
        configmap/config-service0 created
        deployment.apps/service0 created
        service/service0 created
        configmap/config-service1 created
        deployment.apps/service1 created
        service/service1 created
        configmap/config-service2 created
        deployment.apps/service2 created
        service/service2 created
        configmap/config-service3 created
        deployment.apps/service3 created
        service/service3 created
        configmap/config-service4 created
        deployment.apps/service4 created
        service/service4 created
        configmap/config-service5 created
        deployment.apps/service5 created
        service/service5 created
        [run.sh] Client pod not found, deploying client
        deployment.apps/ubuntu-client created
        [run.sh] Waiting for all pods to be running
        [run.sh] All pods are running
        [run.sh] Checking heartbeat for all services
        [run.sh] service0-5f7bfff576-8lfp6 cannot connect to service5
        [run.sh] All pods can connect to all services
        [run.sh] Running warmup test
        [run.sh] /wrk/wrk -t8 -c512 --timeout 3s -d3s -L http://service0:80/endpoint1
        Running 3s test @ http://service0:80/endpoint1
        8 threads and 512 connections
        Thread Stats   Avg      Stdev     Max   +/- Stdev
        Latency   465.53ms  177.19ms   1.51s    88.74%
        Req/Sec   136.70     50.86   240.00     67.41%
        Latency Distribution
        50%  414.13ms
        75%  483.69ms
        90%  638.30ms
        99%    1.16s
        3093 requests in 3.03s, 2.56MB read
        Requests/sec:   1021.21
        Transfer/sec:    865.20KB
        [run.sh] Speed is 1021.21, duration is 58
        [run.sh] Fix the request number.
        [run.sh] Running the actual test
        [run.sh] /wrk/wrk --timeout 20s -t8 -c512 -d58s -L -s /wrk/fix_req_n.lua http://service0:80/endpoint1
        [run.sh] Checking the resource usage
        Running 1m test @ http://service0:80/endpoint1
        8 threads and 512 connections
        Thread Stats   Avg      Stdev     Max   +/- Stdev
        Latency   417.46ms  100.96ms   1.76s    86.79%
        Req/Sec   153.35     43.77   330.00     70.96%
        Latency Distribution
        50%  399.31ms
        75%  443.41ms
        90%  508.25ms
        99%  757.22ms
        40000 requests in 0.97m, 33.07MB read
        Requests/sec:    689.65
        Transfer/sec:    583.92KB
        ------------------------------
        stop time: 32.474004
        stop time: 32.476903
        stop time: 32.711164
        stop time: 32.734899
        stop time: 32.961072
        stop time: 32.954060
        stop time: 33.000589
        stop time: 32.938191
        [run.sh] Test finished with status 0
        > STDERR
        > No resources found in default namespace.
        > command terminated with exit code 1
        > error: metrics not available yet
    [exp] Times: [32.474004, 32.476903, 32.711164, 32.734899, 32.961072, 32.95406, 33.000589, 32.938191]
    [exp] Throughput: 1220.205619746972
[test.py] Running 7th slowdown exp
    [exp] Running (pre_run: False) workload synthetic/chain-d4-http-sync request with the following configuration: {'CLIENT_CPU_QUOTA': '2', 'SLOWPOKE_POKER_BATCH_THRESHOLD': '20000000', 'PROCESSING_TIME_SERVICE0': '0.00133923', 'PROCESSING_TIME_SERVICE1': '0.00095615', 'PROCESSING_TIME_SERVICE2': '0.00074988', 'PROCESSING_TIME_SERVICE3': '0.00061736', 'PROCESSING_TIME_SERVICE4': '0.00044958', 'PROCESSING_TIME_SERVICE5': '0.00042696', 'SLOWPOKE_DELAY_MICROS_SERVICE0': '115.5', 'SLOWPOKE_POKER_BATCH_THRESHOLD_SERVICE0': '11549990', 'SLOWPOKE_DELAY_MICROS_SERVICE1': '115.5', 'SLOWPOKE_POKER_BATCH_THRESHOLD_SERVICE1': '11549990', 'SLOWPOKE_DELAY_MICROS_SERVICE2': '0.0', 'SLOWPOKE_POKER_BATCH_THRESHOLD_SERVICE2': '10', 'SLOWPOKE_DELAY_MICROS_SERVICE3': '115.5', 'SLOWPOKE_POKER_BATCH_THRESHOLD_SERVICE3': '11549990', 'SLOWPOKE_DELAY_MICROS_SERVICE4': '115.5', 'SLOWPOKE_POKER_BATCH_THRESHOLD_SERVICE4': '11549990', 'SLOWPOKE_DELAY_MICROS_SERVICE5': '115.5', 'SLOWPOKE_POKER_BATCH_THRESHOLD_SERVICE5': '11549990'}
    [exp] Executing cmd `bash run.sh synthetic chain-d4-http-sync 8 512 40000`:
        [run.sh] Running benchmark synthetic with request chain-d4-http-sync, thread 8, conn 512, duration 60
        [run.sh] Deleting all services
        configmap "config-service0" deleted
        deployment.apps "service0" deleted
        service "service0" deleted
        configmap "config-service1" deleted
        deployment.apps "service1" deleted
        service "service1" deleted
        configmap "config-service2" deleted
        deployment.apps "service2" deleted
        service "service2" deleted
        configmap "config-service3" deleted
        deployment.apps "service3" deleted
        service "service3" deleted
        configmap "config-service4" deleted
        deployment.apps "service4" deleted
        service "service4" deleted
        configmap "config-service5" deleted
        deployment.apps "service5" deleted
        service "service5" deleted
        deployment.apps "ubuntu-client" deleted
        [run.sh] Waiting for all pods to be deleted
        [run.sh] Deploying all services
        configmap/config-service0 created
        deployment.apps/service0 created
        service/service0 created
        configmap/config-service1 created
        deployment.apps/service1 created
        service/service1 created
        configmap/config-service2 created
        deployment.apps/service2 created
        service/service2 created
        configmap/config-service3 created
        deployment.apps/service3 created
        service/service3 created
        configmap/config-service4 created
        deployment.apps/service4 created
        service/service4 created
        configmap/config-service5 created
        deployment.apps/service5 created
        service/service5 created
        [run.sh] Client pod not found, deploying client
        deployment.apps/ubuntu-client created
        [run.sh] Waiting for all pods to be running
        [run.sh] All pods are running
        [run.sh] Checking heartbeat for all services
        [run.sh] All pods can connect to all services
        [run.sh] Running warmup test
        [run.sh] /wrk/wrk -t8 -c512 --timeout 3s -d3s -L http://service0:80/endpoint1
        Running 3s test @ http://service0:80/endpoint1
        8 threads and 512 connections
        Thread Stats   Avg      Stdev     Max   +/- Stdev
        Latency   504.00ms  157.28ms   1.32s    80.96%
        Req/Sec   122.83     50.72   222.00     65.35%
        Latency Distribution
        50%  466.38ms
        75%  554.84ms
        90%  718.23ms
        99%    1.02s
        2819 requests in 3.03s, 2.33MB read
        Requests/sec:    931.10
        Transfer/sec:    789.17KB
        [run.sh] Speed is 931.10, duration is 64
        [run.sh] Fix the request number.
        [run.sh] Running the actual test
        [run.sh] /wrk/wrk --timeout 20s -t8 -c512 -d64s -L -s /wrk/fix_req_n.lua http://service0:80/endpoint1
        [run.sh] Checking the resource usage
        Running 1m test @ http://service0:80/endpoint1
        8 threads and 512 connections
        Thread Stats   Avg      Stdev     Max   +/- Stdev
        Latency   467.94ms  133.63ms   2.64s    88.90%
        Req/Sec   137.01     45.70   373.00     69.11%
        Latency Distribution
        50%  449.30ms
        75%  492.89ms
        90%  569.14ms
        99%  982.12ms
        40000 requests in 1.07m, 33.08MB read
        Requests/sec:    625.00
        Transfer/sec:    529.27KB
        ------------------------------
        stop time: 36.120171
        stop time: 36.523783
        stop time: 36.756362
        stop time: 36.605733
        stop time: 36.922200
        stop time: 36.997148
        stop time: 36.881396
        stop time: 36.492343
        [run.sh] Test finished with status 0
        > STDERR
        > No resources found in default namespace.
        > error: metrics not available yet
    [exp] Times: [36.120171, 36.523783, 36.756362, 36.605733, 36.9222, 36.997148, 36.881396, 36.492343]
    [exp] Throughput: 1091.0362859030038
[test.py] Finished running 7th optmization experiment: groundtruth->1220.205619746972, slowdown->1091.0362859030038, predicted->1249.0323122161108, err->2.362445476617005
[test.py] Running 8th optmization experiment
[test.py] Running 8th groundtruth exp
    [exp] Running (pre_run: False) workload synthetic/chain-d4-http-sync request with the following configuration: {'CLIENT_CPU_QUOTA': '2', 'SLOWPOKE_POKER_BATCH_THRESHOLD': '20000000', 'PROCESSING_TIME_SERVICE0': '0.00133923', 'PROCESSING_TIME_SERVICE1': '0.00095615', 'PROCESSING_TIME_SERVICE2': '0.000592', 'PROCESSING_TIME_SERVICE3': '0.00061736', 'PROCESSING_TIME_SERVICE4': '0.00044958', 'PROCESSING_TIME_SERVICE5': '0.00042696', 'SLOWPOKE_DELAY_MICROS_SERVICE0': '0.0', 'SLOWPOKE_POKER_BATCH_THRESHOLD_SERVICE0': '10', 'SLOWPOKE_DELAY_MICROS_SERVICE1': '0.0', 'SLOWPOKE_POKER_BATCH_THRESHOLD_SERVICE1': '10', 'SLOWPOKE_DELAY_MICROS_SERVICE2': '0.0', 'SLOWPOKE_POKER_BATCH_THRESHOLD_SERVICE2': '10', 'SLOWPOKE_DELAY_MICROS_SERVICE3': '0.0', 'SLOWPOKE_POKER_BATCH_THRESHOLD_SERVICE3': '10', 'SLOWPOKE_DELAY_MICROS_SERVICE4': '0.0', 'SLOWPOKE_POKER_BATCH_THRESHOLD_SERVICE4': '10', 'SLOWPOKE_DELAY_MICROS_SERVICE5': '0.0', 'SLOWPOKE_POKER_BATCH_THRESHOLD_SERVICE5': '10'}
    [exp] Executing cmd `bash run.sh synthetic chain-d4-http-sync 8 512 40000`:
        [run.sh] Running benchmark synthetic with request chain-d4-http-sync, thread 8, conn 512, duration 60
        [run.sh] Deleting all services
        configmap "config-service0" deleted
        deployment.apps "service0" deleted
        service "service0" deleted
        configmap "config-service1" deleted
        deployment.apps "service1" deleted
        service "service1" deleted
        configmap "config-service2" deleted
        deployment.apps "service2" deleted
        service "service2" deleted
        configmap "config-service3" deleted
        deployment.apps "service3" deleted
        service "service3" deleted
        configmap "config-service4" deleted
        deployment.apps "service4" deleted
        service "service4" deleted
        configmap "config-service5" deleted
        deployment.apps "service5" deleted
        service "service5" deleted
        deployment.apps "ubuntu-client" deleted
        [run.sh] Waiting for all pods to be deleted
        [run.sh] Deploying all services
        configmap/config-service0 created
        deployment.apps/service0 created
        service/service0 created
        configmap/config-service1 created
        deployment.apps/service1 created
        service/service1 created
        configmap/config-service2 created
        deployment.apps/service2 created
        service/service2 created
        configmap/config-service3 created
        deployment.apps/service3 created
        service/service3 created
        configmap/config-service4 created
        deployment.apps/service4 created
        service/service4 created
        configmap/config-service5 created
        deployment.apps/service5 created
        service/service5 created
        [run.sh] Client pod not found, deploying client
        deployment.apps/ubuntu-client created
        [run.sh] Waiting for all pods to be running
        [run.sh] All pods are running
        [run.sh] Checking heartbeat for all services
        [run.sh] All pods can connect to all services
        [run.sh] Running warmup test
        [run.sh] /wrk/wrk -t8 -c512 --timeout 3s -d3s -L http://service0:80/endpoint1
        Running 3s test @ http://service0:80/endpoint1
        8 threads and 512 connections
        Thread Stats   Avg      Stdev     Max   +/- Stdev
        Latency   449.70ms  175.47ms   1.60s    90.02%
        Req/Sec   142.51     45.61   280.00     71.43%
        Latency Distribution
        50%  397.17ms
        75%  464.98ms
        90%  598.36ms
        99%    1.26s
        3197 requests in 3.03s, 2.64MB read
        Requests/sec:   1056.42
        Transfer/sec:      0.87MB
        [run.sh] Speed is 1056.42, duration is 56
        [run.sh] Fix the request number.
        [run.sh] Running the actual test
        [run.sh] /wrk/wrk --timeout 20s -t8 -c512 -d56s -L -s /wrk/fix_req_n.lua http://service0:80/endpoint1
        [run.sh] Checking the resource usage
        Running 1m test @ http://service0:80/endpoint1
        8 threads and 512 connections
        Thread Stats   Avg      Stdev     Max   +/- Stdev
        Latency   417.95ms   93.00ms   1.47s    86.42%
        Req/Sec   152.84     44.15   300.00     70.16%
        Latency Distribution
        50%  401.55ms
        75%  445.01ms
        90%  505.59ms
        99%  740.40ms
        40000 requests in 0.93m, 33.07MB read
        Requests/sec:    714.28
        Transfer/sec:    604.77KB
        ------------------------------
        stop time: 32.752567
        stop time: 32.920643
        stop time: 32.697047
        stop time: 32.884618
        stop time: 32.918296
        stop time: 32.934775
        stop time: 32.937235
        stop time: 32.950730
        [run.sh] Test finished with status 0
        > STDERR
        > No resources found in default namespace.
        > error: metrics not available yet
    [exp] Times: [32.752567, 32.920643, 32.697047, 32.884618, 32.918296, 32.934775, 32.937235, 32.95073]
    [exp] Throughput: 1216.7489554618967
[test.py] Running 8th slowdown exp
    [exp] Running (pre_run: False) workload synthetic/chain-d4-http-sync request with the following configuration: {'CLIENT_CPU_QUOTA': '2', 'SLOWPOKE_POKER_BATCH_THRESHOLD': '20000000', 'PROCESSING_TIME_SERVICE0': '0.00133923', 'PROCESSING_TIME_SERVICE1': '0.00095615', 'PROCESSING_TIME_SERVICE2': '0.00074988', 'PROCESSING_TIME_SERVICE3': '0.00061736', 'PROCESSING_TIME_SERVICE4': '0.00044958', 'PROCESSING_TIME_SERVICE5': '0.00042696', 'SLOWPOKE_DELAY_MICROS_SERVICE0': '78.5', 'SLOWPOKE_POKER_BATCH_THRESHOLD_SERVICE0': '7849990', 'SLOWPOKE_DELAY_MICROS_SERVICE1': '78.5', 'SLOWPOKE_POKER_BATCH_THRESHOLD_SERVICE1': '7849990', 'SLOWPOKE_DELAY_MICROS_SERVICE2': '0.0', 'SLOWPOKE_POKER_BATCH_THRESHOLD_SERVICE2': '10', 'SLOWPOKE_DELAY_MICROS_SERVICE3': '78.5', 'SLOWPOKE_POKER_BATCH_THRESHOLD_SERVICE3': '7849990', 'SLOWPOKE_DELAY_MICROS_SERVICE4': '78.5', 'SLOWPOKE_POKER_BATCH_THRESHOLD_SERVICE4': '7849990', 'SLOWPOKE_DELAY_MICROS_SERVICE5': '78.5', 'SLOWPOKE_POKER_BATCH_THRESHOLD_SERVICE5': '7849990'}
    [exp] Executing cmd `bash run.sh synthetic chain-d4-http-sync 8 512 40000`:
        [run.sh] Running benchmark synthetic with request chain-d4-http-sync, thread 8, conn 512, duration 60
        [run.sh] Deleting all services
        configmap "config-service0" deleted
        deployment.apps "service0" deleted
        service "service0" deleted
        configmap "config-service1" deleted
        deployment.apps "service1" deleted
        service "service1" deleted
        configmap "config-service2" deleted
        deployment.apps "service2" deleted
        service "service2" deleted
        configmap "config-service3" deleted
        deployment.apps "service3" deleted
        service "service3" deleted
        configmap "config-service4" deleted
        deployment.apps "service4" deleted
        service "service4" deleted
        configmap "config-service5" deleted
        deployment.apps "service5" deleted
        service "service5" deleted
        deployment.apps "ubuntu-client" deleted
        [run.sh] Waiting for all pods to be deleted
        [run.sh] Deploying all services
        configmap/config-service0 created
        deployment.apps/service0 created
        service/service0 created
        configmap/config-service1 created
        deployment.apps/service1 created
        service/service1 created
        configmap/config-service2 created
        deployment.apps/service2 created
        service/service2 created
        configmap/config-service3 created
        deployment.apps/service3 created
        service/service3 created
        configmap/config-service4 created
        deployment.apps/service4 created
        service/service4 created
        configmap/config-service5 created
        deployment.apps/service5 created
        service/service5 created
        [run.sh] Client pod not found, deploying client
        deployment.apps/ubuntu-client created
        [run.sh] Waiting for all pods to be running
        [run.sh] All pods are running
        [run.sh] Checking heartbeat for all services
        [run.sh] All pods can connect to all services
        [run.sh] Running warmup test
        [run.sh] /wrk/wrk -t8 -c512 --timeout 3s -d3s -L http://service0:80/endpoint1
        Running 3s test @ http://service0:80/endpoint1
        8 threads and 512 connections
        Thread Stats   Avg      Stdev     Max   +/- Stdev
        Latency   482.91ms  170.92ms   1.31s    83.34%
        Req/Sec   128.95     59.47   454.00     75.00%
        Latency Distribution
        50%  441.03ms
        75%  522.17ms
        90%  698.16ms
        99%    1.14s
        2928 requests in 3.03s, 2.43MB read
        Requests/sec:    964.93
        Transfer/sec:    819.48KB
        [run.sh] Speed is 964.93, duration is 62
        [run.sh] Fix the request number.
        [run.sh] Running the actual test
        [run.sh] /wrk/wrk --timeout 20s -t8 -c512 -d62s -L -s /wrk/fix_req_n.lua http://service0:80/endpoint1
        [run.sh] Checking the resource usage
        Running 1m test @ http://service0:80/endpoint1
        8 threads and 512 connections
        Thread Stats   Avg      Stdev     Max   +/- Stdev
        Latency   447.37ms  109.64ms   1.76s    85.47%
        Req/Sec   143.08     50.00   510.00     71.19%
        Latency Distribution
        50%  429.59ms
        75%  476.49ms
        90%  549.13ms
        99%  865.99ms
        40000 requests in 1.03m, 33.08MB read
        Requests/sec:    645.16
        Transfer/sec:    546.33KB
        ------------------------------
        stop time: 34.477712
        stop time: 35.020306
        stop time: 35.168596
        stop time: 35.017275
        stop time: 35.303528
        stop time: 35.259384
        stop time: 35.432745
        stop time: 35.479376
        [run.sh] Test finished with status 0
        > STDERR
        > No resources found in default namespace.
        > error: metrics not available yet
    [exp] Times: [34.477712, 35.020306, 35.168596, 35.017275, 35.303528, 35.259384, 35.432745, 35.479376]
    [exp] Throughput: 1138.1463469973041
[test.py] Finished running 8th optmization experiment: groundtruth->1216.7489554618967, slowdown->1138.1463469973041, predicted->1250.497649216824, err->2.7736776434803425
[test.py] Running 9th optmization experiment
[test.py] Running 9th groundtruth exp
    [exp] Running (pre_run: False) workload synthetic/chain-d4-http-sync request with the following configuration: {'CLIENT_CPU_QUOTA': '2', 'SLOWPOKE_POKER_BATCH_THRESHOLD': '20000000', 'PROCESSING_TIME_SERVICE0': '0.00133923', 'PROCESSING_TIME_SERVICE1': '0.00095615', 'PROCESSING_TIME_SERVICE2': '0.000666', 'PROCESSING_TIME_SERVICE3': '0.00061736', 'PROCESSING_TIME_SERVICE4': '0.00044958', 'PROCESSING_TIME_SERVICE5': '0.00042696', 'SLOWPOKE_DELAY_MICROS_SERVICE0': '0.0', 'SLOWPOKE_POKER_BATCH_THRESHOLD_SERVICE0': '10', 'SLOWPOKE_DELAY_MICROS_SERVICE1': '0.0', 'SLOWPOKE_POKER_BATCH_THRESHOLD_SERVICE1': '10', 'SLOWPOKE_DELAY_MICROS_SERVICE2': '0.0', 'SLOWPOKE_POKER_BATCH_THRESHOLD_SERVICE2': '10', 'SLOWPOKE_DELAY_MICROS_SERVICE3': '0.0', 'SLOWPOKE_POKER_BATCH_THRESHOLD_SERVICE3': '10', 'SLOWPOKE_DELAY_MICROS_SERVICE4': '0.0', 'SLOWPOKE_POKER_BATCH_THRESHOLD_SERVICE4': '10', 'SLOWPOKE_DELAY_MICROS_SERVICE5': '0.0', 'SLOWPOKE_POKER_BATCH_THRESHOLD_SERVICE5': '10'}
    [exp] Executing cmd `bash run.sh synthetic chain-d4-http-sync 8 512 40000`:
        [run.sh] Running benchmark synthetic with request chain-d4-http-sync, thread 8, conn 512, duration 60
        [run.sh] Deleting all services
        configmap "config-service0" deleted
        deployment.apps "service0" deleted
        service "service0" deleted
        configmap "config-service1" deleted
        deployment.apps "service1" deleted
        service "service1" deleted
        configmap "config-service2" deleted
        deployment.apps "service2" deleted
        service "service2" deleted
        configmap "config-service3" deleted
        deployment.apps "service3" deleted
        service "service3" deleted
        configmap "config-service4" deleted
        deployment.apps "service4" deleted
        service "service4" deleted
        configmap "config-service5" deleted
        deployment.apps "service5" deleted
        service "service5" deleted
        deployment.apps "ubuntu-client" deleted
        [run.sh] Waiting for all pods to be deleted
        [run.sh] Deploying all services
        configmap/config-service0 created
        deployment.apps/service0 created
        service/service0 created
        configmap/config-service1 created
        deployment.apps/service1 created
        service/service1 created
        configmap/config-service2 created
        deployment.apps/service2 created
        service/service2 created
        configmap/config-service3 created
        deployment.apps/service3 created
        service/service3 created
        configmap/config-service4 created
        deployment.apps/service4 created
        service/service4 created
        configmap/config-service5 created
        deployment.apps/service5 created
        service/service5 created
        [run.sh] Client pod not found, deploying client
        deployment.apps/ubuntu-client created
        [run.sh] Waiting for all pods to be running
        [run.sh] All pods are running
        [run.sh] Checking heartbeat for all services
        [run.sh] All pods can connect to all services
        [run.sh] Running warmup test
        [run.sh] /wrk/wrk -t8 -c512 --timeout 3s -d3s -L http://service0:80/endpoint1
        Running 3s test @ http://service0:80/endpoint1
        8 threads and 512 connections
        Thread Stats   Avg      Stdev     Max   +/- Stdev
        Latency   448.42ms   94.81ms 842.57ms   74.83%
        Req/Sec   146.61     48.50   262.00     70.67%
        Latency Distribution
        50%  423.23ms
        75%  491.24ms
        90%  581.35ms
        99%  744.21ms
        3167 requests in 3.03s, 2.62MB read
        Requests/sec:   1046.12
        Transfer/sec:      0.87MB
        [run.sh] Speed is 1046.12, duration is 57
        [run.sh] Fix the request number.
        [run.sh] Running the actual test
        [run.sh] /wrk/wrk --timeout 20s -t8 -c512 -d57s -L -s /wrk/fix_req_n.lua http://service0:80/endpoint1
        [run.sh] Checking the resource usage
        Running 1m test @ http://service0:80/endpoint1
        8 threads and 512 connections
        Thread Stats   Avg      Stdev     Max   +/- Stdev
        Latency   417.39ms  103.83ms   1.64s    88.23%
        Req/Sec   153.21     43.58   330.00     71.52%
        Latency Distribution
        50%  400.72ms
        75%  442.00ms
        90%  504.78ms
        99%  767.58ms
        40000 requests in 0.95m, 33.07MB read
        Requests/sec:    701.75
        Transfer/sec:    594.16KB
        ------------------------------
        stop time: 32.658672
        stop time: 32.805326
        stop time: 32.649641
        stop time: 32.589411
        stop time: 32.874328
        stop time: 32.972915
        stop time: 32.892361
        stop time: 32.952959
        [run.sh] Test finished with status 0
        > STDERR
        > No resources found in default namespace.
        > error: metrics not available yet
    [exp] Times: [32.658672, 32.805326, 32.649641, 32.589411, 32.874328, 32.972915, 32.892361, 32.952959]
    [exp] Throughput: 1219.5325841823428
[test.py] Running 9th slowdown exp
    [exp] Running (pre_run: False) workload synthetic/chain-d4-http-sync request with the following configuration: {'CLIENT_CPU_QUOTA': '2', 'SLOWPOKE_POKER_BATCH_THRESHOLD': '20000000', 'PROCESSING_TIME_SERVICE0': '0.00133923', 'PROCESSING_TIME_SERVICE1': '0.00095615', 'PROCESSING_TIME_SERVICE2': '0.00074988', 'PROCESSING_TIME_SERVICE3': '0.00061736', 'PROCESSING_TIME_SERVICE4': '0.00044958', 'PROCESSING_TIME_SERVICE5': '0.00042696', 'SLOWPOKE_DELAY_MICROS_SERVICE0': '41.5', 'SLOWPOKE_POKER_BATCH_THRESHOLD_SERVICE0': '4149990', 'SLOWPOKE_DELAY_MICROS_SERVICE1': '41.5', 'SLOWPOKE_POKER_BATCH_THRESHOLD_SERVICE1': '4149990', 'SLOWPOKE_DELAY_MICROS_SERVICE2': '0.0', 'SLOWPOKE_POKER_BATCH_THRESHOLD_SERVICE2': '10', 'SLOWPOKE_DELAY_MICROS_SERVICE3': '41.5', 'SLOWPOKE_POKER_BATCH_THRESHOLD_SERVICE3': '4149990', 'SLOWPOKE_DELAY_MICROS_SERVICE4': '41.5', 'SLOWPOKE_POKER_BATCH_THRESHOLD_SERVICE4': '4149990', 'SLOWPOKE_DELAY_MICROS_SERVICE5': '41.5', 'SLOWPOKE_POKER_BATCH_THRESHOLD_SERVICE5': '4149990'}
    [exp] Executing cmd `bash run.sh synthetic chain-d4-http-sync 8 512 40000`:
        [run.sh] Running benchmark synthetic with request chain-d4-http-sync, thread 8, conn 512, duration 60
        [run.sh] Deleting all services
        configmap "config-service0" deleted
        deployment.apps "service0" deleted
        service "service0" deleted
        configmap "config-service1" deleted
        deployment.apps "service1" deleted
        service "service1" deleted
        configmap "config-service2" deleted
        deployment.apps "service2" deleted
        service "service2" deleted
        configmap "config-service3" deleted
        deployment.apps "service3" deleted
        service "service3" deleted
        configmap "config-service4" deleted
        deployment.apps "service4" deleted
        service "service4" deleted
        configmap "config-service5" deleted
        deployment.apps "service5" deleted
        service "service5" deleted
        deployment.apps "ubuntu-client" deleted
        [run.sh] Waiting for all pods to be deleted
        [run.sh] Deploying all services
        configmap/config-service0 created
        deployment.apps/service0 created
        service/service0 created
        configmap/config-service1 created
        deployment.apps/service1 created
        service/service1 created
        configmap/config-service2 created
        deployment.apps/service2 created
        service/service2 created
        configmap/config-service3 created
        deployment.apps/service3 created
        service/service3 created
        configmap/config-service4 created
        deployment.apps/service4 created
        service/service4 created
        configmap/config-service5 created
        deployment.apps/service5 created
        service/service5 created
        [run.sh] Client pod not found, deploying client
        deployment.apps/ubuntu-client created
        [run.sh] Waiting for all pods to be running
        [run.sh] All pods are running
        [run.sh] Checking heartbeat for all services
        [run.sh] service0-7cb7d7df77-8xq4j cannot connect to service5
        [run.sh] All pods can connect to all services
        [run.sh] Running warmup test
        [run.sh] /wrk/wrk -t8 -c512 --timeout 3s -d3s -L http://service0:80/endpoint1
        Running 3s test @ http://service0:80/endpoint1
        8 threads and 512 connections
        Thread Stats   Avg      Stdev     Max   +/- Stdev
        Latency   472.59ms  130.95ms   1.37s    84.74%
        Req/Sec   135.49     55.83   313.00     74.21%
        Latency Distribution
        50%  438.46ms
        75%  512.03ms
        90%  608.26ms
        99%    1.03s
        3009 requests in 3.03s, 2.49MB read
        Requests/sec:    993.52
        Transfer/sec:    841.20KB
        [run.sh] Speed is 993.52, duration is 60
        [run.sh] Fix the request number.
        [run.sh] Running the actual test
        [run.sh] /wrk/wrk --timeout 20s -t8 -c512 -d60s -L -s /wrk/fix_req_n.lua http://service0:80/endpoint1
        [run.sh] Checking the resource usage
        Running 1m test @ http://service0:80/endpoint1
        8 threads and 512 connections
        Thread Stats   Avg      Stdev     Max   +/- Stdev
        Latency   434.32ms  117.77ms   2.00s    87.30%
        Req/Sec   147.71     50.03   420.00     70.75%
        Latency Distribution
        50%  413.48ms
        75%  459.96ms
        90%  539.46ms
        99%  870.87ms
        40000 requests in 1.00m, 33.09MB read
        Requests/sec:    666.66
        Transfer/sec:    564.72KB
        ------------------------------
        stop time: 33.635171
        stop time: 33.839527
        stop time: 34.125319
        stop time: 34.012647
        stop time: 34.120345
        stop time: 34.270329
        stop time: 34.320276
        stop time: 34.373701
        [run.sh] Test finished with status 0
        > STDERR
        > No resources found in default namespace.
        > command terminated with exit code 1
        > error: metrics not available yet
    [exp] Times: [33.635171, 33.839527, 34.125319, 34.012647, 34.120345, 34.270329, 34.320276, 34.373701]
    [exp] Throughput: 1173.4622322922394
[test.py] Finished running 9th optmization experiment: groundtruth->1219.5325841823428, slowdown->1173.4622322922394, predicted->1234.2035683409274, err->1.2030005880015915
[test.py] Baseline throughput:  1212.1794518339661
[test.py] Groundtruth:  [1214.5388483098175, 1217.9902086680615, 1219.7091986099676, 1211.5482003036434, 1208.3508690533085, 1225.4215993125106, 1221.0394576878405, 1220.205619746972, 1216.7489554618967, 1219.5325841823428]
[test.py] Slowdown:  [845.3829731225172, 874.767837299393, 905.9372616986884, 935.8034970105215, 975.2505219731271, 1009.8041984294659, 1034.8446520475047, 1091.0362859030038, 1138.1463469973041, 1173.4622322922394]
[test.py] Predicted:  [1237.6914103303327, 1241.8959208477013, 1245.501874844242, 1242.7602853938408, 1252.4460908161418, 1249.4518176570164, 1229.424632691238, 1249.0323122161108, 1250.497649216824, 1234.2035683409274]
[test.py] Error percentage:  [1.9062841878409171, 1.9627179274110869, 2.1146578433341894, 2.5762148862401784, 3.6492067736401754, 1.9609755824434043, 0.6867243274247417, 2.362445476617005, 2.7736776434803425, 1.2030005880015915]
[test.py] ++++++++++++++++++++++++++++++++ Summary: 
[test.py] Result for the experiment 0: 
    Baseline throughput: 1210.5768874398384
    Groundtruth: [1210.671712484052, 1213.5543876754784, 1225.5607437329159, 1221.9573812043486, 1220.2008087521465, 1221.5811550950737, 1207.5441304455283, 1222.2285328257929, 1223.5697370245036, 1207.085534752434]
    Slowdown:    [837.3538376307112, 873.1436733575629, 909.6611348249504, 926.6052219300586, 969.3596119898236, 1005.8129292367573, 1044.7248469972712, 1083.592408990902, 1132.0033411927618, 1173.966935419371]
    Predicted:   [1220.556706059511, 1238.6249522761675, 1252.551354145599, 1226.5901437962295, 1242.7471769861927, 1243.3470587321751, 1243.394727787206, 1239.2860237752684, 1243.085926939536, 1234.761885566135]
    Error Perc:  [0.8164883571267247, 2.0658789466132514, 2.20230702971709, 0.3791263642366083, 1.8477588338187987, 1.7817812223378209, 2.9688850649665692, 1.3956056900454308, 1.5950206452876245, 2.2928243290876216]
[test.py] Result for the experiment 1: 
    Baseline throughput: 1211.370245162637
    Groundtruth: [1224.7925821417095, 1216.5876556348273, 1227.2156532031536, 1216.6409317960904, 1215.7476307301215, 1216.7608132811026, 1218.5915733372135, 1205.1819116265563, 1218.485184853684, 1218.7000690012744]
    Slowdown:    [849.6188089631472, 878.7682492188951, 909.7464201542334, 935.3441240496871, 968.4778233998425, 1004.0427561943816, 1042.9908338412836, 1082.9683436711236, 987.0548679433172, 1173.403144171127]
    Predicted:   [1246.7919653110064, 1249.974292520898, 1252.7130584128474, 1241.9502557550104, 1241.2982423337141, 1240.643190215953, 1240.9392866459737, 1238.4698073910083, 1070.4633503957386, 1234.1382049745973]
    Error Perc:  [1.7961721429458728, 2.7442853567874765, 2.077662971715127, 2.080262409185643, 2.1016377871325265, 1.9627832088419555, 1.8338969181904887, 2.7620640040577387, -12.148020862126426, 1.2667707474550713]
[test.py] Result for the experiment 2: 
    Baseline throughput: 1212.1794518339661
    Groundtruth: [1214.5388483098175, 1217.9902086680615, 1219.7091986099676, 1211.5482003036434, 1208.3508690533085, 1225.4215993125106, 1221.0394576878405, 1220.205619746972, 1216.7489554618967, 1219.5325841823428]
    Slowdown:    [845.3829731225172, 874.767837299393, 905.9372616986884, 935.8034970105215, 975.2505219731271, 1009.8041984294659, 1034.8446520475047, 1091.0362859030038, 1138.1463469973041, 1173.4622322922394]
    Predicted:   [1237.6914103303327, 1241.8959208477013, 1245.501874844242, 1242.7602853938408, 1252.4460908161418, 1249.4518176570164, 1229.424632691238, 1249.0323122161108, 1250.497649216824, 1234.2035683409274]
    Error Perc:  [1.9062841878409171, 1.9627179274110869, 2.1146578433341894, 2.5762148862401784, 3.6492067736401754, 1.9609755824434043, 0.6867243274247417, 2.362445476617005, 2.7736776434803425, 1.2030005880015915]
