[config.py] Random numbers for execution time: [95.50530779015992, 153.643553412284, 233.4528081836565, 235.22215161316376, 266.8258904836173, 270.61139205875855, 312.7289808438226, 320.0737000756527, 330.94084387878866, 379.7925643397259, 394.46360149363056, 408.43669807283015, 437.71916187740476, 449.4696642233538, 451.3517510061564, 507.63267132474374, 545.0653804674347, 559.5673758512326, 585.7766674845966, 586.5241005768077, 593.6153138558819, 604.9259024089295, 612.1006413099824, 622.5132695924556, 634.8451070287676, 635.9555152905739, 648.1435394027396, 710.2974980948986, 717.2485133235043, 738.9187545948298, 763.7882776362264, 790.5188774377734, 813.3895014888511, 827.4584469118475, 827.6302104855104, 844.4953574866163, 916.6289145442998, 923.9658252420797, 1081.9788421823544, 1125.670340325942, 1127.131160316148, 1148.2320920874777, 1174.8727759606743]
benchmark                        : synthetic
num_threads                      : 8
num_conns                        : 128
target_service                   : service4
request_type                     : large-scale
repetitions                      : 5
target_num_exp                   : 2
pre_run                          : False
num_req                          : 10000
groundtruths                     : []
slowdowns                        : []
predicteds                       : []
errs                             : []
poker_batch_req                  : 100
client_cpu_quota                 : 2
random_seed                      : 29796
request_ratio                    : {'service0': 1, 'service1': 1, 'service2': 1, 'service3': 1, 'service4': 1, 'service5': 1, 'service6': 1, 'service7': 1, 'service8': 1, 'service9': 1, 'service10': 1, 'service11': 1, 'service12': 1, 'service13': 1, 'service14': 1, 'service15': 1, 'service16': 1, 'service17': 1, 'service18': 1, 'service19': 1, 'service20': 1, 'service21': 1, 'service22': 1, 'service23': 1, 'service24': 1, 'service25': 1, 'service26': 1, 'service27': 1, 'service28': 1, 'service29': 1, 'service30': 1, 'service31': 1, 'service32': 1, 'service33': 1, 'service34': 1, 'service35': 1, 'service36': 1, 'service37': 1, 'service38': 1, 'service39': 1, 'service40': 1, 'service41': 1, 'service42': 1}
baseline_service_processing_time : {'service4': 2349.75, 'service0': 1148.23, 'service1': 1127.13, 'service2': 1125.67, 'service3': 1081.98, 'service5': 923.97, 'service6': 916.63, 'service7': 844.5, 'service8': 827.63, 'service9': 827.46, 'service10': 813.39, 'service11': 790.52, 'service12': 763.79, 'service13': 738.92, 'service14': 717.25, 'service15': 710.3, 'service16': 648.14, 'service17': 635.96, 'service18': 634.85, 'service19': 622.51, 'service20': 612.1, 'service21': 604.93, 'service22': 593.62, 'service23': 586.52, 'service24': 585.78, 'service25': 559.57, 'service26': 545.07, 'service27': 507.63, 'service28': 451.35, 'service29': 449.47, 'service30': 437.72, 'service31': 408.44, 'service32': 394.46, 'service33': 379.79, 'service34': 330.94, 'service35': 320.07, 'service36': 312.73, 'service37': 270.61, 'service38': 266.83, 'service39': 235.22, 'service40': 233.45, 'service41': 153.64, 'service42': 95.51}
cpu_quota                        : {'service0': 2, 'service1': 2, 'service2': 2, 'service3': 2, 'service4': 2, 'service5': 2, 'service6': 2, 'service7': 2, 'service8': 2, 'service9': 2, 'service10': 2, 'service11': 2, 'service12': 2, 'service13': 2, 'service14': 2, 'service15': 2, 'service16': 2, 'service17': 2, 'service18': 2, 'service19': 2, 'service20': 2, 'service21': 2, 'service22': 2, 'service23': 2, 'service24': 2, 'service25': 2, 'service26': 2, 'service27': 2, 'service28': 2, 'service29': 2, 'service30': 2, 'service31': 2, 'service32': 2, 'service33': 2, 'service34': 2, 'service35': 2, 'service36': 2, 'service37': 2, 'service38': 2, 'service39': 2, 'service40': 2, 'service41': 2, 'service42': 2}
target_processing_time_range     : [1174, 2349.75]
baseline_throughputs             : []
poker_batch                      : 20000000
[test.py] Starting experiment...
[test.py] >>>>>>>>>>>>>>>>>>>>>>>>>>>>> Running experiment 0...
[test.py] Actual processing time range: [1174, 1761]
[test.py] Running baseline experiment
    [exp] Running (pre_run: False) workload synthetic/large-scale request with the following configuration: {'CLIENT_CPU_QUOTA': '2', 'SLOWPOKE_POKER_BATCH_THRESHOLD': '20000000', 'PROCESSING_TIME_SERVICE4': '0.00234975', 'PROCESSING_TIME_SERVICE0': '0.00114823', 'PROCESSING_TIME_SERVICE1': '0.00112713', 'PROCESSING_TIME_SERVICE2': '0.00112567', 'PROCESSING_TIME_SERVICE3': '0.00108198', 'PROCESSING_TIME_SERVICE5': '0.00092397', 'PROCESSING_TIME_SERVICE6': '0.00091663', 'PROCESSING_TIME_SERVICE7': '0.0008445', 'PROCESSING_TIME_SERVICE8': '0.00082763', 'PROCESSING_TIME_SERVICE9': '0.00082746', 'PROCESSING_TIME_SERVICE10': '0.00081339', 'PROCESSING_TIME_SERVICE11': '0.00079052', 'PROCESSING_TIME_SERVICE12': '0.00076379', 'PROCESSING_TIME_SERVICE13': '0.00073892', 'PROCESSING_TIME_SERVICE14': '0.00071725', 'PROCESSING_TIME_SERVICE15': '0.0007103', 'PROCESSING_TIME_SERVICE16': '0.00064814', 'PROCESSING_TIME_SERVICE17': '0.00063596', 'PROCESSING_TIME_SERVICE18': '0.00063485', 'PROCESSING_TIME_SERVICE19': '0.00062251', 'PROCESSING_TIME_SERVICE20': '0.0006121', 'PROCESSING_TIME_SERVICE21': '0.00060493', 'PROCESSING_TIME_SERVICE22': '0.00059362', 'PROCESSING_TIME_SERVICE23': '0.00058652', 'PROCESSING_TIME_SERVICE24': '0.00058578', 'PROCESSING_TIME_SERVICE25': '0.00055957', 'PROCESSING_TIME_SERVICE26': '0.00054507', 'PROCESSING_TIME_SERVICE27': '0.00050763', 'PROCESSING_TIME_SERVICE28': '0.00045135', 'PROCESSING_TIME_SERVICE29': '0.00044947', 'PROCESSING_TIME_SERVICE30': '0.00043772', 'PROCESSING_TIME_SERVICE31': '0.00040844', 'PROCESSING_TIME_SERVICE32': '0.00039446', 'PROCESSING_TIME_SERVICE33': '0.00037979', 'PROCESSING_TIME_SERVICE34': '0.00033094', 'PROCESSING_TIME_SERVICE35': '0.00032007', 'PROCESSING_TIME_SERVICE36': '0.00031273', 'PROCESSING_TIME_SERVICE37': '0.00027061', 'PROCESSING_TIME_SERVICE38': '0.00026683', 'PROCESSING_TIME_SERVICE39': '0.00023522', 'PROCESSING_TIME_SERVICE40': '0.00023345', 'PROCESSING_TIME_SERVICE41': '0.00015364', 'PROCESSING_TIME_SERVICE42': '9.551e-05', 'SLOWPOKE_DELAY_MICROS_SERVICE4': '0.0', 'SLOWPOKE_POKER_BATCH_THRESHOLD_SERVICE4': '100', 'SLOWPOKE_IS_TARGET_SERVICE_SERVICE4': 'true', 'SLOWPOKE_DELAY_MICROS_SERVICE0': '0.0', 'SLOWPOKE_POKER_BATCH_THRESHOLD_SERVICE0': '100', 'SLOWPOKE_IS_TARGET_SERVICE_SERVICE0': 'false', 'SLOWPOKE_DELAY_MICROS_SERVICE1': '0.0', 'SLOWPOKE_POKER_BATCH_THRESHOLD_SERVICE1': '100', 'SLOWPOKE_IS_TARGET_SERVICE_SERVICE1': 'false', 'SLOWPOKE_DELAY_MICROS_SERVICE2': '0.0', 'SLOWPOKE_POKER_BATCH_THRESHOLD_SERVICE2': '100', 'SLOWPOKE_IS_TARGET_SERVICE_SERVICE2': 'false', 'SLOWPOKE_DELAY_MICROS_SERVICE3': '0.0', 'SLOWPOKE_POKER_BATCH_THRESHOLD_SERVICE3': '100', 'SLOWPOKE_IS_TARGET_SERVICE_SERVICE3': 'false', 'SLOWPOKE_DELAY_MICROS_SERVICE5': '0.0', 'SLOWPOKE_POKER_BATCH_THRESHOLD_SERVICE5': '100', 'SLOWPOKE_IS_TARGET_SERVICE_SERVICE5': 'false', 'SLOWPOKE_DELAY_MICROS_SERVICE6': '0.0', 'SLOWPOKE_POKER_BATCH_THRESHOLD_SERVICE6': '100', 'SLOWPOKE_IS_TARGET_SERVICE_SERVICE6': 'false', 'SLOWPOKE_DELAY_MICROS_SERVICE7': '0.0', 'SLOWPOKE_POKER_BATCH_THRESHOLD_SERVICE7': '100', 'SLOWPOKE_IS_TARGET_SERVICE_SERVICE7': 'false', 'SLOWPOKE_DELAY_MICROS_SERVICE8': '0.0', 'SLOWPOKE_POKER_BATCH_THRESHOLD_SERVICE8': '100', 'SLOWPOKE_IS_TARGET_SERVICE_SERVICE8': 'false', 'SLOWPOKE_DELAY_MICROS_SERVICE9': '0.0', 'SLOWPOKE_POKER_BATCH_THRESHOLD_SERVICE9': '100', 'SLOWPOKE_IS_TARGET_SERVICE_SERVICE9': 'false', 'SLOWPOKE_DELAY_MICROS_SERVICE10': '0.0', 'SLOWPOKE_POKER_BATCH_THRESHOLD_SERVICE10': '100', 'SLOWPOKE_IS_TARGET_SERVICE_SERVICE10': 'false', 'SLOWPOKE_DELAY_MICROS_SERVICE11': '0.0', 'SLOWPOKE_POKER_BATCH_THRESHOLD_SERVICE11': '100', 'SLOWPOKE_IS_TARGET_SERVICE_SERVICE11': 'false', 'SLOWPOKE_DELAY_MICROS_SERVICE12': '0.0', 'SLOWPOKE_POKER_BATCH_THRESHOLD_SERVICE12': '100', 'SLOWPOKE_IS_TARGET_SERVICE_SERVICE12': 'false', 'SLOWPOKE_DELAY_MICROS_SERVICE13': '0.0', 'SLOWPOKE_POKER_BATCH_THRESHOLD_SERVICE13': '100', 'SLOWPOKE_IS_TARGET_SERVICE_SERVICE13': 'false', 'SLOWPOKE_DELAY_MICROS_SERVICE14': '0.0', 'SLOWPOKE_POKER_BATCH_THRESHOLD_SERVICE14': '100', 'SLOWPOKE_IS_TARGET_SERVICE_SERVICE14': 'false', 'SLOWPOKE_DELAY_MICROS_SERVICE15': '0.0', 'SLOWPOKE_POKER_BATCH_THRESHOLD_SERVICE15': '100', 'SLOWPOKE_IS_TARGET_SERVICE_SERVICE15': 'false', 'SLOWPOKE_DELAY_MICROS_SERVICE16': '0.0', 'SLOWPOKE_POKER_BATCH_THRESHOLD_SERVICE16': '100', 'SLOWPOKE_IS_TARGET_SERVICE_SERVICE16': 'false', 'SLOWPOKE_DELAY_MICROS_SERVICE17': '0.0', 'SLOWPOKE_POKER_BATCH_THRESHOLD_SERVICE17': '100', 'SLOWPOKE_IS_TARGET_SERVICE_SERVICE17': 'false', 'SLOWPOKE_DELAY_MICROS_SERVICE18': '0.0', 'SLOWPOKE_POKER_BATCH_THRESHOLD_SERVICE18': '100', 'SLOWPOKE_IS_TARGET_SERVICE_SERVICE18': 'false', 'SLOWPOKE_DELAY_MICROS_SERVICE19': '0.0', 'SLOWPOKE_POKER_BATCH_THRESHOLD_SERVICE19': '100', 'SLOWPOKE_IS_TARGET_SERVICE_SERVICE19': 'false', 'SLOWPOKE_DELAY_MICROS_SERVICE20': '0.0', 'SLOWPOKE_POKER_BATCH_THRESHOLD_SERVICE20': '100', 'SLOWPOKE_IS_TARGET_SERVICE_SERVICE20': 'false', 'SLOWPOKE_DELAY_MICROS_SERVICE21': '0.0', 'SLOWPOKE_POKER_BATCH_THRESHOLD_SERVICE21': '100', 'SLOWPOKE_IS_TARGET_SERVICE_SERVICE21': 'false', 'SLOWPOKE_DELAY_MICROS_SERVICE22': '0.0', 'SLOWPOKE_POKER_BATCH_THRESHOLD_SERVICE22': '100', 'SLOWPOKE_IS_TARGET_SERVICE_SERVICE22': 'false', 'SLOWPOKE_DELAY_MICROS_SERVICE23': '0.0', 'SLOWPOKE_POKER_BATCH_THRESHOLD_SERVICE23': '100', 'SLOWPOKE_IS_TARGET_SERVICE_SERVICE23': 'false', 'SLOWPOKE_DELAY_MICROS_SERVICE24': '0.0', 'SLOWPOKE_POKER_BATCH_THRESHOLD_SERVICE24': '100', 'SLOWPOKE_IS_TARGET_SERVICE_SERVICE24': 'false', 'SLOWPOKE_DELAY_MICROS_SERVICE25': '0.0', 'SLOWPOKE_POKER_BATCH_THRESHOLD_SERVICE25': '100', 'SLOWPOKE_IS_TARGET_SERVICE_SERVICE25': 'false', 'SLOWPOKE_DELAY_MICROS_SERVICE26': '0.0', 'SLOWPOKE_POKER_BATCH_THRESHOLD_SERVICE26': '100', 'SLOWPOKE_IS_TARGET_SERVICE_SERVICE26': 'false', 'SLOWPOKE_DELAY_MICROS_SERVICE27': '0.0', 'SLOWPOKE_POKER_BATCH_THRESHOLD_SERVICE27': '100', 'SLOWPOKE_IS_TARGET_SERVICE_SERVICE27': 'false', 'SLOWPOKE_DELAY_MICROS_SERVICE28': '0.0', 'SLOWPOKE_POKER_BATCH_THRESHOLD_SERVICE28': '100', 'SLOWPOKE_IS_TARGET_SERVICE_SERVICE28': 'false', 'SLOWPOKE_DELAY_MICROS_SERVICE29': '0.0', 'SLOWPOKE_POKER_BATCH_THRESHOLD_SERVICE29': '100', 'SLOWPOKE_IS_TARGET_SERVICE_SERVICE29': 'false', 'SLOWPOKE_DELAY_MICROS_SERVICE30': '0.0', 'SLOWPOKE_POKER_BATCH_THRESHOLD_SERVICE30': '100', 'SLOWPOKE_IS_TARGET_SERVICE_SERVICE30': 'false', 'SLOWPOKE_DELAY_MICROS_SERVICE31': '0.0', 'SLOWPOKE_POKER_BATCH_THRESHOLD_SERVICE31': '100', 'SLOWPOKE_IS_TARGET_SERVICE_SERVICE31': 'false', 'SLOWPOKE_DELAY_MICROS_SERVICE32': '0.0', 'SLOWPOKE_POKER_BATCH_THRESHOLD_SERVICE32': '100', 'SLOWPOKE_IS_TARGET_SERVICE_SERVICE32': 'false', 'SLOWPOKE_DELAY_MICROS_SERVICE33': '0.0', 'SLOWPOKE_POKER_BATCH_THRESHOLD_SERVICE33': '100', 'SLOWPOKE_IS_TARGET_SERVICE_SERVICE33': 'false', 'SLOWPOKE_DELAY_MICROS_SERVICE34': '0.0', 'SLOWPOKE_POKER_BATCH_THRESHOLD_SERVICE34': '100', 'SLOWPOKE_IS_TARGET_SERVICE_SERVICE34': 'false', 'SLOWPOKE_DELAY_MICROS_SERVICE35': '0.0', 'SLOWPOKE_POKER_BATCH_THRESHOLD_SERVICE35': '100', 'SLOWPOKE_IS_TARGET_SERVICE_SERVICE35': 'false', 'SLOWPOKE_DELAY_MICROS_SERVICE36': '0.0', 'SLOWPOKE_POKER_BATCH_THRESHOLD_SERVICE36': '100', 'SLOWPOKE_IS_TARGET_SERVICE_SERVICE36': 'false', 'SLOWPOKE_DELAY_MICROS_SERVICE37': '0.0', 'SLOWPOKE_POKER_BATCH_THRESHOLD_SERVICE37': '100', 'SLOWPOKE_IS_TARGET_SERVICE_SERVICE37': 'false', 'SLOWPOKE_DELAY_MICROS_SERVICE38': '0.0', 'SLOWPOKE_POKER_BATCH_THRESHOLD_SERVICE38': '100', 'SLOWPOKE_IS_TARGET_SERVICE_SERVICE38': 'false', 'SLOWPOKE_DELAY_MICROS_SERVICE39': '0.0', 'SLOWPOKE_POKER_BATCH_THRESHOLD_SERVICE39': '100', 'SLOWPOKE_IS_TARGET_SERVICE_SERVICE39': 'false', 'SLOWPOKE_DELAY_MICROS_SERVICE40': '0.0', 'SLOWPOKE_POKER_BATCH_THRESHOLD_SERVICE40': '100', 'SLOWPOKE_IS_TARGET_SERVICE_SERVICE40': 'false', 'SLOWPOKE_DELAY_MICROS_SERVICE41': '0.0', 'SLOWPOKE_POKER_BATCH_THRESHOLD_SERVICE41': '100', 'SLOWPOKE_IS_TARGET_SERVICE_SERVICE41': 'false', 'SLOWPOKE_DELAY_MICROS_SERVICE42': '0.0', 'SLOWPOKE_POKER_BATCH_THRESHOLD_SERVICE42': '100', 'SLOWPOKE_IS_TARGET_SERVICE_SERVICE42': 'false'}
    [exp] Executing cmd `bash run.sh synthetic large-scale 8 128 10000`:
        [run.sh] Running benchmark synthetic with request large-scale, thread 8, conn 128, duration 60
        [run.sh] Deleting all services
        configmap "config-service0" deleted
        deployment.apps "service0" deleted
        service "service0" deleted
        configmap "config-service1" deleted
        deployment.apps "service1" deleted
        service "service1" deleted
        configmap "config-service10" deleted
        deployment.apps "service10" deleted
        service "service10" deleted
        configmap "config-service11" deleted
        deployment.apps "service11" deleted
        service "service11" deleted
        configmap "config-service12" deleted
        deployment.apps "service12" deleted
        service "service12" deleted
        configmap "config-service13" deleted
        deployment.apps "service13" deleted
        service "service13" deleted
        configmap "config-service14" deleted
        deployment.apps "service14" deleted
        service "service14" deleted
        configmap "config-service15" deleted
        deployment.apps "service15" deleted
        service "service15" deleted
        configmap "config-service16" deleted
        deployment.apps "service16" deleted
        service "service16" deleted
        configmap "config-service17" deleted
        deployment.apps "service17" deleted
        service "service17" deleted
        configmap "config-service18" deleted
        deployment.apps "service18" deleted
        service "service18" deleted
        configmap "config-service19" deleted
        deployment.apps "service19" deleted
        service "service19" deleted
        configmap "config-service2" deleted
        deployment.apps "service2" deleted
        service "service2" deleted
        configmap "config-service20" deleted
        deployment.apps "service20" deleted
        service "service20" deleted
        configmap "config-service21" deleted
        deployment.apps "service21" deleted
        service "service21" deleted
        configmap "config-service22" deleted
        deployment.apps "service22" deleted
        service "service22" deleted
        configmap "config-service23" deleted
        deployment.apps "service23" deleted
        service "service23" deleted
        configmap "config-service24" deleted
        deployment.apps "service24" deleted
        service "service24" deleted
        configmap "config-service25" deleted
        deployment.apps "service25" deleted
        service "service25" deleted
        configmap "config-service26" deleted
        deployment.apps "service26" deleted
        service "service26" deleted
        configmap "config-service27" deleted
        deployment.apps "service27" deleted
        service "service27" deleted
        configmap "config-service28" deleted
        deployment.apps "service28" deleted
        service "service28" deleted
        configmap "config-service29" deleted
        deployment.apps "service29" deleted
        service "service29" deleted
        configmap "config-service3" deleted
        deployment.apps "service3" deleted
        service "service3" deleted
        configmap "config-service30" deleted
        deployment.apps "service30" deleted
        service "service30" deleted
        configmap "config-service31" deleted
        deployment.apps "service31" deleted
        service "service31" deleted
        configmap "config-service32" deleted
        deployment.apps "service32" deleted
        service "service32" deleted
        configmap "config-service33" deleted
        deployment.apps "service33" deleted
        service "service33" deleted
        configmap "config-service34" deleted
        deployment.apps "service34" deleted
        service "service34" deleted
        configmap "config-service35" deleted
        deployment.apps "service35" deleted
        service "service35" deleted
        configmap "config-service36" deleted
        deployment.apps "service36" deleted
        service "service36" deleted
        configmap "config-service37" deleted
        deployment.apps "service37" deleted
        service "service37" deleted
        configmap "config-service38" deleted
        deployment.apps "service38" deleted
        service "service38" deleted
        configmap "config-service39" deleted
        deployment.apps "service39" deleted
        service "service39" deleted
        configmap "config-service4" deleted
        deployment.apps "service4" deleted
        service "service4" deleted
        configmap "config-service40" deleted
        deployment.apps "service40" deleted
        service "service40" deleted
        configmap "config-service41" deleted
        deployment.apps "service41" deleted
        service "service41" deleted
        configmap "config-service42" deleted
        deployment.apps "service42" deleted
        service "service42" deleted
        configmap "config-service5" deleted
        deployment.apps "service5" deleted
        service "service5" deleted
        configmap "config-service6" deleted
        deployment.apps "service6" deleted
        service "service6" deleted
        configmap "config-service7" deleted
        deployment.apps "service7" deleted
        service "service7" deleted
        configmap "config-service8" deleted
        deployment.apps "service8" deleted
        service "service8" deleted
        configmap "config-service9" deleted
        deployment.apps "service9" deleted
        service "service9" deleted
        deployment.apps "ubuntu-client" deleted
        [run.sh] Waiting for all pods to be deleted
        [run.sh] Deploying all services
        configmap/config-service0 created
        deployment.apps/service0 created
        service/service0 created
        configmap/config-service1 created
        deployment.apps/service1 created
        service/service1 created
        configmap/config-service10 created
        deployment.apps/service10 created
        service/service10 created
        configmap/config-service11 created
        deployment.apps/service11 created
        service/service11 created
        configmap/config-service12 created
        deployment.apps/service12 created
        service/service12 created
        configmap/config-service13 created
        deployment.apps/service13 created
        service/service13 created
        configmap/config-service14 created
        deployment.apps/service14 created
        service/service14 created
        configmap/config-service15 created
        deployment.apps/service15 created
        service/service15 created
        configmap/config-service16 created
        deployment.apps/service16 created
        service/service16 created
        configmap/config-service17 created
        deployment.apps/service17 created
        service/service17 created
        configmap/config-service18 created
        deployment.apps/service18 created
        service/service18 created
        configmap/config-service19 created
        deployment.apps/service19 created
        service/service19 created
        configmap/config-service2 created
        deployment.apps/service2 created
        service/service2 created
        configmap/config-service20 created
        deployment.apps/service20 created
        service/service20 created
        configmap/config-service21 created
        deployment.apps/service21 created
        service/service21 created
        configmap/config-service22 created
        deployment.apps/service22 created
        service/service22 created
        configmap/config-service23 created
        deployment.apps/service23 created
        service/service23 created
        configmap/config-service24 created
        deployment.apps/service24 created
        service/service24 created
        configmap/config-service25 created
        deployment.apps/service25 created
        service/service25 created
        configmap/config-service26 created
        deployment.apps/service26 created
        service/service26 created
        configmap/config-service27 created
        deployment.apps/service27 created
        service/service27 created
        configmap/config-service28 created
        deployment.apps/service28 created
        service/service28 created
        configmap/config-service29 created
        deployment.apps/service29 created
        service/service29 created
        configmap/config-service3 created
        deployment.apps/service3 created
        service/service3 created
        configmap/config-service30 created
        deployment.apps/service30 created
        service/service30 created
        configmap/config-service31 created
        deployment.apps/service31 created
        service/service31 created
        configmap/config-service32 created
        deployment.apps/service32 created
        service/service32 created
        configmap/config-service33 created
        deployment.apps/service33 created
        service/service33 created
        configmap/config-service34 created
        deployment.apps/service34 created
        service/service34 created
        configmap/config-service35 created
        deployment.apps/service35 created
        service/service35 created
        configmap/config-service36 created
        deployment.apps/service36 created
        service/service36 created
        configmap/config-service37 created
        deployment.apps/service37 created
        service/service37 created
        configmap/config-service38 created
        deployment.apps/service38 created
        service/service38 created
        configmap/config-service39 created
        deployment.apps/service39 created
        service/service39 created
        configmap/config-service4 created
        deployment.apps/service4 created
        service/service4 created
        configmap/config-service40 created
        deployment.apps/service40 created
        service/service40 created
        configmap/config-service41 created
        deployment.apps/service41 created
        service/service41 created
        configmap/config-service42 created
        deployment.apps/service42 created
        service/service42 created
        configmap/config-service5 created
        deployment.apps/service5 created
        service/service5 created
        configmap/config-service6 created
        deployment.apps/service6 created
        service/service6 created
        configmap/config-service7 created
        deployment.apps/service7 created
        service/service7 created
        configmap/config-service8 created
        deployment.apps/service8 created
        service/service8 created
        configmap/config-service9 created
        deployment.apps/service9 created
        service/service9 created
        [run.sh] Client pod not found, deploying client
        deployment.apps/ubuntu-client created
        [run.sh] Waiting for all pods to be running
        [run.sh] All pods are running
        [run.sh] Running warmup test
        [run.sh] /wrk/wrk -t8 -c128 --timeout 10s -d10s -L http://service0:80/endpoint1
        Running 10s test @ http://service0:80/endpoint1
        8 threads and 128 connections
        Thread Stats   Avg      Stdev     Max   +/- Stdev
        Latency   658.96ms  920.88ms   3.62s    84.94%
        Req/Sec    75.85     38.09   180.00     69.08%
        Latency Distribution
        50%  232.90ms
        75%  574.69ms
        90%    2.27s
        99%    3.51s
        4050 requests in 10.10s, 628.86KB read
        Requests/sec:    400.99
        Transfer/sec:     62.26KB
        [run.sh] Speed is 400.99, duration is 37
        [run.sh] Fix the request number.
        [run.sh] Running the actual test
        [run.sh] /wrk/wrk --timeout 20s -t8 -c128 -d37s -L -s /wrk/fix_req_n.lua http://service0:80/endpoint1
        [run.sh] Checking the resource usage
        NAME                             CPU(cores)   MEMORY(bytes)
        service0-69955d4677-l4qw8        365m         46Mi
        service1-58c95cb96-fnw4v         131m         34Mi
        service10-9549b4cd-c6ftl         75m          10Mi
        service11-b76846c44-rmn65        1m           11Mi
        service12-8ddc6874b-fmddl        1m           9Mi
        service13-6dc48cb75b-zs5ct       1m           10Mi
        service14-6fdd479dcd-5wwk5       34m          9Mi
        service15-6bc59bd7d4-fc5rq       1m           9Mi
        service16-7886b6b8d6-hbwxj       64m          12Mi
        service17-7b5f6467b8-5xkmn       20m          8Mi
        service18-65595ccfd6-xnt4z       1m           9Mi
        service19-55c65f57c6-jqgsc       1m           8Mi
        service2-5d59c5bd5d-fk2sf        282m         31Mi
        service20-58b86cfc4d-9p67n       19m          8Mi
        service21-8d587d69d-fpnkh        38m          8Mi
        service22-55796dcf9b-22qmd       7m           10Mi
        service23-599c6478cd-gzwgm       21m          8Mi
        service24-655749d78d-n6zpw       1m           8Mi
        service25-656bf89c8b-fd75v       17m          10Mi
        service26-5fcc5669d4-f9glp       1m           10Mi
        service27-8687746986-sbqpk       1m           10Mi
        service28-6bbbb998d8-lhqnj       12m          11Mi
        service29-655dfdfd6b-4d5xq       1m           10Mi
        service3-564487d7d8-vkkdz        242m         25Mi
        service30-6d966bbbcd-wkqvm       1m           10Mi
        service31-9476bd9bd-jz7pw        1m           8Mi
        service32-64b88b58b-hr6cx        1m           9Mi
        service33-69bdf8b97b-cdphj       5m           9Mi
        service34-9d9487db6-2w8v4        9m           10Mi
        service35-575bf5bbb8-vm6pl       4m           9Mi
        service36-765d6cd758-kqsgd       1m           8Mi
        service37-66f4568564-jxnfd       7m           8Mi
        service38-56fc9c9b7d-hmcxg       12m          8Mi
        service39-5b478bd9b-9w55p        33m          8Mi
        service4-6bfbd6d59c-j77gt        426m         41Mi
        service40-7c5d878d8d-98s7q       1m           8Mi
        service41-567cc54974-nrhv4       1m           8Mi
        service42-6c5db85bd-dbcz5        1m           10Mi
        service5-ffd8ccc6-xb42p          306m         29Mi
        service6-6b89db49b6-qnrhn        152m         27Mi
        service7-845b5b8588-ftwzv        57m          10Mi
        service8-7c9f97fd46-sddjg        87m          10Mi
        service9-7cb9cf658d-txxdn        15m          10Mi
        ubuntu-client-76886f6bbd-fnznt   5m           6Mi
        Running 37s test @ http://service0:80/endpoint1
        8 threads and 128 connections
        Thread Stats   Avg      Stdev     Max   +/- Stdev
        Latency   205.94ms  139.49ms   1.14s    78.34%
        Req/Sec    77.25     34.19   181.00     66.49%
        Latency Distribution
        50%  167.85ms
        75%  251.90ms
        90%  395.13ms
        99%  697.69ms
        10001 requests in 37.00s, 1.52MB read
        Requests/sec:    270.30
        Transfer/sec:     41.97KB
        ------------------------------
        stop time: 15.462036
        stop time: 16.311361
        stop time: 16.382132
        stop time: 16.403449
        stop time: 16.456822
        stop time: 16.364593
        stop time: 16.449305
        stop time: 16.065817
        [run.sh] Test finished with status 0
        > STDERR
        > No resources found in default namespace.
    [exp] Times: [15.462036, 16.311361, 16.382132, 16.403449, 16.456822, 16.364593, 16.449305, 16.065817]
    [exp] Throughput: 615.8796167827658
[test.py] Baseline throughput: 615.8796167827658
[test.py] Running 0th optmization experiment
[test.py] Running 0th groundtruth exp
    [exp] Running (pre_run: False) workload synthetic/large-scale request with the following configuration: {'CLIENT_CPU_QUOTA': '2', 'SLOWPOKE_POKER_BATCH_THRESHOLD': '20000000', 'PROCESSING_TIME_SERVICE4': '0.001174', 'PROCESSING_TIME_SERVICE0': '0.00114823', 'PROCESSING_TIME_SERVICE1': '0.00112713', 'PROCESSING_TIME_SERVICE2': '0.00112567', 'PROCESSING_TIME_SERVICE3': '0.00108198', 'PROCESSING_TIME_SERVICE5': '0.00092397', 'PROCESSING_TIME_SERVICE6': '0.00091663', 'PROCESSING_TIME_SERVICE7': '0.0008445', 'PROCESSING_TIME_SERVICE8': '0.00082763', 'PROCESSING_TIME_SERVICE9': '0.00082746', 'PROCESSING_TIME_SERVICE10': '0.00081339', 'PROCESSING_TIME_SERVICE11': '0.00079052', 'PROCESSING_TIME_SERVICE12': '0.00076379', 'PROCESSING_TIME_SERVICE13': '0.00073892', 'PROCESSING_TIME_SERVICE14': '0.00071725', 'PROCESSING_TIME_SERVICE15': '0.0007103', 'PROCESSING_TIME_SERVICE16': '0.00064814', 'PROCESSING_TIME_SERVICE17': '0.00063596', 'PROCESSING_TIME_SERVICE18': '0.00063485', 'PROCESSING_TIME_SERVICE19': '0.00062251', 'PROCESSING_TIME_SERVICE20': '0.0006121', 'PROCESSING_TIME_SERVICE21': '0.00060493', 'PROCESSING_TIME_SERVICE22': '0.00059362', 'PROCESSING_TIME_SERVICE23': '0.00058652', 'PROCESSING_TIME_SERVICE24': '0.00058578', 'PROCESSING_TIME_SERVICE25': '0.00055957', 'PROCESSING_TIME_SERVICE26': '0.00054507', 'PROCESSING_TIME_SERVICE27': '0.00050763', 'PROCESSING_TIME_SERVICE28': '0.00045135', 'PROCESSING_TIME_SERVICE29': '0.00044947', 'PROCESSING_TIME_SERVICE30': '0.00043772', 'PROCESSING_TIME_SERVICE31': '0.00040844', 'PROCESSING_TIME_SERVICE32': '0.00039446', 'PROCESSING_TIME_SERVICE33': '0.00037979', 'PROCESSING_TIME_SERVICE34': '0.00033094', 'PROCESSING_TIME_SERVICE35': '0.00032007', 'PROCESSING_TIME_SERVICE36': '0.00031273', 'PROCESSING_TIME_SERVICE37': '0.00027061', 'PROCESSING_TIME_SERVICE38': '0.00026683', 'PROCESSING_TIME_SERVICE39': '0.00023522', 'PROCESSING_TIME_SERVICE40': '0.00023345', 'PROCESSING_TIME_SERVICE41': '0.00015364', 'PROCESSING_TIME_SERVICE42': '9.551e-05', 'SLOWPOKE_DELAY_MICROS_SERVICE4': '0.0', 'SLOWPOKE_POKER_BATCH_THRESHOLD_SERVICE4': '100', 'SLOWPOKE_IS_TARGET_SERVICE_SERVICE4': 'true', 'SLOWPOKE_DELAY_MICROS_SERVICE0': '0.0', 'SLOWPOKE_POKER_BATCH_THRESHOLD_SERVICE0': '100', 'SLOWPOKE_IS_TARGET_SERVICE_SERVICE0': 'false', 'SLOWPOKE_DELAY_MICROS_SERVICE1': '0.0', 'SLOWPOKE_POKER_BATCH_THRESHOLD_SERVICE1': '100', 'SLOWPOKE_IS_TARGET_SERVICE_SERVICE1': 'false', 'SLOWPOKE_DELAY_MICROS_SERVICE2': '0.0', 'SLOWPOKE_POKER_BATCH_THRESHOLD_SERVICE2': '100', 'SLOWPOKE_IS_TARGET_SERVICE_SERVICE2': 'false', 'SLOWPOKE_DELAY_MICROS_SERVICE3': '0.0', 'SLOWPOKE_POKER_BATCH_THRESHOLD_SERVICE3': '100', 'SLOWPOKE_IS_TARGET_SERVICE_SERVICE3': 'false', 'SLOWPOKE_DELAY_MICROS_SERVICE5': '0.0', 'SLOWPOKE_POKER_BATCH_THRESHOLD_SERVICE5': '100', 'SLOWPOKE_IS_TARGET_SERVICE_SERVICE5': 'false', 'SLOWPOKE_DELAY_MICROS_SERVICE6': '0.0', 'SLOWPOKE_POKER_BATCH_THRESHOLD_SERVICE6': '100', 'SLOWPOKE_IS_TARGET_SERVICE_SERVICE6': 'false', 'SLOWPOKE_DELAY_MICROS_SERVICE7': '0.0', 'SLOWPOKE_POKER_BATCH_THRESHOLD_SERVICE7': '100', 'SLOWPOKE_IS_TARGET_SERVICE_SERVICE7': 'false', 'SLOWPOKE_DELAY_MICROS_SERVICE8': '0.0', 'SLOWPOKE_POKER_BATCH_THRESHOLD_SERVICE8': '100', 'SLOWPOKE_IS_TARGET_SERVICE_SERVICE8': 'false', 'SLOWPOKE_DELAY_MICROS_SERVICE9': '0.0', 'SLOWPOKE_POKER_BATCH_THRESHOLD_SERVICE9': '100', 'SLOWPOKE_IS_TARGET_SERVICE_SERVICE9': 'false', 'SLOWPOKE_DELAY_MICROS_SERVICE10': '0.0', 'SLOWPOKE_POKER_BATCH_THRESHOLD_SERVICE10': '100', 'SLOWPOKE_IS_TARGET_SERVICE_SERVICE10': 'false', 'SLOWPOKE_DELAY_MICROS_SERVICE11': '0.0', 'SLOWPOKE_POKER_BATCH_THRESHOLD_SERVICE11': '100', 'SLOWPOKE_IS_TARGET_SERVICE_SERVICE11': 'false', 'SLOWPOKE_DELAY_MICROS_SERVICE12': '0.0', 'SLOWPOKE_POKER_BATCH_THRESHOLD_SERVICE12': '100', 'SLOWPOKE_IS_TARGET_SERVICE_SERVICE12': 'false', 'SLOWPOKE_DELAY_MICROS_SERVICE13': '0.0', 'SLOWPOKE_POKER_BATCH_THRESHOLD_SERVICE13': '100', 'SLOWPOKE_IS_TARGET_SERVICE_SERVICE13': 'false', 'SLOWPOKE_DELAY_MICROS_SERVICE14': '0.0', 'SLOWPOKE_POKER_BATCH_THRESHOLD_SERVICE14': '100', 'SLOWPOKE_IS_TARGET_SERVICE_SERVICE14': 'false', 'SLOWPOKE_DELAY_MICROS_SERVICE15': '0.0', 'SLOWPOKE_POKER_BATCH_THRESHOLD_SERVICE15': '100', 'SLOWPOKE_IS_TARGET_SERVICE_SERVICE15': 'false', 'SLOWPOKE_DELAY_MICROS_SERVICE16': '0.0', 'SLOWPOKE_POKER_BATCH_THRESHOLD_SERVICE16': '100', 'SLOWPOKE_IS_TARGET_SERVICE_SERVICE16': 'false', 'SLOWPOKE_DELAY_MICROS_SERVICE17': '0.0', 'SLOWPOKE_POKER_BATCH_THRESHOLD_SERVICE17': '100', 'SLOWPOKE_IS_TARGET_SERVICE_SERVICE17': 'false', 'SLOWPOKE_DELAY_MICROS_SERVICE18': '0.0', 'SLOWPOKE_POKER_BATCH_THRESHOLD_SERVICE18': '100', 'SLOWPOKE_IS_TARGET_SERVICE_SERVICE18': 'false', 'SLOWPOKE_DELAY_MICROS_SERVICE19': '0.0', 'SLOWPOKE_POKER_BATCH_THRESHOLD_SERVICE19': '100', 'SLOWPOKE_IS_TARGET_SERVICE_SERVICE19': 'false', 'SLOWPOKE_DELAY_MICROS_SERVICE20': '0.0', 'SLOWPOKE_POKER_BATCH_THRESHOLD_SERVICE20': '100', 'SLOWPOKE_IS_TARGET_SERVICE_SERVICE20': 'false', 'SLOWPOKE_DELAY_MICROS_SERVICE21': '0.0', 'SLOWPOKE_POKER_BATCH_THRESHOLD_SERVICE21': '100', 'SLOWPOKE_IS_TARGET_SERVICE_SERVICE21': 'false', 'SLOWPOKE_DELAY_MICROS_SERVICE22': '0.0', 'SLOWPOKE_POKER_BATCH_THRESHOLD_SERVICE22': '100', 'SLOWPOKE_IS_TARGET_SERVICE_SERVICE22': 'false', 'SLOWPOKE_DELAY_MICROS_SERVICE23': '0.0', 'SLOWPOKE_POKER_BATCH_THRESHOLD_SERVICE23': '100', 'SLOWPOKE_IS_TARGET_SERVICE_SERVICE23': 'false', 'SLOWPOKE_DELAY_MICROS_SERVICE24': '0.0', 'SLOWPOKE_POKER_BATCH_THRESHOLD_SERVICE24': '100', 'SLOWPOKE_IS_TARGET_SERVICE_SERVICE24': 'false', 'SLOWPOKE_DELAY_MICROS_SERVICE25': '0.0', 'SLOWPOKE_POKER_BATCH_THRESHOLD_SERVICE25': '100', 'SLOWPOKE_IS_TARGET_SERVICE_SERVICE25': 'false', 'SLOWPOKE_DELAY_MICROS_SERVICE26': '0.0', 'SLOWPOKE_POKER_BATCH_THRESHOLD_SERVICE26': '100', 'SLOWPOKE_IS_TARGET_SERVICE_SERVICE26': 'false', 'SLOWPOKE_DELAY_MICROS_SERVICE27': '0.0', 'SLOWPOKE_POKER_BATCH_THRESHOLD_SERVICE27': '100', 'SLOWPOKE_IS_TARGET_SERVICE_SERVICE27': 'false', 'SLOWPOKE_DELAY_MICROS_SERVICE28': '0.0', 'SLOWPOKE_POKER_BATCH_THRESHOLD_SERVICE28': '100', 'SLOWPOKE_IS_TARGET_SERVICE_SERVICE28': 'false', 'SLOWPOKE_DELAY_MICROS_SERVICE29': '0.0', 'SLOWPOKE_POKER_BATCH_THRESHOLD_SERVICE29': '100', 'SLOWPOKE_IS_TARGET_SERVICE_SERVICE29': 'false', 'SLOWPOKE_DELAY_MICROS_SERVICE30': '0.0', 'SLOWPOKE_POKER_BATCH_THRESHOLD_SERVICE30': '100', 'SLOWPOKE_IS_TARGET_SERVICE_SERVICE30': 'false', 'SLOWPOKE_DELAY_MICROS_SERVICE31': '0.0', 'SLOWPOKE_POKER_BATCH_THRESHOLD_SERVICE31': '100', 'SLOWPOKE_IS_TARGET_SERVICE_SERVICE31': 'false', 'SLOWPOKE_DELAY_MICROS_SERVICE32': '0.0', 'SLOWPOKE_POKER_BATCH_THRESHOLD_SERVICE32': '100', 'SLOWPOKE_IS_TARGET_SERVICE_SERVICE32': 'false', 'SLOWPOKE_DELAY_MICROS_SERVICE33': '0.0', 'SLOWPOKE_POKER_BATCH_THRESHOLD_SERVICE33': '100', 'SLOWPOKE_IS_TARGET_SERVICE_SERVICE33': 'false', 'SLOWPOKE_DELAY_MICROS_SERVICE34': '0.0', 'SLOWPOKE_POKER_BATCH_THRESHOLD_SERVICE34': '100', 'SLOWPOKE_IS_TARGET_SERVICE_SERVICE34': 'false', 'SLOWPOKE_DELAY_MICROS_SERVICE35': '0.0', 'SLOWPOKE_POKER_BATCH_THRESHOLD_SERVICE35': '100', 'SLOWPOKE_IS_TARGET_SERVICE_SERVICE35': 'false', 'SLOWPOKE_DELAY_MICROS_SERVICE36': '0.0', 'SLOWPOKE_POKER_BATCH_THRESHOLD_SERVICE36': '100', 'SLOWPOKE_IS_TARGET_SERVICE_SERVICE36': 'false', 'SLOWPOKE_DELAY_MICROS_SERVICE37': '0.0', 'SLOWPOKE_POKER_BATCH_THRESHOLD_SERVICE37': '100', 'SLOWPOKE_IS_TARGET_SERVICE_SERVICE37': 'false', 'SLOWPOKE_DELAY_MICROS_SERVICE38': '0.0', 'SLOWPOKE_POKER_BATCH_THRESHOLD_SERVICE38': '100', 'SLOWPOKE_IS_TARGET_SERVICE_SERVICE38': 'false', 'SLOWPOKE_DELAY_MICROS_SERVICE39': '0.0', 'SLOWPOKE_POKER_BATCH_THRESHOLD_SERVICE39': '100', 'SLOWPOKE_IS_TARGET_SERVICE_SERVICE39': 'false', 'SLOWPOKE_DELAY_MICROS_SERVICE40': '0.0', 'SLOWPOKE_POKER_BATCH_THRESHOLD_SERVICE40': '100', 'SLOWPOKE_IS_TARGET_SERVICE_SERVICE40': 'false', 'SLOWPOKE_DELAY_MICROS_SERVICE41': '0.0', 'SLOWPOKE_POKER_BATCH_THRESHOLD_SERVICE41': '100', 'SLOWPOKE_IS_TARGET_SERVICE_SERVICE41': 'false', 'SLOWPOKE_DELAY_MICROS_SERVICE42': '0.0', 'SLOWPOKE_POKER_BATCH_THRESHOLD_SERVICE42': '100', 'SLOWPOKE_IS_TARGET_SERVICE_SERVICE42': 'false'}
    [exp] Executing cmd `bash run.sh synthetic large-scale 8 128 10000`:
        [run.sh] Running benchmark synthetic with request large-scale, thread 8, conn 128, duration 60
        [run.sh] Deleting all services
        configmap "config-service0" deleted
        deployment.apps "service0" deleted
        service "service0" deleted
        configmap "config-service1" deleted
        deployment.apps "service1" deleted
        service "service1" deleted
        configmap "config-service10" deleted
        deployment.apps "service10" deleted
        service "service10" deleted
        configmap "config-service11" deleted
        deployment.apps "service11" deleted
        service "service11" deleted
        configmap "config-service12" deleted
        deployment.apps "service12" deleted
        service "service12" deleted
        configmap "config-service13" deleted
        deployment.apps "service13" deleted
        service "service13" deleted
        configmap "config-service14" deleted
        deployment.apps "service14" deleted
        service "service14" deleted
        configmap "config-service15" deleted
        deployment.apps "service15" deleted
        service "service15" deleted
        configmap "config-service16" deleted
        deployment.apps "service16" deleted
        service "service16" deleted
        configmap "config-service17" deleted
        deployment.apps "service17" deleted
        service "service17" deleted
        configmap "config-service18" deleted
        deployment.apps "service18" deleted
        service "service18" deleted
        configmap "config-service19" deleted
        deployment.apps "service19" deleted
        service "service19" deleted
        configmap "config-service2" deleted
        deployment.apps "service2" deleted
        service "service2" deleted
        configmap "config-service20" deleted
        deployment.apps "service20" deleted
        service "service20" deleted
        configmap "config-service21" deleted
        deployment.apps "service21" deleted
        service "service21" deleted
        configmap "config-service22" deleted
        deployment.apps "service22" deleted
        service "service22" deleted
        configmap "config-service23" deleted
        deployment.apps "service23" deleted
        service "service23" deleted
        configmap "config-service24" deleted
        deployment.apps "service24" deleted
        service "service24" deleted
        configmap "config-service25" deleted
        deployment.apps "service25" deleted
        service "service25" deleted
        configmap "config-service26" deleted
        deployment.apps "service26" deleted
        service "service26" deleted
        configmap "config-service27" deleted
        deployment.apps "service27" deleted
        service "service27" deleted
        configmap "config-service28" deleted
        deployment.apps "service28" deleted
        service "service28" deleted
        configmap "config-service29" deleted
        deployment.apps "service29" deleted
        service "service29" deleted
        configmap "config-service3" deleted
        deployment.apps "service3" deleted
        service "service3" deleted
        configmap "config-service30" deleted
        deployment.apps "service30" deleted
        service "service30" deleted
        configmap "config-service31" deleted
        deployment.apps "service31" deleted
        service "service31" deleted
        configmap "config-service32" deleted
        deployment.apps "service32" deleted
        service "service32" deleted
        configmap "config-service33" deleted
        deployment.apps "service33" deleted
        service "service33" deleted
        configmap "config-service34" deleted
        deployment.apps "service34" deleted
        service "service34" deleted
        configmap "config-service35" deleted
        deployment.apps "service35" deleted
        service "service35" deleted
        configmap "config-service36" deleted
        deployment.apps "service36" deleted
        service "service36" deleted
        configmap "config-service37" deleted
        deployment.apps "service37" deleted
        service "service37" deleted
        configmap "config-service38" deleted
        deployment.apps "service38" deleted
        service "service38" deleted
        configmap "config-service39" deleted
        deployment.apps "service39" deleted
        service "service39" deleted
        configmap "config-service4" deleted
        deployment.apps "service4" deleted
        service "service4" deleted
        configmap "config-service40" deleted
        deployment.apps "service40" deleted
        service "service40" deleted
        configmap "config-service41" deleted
        deployment.apps "service41" deleted
        service "service41" deleted
        configmap "config-service42" deleted
        deployment.apps "service42" deleted
        service "service42" deleted
        configmap "config-service5" deleted
        deployment.apps "service5" deleted
        service "service5" deleted
        configmap "config-service6" deleted
        deployment.apps "service6" deleted
        service "service6" deleted
        configmap "config-service7" deleted
        deployment.apps "service7" deleted
        service "service7" deleted
        configmap "config-service8" deleted
        deployment.apps "service8" deleted
        service "service8" deleted
        configmap "config-service9" deleted
        deployment.apps "service9" deleted
        service "service9" deleted
        deployment.apps "ubuntu-client" deleted
        [run.sh] Waiting for all pods to be deleted
        [run.sh] Deploying all services
        configmap/config-service0 created
        deployment.apps/service0 created
        service/service0 created
        configmap/config-service1 created
        deployment.apps/service1 created
        service/service1 created
        configmap/config-service10 created
        deployment.apps/service10 created
        service/service10 created
        configmap/config-service11 created
        deployment.apps/service11 created
        service/service11 created
        configmap/config-service12 created
        deployment.apps/service12 created
        service/service12 created
        configmap/config-service13 created
        deployment.apps/service13 created
        service/service13 created
        configmap/config-service14 created
        deployment.apps/service14 created
        service/service14 created
        configmap/config-service15 created
        deployment.apps/service15 created
        service/service15 created
        configmap/config-service16 created
        deployment.apps/service16 created
        service/service16 created
        configmap/config-service17 created
        deployment.apps/service17 created
        service/service17 created
        configmap/config-service18 created
        deployment.apps/service18 created
        service/service18 created
        configmap/config-service19 created
        deployment.apps/service19 created
        service/service19 created
        configmap/config-service2 created
        deployment.apps/service2 created
        service/service2 created
        configmap/config-service20 created
        deployment.apps/service20 created
        service/service20 created
        configmap/config-service21 created
        deployment.apps/service21 created
        service/service21 created
        configmap/config-service22 created
        deployment.apps/service22 created
        service/service22 created
        configmap/config-service23 created
        deployment.apps/service23 created
        service/service23 created
        configmap/config-service24 created
        deployment.apps/service24 created
        service/service24 created
        configmap/config-service25 created
        deployment.apps/service25 created
        service/service25 created
        configmap/config-service26 created
        deployment.apps/service26 created
        service/service26 created
        configmap/config-service27 created
        deployment.apps/service27 created
        service/service27 created
        configmap/config-service28 created
        deployment.apps/service28 created
        service/service28 created
        configmap/config-service29 created
        deployment.apps/service29 created
        service/service29 created
        configmap/config-service3 created
        deployment.apps/service3 created
        service/service3 created
        configmap/config-service30 created
        deployment.apps/service30 created
        service/service30 created
        configmap/config-service31 created
        deployment.apps/service31 created
        service/service31 created
        configmap/config-service32 created
        deployment.apps/service32 created
        service/service32 created
        configmap/config-service33 created
        deployment.apps/service33 created
        service/service33 created
        configmap/config-service34 created
        deployment.apps/service34 created
        service/service34 created
        configmap/config-service35 created
        deployment.apps/service35 created
        service/service35 created
        configmap/config-service36 created
        deployment.apps/service36 created
        service/service36 created
        configmap/config-service37 created
        deployment.apps/service37 created
        service/service37 created
        configmap/config-service38 created
        deployment.apps/service38 created
        service/service38 created
        configmap/config-service39 created
        deployment.apps/service39 created
        service/service39 created
        configmap/config-service4 created
        deployment.apps/service4 created
        service/service4 created
        configmap/config-service40 created
        deployment.apps/service40 created
        service/service40 created
        configmap/config-service41 created
        deployment.apps/service41 created
        service/service41 created
        configmap/config-service42 created
        deployment.apps/service42 created
        service/service42 created
        configmap/config-service5 created
        deployment.apps/service5 created
        service/service5 created
        configmap/config-service6 created
        deployment.apps/service6 created
        service/service6 created
        configmap/config-service7 created
        deployment.apps/service7 created
        service/service7 created
        configmap/config-service8 created
        deployment.apps/service8 created
        service/service8 created
        configmap/config-service9 created
        deployment.apps/service9 created
        service/service9 created
        [run.sh] Client pod not found, deploying client
        deployment.apps/ubuntu-client created
        [run.sh] Waiting for all pods to be running
        [run.sh] All pods are running
        [run.sh] Running warmup test
        [run.sh] /wrk/wrk -t8 -c128 --timeout 10s -d10s -L http://service0:80/endpoint1
        Running 10s test @ http://service0:80/endpoint1
        8 threads and 128 connections
        Thread Stats   Avg      Stdev     Max   +/- Stdev
        Latency   150.46ms   73.93ms 568.56ms   75.58%
        Req/Sec   111.67     38.26   222.00     65.63%
        Latency Distribution
        50%  135.85ms
        75%  184.29ms
        90%  240.66ms
        99%  425.20ms
        8639 requests in 10.02s, 1.31MB read
        Requests/sec:    862.56
        Transfer/sec:    133.93KB
        [run.sh] Speed is 862.56, duration is 17
        [run.sh] Fix the request number.
        [run.sh] Running the actual test
        [run.sh] /wrk/wrk --timeout 20s -t8 -c128 -d17s -L -s /wrk/fix_req_n.lua http://service0:80/endpoint1
        Running 17s test @ http://service0:80/endpoint1
        8 threads and 128 connections
        Thread Stats   Avg      Stdev     Max   +/- Stdev
        Latency   140.97ms   60.46ms 515.48ms   71.42%
        Req/Sec   113.35     39.85   222.00     67.39%
        Latency Distribution
        50%  130.31ms
        75%  173.57ms
        90%  223.41ms
        99%  324.14ms
        10000 requests in 17.00s, 1.52MB read
        Requests/sec:    588.23
        Transfer/sec:     91.34KB
        ------------------------------
        stop time: 11.066494
        stop time: 11.068163
        stop time: 11.063043
        stop time: 11.060453
        stop time: 10.979040
        stop time: 11.142651
        stop time: 11.137359
        stop time: 11.030631
        [run.sh] Checking the resource usage
        NAME                             CPU(cores)   MEMORY(bytes)
        service0-69955d4677-fkw6k        713m         49Mi
        service1-58c95cb96-zp5mm         1568m        38Mi
        service10-9549b4cd-w8w8t         776m         11Mi
        service11-b76846c44-4tpb8        854m         12Mi
        service12-8ddc6874b-lzl2q        836m         13Mi
        service13-6dc48cb75b-vk2kk       813m         12Mi
        service14-6fdd479dcd-fj4dv       748m         12Mi
        service15-6bc59bd7d4-wgfn6       780m         11Mi
        service16-7886b6b8d6-wlvmz       640m         11Mi
        service17-7b5f6467b8-pzw92       690m         11Mi
        service18-65595ccfd6-w74xz       727m         11Mi
        service19-55c65f57c6-d27qr       712m         12Mi
        service2-5d59c5bd5d-fqbxw        1401m        37Mi
        service20-58b86cfc4d-g72fq       671m         11Mi
        service21-8d587d69d-4mdtp        643m         14Mi
        service22-55796dcf9b-xz2rm       665m         11Mi
        service23-599c6478cd-k2p42       646m         11Mi
        service24-655749d78d-mh8jt       677m         11Mi
        service25-656bf89c8b-t5mkd       626m         11Mi
        service26-5fcc5669d4-6np8j       637m         11Mi
        service27-8687746986-ng8mz       569m         12Mi
        service28-6bbbb998d8-jcnb9       533m         12Mi
        service29-655dfdfd6b-98psw       556m         11Mi
        service3-564487d7d8-85fjj        1381m        37Mi
        service30-6d966bbbcd-jm4zz       548m         11Mi
        service31-9476bd9bd-v2qc2        519m         10Mi
        service32-64b88b58b-kscrs        507m         10Mi
        service33-69bdf8b97b-9t9hv       484m         10Mi
        service34-9d9487db6-2624s        437m         11Mi
        service35-575bf5bbb8-7pqv9       433m         10Mi
        service36-765d6cd758-4wmmj       411m         11Mi
        service37-66f4568564-kpcxc       389m         10Mi
        service38-56fc9c9b7d-tppbd       377m         10Mi
        service39-5b478bd9b-k6959        323m         11Mi
        service4-6bfbd6d59c-h7xd5        1373m        38Mi
        service40-7c5d878d8d-smb64       348m         11Mi
        service41-567cc54974-wsstv       286m         12Mi
        service42-6c5db85bd-qj5nv        235m         10Mi
        service5-ffd8ccc6-5nb4v          632m         32Mi
        service6-6b89db49b6-hwtgp        1411m        34Mi
        service7-845b5b8588-mh7zd        819m         12Mi
        service8-7c9f97fd46-8rhkg        769m         12Mi
        service9-7cb9cf658d-8rwzx        864m         12Mi
        ubuntu-client-76886f6bbd-h6ztm   27m          6Mi
        [run.sh] Test finished with status 0
        > STDERR
        > No resources found in default namespace.
    [exp] Times: [11.066494, 11.068163, 11.063043, 11.060453, 10.97904, 11.142651, 11.137359, 11.030631]
    [exp] Throughput: 903.4664811789751
[test.py] Running 0th slowdown exp
    [exp] Running (pre_run: False) workload synthetic/large-scale request with the following configuration: {'CLIENT_CPU_QUOTA': '2', 'SLOWPOKE_POKER_BATCH_THRESHOLD': '20000000', 'PROCESSING_TIME_SERVICE4': '0.00234975', 'PROCESSING_TIME_SERVICE0': '0.00114823', 'PROCESSING_TIME_SERVICE1': '0.00112713', 'PROCESSING_TIME_SERVICE2': '0.00112567', 'PROCESSING_TIME_SERVICE3': '0.00108198', 'PROCESSING_TIME_SERVICE5': '0.00092397', 'PROCESSING_TIME_SERVICE6': '0.00091663', 'PROCESSING_TIME_SERVICE7': '0.0008445', 'PROCESSING_TIME_SERVICE8': '0.00082763', 'PROCESSING_TIME_SERVICE9': '0.00082746', 'PROCESSING_TIME_SERVICE10': '0.00081339', 'PROCESSING_TIME_SERVICE11': '0.00079052', 'PROCESSING_TIME_SERVICE12': '0.00076379', 'PROCESSING_TIME_SERVICE13': '0.00073892', 'PROCESSING_TIME_SERVICE14': '0.00071725', 'PROCESSING_TIME_SERVICE15': '0.0007103', 'PROCESSING_TIME_SERVICE16': '0.00064814', 'PROCESSING_TIME_SERVICE17': '0.00063596', 'PROCESSING_TIME_SERVICE18': '0.00063485', 'PROCESSING_TIME_SERVICE19': '0.00062251', 'PROCESSING_TIME_SERVICE20': '0.0006121', 'PROCESSING_TIME_SERVICE21': '0.00060493', 'PROCESSING_TIME_SERVICE22': '0.00059362', 'PROCESSING_TIME_SERVICE23': '0.00058652', 'PROCESSING_TIME_SERVICE24': '0.00058578', 'PROCESSING_TIME_SERVICE25': '0.00055957', 'PROCESSING_TIME_SERVICE26': '0.00054507', 'PROCESSING_TIME_SERVICE27': '0.00050763', 'PROCESSING_TIME_SERVICE28': '0.00045135', 'PROCESSING_TIME_SERVICE29': '0.00044947', 'PROCESSING_TIME_SERVICE30': '0.00043772', 'PROCESSING_TIME_SERVICE31': '0.00040844', 'PROCESSING_TIME_SERVICE32': '0.00039446', 'PROCESSING_TIME_SERVICE33': '0.00037979', 'PROCESSING_TIME_SERVICE34': '0.00033094', 'PROCESSING_TIME_SERVICE35': '0.00032007', 'PROCESSING_TIME_SERVICE36': '0.00031273', 'PROCESSING_TIME_SERVICE37': '0.00027061', 'PROCESSING_TIME_SERVICE38': '0.00026683', 'PROCESSING_TIME_SERVICE39': '0.00023522', 'PROCESSING_TIME_SERVICE40': '0.00023345', 'PROCESSING_TIME_SERVICE41': '0.00015364', 'PROCESSING_TIME_SERVICE42': '9.551e-05', 'SLOWPOKE_DELAY_MICROS_SERVICE4': '0.0', 'SLOWPOKE_POKER_BATCH_THRESHOLD_SERVICE4': '100', 'SLOWPOKE_IS_TARGET_SERVICE_SERVICE4': 'true', 'SLOWPOKE_DELAY_MICROS_SERVICE0': '587.5', 'SLOWPOKE_POKER_BATCH_THRESHOLD_SERVICE0': '100', 'SLOWPOKE_IS_TARGET_SERVICE_SERVICE0': 'false', 'SLOWPOKE_DELAY_MICROS_SERVICE1': '587.5', 'SLOWPOKE_POKER_BATCH_THRESHOLD_SERVICE1': '100', 'SLOWPOKE_IS_TARGET_SERVICE_SERVICE1': 'false', 'SLOWPOKE_DELAY_MICROS_SERVICE2': '587.5', 'SLOWPOKE_POKER_BATCH_THRESHOLD_SERVICE2': '100', 'SLOWPOKE_IS_TARGET_SERVICE_SERVICE2': 'false', 'SLOWPOKE_DELAY_MICROS_SERVICE3': '587.5', 'SLOWPOKE_POKER_BATCH_THRESHOLD_SERVICE3': '100', 'SLOWPOKE_IS_TARGET_SERVICE_SERVICE3': 'false', 'SLOWPOKE_DELAY_MICROS_SERVICE5': '587.5', 'SLOWPOKE_POKER_BATCH_THRESHOLD_SERVICE5': '100', 'SLOWPOKE_IS_TARGET_SERVICE_SERVICE5': 'false', 'SLOWPOKE_DELAY_MICROS_SERVICE6': '587.5', 'SLOWPOKE_POKER_BATCH_THRESHOLD_SERVICE6': '100', 'SLOWPOKE_IS_TARGET_SERVICE_SERVICE6': 'false', 'SLOWPOKE_DELAY_MICROS_SERVICE7': '587.5', 'SLOWPOKE_POKER_BATCH_THRESHOLD_SERVICE7': '100', 'SLOWPOKE_IS_TARGET_SERVICE_SERVICE7': 'false', 'SLOWPOKE_DELAY_MICROS_SERVICE8': '587.5', 'SLOWPOKE_POKER_BATCH_THRESHOLD_SERVICE8': '100', 'SLOWPOKE_IS_TARGET_SERVICE_SERVICE8': 'false', 'SLOWPOKE_DELAY_MICROS_SERVICE9': '587.5', 'SLOWPOKE_POKER_BATCH_THRESHOLD_SERVICE9': '100', 'SLOWPOKE_IS_TARGET_SERVICE_SERVICE9': 'false', 'SLOWPOKE_DELAY_MICROS_SERVICE10': '587.5', 'SLOWPOKE_POKER_BATCH_THRESHOLD_SERVICE10': '100', 'SLOWPOKE_IS_TARGET_SERVICE_SERVICE10': 'false', 'SLOWPOKE_DELAY_MICROS_SERVICE11': '587.5', 'SLOWPOKE_POKER_BATCH_THRESHOLD_SERVICE11': '100', 'SLOWPOKE_IS_TARGET_SERVICE_SERVICE11': 'false', 'SLOWPOKE_DELAY_MICROS_SERVICE12': '587.5', 'SLOWPOKE_POKER_BATCH_THRESHOLD_SERVICE12': '100', 'SLOWPOKE_IS_TARGET_SERVICE_SERVICE12': 'false', 'SLOWPOKE_DELAY_MICROS_SERVICE13': '587.5', 'SLOWPOKE_POKER_BATCH_THRESHOLD_SERVICE13': '100', 'SLOWPOKE_IS_TARGET_SERVICE_SERVICE13': 'false', 'SLOWPOKE_DELAY_MICROS_SERVICE14': '587.5', 'SLOWPOKE_POKER_BATCH_THRESHOLD_SERVICE14': '100', 'SLOWPOKE_IS_TARGET_SERVICE_SERVICE14': 'false', 'SLOWPOKE_DELAY_MICROS_SERVICE15': '587.5', 'SLOWPOKE_POKER_BATCH_THRESHOLD_SERVICE15': '100', 'SLOWPOKE_IS_TARGET_SERVICE_SERVICE15': 'false', 'SLOWPOKE_DELAY_MICROS_SERVICE16': '587.5', 'SLOWPOKE_POKER_BATCH_THRESHOLD_SERVICE16': '100', 'SLOWPOKE_IS_TARGET_SERVICE_SERVICE16': 'false', 'SLOWPOKE_DELAY_MICROS_SERVICE17': '587.5', 'SLOWPOKE_POKER_BATCH_THRESHOLD_SERVICE17': '100', 'SLOWPOKE_IS_TARGET_SERVICE_SERVICE17': 'false', 'SLOWPOKE_DELAY_MICROS_SERVICE18': '587.5', 'SLOWPOKE_POKER_BATCH_THRESHOLD_SERVICE18': '100', 'SLOWPOKE_IS_TARGET_SERVICE_SERVICE18': 'false', 'SLOWPOKE_DELAY_MICROS_SERVICE19': '587.5', 'SLOWPOKE_POKER_BATCH_THRESHOLD_SERVICE19': '100', 'SLOWPOKE_IS_TARGET_SERVICE_SERVICE19': 'false', 'SLOWPOKE_DELAY_MICROS_SERVICE20': '587.5', 'SLOWPOKE_POKER_BATCH_THRESHOLD_SERVICE20': '100', 'SLOWPOKE_IS_TARGET_SERVICE_SERVICE20': 'false', 'SLOWPOKE_DELAY_MICROS_SERVICE21': '587.5', 'SLOWPOKE_POKER_BATCH_THRESHOLD_SERVICE21': '100', 'SLOWPOKE_IS_TARGET_SERVICE_SERVICE21': 'false', 'SLOWPOKE_DELAY_MICROS_SERVICE22': '587.5', 'SLOWPOKE_POKER_BATCH_THRESHOLD_SERVICE22': '100', 'SLOWPOKE_IS_TARGET_SERVICE_SERVICE22': 'false', 'SLOWPOKE_DELAY_MICROS_SERVICE23': '587.5', 'SLOWPOKE_POKER_BATCH_THRESHOLD_SERVICE23': '100', 'SLOWPOKE_IS_TARGET_SERVICE_SERVICE23': 'false', 'SLOWPOKE_DELAY_MICROS_SERVICE24': '587.5', 'SLOWPOKE_POKER_BATCH_THRESHOLD_SERVICE24': '100', 'SLOWPOKE_IS_TARGET_SERVICE_SERVICE24': 'false', 'SLOWPOKE_DELAY_MICROS_SERVICE25': '587.5', 'SLOWPOKE_POKER_BATCH_THRESHOLD_SERVICE25': '100', 'SLOWPOKE_IS_TARGET_SERVICE_SERVICE25': 'false', 'SLOWPOKE_DELAY_MICROS_SERVICE26': '587.5', 'SLOWPOKE_POKER_BATCH_THRESHOLD_SERVICE26': '100', 'SLOWPOKE_IS_TARGET_SERVICE_SERVICE26': 'false', 'SLOWPOKE_DELAY_MICROS_SERVICE27': '587.5', 'SLOWPOKE_POKER_BATCH_THRESHOLD_SERVICE27': '100', 'SLOWPOKE_IS_TARGET_SERVICE_SERVICE27': 'false', 'SLOWPOKE_DELAY_MICROS_SERVICE28': '587.5', 'SLOWPOKE_POKER_BATCH_THRESHOLD_SERVICE28': '100', 'SLOWPOKE_IS_TARGET_SERVICE_SERVICE28': 'false', 'SLOWPOKE_DELAY_MICROS_SERVICE29': '587.5', 'SLOWPOKE_POKER_BATCH_THRESHOLD_SERVICE29': '100', 'SLOWPOKE_IS_TARGET_SERVICE_SERVICE29': 'false', 'SLOWPOKE_DELAY_MICROS_SERVICE30': '587.5', 'SLOWPOKE_POKER_BATCH_THRESHOLD_SERVICE30': '100', 'SLOWPOKE_IS_TARGET_SERVICE_SERVICE30': 'false', 'SLOWPOKE_DELAY_MICROS_SERVICE31': '587.5', 'SLOWPOKE_POKER_BATCH_THRESHOLD_SERVICE31': '100', 'SLOWPOKE_IS_TARGET_SERVICE_SERVICE31': 'false', 'SLOWPOKE_DELAY_MICROS_SERVICE32': '587.5', 'SLOWPOKE_POKER_BATCH_THRESHOLD_SERVICE32': '100', 'SLOWPOKE_IS_TARGET_SERVICE_SERVICE32': 'false', 'SLOWPOKE_DELAY_MICROS_SERVICE33': '587.5', 'SLOWPOKE_POKER_BATCH_THRESHOLD_SERVICE33': '100', 'SLOWPOKE_IS_TARGET_SERVICE_SERVICE33': 'false', 'SLOWPOKE_DELAY_MICROS_SERVICE34': '587.5', 'SLOWPOKE_POKER_BATCH_THRESHOLD_SERVICE34': '100', 'SLOWPOKE_IS_TARGET_SERVICE_SERVICE34': 'false', 'SLOWPOKE_DELAY_MICROS_SERVICE35': '587.5', 'SLOWPOKE_POKER_BATCH_THRESHOLD_SERVICE35': '100', 'SLOWPOKE_IS_TARGET_SERVICE_SERVICE35': 'false', 'SLOWPOKE_DELAY_MICROS_SERVICE36': '587.5', 'SLOWPOKE_POKER_BATCH_THRESHOLD_SERVICE36': '100', 'SLOWPOKE_IS_TARGET_SERVICE_SERVICE36': 'false', 'SLOWPOKE_DELAY_MICROS_SERVICE37': '587.5', 'SLOWPOKE_POKER_BATCH_THRESHOLD_SERVICE37': '100', 'SLOWPOKE_IS_TARGET_SERVICE_SERVICE37': 'false', 'SLOWPOKE_DELAY_MICROS_SERVICE38': '587.5', 'SLOWPOKE_POKER_BATCH_THRESHOLD_SERVICE38': '100', 'SLOWPOKE_IS_TARGET_SERVICE_SERVICE38': 'false', 'SLOWPOKE_DELAY_MICROS_SERVICE39': '587.5', 'SLOWPOKE_POKER_BATCH_THRESHOLD_SERVICE39': '100', 'SLOWPOKE_IS_TARGET_SERVICE_SERVICE39': 'false', 'SLOWPOKE_DELAY_MICROS_SERVICE40': '587.5', 'SLOWPOKE_POKER_BATCH_THRESHOLD_SERVICE40': '100', 'SLOWPOKE_IS_TARGET_SERVICE_SERVICE40': 'false', 'SLOWPOKE_DELAY_MICROS_SERVICE41': '587.5', 'SLOWPOKE_POKER_BATCH_THRESHOLD_SERVICE41': '100', 'SLOWPOKE_IS_TARGET_SERVICE_SERVICE41': 'false', 'SLOWPOKE_DELAY_MICROS_SERVICE42': '587.5', 'SLOWPOKE_POKER_BATCH_THRESHOLD_SERVICE42': '100', 'SLOWPOKE_IS_TARGET_SERVICE_SERVICE42': 'false'}
    [exp] Executing cmd `bash run.sh synthetic large-scale 8 128 10000`:
        [run.sh] Running benchmark synthetic with request large-scale, thread 8, conn 128, duration 60
        [run.sh] Deleting all services
        configmap "config-service0" deleted
        deployment.apps "service0" deleted
        service "service0" deleted
        configmap "config-service1" deleted
        deployment.apps "service1" deleted
        service "service1" deleted
        configmap "config-service10" deleted
        deployment.apps "service10" deleted
        service "service10" deleted
        configmap "config-service11" deleted
        deployment.apps "service11" deleted
        service "service11" deleted
        configmap "config-service12" deleted
        deployment.apps "service12" deleted
        service "service12" deleted
        configmap "config-service13" deleted
        deployment.apps "service13" deleted
        service "service13" deleted
        configmap "config-service14" deleted
        deployment.apps "service14" deleted
        service "service14" deleted
        configmap "config-service15" deleted
        deployment.apps "service15" deleted
        service "service15" deleted
        configmap "config-service16" deleted
        deployment.apps "service16" deleted
        service "service16" deleted
        configmap "config-service17" deleted
        deployment.apps "service17" deleted
        service "service17" deleted
        configmap "config-service18" deleted
        deployment.apps "service18" deleted
        service "service18" deleted
        configmap "config-service19" deleted
        deployment.apps "service19" deleted
        service "service19" deleted
        configmap "config-service2" deleted
        deployment.apps "service2" deleted
        service "service2" deleted
        configmap "config-service20" deleted
        deployment.apps "service20" deleted
        service "service20" deleted
        configmap "config-service21" deleted
        deployment.apps "service21" deleted
        service "service21" deleted
        configmap "config-service22" deleted
        deployment.apps "service22" deleted
        service "service22" deleted
        configmap "config-service23" deleted
        deployment.apps "service23" deleted
        service "service23" deleted
        configmap "config-service24" deleted
        deployment.apps "service24" deleted
        service "service24" deleted
        configmap "config-service25" deleted
        deployment.apps "service25" deleted
        service "service25" deleted
        configmap "config-service26" deleted
        deployment.apps "service26" deleted
        service "service26" deleted
        configmap "config-service27" deleted
        deployment.apps "service27" deleted
        service "service27" deleted
        configmap "config-service28" deleted
        deployment.apps "service28" deleted
        service "service28" deleted
        configmap "config-service29" deleted
        deployment.apps "service29" deleted
        service "service29" deleted
        configmap "config-service3" deleted
        deployment.apps "service3" deleted
        service "service3" deleted
        configmap "config-service30" deleted
        deployment.apps "service30" deleted
        service "service30" deleted
        configmap "config-service31" deleted
        deployment.apps "service31" deleted
        service "service31" deleted
        configmap "config-service32" deleted
        deployment.apps "service32" deleted
        service "service32" deleted
        configmap "config-service33" deleted
        deployment.apps "service33" deleted
        service "service33" deleted
        configmap "config-service34" deleted
        deployment.apps "service34" deleted
        service "service34" deleted
        configmap "config-service35" deleted
        deployment.apps "service35" deleted
        service "service35" deleted
        configmap "config-service36" deleted
        deployment.apps "service36" deleted
        service "service36" deleted
        configmap "config-service37" deleted
        deployment.apps "service37" deleted
        service "service37" deleted
        configmap "config-service38" deleted
        deployment.apps "service38" deleted
        service "service38" deleted
        configmap "config-service39" deleted
        deployment.apps "service39" deleted
        service "service39" deleted
        configmap "config-service4" deleted
        deployment.apps "service4" deleted
        service "service4" deleted
        configmap "config-service40" deleted
        deployment.apps "service40" deleted
        service "service40" deleted
        configmap "config-service41" deleted
        deployment.apps "service41" deleted
        service "service41" deleted
        configmap "config-service42" deleted
        deployment.apps "service42" deleted
        service "service42" deleted
        configmap "config-service5" deleted
        deployment.apps "service5" deleted
        service "service5" deleted
        configmap "config-service6" deleted
        deployment.apps "service6" deleted
        service "service6" deleted
        configmap "config-service7" deleted
        deployment.apps "service7" deleted
        service "service7" deleted
        configmap "config-service8" deleted
        deployment.apps "service8" deleted
        service "service8" deleted
        configmap "config-service9" deleted
        deployment.apps "service9" deleted
        service "service9" deleted
        deployment.apps "ubuntu-client" deleted
        [run.sh] Waiting for all pods to be deleted
        [run.sh] Deploying all services
        configmap/config-service0 created
        deployment.apps/service0 created
        service/service0 created
        configmap/config-service1 created
        deployment.apps/service1 created
        service/service1 created
        configmap/config-service10 created
        deployment.apps/service10 created
        service/service10 created
        configmap/config-service11 created
        deployment.apps/service11 created
        service/service11 created
        configmap/config-service12 created
        deployment.apps/service12 created
        service/service12 created
        configmap/config-service13 created
        deployment.apps/service13 created
        service/service13 created
        configmap/config-service14 created
        deployment.apps/service14 created
        service/service14 created
        configmap/config-service15 created
        deployment.apps/service15 created
        service/service15 created
        configmap/config-service16 created
        deployment.apps/service16 created
        service/service16 created
        configmap/config-service17 created
        deployment.apps/service17 created
        service/service17 created
        configmap/config-service18 created
        deployment.apps/service18 created
        service/service18 created
        configmap/config-service19 created
        deployment.apps/service19 created
        service/service19 created
        configmap/config-service2 created
        deployment.apps/service2 created
        service/service2 created
        configmap/config-service20 created
        deployment.apps/service20 created
        service/service20 created
        configmap/config-service21 created
        deployment.apps/service21 created
        service/service21 created
        configmap/config-service22 created
        deployment.apps/service22 created
        service/service22 created
        configmap/config-service23 created
        deployment.apps/service23 created
        service/service23 created
        configmap/config-service24 created
        deployment.apps/service24 created
        service/service24 created
        configmap/config-service25 created
        deployment.apps/service25 created
        service/service25 created
        configmap/config-service26 created
        deployment.apps/service26 created
        service/service26 created
        configmap/config-service27 created
        deployment.apps/service27 created
        service/service27 created
        configmap/config-service28 created
        deployment.apps/service28 created
        service/service28 created
        configmap/config-service29 created
        deployment.apps/service29 created
        service/service29 created
        configmap/config-service3 created
        deployment.apps/service3 created
        service/service3 created
        configmap/config-service30 created
        deployment.apps/service30 created
        service/service30 created
        configmap/config-service31 created
        deployment.apps/service31 created
        service/service31 created
        configmap/config-service32 created
        deployment.apps/service32 created
        service/service32 created
        configmap/config-service33 created
        deployment.apps/service33 created
        service/service33 created
        configmap/config-service34 created
        deployment.apps/service34 created
        service/service34 created
        configmap/config-service35 created
        deployment.apps/service35 created
        service/service35 created
        configmap/config-service36 created
        deployment.apps/service36 created
        service/service36 created
        configmap/config-service37 created
        deployment.apps/service37 created
        service/service37 created
        configmap/config-service38 created
        deployment.apps/service38 created
        service/service38 created
        configmap/config-service39 created
        deployment.apps/service39 created
        service/service39 created
        configmap/config-service4 created
        deployment.apps/service4 created
        service/service4 created
        configmap/config-service40 created
        deployment.apps/service40 created
        service/service40 created
        configmap/config-service41 created
        deployment.apps/service41 created
        service/service41 created
        configmap/config-service42 created
        deployment.apps/service42 created
        service/service42 created
        configmap/config-service5 created
        deployment.apps/service5 created
        service/service5 created
        configmap/config-service6 created
        deployment.apps/service6 created
        service/service6 created
        configmap/config-service7 created
        deployment.apps/service7 created
        service/service7 created
        configmap/config-service8 created
        deployment.apps/service8 created
        service/service8 created
        configmap/config-service9 created
        deployment.apps/service9 created
        service/service9 created
        [run.sh] Client pod not found, deploying client
        deployment.apps/ubuntu-client created
        [run.sh] Waiting for all pods to be running
        [run.sh] All pods are running
        [run.sh] Running warmup test
        [run.sh] /wrk/wrk -t8 -c128 --timeout 10s -d10s -L http://service0:80/endpoint1
        Running 10s test @ http://service0:80/endpoint1
        8 threads and 128 connections
        Thread Stats   Avg      Stdev     Max   +/- Stdev
        Latency   232.15ms  104.67ms 805.74ms   77.94%
        Req/Sec    73.16     38.40   190.00     66.94%
        Latency Distribution
        50%  217.86ms
        75%  274.32ms
        90%  349.02ms
        99%  630.51ms
        5525 requests in 10.10s, 857.89KB read
        Requests/sec:    547.04
        Transfer/sec:     84.94KB
        [run.sh] Speed is 547.04, duration is 27
        [run.sh] Fix the request number.
        [run.sh] Running the actual test
        [run.sh] /wrk/wrk --timeout 20s -t8 -c128 -d27s -L -s /wrk/fix_req_n.lua http://service0:80/endpoint1
        Running 27s test @ http://service0:80/endpoint1
        8 threads and 128 connections
        Thread Stats   Avg      Stdev     Max   +/- Stdev
        Latency   219.83ms   81.53ms 658.76ms   71.43%
        Req/Sec    73.06     38.51   190.00     66.39%
        Latency Distribution
        50%  206.89ms
        75%  272.16ms
        90%  325.40ms
        99%  460.89ms
        10000 requests in 27.00s, 1.52MB read
        Requests/sec:    370.37
        Transfer/sec:     57.51KB
        ------------------------------
        stop time: 17.053856
        stop time: 17.093025
        stop time: 17.275475
        stop time: 17.273448
        stop time: 17.277533
        stop time: 17.277143
        stop time: 17.457442
        stop time: 17.323474
        [run.sh] Checking the resource usage
        NAME                             CPU(cores)   MEMORY(bytes)
        service0-66996878bd-8hr7w        81m          50Mi
        service1-79bb7574c9-976kp        1018m        34Mi
        service10-59c94c67f7-jzkdd       503m         11Mi
        service11-56bd75dcf9-8vf5p       397m         11Mi
        service12-c776c74c7-4l897        372m         11Mi
        service13-74f596d4cf-kxhjb       379m         10Mi
        service14-7d46b6565c-skpbm       425m         10Mi
        service15-6b94f9b6f5-h2zgm       336m         13Mi
        service16-67f7757c7c-jxhm8       418m         10Mi
        service17-56fd4556f9-tqg8k       376m         10Mi
        service18-5f9554fc-766s9         355m         10Mi
        service19-5d5b47777f-kf4ds       341m         11Mi
        service2-86d47bdc9c-4c5vq        1m           39Mi
        service20-67b9484499-xdvw6       370m         11Mi
        service21-65c74c645c-2wk2x       381m         12Mi
        service22-8f76476bc-2xtgk        349m         11Mi
        service23-849745f45c-wxbm5       356m         11Mi
        service24-868d99d99f-hb929       306m         11Mi
        service25-7f9777f949-5tb5p       328m         11Mi
        service26-6c6769bd79-lq27c       301m         12Mi
        service27-86f5849c97-p69vh       224m         12Mi
        service28-559655f6dc-qh58m       272m         12Mi
        service29-7d5fd7984f-whnp9       258m         12Mi
        service3-54c7d8f859-8cf24        1m           35Mi
        service30-c4b8489df-lpvgd        255m         11Mi
        service31-7c8ff8d65f-cw9mt       262m         10Mi
        service32-7975ccd6d9-8c24h       244m         10Mi
        service33-67845dfc9-t7jcr        252m         10Mi
        service34-666768f9fc-j989z       231m         10Mi
        service35-7cf575c4c9-f65jg       222m         11Mi
        service36-67c659b649-tphds       168m         10Mi
        service37-86d49446dc-b98k9       201m         9Mi
        service38-5fdb9bf657-k8bwm       211m         10Mi
        service39-76fbb4494c-6dhjs       218m         10Mi
        service4-6bfbd6d59c-gfbcj        36m          42Mi
        service40-5dbd4686b7-27tfv       144m         9Mi
        service41-5558f8d6f7-8cwdt       133m         9Mi
        service42-756c94cccf-xs22p       111m         12Mi
        service5-776d86b4ff-sfhwt        61m          30Mi
        service6-8c5776489-ghtg4         973m         29Mi
        service7-587dc78955-cxl49        511m         11Mi
        service8-6887d9846f-4wwtj        520m         11Mi
        service9-6c7ddbf855-dkjcb        459m         13Mi
        ubuntu-client-76886f6bbd-97hxf   19m          6Mi
        [run.sh] Test finished with status 0
        > STDERR
        > No resources found in default namespace.
    [exp] Times: [17.053856, 17.093025, 17.275475, 17.273448, 17.277533, 17.277143, 17.457442, 17.323474]
    [exp] Throughput: 579.5782866674768
[test.py] Finished running 0th optmization experiment: groundtruth->903.4664811789751, slowdown->579.5782866674768, predicted->879.107393033839, err->-2.6961806168335953
[test.py] Running 1th optmization experiment
[test.py] Running 1th groundtruth exp
    [exp] Running (pre_run: False) workload synthetic/large-scale request with the following configuration: {'CLIENT_CPU_QUOTA': '2', 'SLOWPOKE_POKER_BATCH_THRESHOLD': '20000000', 'PROCESSING_TIME_SERVICE4': '0.001761', 'PROCESSING_TIME_SERVICE0': '0.00114823', 'PROCESSING_TIME_SERVICE1': '0.00112713', 'PROCESSING_TIME_SERVICE2': '0.00112567', 'PROCESSING_TIME_SERVICE3': '0.00108198', 'PROCESSING_TIME_SERVICE5': '0.00092397', 'PROCESSING_TIME_SERVICE6': '0.00091663', 'PROCESSING_TIME_SERVICE7': '0.0008445', 'PROCESSING_TIME_SERVICE8': '0.00082763', 'PROCESSING_TIME_SERVICE9': '0.00082746', 'PROCESSING_TIME_SERVICE10': '0.00081339', 'PROCESSING_TIME_SERVICE11': '0.00079052', 'PROCESSING_TIME_SERVICE12': '0.00076379', 'PROCESSING_TIME_SERVICE13': '0.00073892', 'PROCESSING_TIME_SERVICE14': '0.00071725', 'PROCESSING_TIME_SERVICE15': '0.0007103', 'PROCESSING_TIME_SERVICE16': '0.00064814', 'PROCESSING_TIME_SERVICE17': '0.00063596', 'PROCESSING_TIME_SERVICE18': '0.00063485', 'PROCESSING_TIME_SERVICE19': '0.00062251', 'PROCESSING_TIME_SERVICE20': '0.0006121', 'PROCESSING_TIME_SERVICE21': '0.00060493', 'PROCESSING_TIME_SERVICE22': '0.00059362', 'PROCESSING_TIME_SERVICE23': '0.00058652', 'PROCESSING_TIME_SERVICE24': '0.00058578', 'PROCESSING_TIME_SERVICE25': '0.00055957', 'PROCESSING_TIME_SERVICE26': '0.00054507', 'PROCESSING_TIME_SERVICE27': '0.00050763', 'PROCESSING_TIME_SERVICE28': '0.00045135', 'PROCESSING_TIME_SERVICE29': '0.00044947', 'PROCESSING_TIME_SERVICE30': '0.00043772', 'PROCESSING_TIME_SERVICE31': '0.00040844', 'PROCESSING_TIME_SERVICE32': '0.00039446', 'PROCESSING_TIME_SERVICE33': '0.00037979', 'PROCESSING_TIME_SERVICE34': '0.00033094', 'PROCESSING_TIME_SERVICE35': '0.00032007', 'PROCESSING_TIME_SERVICE36': '0.00031273', 'PROCESSING_TIME_SERVICE37': '0.00027061', 'PROCESSING_TIME_SERVICE38': '0.00026683', 'PROCESSING_TIME_SERVICE39': '0.00023522', 'PROCESSING_TIME_SERVICE40': '0.00023345', 'PROCESSING_TIME_SERVICE41': '0.00015364', 'PROCESSING_TIME_SERVICE42': '9.551e-05', 'SLOWPOKE_DELAY_MICROS_SERVICE4': '0.0', 'SLOWPOKE_POKER_BATCH_THRESHOLD_SERVICE4': '100', 'SLOWPOKE_IS_TARGET_SERVICE_SERVICE4': 'true', 'SLOWPOKE_DELAY_MICROS_SERVICE0': '0.0', 'SLOWPOKE_POKER_BATCH_THRESHOLD_SERVICE0': '100', 'SLOWPOKE_IS_TARGET_SERVICE_SERVICE0': 'false', 'SLOWPOKE_DELAY_MICROS_SERVICE1': '0.0', 'SLOWPOKE_POKER_BATCH_THRESHOLD_SERVICE1': '100', 'SLOWPOKE_IS_TARGET_SERVICE_SERVICE1': 'false', 'SLOWPOKE_DELAY_MICROS_SERVICE2': '0.0', 'SLOWPOKE_POKER_BATCH_THRESHOLD_SERVICE2': '100', 'SLOWPOKE_IS_TARGET_SERVICE_SERVICE2': 'false', 'SLOWPOKE_DELAY_MICROS_SERVICE3': '0.0', 'SLOWPOKE_POKER_BATCH_THRESHOLD_SERVICE3': '100', 'SLOWPOKE_IS_TARGET_SERVICE_SERVICE3': 'false', 'SLOWPOKE_DELAY_MICROS_SERVICE5': '0.0', 'SLOWPOKE_POKER_BATCH_THRESHOLD_SERVICE5': '100', 'SLOWPOKE_IS_TARGET_SERVICE_SERVICE5': 'false', 'SLOWPOKE_DELAY_MICROS_SERVICE6': '0.0', 'SLOWPOKE_POKER_BATCH_THRESHOLD_SERVICE6': '100', 'SLOWPOKE_IS_TARGET_SERVICE_SERVICE6': 'false', 'SLOWPOKE_DELAY_MICROS_SERVICE7': '0.0', 'SLOWPOKE_POKER_BATCH_THRESHOLD_SERVICE7': '100', 'SLOWPOKE_IS_TARGET_SERVICE_SERVICE7': 'false', 'SLOWPOKE_DELAY_MICROS_SERVICE8': '0.0', 'SLOWPOKE_POKER_BATCH_THRESHOLD_SERVICE8': '100', 'SLOWPOKE_IS_TARGET_SERVICE_SERVICE8': 'false', 'SLOWPOKE_DELAY_MICROS_SERVICE9': '0.0', 'SLOWPOKE_POKER_BATCH_THRESHOLD_SERVICE9': '100', 'SLOWPOKE_IS_TARGET_SERVICE_SERVICE9': 'false', 'SLOWPOKE_DELAY_MICROS_SERVICE10': '0.0', 'SLOWPOKE_POKER_BATCH_THRESHOLD_SERVICE10': '100', 'SLOWPOKE_IS_TARGET_SERVICE_SERVICE10': 'false', 'SLOWPOKE_DELAY_MICROS_SERVICE11': '0.0', 'SLOWPOKE_POKER_BATCH_THRESHOLD_SERVICE11': '100', 'SLOWPOKE_IS_TARGET_SERVICE_SERVICE11': 'false', 'SLOWPOKE_DELAY_MICROS_SERVICE12': '0.0', 'SLOWPOKE_POKER_BATCH_THRESHOLD_SERVICE12': '100', 'SLOWPOKE_IS_TARGET_SERVICE_SERVICE12': 'false', 'SLOWPOKE_DELAY_MICROS_SERVICE13': '0.0', 'SLOWPOKE_POKER_BATCH_THRESHOLD_SERVICE13': '100', 'SLOWPOKE_IS_TARGET_SERVICE_SERVICE13': 'false', 'SLOWPOKE_DELAY_MICROS_SERVICE14': '0.0', 'SLOWPOKE_POKER_BATCH_THRESHOLD_SERVICE14': '100', 'SLOWPOKE_IS_TARGET_SERVICE_SERVICE14': 'false', 'SLOWPOKE_DELAY_MICROS_SERVICE15': '0.0', 'SLOWPOKE_POKER_BATCH_THRESHOLD_SERVICE15': '100', 'SLOWPOKE_IS_TARGET_SERVICE_SERVICE15': 'false', 'SLOWPOKE_DELAY_MICROS_SERVICE16': '0.0', 'SLOWPOKE_POKER_BATCH_THRESHOLD_SERVICE16': '100', 'SLOWPOKE_IS_TARGET_SERVICE_SERVICE16': 'false', 'SLOWPOKE_DELAY_MICROS_SERVICE17': '0.0', 'SLOWPOKE_POKER_BATCH_THRESHOLD_SERVICE17': '100', 'SLOWPOKE_IS_TARGET_SERVICE_SERVICE17': 'false', 'SLOWPOKE_DELAY_MICROS_SERVICE18': '0.0', 'SLOWPOKE_POKER_BATCH_THRESHOLD_SERVICE18': '100', 'SLOWPOKE_IS_TARGET_SERVICE_SERVICE18': 'false', 'SLOWPOKE_DELAY_MICROS_SERVICE19': '0.0', 'SLOWPOKE_POKER_BATCH_THRESHOLD_SERVICE19': '100', 'SLOWPOKE_IS_TARGET_SERVICE_SERVICE19': 'false', 'SLOWPOKE_DELAY_MICROS_SERVICE20': '0.0', 'SLOWPOKE_POKER_BATCH_THRESHOLD_SERVICE20': '100', 'SLOWPOKE_IS_TARGET_SERVICE_SERVICE20': 'false', 'SLOWPOKE_DELAY_MICROS_SERVICE21': '0.0', 'SLOWPOKE_POKER_BATCH_THRESHOLD_SERVICE21': '100', 'SLOWPOKE_IS_TARGET_SERVICE_SERVICE21': 'false', 'SLOWPOKE_DELAY_MICROS_SERVICE22': '0.0', 'SLOWPOKE_POKER_BATCH_THRESHOLD_SERVICE22': '100', 'SLOWPOKE_IS_TARGET_SERVICE_SERVICE22': 'false', 'SLOWPOKE_DELAY_MICROS_SERVICE23': '0.0', 'SLOWPOKE_POKER_BATCH_THRESHOLD_SERVICE23': '100', 'SLOWPOKE_IS_TARGET_SERVICE_SERVICE23': 'false', 'SLOWPOKE_DELAY_MICROS_SERVICE24': '0.0', 'SLOWPOKE_POKER_BATCH_THRESHOLD_SERVICE24': '100', 'SLOWPOKE_IS_TARGET_SERVICE_SERVICE24': 'false', 'SLOWPOKE_DELAY_MICROS_SERVICE25': '0.0', 'SLOWPOKE_POKER_BATCH_THRESHOLD_SERVICE25': '100', 'SLOWPOKE_IS_TARGET_SERVICE_SERVICE25': 'false', 'SLOWPOKE_DELAY_MICROS_SERVICE26': '0.0', 'SLOWPOKE_POKER_BATCH_THRESHOLD_SERVICE26': '100', 'SLOWPOKE_IS_TARGET_SERVICE_SERVICE26': 'false', 'SLOWPOKE_DELAY_MICROS_SERVICE27': '0.0', 'SLOWPOKE_POKER_BATCH_THRESHOLD_SERVICE27': '100', 'SLOWPOKE_IS_TARGET_SERVICE_SERVICE27': 'false', 'SLOWPOKE_DELAY_MICROS_SERVICE28': '0.0', 'SLOWPOKE_POKER_BATCH_THRESHOLD_SERVICE28': '100', 'SLOWPOKE_IS_TARGET_SERVICE_SERVICE28': 'false', 'SLOWPOKE_DELAY_MICROS_SERVICE29': '0.0', 'SLOWPOKE_POKER_BATCH_THRESHOLD_SERVICE29': '100', 'SLOWPOKE_IS_TARGET_SERVICE_SERVICE29': 'false', 'SLOWPOKE_DELAY_MICROS_SERVICE30': '0.0', 'SLOWPOKE_POKER_BATCH_THRESHOLD_SERVICE30': '100', 'SLOWPOKE_IS_TARGET_SERVICE_SERVICE30': 'false', 'SLOWPOKE_DELAY_MICROS_SERVICE31': '0.0', 'SLOWPOKE_POKER_BATCH_THRESHOLD_SERVICE31': '100', 'SLOWPOKE_IS_TARGET_SERVICE_SERVICE31': 'false', 'SLOWPOKE_DELAY_MICROS_SERVICE32': '0.0', 'SLOWPOKE_POKER_BATCH_THRESHOLD_SERVICE32': '100', 'SLOWPOKE_IS_TARGET_SERVICE_SERVICE32': 'false', 'SLOWPOKE_DELAY_MICROS_SERVICE33': '0.0', 'SLOWPOKE_POKER_BATCH_THRESHOLD_SERVICE33': '100', 'SLOWPOKE_IS_TARGET_SERVICE_SERVICE33': 'false', 'SLOWPOKE_DELAY_MICROS_SERVICE34': '0.0', 'SLOWPOKE_POKER_BATCH_THRESHOLD_SERVICE34': '100', 'SLOWPOKE_IS_TARGET_SERVICE_SERVICE34': 'false', 'SLOWPOKE_DELAY_MICROS_SERVICE35': '0.0', 'SLOWPOKE_POKER_BATCH_THRESHOLD_SERVICE35': '100', 'SLOWPOKE_IS_TARGET_SERVICE_SERVICE35': 'false', 'SLOWPOKE_DELAY_MICROS_SERVICE36': '0.0', 'SLOWPOKE_POKER_BATCH_THRESHOLD_SERVICE36': '100', 'SLOWPOKE_IS_TARGET_SERVICE_SERVICE36': 'false', 'SLOWPOKE_DELAY_MICROS_SERVICE37': '0.0', 'SLOWPOKE_POKER_BATCH_THRESHOLD_SERVICE37': '100', 'SLOWPOKE_IS_TARGET_SERVICE_SERVICE37': 'false', 'SLOWPOKE_DELAY_MICROS_SERVICE38': '0.0', 'SLOWPOKE_POKER_BATCH_THRESHOLD_SERVICE38': '100', 'SLOWPOKE_IS_TARGET_SERVICE_SERVICE38': 'false', 'SLOWPOKE_DELAY_MICROS_SERVICE39': '0.0', 'SLOWPOKE_POKER_BATCH_THRESHOLD_SERVICE39': '100', 'SLOWPOKE_IS_TARGET_SERVICE_SERVICE39': 'false', 'SLOWPOKE_DELAY_MICROS_SERVICE40': '0.0', 'SLOWPOKE_POKER_BATCH_THRESHOLD_SERVICE40': '100', 'SLOWPOKE_IS_TARGET_SERVICE_SERVICE40': 'false', 'SLOWPOKE_DELAY_MICROS_SERVICE41': '0.0', 'SLOWPOKE_POKER_BATCH_THRESHOLD_SERVICE41': '100', 'SLOWPOKE_IS_TARGET_SERVICE_SERVICE41': 'false', 'SLOWPOKE_DELAY_MICROS_SERVICE42': '0.0', 'SLOWPOKE_POKER_BATCH_THRESHOLD_SERVICE42': '100', 'SLOWPOKE_IS_TARGET_SERVICE_SERVICE42': 'false'}
    [exp] Executing cmd `bash run.sh synthetic large-scale 8 128 10000`:
        [run.sh] Running benchmark synthetic with request large-scale, thread 8, conn 128, duration 60
        [run.sh] Deleting all services
        configmap "config-service0" deleted
        deployment.apps "service0" deleted
        service "service0" deleted
        configmap "config-service1" deleted
        deployment.apps "service1" deleted
        service "service1" deleted
        configmap "config-service10" deleted
        deployment.apps "service10" deleted
        service "service10" deleted
        configmap "config-service11" deleted
        deployment.apps "service11" deleted
        service "service11" deleted
        configmap "config-service12" deleted
        deployment.apps "service12" deleted
        service "service12" deleted
        configmap "config-service13" deleted
        deployment.apps "service13" deleted
        service "service13" deleted
        configmap "config-service14" deleted
        deployment.apps "service14" deleted
        service "service14" deleted
        configmap "config-service15" deleted
        deployment.apps "service15" deleted
        service "service15" deleted
        configmap "config-service16" deleted
        deployment.apps "service16" deleted
        service "service16" deleted
        configmap "config-service17" deleted
        deployment.apps "service17" deleted
        service "service17" deleted
        configmap "config-service18" deleted
        deployment.apps "service18" deleted
        service "service18" deleted
        configmap "config-service19" deleted
        deployment.apps "service19" deleted
        service "service19" deleted
        configmap "config-service2" deleted
        deployment.apps "service2" deleted
        service "service2" deleted
        configmap "config-service20" deleted
        deployment.apps "service20" deleted
        service "service20" deleted
        configmap "config-service21" deleted
        deployment.apps "service21" deleted
        service "service21" deleted
        configmap "config-service22" deleted
        deployment.apps "service22" deleted
        service "service22" deleted
        configmap "config-service23" deleted
        deployment.apps "service23" deleted
        service "service23" deleted
        configmap "config-service24" deleted
        deployment.apps "service24" deleted
        service "service24" deleted
        configmap "config-service25" deleted
        deployment.apps "service25" deleted
        service "service25" deleted
        configmap "config-service26" deleted
        deployment.apps "service26" deleted
        service "service26" deleted
        configmap "config-service27" deleted
        deployment.apps "service27" deleted
        service "service27" deleted
        configmap "config-service28" deleted
        deployment.apps "service28" deleted
        service "service28" deleted
        configmap "config-service29" deleted
        deployment.apps "service29" deleted
        service "service29" deleted
        configmap "config-service3" deleted
        deployment.apps "service3" deleted
        service "service3" deleted
        configmap "config-service30" deleted
        deployment.apps "service30" deleted
        service "service30" deleted
        configmap "config-service31" deleted
        deployment.apps "service31" deleted
        service "service31" deleted
        configmap "config-service32" deleted
        deployment.apps "service32" deleted
        service "service32" deleted
        configmap "config-service33" deleted
        deployment.apps "service33" deleted
        service "service33" deleted
        configmap "config-service34" deleted
        deployment.apps "service34" deleted
        service "service34" deleted
        configmap "config-service35" deleted
        deployment.apps "service35" deleted
        service "service35" deleted
        configmap "config-service36" deleted
        deployment.apps "service36" deleted
        service "service36" deleted
        configmap "config-service37" deleted
        deployment.apps "service37" deleted
        service "service37" deleted
        configmap "config-service38" deleted
        deployment.apps "service38" deleted
        service "service38" deleted
        configmap "config-service39" deleted
        deployment.apps "service39" deleted
        service "service39" deleted
        configmap "config-service4" deleted
        deployment.apps "service4" deleted
        service "service4" deleted
        configmap "config-service40" deleted
        deployment.apps "service40" deleted
        service "service40" deleted
        configmap "config-service41" deleted
        deployment.apps "service41" deleted
        service "service41" deleted
        configmap "config-service42" deleted
        deployment.apps "service42" deleted
        service "service42" deleted
        configmap "config-service5" deleted
        deployment.apps "service5" deleted
        service "service5" deleted
        configmap "config-service6" deleted
        deployment.apps "service6" deleted
        service "service6" deleted
        configmap "config-service7" deleted
        deployment.apps "service7" deleted
        service "service7" deleted
        configmap "config-service8" deleted
        deployment.apps "service8" deleted
        service "service8" deleted
        configmap "config-service9" deleted
        deployment.apps "service9" deleted
        service "service9" deleted
        deployment.apps "ubuntu-client" deleted
        [run.sh] Waiting for all pods to be deleted
        [run.sh] Deploying all services
        configmap/config-service0 created
        deployment.apps/service0 created
        service/service0 created
        configmap/config-service1 created
        deployment.apps/service1 created
        service/service1 created
        configmap/config-service10 created
        deployment.apps/service10 created
        service/service10 created
        configmap/config-service11 created
        deployment.apps/service11 created
        service/service11 created
        configmap/config-service12 created
        deployment.apps/service12 created
        service/service12 created
        configmap/config-service13 created
        deployment.apps/service13 created
        service/service13 created
        configmap/config-service14 created
        deployment.apps/service14 created
        service/service14 created
        configmap/config-service15 created
        deployment.apps/service15 created
        service/service15 created
        configmap/config-service16 created
        deployment.apps/service16 created
        service/service16 created
        configmap/config-service17 created
        deployment.apps/service17 created
        service/service17 created
        configmap/config-service18 created
        deployment.apps/service18 created
        service/service18 created
        configmap/config-service19 created
        deployment.apps/service19 created
        service/service19 created
        configmap/config-service2 created
        deployment.apps/service2 created
        service/service2 created
        configmap/config-service20 created
        deployment.apps/service20 created
        service/service20 created
        configmap/config-service21 created
        deployment.apps/service21 created
        service/service21 created
        configmap/config-service22 created
        deployment.apps/service22 created
        service/service22 created
        configmap/config-service23 created
        deployment.apps/service23 created
        service/service23 created
        configmap/config-service24 created
        deployment.apps/service24 created
        service/service24 created
        configmap/config-service25 created
        deployment.apps/service25 created
        service/service25 created
        configmap/config-service26 created
        deployment.apps/service26 created
        service/service26 created
        configmap/config-service27 created
        deployment.apps/service27 created
        service/service27 created
        configmap/config-service28 created
        deployment.apps/service28 created
        service/service28 created
        configmap/config-service29 created
        deployment.apps/service29 created
        service/service29 created
        configmap/config-service3 created
        deployment.apps/service3 created
        service/service3 created
        configmap/config-service30 created
        deployment.apps/service30 created
        service/service30 created
        configmap/config-service31 created
        deployment.apps/service31 created
        service/service31 created
        configmap/config-service32 created
        deployment.apps/service32 created
        service/service32 created
        configmap/config-service33 created
        deployment.apps/service33 created
        service/service33 created
        configmap/config-service34 created
        deployment.apps/service34 created
        service/service34 created
        configmap/config-service35 created
        deployment.apps/service35 created
        service/service35 created
        configmap/config-service36 created
        deployment.apps/service36 created
        service/service36 created
        configmap/config-service37 created
        deployment.apps/service37 created
        service/service37 created
        configmap/config-service38 created
        deployment.apps/service38 created
        service/service38 created
        configmap/config-service39 created
        deployment.apps/service39 created
        service/service39 created
        configmap/config-service4 created
        deployment.apps/service4 created
        service/service4 created
        configmap/config-service40 created
        deployment.apps/service40 created
        service/service40 created
        configmap/config-service41 created
        deployment.apps/service41 created
        service/service41 created
        configmap/config-service42 created
        deployment.apps/service42 created
        service/service42 created
        configmap/config-service5 created
        deployment.apps/service5 created
        service/service5 created
        configmap/config-service6 created
        deployment.apps/service6 created
        service/service6 created
        configmap/config-service7 created
        deployment.apps/service7 created
        service/service7 created
        configmap/config-service8 created
        deployment.apps/service8 created
        service/service8 created
        configmap/config-service9 created
        deployment.apps/service9 created
        service/service9 created
        [run.sh] Client pod not found, deploying client
        deployment.apps/ubuntu-client created
        [run.sh] Waiting for all pods to be running
        [run.sh] All pods are running
        [run.sh] Running warmup test
        [run.sh] /wrk/wrk -t8 -c128 --timeout 10s -d10s -L http://service0:80/endpoint1
        Running 10s test @ http://service0:80/endpoint1
        8 threads and 128 connections
        Thread Stats   Avg      Stdev     Max   +/- Stdev
        Latency   181.58ms  100.18ms 650.02ms   73.06%
        Req/Sec    93.21     36.53   190.00     64.44%
        Latency Distribution
        50%  160.34ms
        75%  233.89ms
        90%  314.04ms
        99%  504.90ms
        7231 requests in 10.10s, 1.10MB read
        Requests/sec:    716.22
        Transfer/sec:    111.21KB
        [run.sh] Speed is 716.22, duration is 20
        [run.sh] Fix the request number.
        [run.sh] Running the actual test
        [run.sh] /wrk/wrk --timeout 20s -t8 -c128 -d20s -L -s /wrk/fix_req_n.lua http://service0:80/endpoint1
        Running 20s test @ http://service0:80/endpoint1
        8 threads and 128 connections
        Thread Stats   Avg      Stdev     Max   +/- Stdev
        Latency   173.76ms  105.44ms 880.83ms   74.85%
        Req/Sec    93.03     40.41   220.00     67.13%
        Latency Distribution
        50%  149.64ms
        75%  223.19ms
        90%  314.57ms
        99%  533.59ms
        10000 requests in 20.00s, 1.52MB read
        Requests/sec:    500.00
        Transfer/sec:     77.64KB
        ------------------------------
        stop time: 13.493807
        stop time: 13.518651
        stop time: 13.334441
        stop time: 13.487736
        stop time: 13.455453
        stop time: 13.521694
        stop time: 13.581973
        stop time: 13.561448
        [run.sh] Checking the resource usage
        NAME                             CPU(cores)   MEMORY(bytes)
        service0-69955d4677-fwnkg        655m         46Mi
        service1-58c95cb96-5mwpw         866m         31Mi
        service10-9549b4cd-pn9ts         424m         12Mi
        service11-b76846c44-qt5gt        1m           11Mi
        service12-8ddc6874b-lnb97        1m           11Mi
        service13-6dc48cb75b-nrw9g       1m           11Mi
        service14-6fdd479dcd-62x4j       1m           11Mi
        service15-6bc59bd7d4-dk886       1m           11Mi
        service16-7886b6b8d6-h5xnm       355m         11Mi
        service17-7b5f6467b8-vpdl8       1m           11Mi
        service18-65595ccfd6-48h96       1m           11Mi
        service19-55c65f57c6-ks9ps       1m           10Mi
        service2-5d59c5bd5d-zvps8        728m         34Mi
        service20-58b86cfc4d-6trhc       1m           10Mi
        service21-8d587d69d-zh46l        357m         11Mi
        service22-55796dcf9b-vqtsg       1m           11Mi
        service23-599c6478cd-974cn       1m           11Mi
        service24-655749d78d-c49bx       1m           10Mi
        service25-656bf89c8b-zprrd       1m           12Mi
        service26-5fcc5669d4-8px7j       1m           12Mi
        service27-8687746986-ntbw4       1m           13Mi
        service28-6bbbb998d8-xwmvh       1m           12Mi
        service29-655dfdfd6b-grg6j       1m           13Mi
        service3-564487d7d8-xchdl        721m         31Mi
        service30-6d966bbbcd-nshnl       1m           12Mi
        service31-9476bd9bd-zmtpf        1m           10Mi
        service32-64b88b58b-xxsz6        1m           10Mi
        service33-69bdf8b97b-6bmnl       1m           11Mi
        service34-9d9487db6-cvd72        1m           11Mi
        service35-575bf5bbb8-qg4x5       1m           10Mi
        service36-765d6cd758-w427v       1m           9Mi
        service37-66f4568564-lfg5b       1m           10Mi
        service38-56fc9c9b7d-gpzg9       1m           10Mi
        service39-5b478bd9b-54mj2        176m         10Mi
        service4-6bfbd6d59c-4nwj2        862m         40Mi
        service40-7c5d878d8d-rlcdg       1m           11Mi
        service41-567cc54974-75cns       1m           11Mi
        service42-6c5db85bd-pw7cv        1m           9Mi
        service5-ffd8ccc6-fgj44          573m         33Mi
        service6-6b89db49b6-894zw        780m         34Mi
        service7-845b5b8588-h2hph        1m           11Mi
        service8-7c9f97fd46-m6wn5        424m         11Mi
        service9-7cb9cf658d-gtl85        1m           11Mi
        ubuntu-client-76886f6bbd-5jlqk   1m           0Mi
        [run.sh] Test finished with status 0
        > STDERR
        > No resources found in default namespace.
    [exp] Times: [13.493807, 13.518651, 13.334441, 13.487736, 13.455453, 13.521694, 13.581973, 13.561448]
    [exp] Throughput: 741.0481178938638
[test.py] Running 1th slowdown exp
    [exp] Running (pre_run: False) workload synthetic/large-scale request with the following configuration: {'CLIENT_CPU_QUOTA': '2', 'SLOWPOKE_POKER_BATCH_THRESHOLD': '20000000', 'PROCESSING_TIME_SERVICE4': '0.00234975', 'PROCESSING_TIME_SERVICE0': '0.00114823', 'PROCESSING_TIME_SERVICE1': '0.00112713', 'PROCESSING_TIME_SERVICE2': '0.00112567', 'PROCESSING_TIME_SERVICE3': '0.00108198', 'PROCESSING_TIME_SERVICE5': '0.00092397', 'PROCESSING_TIME_SERVICE6': '0.00091663', 'PROCESSING_TIME_SERVICE7': '0.0008445', 'PROCESSING_TIME_SERVICE8': '0.00082763', 'PROCESSING_TIME_SERVICE9': '0.00082746', 'PROCESSING_TIME_SERVICE10': '0.00081339', 'PROCESSING_TIME_SERVICE11': '0.00079052', 'PROCESSING_TIME_SERVICE12': '0.00076379', 'PROCESSING_TIME_SERVICE13': '0.00073892', 'PROCESSING_TIME_SERVICE14': '0.00071725', 'PROCESSING_TIME_SERVICE15': '0.0007103', 'PROCESSING_TIME_SERVICE16': '0.00064814', 'PROCESSING_TIME_SERVICE17': '0.00063596', 'PROCESSING_TIME_SERVICE18': '0.00063485', 'PROCESSING_TIME_SERVICE19': '0.00062251', 'PROCESSING_TIME_SERVICE20': '0.0006121', 'PROCESSING_TIME_SERVICE21': '0.00060493', 'PROCESSING_TIME_SERVICE22': '0.00059362', 'PROCESSING_TIME_SERVICE23': '0.00058652', 'PROCESSING_TIME_SERVICE24': '0.00058578', 'PROCESSING_TIME_SERVICE25': '0.00055957', 'PROCESSING_TIME_SERVICE26': '0.00054507', 'PROCESSING_TIME_SERVICE27': '0.00050763', 'PROCESSING_TIME_SERVICE28': '0.00045135', 'PROCESSING_TIME_SERVICE29': '0.00044947', 'PROCESSING_TIME_SERVICE30': '0.00043772', 'PROCESSING_TIME_SERVICE31': '0.00040844', 'PROCESSING_TIME_SERVICE32': '0.00039446', 'PROCESSING_TIME_SERVICE33': '0.00037979', 'PROCESSING_TIME_SERVICE34': '0.00033094', 'PROCESSING_TIME_SERVICE35': '0.00032007', 'PROCESSING_TIME_SERVICE36': '0.00031273', 'PROCESSING_TIME_SERVICE37': '0.00027061', 'PROCESSING_TIME_SERVICE38': '0.00026683', 'PROCESSING_TIME_SERVICE39': '0.00023522', 'PROCESSING_TIME_SERVICE40': '0.00023345', 'PROCESSING_TIME_SERVICE41': '0.00015364', 'PROCESSING_TIME_SERVICE42': '9.551e-05', 'SLOWPOKE_DELAY_MICROS_SERVICE4': '0.0', 'SLOWPOKE_POKER_BATCH_THRESHOLD_SERVICE4': '100', 'SLOWPOKE_IS_TARGET_SERVICE_SERVICE4': 'true', 'SLOWPOKE_DELAY_MICROS_SERVICE0': '294.0', 'SLOWPOKE_POKER_BATCH_THRESHOLD_SERVICE0': '100', 'SLOWPOKE_IS_TARGET_SERVICE_SERVICE0': 'false', 'SLOWPOKE_DELAY_MICROS_SERVICE1': '294.0', 'SLOWPOKE_POKER_BATCH_THRESHOLD_SERVICE1': '100', 'SLOWPOKE_IS_TARGET_SERVICE_SERVICE1': 'false', 'SLOWPOKE_DELAY_MICROS_SERVICE2': '294.0', 'SLOWPOKE_POKER_BATCH_THRESHOLD_SERVICE2': '100', 'SLOWPOKE_IS_TARGET_SERVICE_SERVICE2': 'false', 'SLOWPOKE_DELAY_MICROS_SERVICE3': '294.0', 'SLOWPOKE_POKER_BATCH_THRESHOLD_SERVICE3': '100', 'SLOWPOKE_IS_TARGET_SERVICE_SERVICE3': 'false', 'SLOWPOKE_DELAY_MICROS_SERVICE5': '294.0', 'SLOWPOKE_POKER_BATCH_THRESHOLD_SERVICE5': '100', 'SLOWPOKE_IS_TARGET_SERVICE_SERVICE5': 'false', 'SLOWPOKE_DELAY_MICROS_SERVICE6': '294.0', 'SLOWPOKE_POKER_BATCH_THRESHOLD_SERVICE6': '100', 'SLOWPOKE_IS_TARGET_SERVICE_SERVICE6': 'false', 'SLOWPOKE_DELAY_MICROS_SERVICE7': '294.0', 'SLOWPOKE_POKER_BATCH_THRESHOLD_SERVICE7': '100', 'SLOWPOKE_IS_TARGET_SERVICE_SERVICE7': 'false', 'SLOWPOKE_DELAY_MICROS_SERVICE8': '294.0', 'SLOWPOKE_POKER_BATCH_THRESHOLD_SERVICE8': '100', 'SLOWPOKE_IS_TARGET_SERVICE_SERVICE8': 'false', 'SLOWPOKE_DELAY_MICROS_SERVICE9': '294.0', 'SLOWPOKE_POKER_BATCH_THRESHOLD_SERVICE9': '100', 'SLOWPOKE_IS_TARGET_SERVICE_SERVICE9': 'false', 'SLOWPOKE_DELAY_MICROS_SERVICE10': '294.0', 'SLOWPOKE_POKER_BATCH_THRESHOLD_SERVICE10': '100', 'SLOWPOKE_IS_TARGET_SERVICE_SERVICE10': 'false', 'SLOWPOKE_DELAY_MICROS_SERVICE11': '294.0', 'SLOWPOKE_POKER_BATCH_THRESHOLD_SERVICE11': '100', 'SLOWPOKE_IS_TARGET_SERVICE_SERVICE11': 'false', 'SLOWPOKE_DELAY_MICROS_SERVICE12': '294.0', 'SLOWPOKE_POKER_BATCH_THRESHOLD_SERVICE12': '100', 'SLOWPOKE_IS_TARGET_SERVICE_SERVICE12': 'false', 'SLOWPOKE_DELAY_MICROS_SERVICE13': '294.0', 'SLOWPOKE_POKER_BATCH_THRESHOLD_SERVICE13': '100', 'SLOWPOKE_IS_TARGET_SERVICE_SERVICE13': 'false', 'SLOWPOKE_DELAY_MICROS_SERVICE14': '294.0', 'SLOWPOKE_POKER_BATCH_THRESHOLD_SERVICE14': '100', 'SLOWPOKE_IS_TARGET_SERVICE_SERVICE14': 'false', 'SLOWPOKE_DELAY_MICROS_SERVICE15': '294.0', 'SLOWPOKE_POKER_BATCH_THRESHOLD_SERVICE15': '100', 'SLOWPOKE_IS_TARGET_SERVICE_SERVICE15': 'false', 'SLOWPOKE_DELAY_MICROS_SERVICE16': '294.0', 'SLOWPOKE_POKER_BATCH_THRESHOLD_SERVICE16': '100', 'SLOWPOKE_IS_TARGET_SERVICE_SERVICE16': 'false', 'SLOWPOKE_DELAY_MICROS_SERVICE17': '294.0', 'SLOWPOKE_POKER_BATCH_THRESHOLD_SERVICE17': '100', 'SLOWPOKE_IS_TARGET_SERVICE_SERVICE17': 'false', 'SLOWPOKE_DELAY_MICROS_SERVICE18': '294.0', 'SLOWPOKE_POKER_BATCH_THRESHOLD_SERVICE18': '100', 'SLOWPOKE_IS_TARGET_SERVICE_SERVICE18': 'false', 'SLOWPOKE_DELAY_MICROS_SERVICE19': '294.0', 'SLOWPOKE_POKER_BATCH_THRESHOLD_SERVICE19': '100', 'SLOWPOKE_IS_TARGET_SERVICE_SERVICE19': 'false', 'SLOWPOKE_DELAY_MICROS_SERVICE20': '294.0', 'SLOWPOKE_POKER_BATCH_THRESHOLD_SERVICE20': '100', 'SLOWPOKE_IS_TARGET_SERVICE_SERVICE20': 'false', 'SLOWPOKE_DELAY_MICROS_SERVICE21': '294.0', 'SLOWPOKE_POKER_BATCH_THRESHOLD_SERVICE21': '100', 'SLOWPOKE_IS_TARGET_SERVICE_SERVICE21': 'false', 'SLOWPOKE_DELAY_MICROS_SERVICE22': '294.0', 'SLOWPOKE_POKER_BATCH_THRESHOLD_SERVICE22': '100', 'SLOWPOKE_IS_TARGET_SERVICE_SERVICE22': 'false', 'SLOWPOKE_DELAY_MICROS_SERVICE23': '294.0', 'SLOWPOKE_POKER_BATCH_THRESHOLD_SERVICE23': '100', 'SLOWPOKE_IS_TARGET_SERVICE_SERVICE23': 'false', 'SLOWPOKE_DELAY_MICROS_SERVICE24': '294.0', 'SLOWPOKE_POKER_BATCH_THRESHOLD_SERVICE24': '100', 'SLOWPOKE_IS_TARGET_SERVICE_SERVICE24': 'false', 'SLOWPOKE_DELAY_MICROS_SERVICE25': '294.0', 'SLOWPOKE_POKER_BATCH_THRESHOLD_SERVICE25': '100', 'SLOWPOKE_IS_TARGET_SERVICE_SERVICE25': 'false', 'SLOWPOKE_DELAY_MICROS_SERVICE26': '294.0', 'SLOWPOKE_POKER_BATCH_THRESHOLD_SERVICE26': '100', 'SLOWPOKE_IS_TARGET_SERVICE_SERVICE26': 'false', 'SLOWPOKE_DELAY_MICROS_SERVICE27': '294.0', 'SLOWPOKE_POKER_BATCH_THRESHOLD_SERVICE27': '100', 'SLOWPOKE_IS_TARGET_SERVICE_SERVICE27': 'false', 'SLOWPOKE_DELAY_MICROS_SERVICE28': '294.0', 'SLOWPOKE_POKER_BATCH_THRESHOLD_SERVICE28': '100', 'SLOWPOKE_IS_TARGET_SERVICE_SERVICE28': 'false', 'SLOWPOKE_DELAY_MICROS_SERVICE29': '294.0', 'SLOWPOKE_POKER_BATCH_THRESHOLD_SERVICE29': '100', 'SLOWPOKE_IS_TARGET_SERVICE_SERVICE29': 'false', 'SLOWPOKE_DELAY_MICROS_SERVICE30': '294.0', 'SLOWPOKE_POKER_BATCH_THRESHOLD_SERVICE30': '100', 'SLOWPOKE_IS_TARGET_SERVICE_SERVICE30': 'false', 'SLOWPOKE_DELAY_MICROS_SERVICE31': '294.0', 'SLOWPOKE_POKER_BATCH_THRESHOLD_SERVICE31': '100', 'SLOWPOKE_IS_TARGET_SERVICE_SERVICE31': 'false', 'SLOWPOKE_DELAY_MICROS_SERVICE32': '294.0', 'SLOWPOKE_POKER_BATCH_THRESHOLD_SERVICE32': '100', 'SLOWPOKE_IS_TARGET_SERVICE_SERVICE32': 'false', 'SLOWPOKE_DELAY_MICROS_SERVICE33': '294.0', 'SLOWPOKE_POKER_BATCH_THRESHOLD_SERVICE33': '100', 'SLOWPOKE_IS_TARGET_SERVICE_SERVICE33': 'false', 'SLOWPOKE_DELAY_MICROS_SERVICE34': '294.0', 'SLOWPOKE_POKER_BATCH_THRESHOLD_SERVICE34': '100', 'SLOWPOKE_IS_TARGET_SERVICE_SERVICE34': 'false', 'SLOWPOKE_DELAY_MICROS_SERVICE35': '294.0', 'SLOWPOKE_POKER_BATCH_THRESHOLD_SERVICE35': '100', 'SLOWPOKE_IS_TARGET_SERVICE_SERVICE35': 'false', 'SLOWPOKE_DELAY_MICROS_SERVICE36': '294.0', 'SLOWPOKE_POKER_BATCH_THRESHOLD_SERVICE36': '100', 'SLOWPOKE_IS_TARGET_SERVICE_SERVICE36': 'false', 'SLOWPOKE_DELAY_MICROS_SERVICE37': '294.0', 'SLOWPOKE_POKER_BATCH_THRESHOLD_SERVICE37': '100', 'SLOWPOKE_IS_TARGET_SERVICE_SERVICE37': 'false', 'SLOWPOKE_DELAY_MICROS_SERVICE38': '294.0', 'SLOWPOKE_POKER_BATCH_THRESHOLD_SERVICE38': '100', 'SLOWPOKE_IS_TARGET_SERVICE_SERVICE38': 'false', 'SLOWPOKE_DELAY_MICROS_SERVICE39': '294.0', 'SLOWPOKE_POKER_BATCH_THRESHOLD_SERVICE39': '100', 'SLOWPOKE_IS_TARGET_SERVICE_SERVICE39': 'false', 'SLOWPOKE_DELAY_MICROS_SERVICE40': '294.0', 'SLOWPOKE_POKER_BATCH_THRESHOLD_SERVICE40': '100', 'SLOWPOKE_IS_TARGET_SERVICE_SERVICE40': 'false', 'SLOWPOKE_DELAY_MICROS_SERVICE41': '294.0', 'SLOWPOKE_POKER_BATCH_THRESHOLD_SERVICE41': '100', 'SLOWPOKE_IS_TARGET_SERVICE_SERVICE41': 'false', 'SLOWPOKE_DELAY_MICROS_SERVICE42': '294.0', 'SLOWPOKE_POKER_BATCH_THRESHOLD_SERVICE42': '100', 'SLOWPOKE_IS_TARGET_SERVICE_SERVICE42': 'false'}
    [exp] Executing cmd `bash run.sh synthetic large-scale 8 128 10000`:
        [run.sh] Running benchmark synthetic with request large-scale, thread 8, conn 128, duration 60
        [run.sh] Deleting all services
        configmap "config-service0" deleted
        deployment.apps "service0" deleted
        service "service0" deleted
        configmap "config-service1" deleted
        deployment.apps "service1" deleted
        service "service1" deleted
        configmap "config-service10" deleted
        deployment.apps "service10" deleted
        service "service10" deleted
        configmap "config-service11" deleted
        deployment.apps "service11" deleted
        service "service11" deleted
        configmap "config-service12" deleted
        deployment.apps "service12" deleted
        service "service12" deleted
        configmap "config-service13" deleted
        deployment.apps "service13" deleted
        service "service13" deleted
        configmap "config-service14" deleted
        deployment.apps "service14" deleted
        service "service14" deleted
        configmap "config-service15" deleted
        deployment.apps "service15" deleted
        service "service15" deleted
        configmap "config-service16" deleted
        deployment.apps "service16" deleted
        service "service16" deleted
        configmap "config-service17" deleted
        deployment.apps "service17" deleted
        service "service17" deleted
        configmap "config-service18" deleted
        deployment.apps "service18" deleted
        service "service18" deleted
        configmap "config-service19" deleted
        deployment.apps "service19" deleted
        service "service19" deleted
        configmap "config-service2" deleted
        deployment.apps "service2" deleted
        service "service2" deleted
        configmap "config-service20" deleted
        deployment.apps "service20" deleted
        service "service20" deleted
        configmap "config-service21" deleted
        deployment.apps "service21" deleted
        service "service21" deleted
        configmap "config-service22" deleted
        deployment.apps "service22" deleted
        service "service22" deleted
        configmap "config-service23" deleted
        deployment.apps "service23" deleted
        service "service23" deleted
        configmap "config-service24" deleted
        deployment.apps "service24" deleted
        service "service24" deleted
        configmap "config-service25" deleted
        deployment.apps "service25" deleted
        service "service25" deleted
        configmap "config-service26" deleted
        deployment.apps "service26" deleted
        service "service26" deleted
        configmap "config-service27" deleted
        deployment.apps "service27" deleted
        service "service27" deleted
        configmap "config-service28" deleted
        deployment.apps "service28" deleted
        service "service28" deleted
        configmap "config-service29" deleted
        deployment.apps "service29" deleted
        service "service29" deleted
        configmap "config-service3" deleted
        deployment.apps "service3" deleted
        service "service3" deleted
        configmap "config-service30" deleted
        deployment.apps "service30" deleted
        service "service30" deleted
        configmap "config-service31" deleted
        deployment.apps "service31" deleted
        service "service31" deleted
        configmap "config-service32" deleted
        deployment.apps "service32" deleted
        service "service32" deleted
        configmap "config-service33" deleted
        deployment.apps "service33" deleted
        service "service33" deleted
        configmap "config-service34" deleted
        deployment.apps "service34" deleted
        service "service34" deleted
        configmap "config-service35" deleted
        deployment.apps "service35" deleted
        service "service35" deleted
        configmap "config-service36" deleted
        deployment.apps "service36" deleted
        service "service36" deleted
        configmap "config-service37" deleted
        deployment.apps "service37" deleted
        service "service37" deleted
        configmap "config-service38" deleted
        deployment.apps "service38" deleted
        service "service38" deleted
        configmap "config-service39" deleted
        deployment.apps "service39" deleted
        service "service39" deleted
        configmap "config-service4" deleted
        deployment.apps "service4" deleted
        service "service4" deleted
        configmap "config-service40" deleted
        deployment.apps "service40" deleted
        service "service40" deleted
        configmap "config-service41" deleted
        deployment.apps "service41" deleted
        service "service41" deleted
        configmap "config-service42" deleted
        deployment.apps "service42" deleted
        service "service42" deleted
        configmap "config-service5" deleted
        deployment.apps "service5" deleted
        service "service5" deleted
        configmap "config-service6" deleted
        deployment.apps "service6" deleted
        service "service6" deleted
        configmap "config-service7" deleted
        deployment.apps "service7" deleted
        service "service7" deleted
        configmap "config-service8" deleted
        deployment.apps "service8" deleted
        service "service8" deleted
        configmap "config-service9" deleted
        deployment.apps "service9" deleted
        service "service9" deleted
        deployment.apps "ubuntu-client" deleted
        [run.sh] Waiting for all pods to be deleted
        [run.sh] Deploying all services
        configmap/config-service0 created
        deployment.apps/service0 created
        service/service0 created
        configmap/config-service1 created
        deployment.apps/service1 created
        service/service1 created
        configmap/config-service10 created
        deployment.apps/service10 created
        service/service10 created
        configmap/config-service11 created
        deployment.apps/service11 created
        service/service11 created
        configmap/config-service12 created
        deployment.apps/service12 created
        service/service12 created
        configmap/config-service13 created
        deployment.apps/service13 created
        service/service13 created
        configmap/config-service14 created
        deployment.apps/service14 created
        service/service14 created
        configmap/config-service15 created
        deployment.apps/service15 created
        service/service15 created
        configmap/config-service16 created
        deployment.apps/service16 created
        service/service16 created
        configmap/config-service17 created
        deployment.apps/service17 created
        service/service17 created
        configmap/config-service18 created
        deployment.apps/service18 created
        service/service18 created
        configmap/config-service19 created
        deployment.apps/service19 created
        service/service19 created
        configmap/config-service2 created
        deployment.apps/service2 created
        service/service2 created
        configmap/config-service20 created
        deployment.apps/service20 created
        service/service20 created
        configmap/config-service21 created
        deployment.apps/service21 created
        service/service21 created
        configmap/config-service22 created
        deployment.apps/service22 created
        service/service22 created
        configmap/config-service23 created
        deployment.apps/service23 created
        service/service23 created
        configmap/config-service24 created
        deployment.apps/service24 created
        service/service24 created
        configmap/config-service25 created
        deployment.apps/service25 created
        service/service25 created
        configmap/config-service26 created
        deployment.apps/service26 created
        service/service26 created
        configmap/config-service27 created
        deployment.apps/service27 created
        service/service27 created
        configmap/config-service28 created
        deployment.apps/service28 created
        service/service28 created
        configmap/config-service29 created
        deployment.apps/service29 created
        service/service29 created
        configmap/config-service3 created
        deployment.apps/service3 created
        service/service3 created
        configmap/config-service30 created
        deployment.apps/service30 created
        service/service30 created
        configmap/config-service31 created
        deployment.apps/service31 created
        service/service31 created
        configmap/config-service32 created
        deployment.apps/service32 created
        service/service32 created
        configmap/config-service33 created
        deployment.apps/service33 created
        service/service33 created
        configmap/config-service34 created
        deployment.apps/service34 created
        service/service34 created
        configmap/config-service35 created
        deployment.apps/service35 created
        service/service35 created
        configmap/config-service36 created
        deployment.apps/service36 created
        service/service36 created
        configmap/config-service37 created
        deployment.apps/service37 created
        service/service37 created
        configmap/config-service38 created
        deployment.apps/service38 created
        service/service38 created
        configmap/config-service39 created
        deployment.apps/service39 created
        service/service39 created
        configmap/config-service4 created
        deployment.apps/service4 created
        service/service4 created
        configmap/config-service40 created
        deployment.apps/service40 created
        service/service40 created
        configmap/config-service41 created
        deployment.apps/service41 created
        service/service41 created
        configmap/config-service42 created
        deployment.apps/service42 created
        service/service42 created
        configmap/config-service5 created
        deployment.apps/service5 created
        service/service5 created
        configmap/config-service6 created
        deployment.apps/service6 created
        service/service6 created
        configmap/config-service7 created
        deployment.apps/service7 created
        service/service7 created
        configmap/config-service8 created
        deployment.apps/service8 created
        service/service8 created
        configmap/config-service9 created
        deployment.apps/service9 created
        service/service9 created
        [run.sh] Client pod not found, deploying client
        deployment.apps/ubuntu-client created
        [run.sh] Waiting for all pods to be running
        [run.sh] All pods are running
        [run.sh] Running warmup test
        [run.sh] /wrk/wrk -t8 -c128 --timeout 10s -d10s -L http://service0:80/endpoint1
        Running 10s test @ http://service0:80/endpoint1
        8 threads and 128 connections
        Thread Stats   Avg      Stdev     Max   +/- Stdev
        Latency   222.39ms  120.81ms 906.91ms   74.59%
        Req/Sec    76.81     36.64   171.00     63.27%
        Latency Distribution
        50%  197.96ms
        75%  279.46ms
        90%  373.40ms
        99%  608.70ms
        5873 requests in 10.10s, 0.89MB read
        Requests/sec:    581.54
        Transfer/sec:     90.30KB
        [run.sh] Speed is 581.54, duration is 25
        [run.sh] Fix the request number.
        [run.sh] Running the actual test
        [run.sh] /wrk/wrk --timeout 20s -t8 -c128 -d25s -L -s /wrk/fix_req_n.lua http://service0:80/endpoint1
        Running 25s test @ http://service0:80/endpoint1
        8 threads and 128 connections
        Thread Stats   Avg      Stdev     Max   +/- Stdev
        Latency   209.56ms  110.70ms 877.39ms   72.22%
        Req/Sec    76.26     35.54   171.00     62.99%
        Latency Distribution
        50%  187.24ms
        75%  263.86ms
        90%  364.84ms
        99%  555.39ms
        10000 requests in 25.00s, 1.52MB read
        Requests/sec:    400.00
        Transfer/sec:     62.11KB
        ------------------------------
        stop time: 16.413247
        stop time: 16.562104
        stop time: 16.455502
        stop time: 16.554612
        stop time: 15.933693
        stop time: 16.293032
        stop time: 16.582107
        stop time: 16.544858
        [run.sh] Checking the resource usage
        NAME                             CPU(cores)   MEMORY(bytes)
        service0-75cfdb49f8-rplzq        254m         47Mi
        service1-6bd8b96fcc-4bz8q        441m         34Mi
        service10-656c88d659-q57nt       217m         11Mi
        service11-79494d4f65-g9vpt       260m         13Mi
        service12-99cf77bc-ntjrd         237m         10Mi
        service13-5c69cf9497-9lxrn       254m         11Mi
        service14-7bc4d775f5-4vnrh       227m         11Mi
        service15-65986577b5-6968b       201m         11Mi
        service16-688fdfd4dc-8mjpb       183m         12Mi
        service17-7865476fdf-dd5qq       214m         10Mi
        service18-6dfdbdd499-zv4mb       240m         11Mi
        service19-5b5c9f9cd9-q8xvh       229m         10Mi
        service2-6d5d64dcb7-bpj62        319m         33Mi
        service20-6c6559c8bf-mzck5       206m         12Mi
        service21-74fd95f55-2vhn7        189m         10Mi
        service22-5ddbc758c7-zj6zx       241m         11Mi
        service23-6f5bf6656c-6wr6c       198m         11Mi
        service24-555bc78bd9-h6fs2       196m         10Mi
        service25-8c464ccbc-l9wjp        195m         12Mi
        service26-6c8d8cfdd5-xplwj       197m         12Mi
        service27-694d8bb7d7-gjvc8       125m         12Mi
        service28-79876959fc-sj5kf       169m         11Mi
        service29-7d94f5468c-f8z4n       176m         12Mi
        service3-bf8bf455c-cp7sv         328m         29Mi
        service30-6c49b86c67-snd4z       170m         11Mi
        service31-d5b9cc645-n7q5q        178m         10Mi
        service32-69579879cf-c6txk       162m         11Mi
        service33-5f7bf8bc69-wgvh8       169m         9Mi
        service34-dc67885dc-r9nlq        157m         9Mi
        service35-58b88bcd5c-s2626       149m         9Mi
        service36-9b67db847-w45vz        97m          10Mi
        service37-578cdfb865-zv5db       136m         10Mi
        service38-74f96bd45f-j7q2v       117m         10Mi
        service39-6cc6bdbc49-9kqtw       88m          8Mi
        service4-6bfbd6d59c-crrhf        425m         42Mi
        service40-d8f785849-zdl8w        85m          9Mi
        service41-5dd46d7c7f-4nhs6       85m          12Mi
        service42-5cd69c6cbf-4fbbc       69m          8Mi
        service5-549588597c-hvn8h        225m         28Mi
        service6-6755bf68ff-4mnsg        371m         30Mi
        service7-857dc8558f-t22kn        241m         12Mi
        service8-6db6b6f775-qtrh4        213m         11Mi
        service9-759bbf58c7-q97mq        317m         10Mi
        ubuntu-client-76886f6bbd-wqnsv   11m          7Mi
        [run.sh] Test finished with status 0
        > STDERR
        > No resources found in default namespace.
    [exp] Times: [16.413247, 16.562104, 16.455502, 16.554612, 15.933693, 16.293032, 16.582107, 16.544858]
    [exp] Throughput: 609.1100555656841
[test.py] Finished running 1th optmization experiment: groundtruth->741.0481178938638, slowdown->609.1100555656841, predicted->742.1896943157221, err->0.15404889295215848
[test.py] Baseline throughput:  615.8796167827658
[test.py] Groundtruth:  [903.4664811789751, 741.0481178938638]
[test.py] Slowdown:  [579.5782866674768, 609.1100555656841]
[test.py] Predicted:  [879.107393033839, 742.1896943157221]
[test.py] Error percentage:  [-2.6961806168335953, 0.15404889295215848]
[test.py] >>>>>>>>>>>>>>>>>>>>>>>>>>>>> Running experiment 1...
[test.py] Actual processing time range: [1174, 1761]
[test.py] Running baseline experiment
    [exp] Running (pre_run: False) workload synthetic/large-scale request with the following configuration: {'CLIENT_CPU_QUOTA': '2', 'SLOWPOKE_POKER_BATCH_THRESHOLD': '20000000', 'PROCESSING_TIME_SERVICE4': '0.00234975', 'PROCESSING_TIME_SERVICE0': '0.00114823', 'PROCESSING_TIME_SERVICE1': '0.00112713', 'PROCESSING_TIME_SERVICE2': '0.00112567', 'PROCESSING_TIME_SERVICE3': '0.00108198', 'PROCESSING_TIME_SERVICE5': '0.00092397', 'PROCESSING_TIME_SERVICE6': '0.00091663', 'PROCESSING_TIME_SERVICE7': '0.0008445', 'PROCESSING_TIME_SERVICE8': '0.00082763', 'PROCESSING_TIME_SERVICE9': '0.00082746', 'PROCESSING_TIME_SERVICE10': '0.00081339', 'PROCESSING_TIME_SERVICE11': '0.00079052', 'PROCESSING_TIME_SERVICE12': '0.00076379', 'PROCESSING_TIME_SERVICE13': '0.00073892', 'PROCESSING_TIME_SERVICE14': '0.00071725', 'PROCESSING_TIME_SERVICE15': '0.0007103', 'PROCESSING_TIME_SERVICE16': '0.00064814', 'PROCESSING_TIME_SERVICE17': '0.00063596', 'PROCESSING_TIME_SERVICE18': '0.00063485', 'PROCESSING_TIME_SERVICE19': '0.00062251', 'PROCESSING_TIME_SERVICE20': '0.0006121', 'PROCESSING_TIME_SERVICE21': '0.00060493', 'PROCESSING_TIME_SERVICE22': '0.00059362', 'PROCESSING_TIME_SERVICE23': '0.00058652', 'PROCESSING_TIME_SERVICE24': '0.00058578', 'PROCESSING_TIME_SERVICE25': '0.00055957', 'PROCESSING_TIME_SERVICE26': '0.00054507', 'PROCESSING_TIME_SERVICE27': '0.00050763', 'PROCESSING_TIME_SERVICE28': '0.00045135', 'PROCESSING_TIME_SERVICE29': '0.00044947', 'PROCESSING_TIME_SERVICE30': '0.00043772', 'PROCESSING_TIME_SERVICE31': '0.00040844', 'PROCESSING_TIME_SERVICE32': '0.00039446', 'PROCESSING_TIME_SERVICE33': '0.00037979', 'PROCESSING_TIME_SERVICE34': '0.00033094', 'PROCESSING_TIME_SERVICE35': '0.00032007', 'PROCESSING_TIME_SERVICE36': '0.00031273', 'PROCESSING_TIME_SERVICE37': '0.00027061', 'PROCESSING_TIME_SERVICE38': '0.00026683', 'PROCESSING_TIME_SERVICE39': '0.00023522', 'PROCESSING_TIME_SERVICE40': '0.00023345', 'PROCESSING_TIME_SERVICE41': '0.00015364', 'PROCESSING_TIME_SERVICE42': '9.551e-05', 'SLOWPOKE_DELAY_MICROS_SERVICE4': '0.0', 'SLOWPOKE_POKER_BATCH_THRESHOLD_SERVICE4': '100', 'SLOWPOKE_IS_TARGET_SERVICE_SERVICE4': 'true', 'SLOWPOKE_DELAY_MICROS_SERVICE0': '0.0', 'SLOWPOKE_POKER_BATCH_THRESHOLD_SERVICE0': '100', 'SLOWPOKE_IS_TARGET_SERVICE_SERVICE0': 'false', 'SLOWPOKE_DELAY_MICROS_SERVICE1': '0.0', 'SLOWPOKE_POKER_BATCH_THRESHOLD_SERVICE1': '100', 'SLOWPOKE_IS_TARGET_SERVICE_SERVICE1': 'false', 'SLOWPOKE_DELAY_MICROS_SERVICE2': '0.0', 'SLOWPOKE_POKER_BATCH_THRESHOLD_SERVICE2': '100', 'SLOWPOKE_IS_TARGET_SERVICE_SERVICE2': 'false', 'SLOWPOKE_DELAY_MICROS_SERVICE3': '0.0', 'SLOWPOKE_POKER_BATCH_THRESHOLD_SERVICE3': '100', 'SLOWPOKE_IS_TARGET_SERVICE_SERVICE3': 'false', 'SLOWPOKE_DELAY_MICROS_SERVICE5': '0.0', 'SLOWPOKE_POKER_BATCH_THRESHOLD_SERVICE5': '100', 'SLOWPOKE_IS_TARGET_SERVICE_SERVICE5': 'false', 'SLOWPOKE_DELAY_MICROS_SERVICE6': '0.0', 'SLOWPOKE_POKER_BATCH_THRESHOLD_SERVICE6': '100', 'SLOWPOKE_IS_TARGET_SERVICE_SERVICE6': 'false', 'SLOWPOKE_DELAY_MICROS_SERVICE7': '0.0', 'SLOWPOKE_POKER_BATCH_THRESHOLD_SERVICE7': '100', 'SLOWPOKE_IS_TARGET_SERVICE_SERVICE7': 'false', 'SLOWPOKE_DELAY_MICROS_SERVICE8': '0.0', 'SLOWPOKE_POKER_BATCH_THRESHOLD_SERVICE8': '100', 'SLOWPOKE_IS_TARGET_SERVICE_SERVICE8': 'false', 'SLOWPOKE_DELAY_MICROS_SERVICE9': '0.0', 'SLOWPOKE_POKER_BATCH_THRESHOLD_SERVICE9': '100', 'SLOWPOKE_IS_TARGET_SERVICE_SERVICE9': 'false', 'SLOWPOKE_DELAY_MICROS_SERVICE10': '0.0', 'SLOWPOKE_POKER_BATCH_THRESHOLD_SERVICE10': '100', 'SLOWPOKE_IS_TARGET_SERVICE_SERVICE10': 'false', 'SLOWPOKE_DELAY_MICROS_SERVICE11': '0.0', 'SLOWPOKE_POKER_BATCH_THRESHOLD_SERVICE11': '100', 'SLOWPOKE_IS_TARGET_SERVICE_SERVICE11': 'false', 'SLOWPOKE_DELAY_MICROS_SERVICE12': '0.0', 'SLOWPOKE_POKER_BATCH_THRESHOLD_SERVICE12': '100', 'SLOWPOKE_IS_TARGET_SERVICE_SERVICE12': 'false', 'SLOWPOKE_DELAY_MICROS_SERVICE13': '0.0', 'SLOWPOKE_POKER_BATCH_THRESHOLD_SERVICE13': '100', 'SLOWPOKE_IS_TARGET_SERVICE_SERVICE13': 'false', 'SLOWPOKE_DELAY_MICROS_SERVICE14': '0.0', 'SLOWPOKE_POKER_BATCH_THRESHOLD_SERVICE14': '100', 'SLOWPOKE_IS_TARGET_SERVICE_SERVICE14': 'false', 'SLOWPOKE_DELAY_MICROS_SERVICE15': '0.0', 'SLOWPOKE_POKER_BATCH_THRESHOLD_SERVICE15': '100', 'SLOWPOKE_IS_TARGET_SERVICE_SERVICE15': 'false', 'SLOWPOKE_DELAY_MICROS_SERVICE16': '0.0', 'SLOWPOKE_POKER_BATCH_THRESHOLD_SERVICE16': '100', 'SLOWPOKE_IS_TARGET_SERVICE_SERVICE16': 'false', 'SLOWPOKE_DELAY_MICROS_SERVICE17': '0.0', 'SLOWPOKE_POKER_BATCH_THRESHOLD_SERVICE17': '100', 'SLOWPOKE_IS_TARGET_SERVICE_SERVICE17': 'false', 'SLOWPOKE_DELAY_MICROS_SERVICE18': '0.0', 'SLOWPOKE_POKER_BATCH_THRESHOLD_SERVICE18': '100', 'SLOWPOKE_IS_TARGET_SERVICE_SERVICE18': 'false', 'SLOWPOKE_DELAY_MICROS_SERVICE19': '0.0', 'SLOWPOKE_POKER_BATCH_THRESHOLD_SERVICE19': '100', 'SLOWPOKE_IS_TARGET_SERVICE_SERVICE19': 'false', 'SLOWPOKE_DELAY_MICROS_SERVICE20': '0.0', 'SLOWPOKE_POKER_BATCH_THRESHOLD_SERVICE20': '100', 'SLOWPOKE_IS_TARGET_SERVICE_SERVICE20': 'false', 'SLOWPOKE_DELAY_MICROS_SERVICE21': '0.0', 'SLOWPOKE_POKER_BATCH_THRESHOLD_SERVICE21': '100', 'SLOWPOKE_IS_TARGET_SERVICE_SERVICE21': 'false', 'SLOWPOKE_DELAY_MICROS_SERVICE22': '0.0', 'SLOWPOKE_POKER_BATCH_THRESHOLD_SERVICE22': '100', 'SLOWPOKE_IS_TARGET_SERVICE_SERVICE22': 'false', 'SLOWPOKE_DELAY_MICROS_SERVICE23': '0.0', 'SLOWPOKE_POKER_BATCH_THRESHOLD_SERVICE23': '100', 'SLOWPOKE_IS_TARGET_SERVICE_SERVICE23': 'false', 'SLOWPOKE_DELAY_MICROS_SERVICE24': '0.0', 'SLOWPOKE_POKER_BATCH_THRESHOLD_SERVICE24': '100', 'SLOWPOKE_IS_TARGET_SERVICE_SERVICE24': 'false', 'SLOWPOKE_DELAY_MICROS_SERVICE25': '0.0', 'SLOWPOKE_POKER_BATCH_THRESHOLD_SERVICE25': '100', 'SLOWPOKE_IS_TARGET_SERVICE_SERVICE25': 'false', 'SLOWPOKE_DELAY_MICROS_SERVICE26': '0.0', 'SLOWPOKE_POKER_BATCH_THRESHOLD_SERVICE26': '100', 'SLOWPOKE_IS_TARGET_SERVICE_SERVICE26': 'false', 'SLOWPOKE_DELAY_MICROS_SERVICE27': '0.0', 'SLOWPOKE_POKER_BATCH_THRESHOLD_SERVICE27': '100', 'SLOWPOKE_IS_TARGET_SERVICE_SERVICE27': 'false', 'SLOWPOKE_DELAY_MICROS_SERVICE28': '0.0', 'SLOWPOKE_POKER_BATCH_THRESHOLD_SERVICE28': '100', 'SLOWPOKE_IS_TARGET_SERVICE_SERVICE28': 'false', 'SLOWPOKE_DELAY_MICROS_SERVICE29': '0.0', 'SLOWPOKE_POKER_BATCH_THRESHOLD_SERVICE29': '100', 'SLOWPOKE_IS_TARGET_SERVICE_SERVICE29': 'false', 'SLOWPOKE_DELAY_MICROS_SERVICE30': '0.0', 'SLOWPOKE_POKER_BATCH_THRESHOLD_SERVICE30': '100', 'SLOWPOKE_IS_TARGET_SERVICE_SERVICE30': 'false', 'SLOWPOKE_DELAY_MICROS_SERVICE31': '0.0', 'SLOWPOKE_POKER_BATCH_THRESHOLD_SERVICE31': '100', 'SLOWPOKE_IS_TARGET_SERVICE_SERVICE31': 'false', 'SLOWPOKE_DELAY_MICROS_SERVICE32': '0.0', 'SLOWPOKE_POKER_BATCH_THRESHOLD_SERVICE32': '100', 'SLOWPOKE_IS_TARGET_SERVICE_SERVICE32': 'false', 'SLOWPOKE_DELAY_MICROS_SERVICE33': '0.0', 'SLOWPOKE_POKER_BATCH_THRESHOLD_SERVICE33': '100', 'SLOWPOKE_IS_TARGET_SERVICE_SERVICE33': 'false', 'SLOWPOKE_DELAY_MICROS_SERVICE34': '0.0', 'SLOWPOKE_POKER_BATCH_THRESHOLD_SERVICE34': '100', 'SLOWPOKE_IS_TARGET_SERVICE_SERVICE34': 'false', 'SLOWPOKE_DELAY_MICROS_SERVICE35': '0.0', 'SLOWPOKE_POKER_BATCH_THRESHOLD_SERVICE35': '100', 'SLOWPOKE_IS_TARGET_SERVICE_SERVICE35': 'false', 'SLOWPOKE_DELAY_MICROS_SERVICE36': '0.0', 'SLOWPOKE_POKER_BATCH_THRESHOLD_SERVICE36': '100', 'SLOWPOKE_IS_TARGET_SERVICE_SERVICE36': 'false', 'SLOWPOKE_DELAY_MICROS_SERVICE37': '0.0', 'SLOWPOKE_POKER_BATCH_THRESHOLD_SERVICE37': '100', 'SLOWPOKE_IS_TARGET_SERVICE_SERVICE37': 'false', 'SLOWPOKE_DELAY_MICROS_SERVICE38': '0.0', 'SLOWPOKE_POKER_BATCH_THRESHOLD_SERVICE38': '100', 'SLOWPOKE_IS_TARGET_SERVICE_SERVICE38': 'false', 'SLOWPOKE_DELAY_MICROS_SERVICE39': '0.0', 'SLOWPOKE_POKER_BATCH_THRESHOLD_SERVICE39': '100', 'SLOWPOKE_IS_TARGET_SERVICE_SERVICE39': 'false', 'SLOWPOKE_DELAY_MICROS_SERVICE40': '0.0', 'SLOWPOKE_POKER_BATCH_THRESHOLD_SERVICE40': '100', 'SLOWPOKE_IS_TARGET_SERVICE_SERVICE40': 'false', 'SLOWPOKE_DELAY_MICROS_SERVICE41': '0.0', 'SLOWPOKE_POKER_BATCH_THRESHOLD_SERVICE41': '100', 'SLOWPOKE_IS_TARGET_SERVICE_SERVICE41': 'false', 'SLOWPOKE_DELAY_MICROS_SERVICE42': '0.0', 'SLOWPOKE_POKER_BATCH_THRESHOLD_SERVICE42': '100', 'SLOWPOKE_IS_TARGET_SERVICE_SERVICE42': 'false'}
    [exp] Executing cmd `bash run.sh synthetic large-scale 8 128 10000`:
        [run.sh] Running benchmark synthetic with request large-scale, thread 8, conn 128, duration 60
        [run.sh] Deleting all services
        configmap "config-service0" deleted
        deployment.apps "service0" deleted
        service "service0" deleted
        configmap "config-service1" deleted
        deployment.apps "service1" deleted
        service "service1" deleted
        configmap "config-service10" deleted
        deployment.apps "service10" deleted
        service "service10" deleted
        configmap "config-service11" deleted
        deployment.apps "service11" deleted
        service "service11" deleted
        configmap "config-service12" deleted
        deployment.apps "service12" deleted
        service "service12" deleted
        configmap "config-service13" deleted
        deployment.apps "service13" deleted
        service "service13" deleted
        configmap "config-service14" deleted
        deployment.apps "service14" deleted
        service "service14" deleted
        configmap "config-service15" deleted
        deployment.apps "service15" deleted
        service "service15" deleted
        configmap "config-service16" deleted
        deployment.apps "service16" deleted
        service "service16" deleted
        configmap "config-service17" deleted
        deployment.apps "service17" deleted
        service "service17" deleted
        configmap "config-service18" deleted
        deployment.apps "service18" deleted
        service "service18" deleted
        configmap "config-service19" deleted
        deployment.apps "service19" deleted
        service "service19" deleted
        configmap "config-service2" deleted
        deployment.apps "service2" deleted
        service "service2" deleted
        configmap "config-service20" deleted
        deployment.apps "service20" deleted
        service "service20" deleted
        configmap "config-service21" deleted
        deployment.apps "service21" deleted
        service "service21" deleted
        configmap "config-service22" deleted
        deployment.apps "service22" deleted
        service "service22" deleted
        configmap "config-service23" deleted
        deployment.apps "service23" deleted
        service "service23" deleted
        configmap "config-service24" deleted
        deployment.apps "service24" deleted
        service "service24" deleted
        configmap "config-service25" deleted
        deployment.apps "service25" deleted
        service "service25" deleted
        configmap "config-service26" deleted
        deployment.apps "service26" deleted
        service "service26" deleted
        configmap "config-service27" deleted
        deployment.apps "service27" deleted
        service "service27" deleted
        configmap "config-service28" deleted
        deployment.apps "service28" deleted
        service "service28" deleted
        configmap "config-service29" deleted
        deployment.apps "service29" deleted
        service "service29" deleted
        configmap "config-service3" deleted
        deployment.apps "service3" deleted
        service "service3" deleted
        configmap "config-service30" deleted
        deployment.apps "service30" deleted
        service "service30" deleted
        configmap "config-service31" deleted
        deployment.apps "service31" deleted
        service "service31" deleted
        configmap "config-service32" deleted
        deployment.apps "service32" deleted
        service "service32" deleted
        configmap "config-service33" deleted
        deployment.apps "service33" deleted
        service "service33" deleted
        configmap "config-service34" deleted
        deployment.apps "service34" deleted
        service "service34" deleted
        configmap "config-service35" deleted
        deployment.apps "service35" deleted
        service "service35" deleted
        configmap "config-service36" deleted
        deployment.apps "service36" deleted
        service "service36" deleted
        configmap "config-service37" deleted
        deployment.apps "service37" deleted
        service "service37" deleted
        configmap "config-service38" deleted
        deployment.apps "service38" deleted
        service "service38" deleted
        configmap "config-service39" deleted
        deployment.apps "service39" deleted
        service "service39" deleted
        configmap "config-service4" deleted
        deployment.apps "service4" deleted
        service "service4" deleted
        configmap "config-service40" deleted
        deployment.apps "service40" deleted
        service "service40" deleted
        configmap "config-service41" deleted
        deployment.apps "service41" deleted
        service "service41" deleted
        configmap "config-service42" deleted
        deployment.apps "service42" deleted
        service "service42" deleted
        configmap "config-service5" deleted
        deployment.apps "service5" deleted
        service "service5" deleted
        configmap "config-service6" deleted
        deployment.apps "service6" deleted
        service "service6" deleted
        configmap "config-service7" deleted
        deployment.apps "service7" deleted
        service "service7" deleted
        configmap "config-service8" deleted
        deployment.apps "service8" deleted
        service "service8" deleted
        configmap "config-service9" deleted
        deployment.apps "service9" deleted
        service "service9" deleted
        deployment.apps "ubuntu-client" deleted
        [run.sh] Waiting for all pods to be deleted
        [run.sh] Deploying all services
        configmap/config-service0 created
        deployment.apps/service0 created
        service/service0 created
        configmap/config-service1 created
        deployment.apps/service1 created
        service/service1 created
        configmap/config-service10 created
        deployment.apps/service10 created
        service/service10 created
        configmap/config-service11 created
        deployment.apps/service11 created
        service/service11 created
        configmap/config-service12 created
        deployment.apps/service12 created
        service/service12 created
        configmap/config-service13 created
        deployment.apps/service13 created
        service/service13 created
        configmap/config-service14 created
        deployment.apps/service14 created
        service/service14 created
        configmap/config-service15 created
        deployment.apps/service15 created
        service/service15 created
        configmap/config-service16 created
        deployment.apps/service16 created
        service/service16 created
        configmap/config-service17 created
        deployment.apps/service17 created
        service/service17 created
        configmap/config-service18 created
        deployment.apps/service18 created
        service/service18 created
        configmap/config-service19 created
        deployment.apps/service19 created
        service/service19 created
        configmap/config-service2 created
        deployment.apps/service2 created
        service/service2 created
        configmap/config-service20 created
        deployment.apps/service20 created
        service/service20 created
        configmap/config-service21 created
        deployment.apps/service21 created
        service/service21 created
        configmap/config-service22 created
        deployment.apps/service22 created
        service/service22 created
        configmap/config-service23 created
        deployment.apps/service23 created
        service/service23 created
        configmap/config-service24 created
        deployment.apps/service24 created
        service/service24 created
        configmap/config-service25 created
        deployment.apps/service25 created
        service/service25 created
        configmap/config-service26 created
        deployment.apps/service26 created
        service/service26 created
        configmap/config-service27 created
        deployment.apps/service27 created
        service/service27 created
        configmap/config-service28 created
        deployment.apps/service28 created
        service/service28 created
        configmap/config-service29 created
        deployment.apps/service29 created
        service/service29 created
        configmap/config-service3 created
        deployment.apps/service3 created
        service/service3 created
        configmap/config-service30 created
        deployment.apps/service30 created
        service/service30 created
        configmap/config-service31 created
        deployment.apps/service31 created
        service/service31 created
        configmap/config-service32 created
        deployment.apps/service32 created
        service/service32 created
        configmap/config-service33 created
        deployment.apps/service33 created
        service/service33 created
        configmap/config-service34 created
        deployment.apps/service34 created
        service/service34 created
        configmap/config-service35 created
        deployment.apps/service35 created
        service/service35 created
        configmap/config-service36 created
        deployment.apps/service36 created
        service/service36 created
        configmap/config-service37 created
        deployment.apps/service37 created
        service/service37 created
        configmap/config-service38 created
        deployment.apps/service38 created
        service/service38 created
        configmap/config-service39 created
        deployment.apps/service39 created
        service/service39 created
        configmap/config-service4 created
        deployment.apps/service4 created
        service/service4 created
        configmap/config-service40 created
        deployment.apps/service40 created
        service/service40 created
        configmap/config-service41 created
        deployment.apps/service41 created
        service/service41 created
        configmap/config-service42 created
        deployment.apps/service42 created
        service/service42 created
        configmap/config-service5 created
        deployment.apps/service5 created
        service/service5 created
        configmap/config-service6 created
        deployment.apps/service6 created
        service/service6 created
        configmap/config-service7 created
        deployment.apps/service7 created
        service/service7 created
        configmap/config-service8 created
        deployment.apps/service8 created
        service/service8 created
        configmap/config-service9 created
        deployment.apps/service9 created
        service/service9 created
        [run.sh] Client pod not found, deploying client
        deployment.apps/ubuntu-client created
        [run.sh] Waiting for all pods to be running
        [run.sh] All pods are running
        [run.sh] Running warmup test
        [run.sh] /wrk/wrk -t8 -c128 --timeout 10s -d10s -L http://service0:80/endpoint1
        Running 10s test @ http://service0:80/endpoint1
        8 threads and 128 connections
        Thread Stats   Avg      Stdev     Max   +/- Stdev
        Latency   225.79ms  142.23ms   1.02s    74.44%
        Req/Sec    75.84     33.61   170.00     57.18%
        Latency Distribution
        50%  187.99ms
        75%  293.07ms
        90%  423.98ms
        99%  700.30ms
        5853 requests in 10.10s, 0.89MB read
        Requests/sec:    579.57
        Transfer/sec:     89.99KB
        [run.sh] Speed is 579.57, duration is 25
        [run.sh] Fix the request number.
        [run.sh] Running the actual test
        [run.sh] /wrk/wrk --timeout 20s -t8 -c128 -d25s -L -s /wrk/fix_req_n.lua http://service0:80/endpoint1
        Running 25s test @ http://service0:80/endpoint1
        8 threads and 128 connections
        Thread Stats   Avg      Stdev     Max   +/- Stdev
        Latency   210.51ms  119.58ms 942.18ms   74.76%
        Req/Sec    76.46     37.47   180.00     69.32%
        Latency Distribution
        50%  187.72ms
        75%  265.86ms
        90%  364.69ms
        99%  607.66ms
        10000 requests in 25.00s, 1.52MB read
        Requests/sec:    400.00
        Transfer/sec:     62.11KB
        ------------------------------
        stop time: 16.234365
        stop time: 16.551072
        stop time: 16.248552
        stop time: 16.189630
        stop time: 16.506441
        stop time: 16.453169
        stop time: 16.554760
        stop time: 16.560966
        [run.sh] Checking the resource usage
        NAME                             CPU(cores)   MEMORY(bytes)
        service0-69955d4677-lw6zr        1m           42Mi
        service1-58c95cb96-h7cxm         1m           31Mi
        service10-9549b4cd-hmzxd         1m           10Mi
        service11-b76846c44-27k72        1m           10Mi
        service12-8ddc6874b-wnmqn        97m          8Mi
        service13-6dc48cb75b-plwck       1m           11Mi
        service14-6fdd479dcd-x4h22       1m           9Mi
        service15-6bc59bd7d4-wfcvs       69m          9Mi
        service16-7886b6b8d6-8b9jm       1m           8Mi
        service17-7b5f6467b8-vdtvj       1m           9Mi
        service18-65595ccfd6-hbsw4       1m           9Mi
        service19-55c65f57c6-c99p6       1m           8Mi
        service2-5d59c5bd5d-scw57        1m           34Mi
        service20-58b86cfc4d-jzxkr       1m           8Mi
        service21-8d587d69d-6ksk6        1m           8Mi
        service22-55796dcf9b-6zpc5       1m           8Mi
        service23-599c6478cd-zwpqf       1m           9Mi
        service24-655749d78d-f8qxn       82m          8Mi
        service25-656bf89c8b-rvrhf       1m           10Mi
        service26-5fcc5669d4-rd95n       1m           10Mi
        service27-8687746986-x9swf       29m          11Mi
        service28-6bbbb998d8-45vwf       1m           10Mi
        service29-655dfdfd6b-mk7vm       1m           10Mi
        service3-564487d7d8-rc7w6        1m           25Mi
        service30-6d966bbbcd-jbbp5       1m           9Mi
        service31-9476bd9bd-2vpjj        1m           9Mi
        service32-64b88b58b-l6sj6        1m           7Mi
        service33-69bdf8b97b-m9kr6       1m           10Mi
        service34-9d9487db6-7ckjw        1m           8Mi
        service35-575bf5bbb8-6m4nt       1m           8Mi
        service36-765d6cd758-89mld       25m          8Mi
        service37-66f4568564-r5tg4       1m           7Mi
        service38-56fc9c9b7d-rl8bz       1m           7Mi
        service39-5b478bd9b-hqrxw        1m           8Mi
        service4-6bfbd6d59c-zx7nc        1m           41Mi
        service40-7c5d878d8d-8kclv       23m          8Mi
        service41-567cc54974-8kdsr       38m          8Mi
        service42-6c5db85bd-jqldl        31m          9Mi
        service5-ffd8ccc6-6wgnl          1m           26Mi
        service6-6b89db49b6-sd7jr        1m           22Mi
        service7-845b5b8588-r5bkw        1m           8Mi
        service8-7c9f97fd46-rbg88        1m           9Mi
        service9-7cb9cf658d-p5htc        1m           10Mi
        ubuntu-client-76886f6bbd-7f65j   0m           5Mi
        [run.sh] Test finished with status 0
        > STDERR
        > No resources found in default namespace.
    [exp] Times: [16.234365, 16.551072, 16.248552, 16.18963, 16.506441, 16.453169, 16.55476, 16.560966]
    [exp] Throughput: 609.2965477143363
[test.py] Baseline throughput: 609.2965477143363
[test.py] Running 0th optmization experiment
[test.py] Running 0th groundtruth exp
    [exp] Running (pre_run: False) workload synthetic/large-scale request with the following configuration: {'CLIENT_CPU_QUOTA': '2', 'SLOWPOKE_POKER_BATCH_THRESHOLD': '20000000', 'PROCESSING_TIME_SERVICE4': '0.001174', 'PROCESSING_TIME_SERVICE0': '0.00114823', 'PROCESSING_TIME_SERVICE1': '0.00112713', 'PROCESSING_TIME_SERVICE2': '0.00112567', 'PROCESSING_TIME_SERVICE3': '0.00108198', 'PROCESSING_TIME_SERVICE5': '0.00092397', 'PROCESSING_TIME_SERVICE6': '0.00091663', 'PROCESSING_TIME_SERVICE7': '0.0008445', 'PROCESSING_TIME_SERVICE8': '0.00082763', 'PROCESSING_TIME_SERVICE9': '0.00082746', 'PROCESSING_TIME_SERVICE10': '0.00081339', 'PROCESSING_TIME_SERVICE11': '0.00079052', 'PROCESSING_TIME_SERVICE12': '0.00076379', 'PROCESSING_TIME_SERVICE13': '0.00073892', 'PROCESSING_TIME_SERVICE14': '0.00071725', 'PROCESSING_TIME_SERVICE15': '0.0007103', 'PROCESSING_TIME_SERVICE16': '0.00064814', 'PROCESSING_TIME_SERVICE17': '0.00063596', 'PROCESSING_TIME_SERVICE18': '0.00063485', 'PROCESSING_TIME_SERVICE19': '0.00062251', 'PROCESSING_TIME_SERVICE20': '0.0006121', 'PROCESSING_TIME_SERVICE21': '0.00060493', 'PROCESSING_TIME_SERVICE22': '0.00059362', 'PROCESSING_TIME_SERVICE23': '0.00058652', 'PROCESSING_TIME_SERVICE24': '0.00058578', 'PROCESSING_TIME_SERVICE25': '0.00055957', 'PROCESSING_TIME_SERVICE26': '0.00054507', 'PROCESSING_TIME_SERVICE27': '0.00050763', 'PROCESSING_TIME_SERVICE28': '0.00045135', 'PROCESSING_TIME_SERVICE29': '0.00044947', 'PROCESSING_TIME_SERVICE30': '0.00043772', 'PROCESSING_TIME_SERVICE31': '0.00040844', 'PROCESSING_TIME_SERVICE32': '0.00039446', 'PROCESSING_TIME_SERVICE33': '0.00037979', 'PROCESSING_TIME_SERVICE34': '0.00033094', 'PROCESSING_TIME_SERVICE35': '0.00032007', 'PROCESSING_TIME_SERVICE36': '0.00031273', 'PROCESSING_TIME_SERVICE37': '0.00027061', 'PROCESSING_TIME_SERVICE38': '0.00026683', 'PROCESSING_TIME_SERVICE39': '0.00023522', 'PROCESSING_TIME_SERVICE40': '0.00023345', 'PROCESSING_TIME_SERVICE41': '0.00015364', 'PROCESSING_TIME_SERVICE42': '9.551e-05', 'SLOWPOKE_DELAY_MICROS_SERVICE4': '0.0', 'SLOWPOKE_POKER_BATCH_THRESHOLD_SERVICE4': '100', 'SLOWPOKE_IS_TARGET_SERVICE_SERVICE4': 'true', 'SLOWPOKE_DELAY_MICROS_SERVICE0': '0.0', 'SLOWPOKE_POKER_BATCH_THRESHOLD_SERVICE0': '100', 'SLOWPOKE_IS_TARGET_SERVICE_SERVICE0': 'false', 'SLOWPOKE_DELAY_MICROS_SERVICE1': '0.0', 'SLOWPOKE_POKER_BATCH_THRESHOLD_SERVICE1': '100', 'SLOWPOKE_IS_TARGET_SERVICE_SERVICE1': 'false', 'SLOWPOKE_DELAY_MICROS_SERVICE2': '0.0', 'SLOWPOKE_POKER_BATCH_THRESHOLD_SERVICE2': '100', 'SLOWPOKE_IS_TARGET_SERVICE_SERVICE2': 'false', 'SLOWPOKE_DELAY_MICROS_SERVICE3': '0.0', 'SLOWPOKE_POKER_BATCH_THRESHOLD_SERVICE3': '100', 'SLOWPOKE_IS_TARGET_SERVICE_SERVICE3': 'false', 'SLOWPOKE_DELAY_MICROS_SERVICE5': '0.0', 'SLOWPOKE_POKER_BATCH_THRESHOLD_SERVICE5': '100', 'SLOWPOKE_IS_TARGET_SERVICE_SERVICE5': 'false', 'SLOWPOKE_DELAY_MICROS_SERVICE6': '0.0', 'SLOWPOKE_POKER_BATCH_THRESHOLD_SERVICE6': '100', 'SLOWPOKE_IS_TARGET_SERVICE_SERVICE6': 'false', 'SLOWPOKE_DELAY_MICROS_SERVICE7': '0.0', 'SLOWPOKE_POKER_BATCH_THRESHOLD_SERVICE7': '100', 'SLOWPOKE_IS_TARGET_SERVICE_SERVICE7': 'false', 'SLOWPOKE_DELAY_MICROS_SERVICE8': '0.0', 'SLOWPOKE_POKER_BATCH_THRESHOLD_SERVICE8': '100', 'SLOWPOKE_IS_TARGET_SERVICE_SERVICE8': 'false', 'SLOWPOKE_DELAY_MICROS_SERVICE9': '0.0', 'SLOWPOKE_POKER_BATCH_THRESHOLD_SERVICE9': '100', 'SLOWPOKE_IS_TARGET_SERVICE_SERVICE9': 'false', 'SLOWPOKE_DELAY_MICROS_SERVICE10': '0.0', 'SLOWPOKE_POKER_BATCH_THRESHOLD_SERVICE10': '100', 'SLOWPOKE_IS_TARGET_SERVICE_SERVICE10': 'false', 'SLOWPOKE_DELAY_MICROS_SERVICE11': '0.0', 'SLOWPOKE_POKER_BATCH_THRESHOLD_SERVICE11': '100', 'SLOWPOKE_IS_TARGET_SERVICE_SERVICE11': 'false', 'SLOWPOKE_DELAY_MICROS_SERVICE12': '0.0', 'SLOWPOKE_POKER_BATCH_THRESHOLD_SERVICE12': '100', 'SLOWPOKE_IS_TARGET_SERVICE_SERVICE12': 'false', 'SLOWPOKE_DELAY_MICROS_SERVICE13': '0.0', 'SLOWPOKE_POKER_BATCH_THRESHOLD_SERVICE13': '100', 'SLOWPOKE_IS_TARGET_SERVICE_SERVICE13': 'false', 'SLOWPOKE_DELAY_MICROS_SERVICE14': '0.0', 'SLOWPOKE_POKER_BATCH_THRESHOLD_SERVICE14': '100', 'SLOWPOKE_IS_TARGET_SERVICE_SERVICE14': 'false', 'SLOWPOKE_DELAY_MICROS_SERVICE15': '0.0', 'SLOWPOKE_POKER_BATCH_THRESHOLD_SERVICE15': '100', 'SLOWPOKE_IS_TARGET_SERVICE_SERVICE15': 'false', 'SLOWPOKE_DELAY_MICROS_SERVICE16': '0.0', 'SLOWPOKE_POKER_BATCH_THRESHOLD_SERVICE16': '100', 'SLOWPOKE_IS_TARGET_SERVICE_SERVICE16': 'false', 'SLOWPOKE_DELAY_MICROS_SERVICE17': '0.0', 'SLOWPOKE_POKER_BATCH_THRESHOLD_SERVICE17': '100', 'SLOWPOKE_IS_TARGET_SERVICE_SERVICE17': 'false', 'SLOWPOKE_DELAY_MICROS_SERVICE18': '0.0', 'SLOWPOKE_POKER_BATCH_THRESHOLD_SERVICE18': '100', 'SLOWPOKE_IS_TARGET_SERVICE_SERVICE18': 'false', 'SLOWPOKE_DELAY_MICROS_SERVICE19': '0.0', 'SLOWPOKE_POKER_BATCH_THRESHOLD_SERVICE19': '100', 'SLOWPOKE_IS_TARGET_SERVICE_SERVICE19': 'false', 'SLOWPOKE_DELAY_MICROS_SERVICE20': '0.0', 'SLOWPOKE_POKER_BATCH_THRESHOLD_SERVICE20': '100', 'SLOWPOKE_IS_TARGET_SERVICE_SERVICE20': 'false', 'SLOWPOKE_DELAY_MICROS_SERVICE21': '0.0', 'SLOWPOKE_POKER_BATCH_THRESHOLD_SERVICE21': '100', 'SLOWPOKE_IS_TARGET_SERVICE_SERVICE21': 'false', 'SLOWPOKE_DELAY_MICROS_SERVICE22': '0.0', 'SLOWPOKE_POKER_BATCH_THRESHOLD_SERVICE22': '100', 'SLOWPOKE_IS_TARGET_SERVICE_SERVICE22': 'false', 'SLOWPOKE_DELAY_MICROS_SERVICE23': '0.0', 'SLOWPOKE_POKER_BATCH_THRESHOLD_SERVICE23': '100', 'SLOWPOKE_IS_TARGET_SERVICE_SERVICE23': 'false', 'SLOWPOKE_DELAY_MICROS_SERVICE24': '0.0', 'SLOWPOKE_POKER_BATCH_THRESHOLD_SERVICE24': '100', 'SLOWPOKE_IS_TARGET_SERVICE_SERVICE24': 'false', 'SLOWPOKE_DELAY_MICROS_SERVICE25': '0.0', 'SLOWPOKE_POKER_BATCH_THRESHOLD_SERVICE25': '100', 'SLOWPOKE_IS_TARGET_SERVICE_SERVICE25': 'false', 'SLOWPOKE_DELAY_MICROS_SERVICE26': '0.0', 'SLOWPOKE_POKER_BATCH_THRESHOLD_SERVICE26': '100', 'SLOWPOKE_IS_TARGET_SERVICE_SERVICE26': 'false', 'SLOWPOKE_DELAY_MICROS_SERVICE27': '0.0', 'SLOWPOKE_POKER_BATCH_THRESHOLD_SERVICE27': '100', 'SLOWPOKE_IS_TARGET_SERVICE_SERVICE27': 'false', 'SLOWPOKE_DELAY_MICROS_SERVICE28': '0.0', 'SLOWPOKE_POKER_BATCH_THRESHOLD_SERVICE28': '100', 'SLOWPOKE_IS_TARGET_SERVICE_SERVICE28': 'false', 'SLOWPOKE_DELAY_MICROS_SERVICE29': '0.0', 'SLOWPOKE_POKER_BATCH_THRESHOLD_SERVICE29': '100', 'SLOWPOKE_IS_TARGET_SERVICE_SERVICE29': 'false', 'SLOWPOKE_DELAY_MICROS_SERVICE30': '0.0', 'SLOWPOKE_POKER_BATCH_THRESHOLD_SERVICE30': '100', 'SLOWPOKE_IS_TARGET_SERVICE_SERVICE30': 'false', 'SLOWPOKE_DELAY_MICROS_SERVICE31': '0.0', 'SLOWPOKE_POKER_BATCH_THRESHOLD_SERVICE31': '100', 'SLOWPOKE_IS_TARGET_SERVICE_SERVICE31': 'false', 'SLOWPOKE_DELAY_MICROS_SERVICE32': '0.0', 'SLOWPOKE_POKER_BATCH_THRESHOLD_SERVICE32': '100', 'SLOWPOKE_IS_TARGET_SERVICE_SERVICE32': 'false', 'SLOWPOKE_DELAY_MICROS_SERVICE33': '0.0', 'SLOWPOKE_POKER_BATCH_THRESHOLD_SERVICE33': '100', 'SLOWPOKE_IS_TARGET_SERVICE_SERVICE33': 'false', 'SLOWPOKE_DELAY_MICROS_SERVICE34': '0.0', 'SLOWPOKE_POKER_BATCH_THRESHOLD_SERVICE34': '100', 'SLOWPOKE_IS_TARGET_SERVICE_SERVICE34': 'false', 'SLOWPOKE_DELAY_MICROS_SERVICE35': '0.0', 'SLOWPOKE_POKER_BATCH_THRESHOLD_SERVICE35': '100', 'SLOWPOKE_IS_TARGET_SERVICE_SERVICE35': 'false', 'SLOWPOKE_DELAY_MICROS_SERVICE36': '0.0', 'SLOWPOKE_POKER_BATCH_THRESHOLD_SERVICE36': '100', 'SLOWPOKE_IS_TARGET_SERVICE_SERVICE36': 'false', 'SLOWPOKE_DELAY_MICROS_SERVICE37': '0.0', 'SLOWPOKE_POKER_BATCH_THRESHOLD_SERVICE37': '100', 'SLOWPOKE_IS_TARGET_SERVICE_SERVICE37': 'false', 'SLOWPOKE_DELAY_MICROS_SERVICE38': '0.0', 'SLOWPOKE_POKER_BATCH_THRESHOLD_SERVICE38': '100', 'SLOWPOKE_IS_TARGET_SERVICE_SERVICE38': 'false', 'SLOWPOKE_DELAY_MICROS_SERVICE39': '0.0', 'SLOWPOKE_POKER_BATCH_THRESHOLD_SERVICE39': '100', 'SLOWPOKE_IS_TARGET_SERVICE_SERVICE39': 'false', 'SLOWPOKE_DELAY_MICROS_SERVICE40': '0.0', 'SLOWPOKE_POKER_BATCH_THRESHOLD_SERVICE40': '100', 'SLOWPOKE_IS_TARGET_SERVICE_SERVICE40': 'false', 'SLOWPOKE_DELAY_MICROS_SERVICE41': '0.0', 'SLOWPOKE_POKER_BATCH_THRESHOLD_SERVICE41': '100', 'SLOWPOKE_IS_TARGET_SERVICE_SERVICE41': 'false', 'SLOWPOKE_DELAY_MICROS_SERVICE42': '0.0', 'SLOWPOKE_POKER_BATCH_THRESHOLD_SERVICE42': '100', 'SLOWPOKE_IS_TARGET_SERVICE_SERVICE42': 'false'}
    [exp] Executing cmd `bash run.sh synthetic large-scale 8 128 10000`:
        [run.sh] Running benchmark synthetic with request large-scale, thread 8, conn 128, duration 60
        [run.sh] Deleting all services
        configmap "config-service0" deleted
        deployment.apps "service0" deleted
        service "service0" deleted
        configmap "config-service1" deleted
        deployment.apps "service1" deleted
        service "service1" deleted
        configmap "config-service10" deleted
        deployment.apps "service10" deleted
        service "service10" deleted
        configmap "config-service11" deleted
        deployment.apps "service11" deleted
        service "service11" deleted
        configmap "config-service12" deleted
        deployment.apps "service12" deleted
        service "service12" deleted
        configmap "config-service13" deleted
        deployment.apps "service13" deleted
        service "service13" deleted
        configmap "config-service14" deleted
        deployment.apps "service14" deleted
        service "service14" deleted
        configmap "config-service15" deleted
        deployment.apps "service15" deleted
        service "service15" deleted
        configmap "config-service16" deleted
        deployment.apps "service16" deleted
        service "service16" deleted
        configmap "config-service17" deleted
        deployment.apps "service17" deleted
        service "service17" deleted
        configmap "config-service18" deleted
        deployment.apps "service18" deleted
        service "service18" deleted
        configmap "config-service19" deleted
        deployment.apps "service19" deleted
        service "service19" deleted
        configmap "config-service2" deleted
        deployment.apps "service2" deleted
        service "service2" deleted
        configmap "config-service20" deleted
        deployment.apps "service20" deleted
        service "service20" deleted
        configmap "config-service21" deleted
        deployment.apps "service21" deleted
        service "service21" deleted
        configmap "config-service22" deleted
        deployment.apps "service22" deleted
        service "service22" deleted
        configmap "config-service23" deleted
        deployment.apps "service23" deleted
        service "service23" deleted
        configmap "config-service24" deleted
        deployment.apps "service24" deleted
        service "service24" deleted
        configmap "config-service25" deleted
        deployment.apps "service25" deleted
        service "service25" deleted
        configmap "config-service26" deleted
        deployment.apps "service26" deleted
        service "service26" deleted
        configmap "config-service27" deleted
        deployment.apps "service27" deleted
        service "service27" deleted
        configmap "config-service28" deleted
        deployment.apps "service28" deleted
        service "service28" deleted
        configmap "config-service29" deleted
        deployment.apps "service29" deleted
        service "service29" deleted
        configmap "config-service3" deleted
        deployment.apps "service3" deleted
        service "service3" deleted
        configmap "config-service30" deleted
        deployment.apps "service30" deleted
        service "service30" deleted
        configmap "config-service31" deleted
        deployment.apps "service31" deleted
        service "service31" deleted
        configmap "config-service32" deleted
        deployment.apps "service32" deleted
        service "service32" deleted
        configmap "config-service33" deleted
        deployment.apps "service33" deleted
        service "service33" deleted
        configmap "config-service34" deleted
        deployment.apps "service34" deleted
        service "service34" deleted
        configmap "config-service35" deleted
        deployment.apps "service35" deleted
        service "service35" deleted
        configmap "config-service36" deleted
        deployment.apps "service36" deleted
        service "service36" deleted
        configmap "config-service37" deleted
        deployment.apps "service37" deleted
        service "service37" deleted
        configmap "config-service38" deleted
        deployment.apps "service38" deleted
        service "service38" deleted
        configmap "config-service39" deleted
        deployment.apps "service39" deleted
        service "service39" deleted
        configmap "config-service4" deleted
        deployment.apps "service4" deleted
        service "service4" deleted
        configmap "config-service40" deleted
        deployment.apps "service40" deleted
        service "service40" deleted
        configmap "config-service41" deleted
        deployment.apps "service41" deleted
        service "service41" deleted
        configmap "config-service42" deleted
        deployment.apps "service42" deleted
        service "service42" deleted
        configmap "config-service5" deleted
        deployment.apps "service5" deleted
        service "service5" deleted
        configmap "config-service6" deleted
        deployment.apps "service6" deleted
        service "service6" deleted
        configmap "config-service7" deleted
        deployment.apps "service7" deleted
        service "service7" deleted
        configmap "config-service8" deleted
        deployment.apps "service8" deleted
        service "service8" deleted
        configmap "config-service9" deleted
        deployment.apps "service9" deleted
        service "service9" deleted
        deployment.apps "ubuntu-client" deleted
        [run.sh] Waiting for all pods to be deleted
        [run.sh] Deploying all services
        configmap/config-service0 created
        deployment.apps/service0 created
        service/service0 created
        configmap/config-service1 created
        deployment.apps/service1 created
        service/service1 created
        configmap/config-service10 created
        deployment.apps/service10 created
        service/service10 created
        configmap/config-service11 created
        deployment.apps/service11 created
        service/service11 created
        configmap/config-service12 created
        deployment.apps/service12 created
        service/service12 created
        configmap/config-service13 created
        deployment.apps/service13 created
        service/service13 created
        configmap/config-service14 created
        deployment.apps/service14 created
        service/service14 created
        configmap/config-service15 created
        deployment.apps/service15 created
        service/service15 created
        configmap/config-service16 created
        deployment.apps/service16 created
        service/service16 created
        configmap/config-service17 created
        deployment.apps/service17 created
        service/service17 created
        configmap/config-service18 created
        deployment.apps/service18 created
        service/service18 created
        configmap/config-service19 created
        deployment.apps/service19 created
        service/service19 created
        configmap/config-service2 created
        deployment.apps/service2 created
        service/service2 created
        configmap/config-service20 created
        deployment.apps/service20 created
        service/service20 created
        configmap/config-service21 created
        deployment.apps/service21 created
        service/service21 created
        configmap/config-service22 created
        deployment.apps/service22 created
        service/service22 created
        configmap/config-service23 created
        deployment.apps/service23 created
        service/service23 created
        configmap/config-service24 created
        deployment.apps/service24 created
        service/service24 created
        configmap/config-service25 created
        deployment.apps/service25 created
        service/service25 created
        configmap/config-service26 created
        deployment.apps/service26 created
        service/service26 created
        configmap/config-service27 created
        deployment.apps/service27 created
        service/service27 created
        configmap/config-service28 created
        deployment.apps/service28 created
        service/service28 created
        configmap/config-service29 created
        deployment.apps/service29 created
        service/service29 created
        configmap/config-service3 created
        deployment.apps/service3 created
        service/service3 created
        configmap/config-service30 created
        deployment.apps/service30 created
        service/service30 created
        configmap/config-service31 created
        deployment.apps/service31 created
        service/service31 created
        configmap/config-service32 created
        deployment.apps/service32 created
        service/service32 created
        configmap/config-service33 created
        deployment.apps/service33 created
        service/service33 created
        configmap/config-service34 created
        deployment.apps/service34 created
        service/service34 created
        configmap/config-service35 created
        deployment.apps/service35 created
        service/service35 created
        configmap/config-service36 created
        deployment.apps/service36 created
        service/service36 created
        configmap/config-service37 created
        deployment.apps/service37 created
        service/service37 created
        configmap/config-service38 created
        deployment.apps/service38 created
        service/service38 created
        configmap/config-service39 created
        deployment.apps/service39 created
        service/service39 created
        configmap/config-service4 created
        deployment.apps/service4 created
        service/service4 created
        configmap/config-service40 created
        deployment.apps/service40 created
        service/service40 created
        configmap/config-service41 created
        deployment.apps/service41 created
        service/service41 created
        configmap/config-service42 created
        deployment.apps/service42 created
        service/service42 created
        configmap/config-service5 created
        deployment.apps/service5 created
        service/service5 created
        configmap/config-service6 created
        deployment.apps/service6 created
        service/service6 created
        configmap/config-service7 created
        deployment.apps/service7 created
        service/service7 created
        configmap/config-service8 created
        deployment.apps/service8 created
        service/service8 created
        configmap/config-service9 created
        deployment.apps/service9 created
        service/service9 created
        [run.sh] Client pod not found, deploying client
        deployment.apps/ubuntu-client created
        [run.sh] Waiting for all pods to be running
        [run.sh] All pods are running
        [run.sh] Running warmup test
        [run.sh] /wrk/wrk -t8 -c128 --timeout 10s -d10s -L http://service0:80/endpoint1
        Running 10s test @ http://service0:80/endpoint1
        8 threads and 128 connections
        Thread Stats   Avg      Stdev     Max   +/- Stdev
        Latency   151.06ms   72.78ms 576.34ms   77.49%
        Req/Sec   111.16     40.93   222.00     63.64%
        Latency Distribution
        50%  136.61ms
        75%  181.30ms
        90%  237.40ms
        99%  445.92ms
        8647 requests in 10.10s, 1.31MB read
        Requests/sec:    856.20
        Transfer/sec:    132.95KB
        [run.sh] Speed is 856.20, duration is 17
        [run.sh] Fix the request number.
        [run.sh] Running the actual test
        [run.sh] /wrk/wrk --timeout 20s -t8 -c128 -d17s -L -s /wrk/fix_req_n.lua http://service0:80/endpoint1
        Running 17s test @ http://service0:80/endpoint1
        8 threads and 128 connections
        Thread Stats   Avg      Stdev     Max   +/- Stdev
        Latency   143.41ms   57.95ms 404.37ms   70.59%
        Req/Sec   111.32     38.88   252.00     67.75%
        Latency Distribution
        50%  135.67ms
        75%  175.74ms
        90%  222.08ms
        99%  309.60ms
        10000 requests in 17.00s, 1.52MB read
        Requests/sec:    588.23
        Transfer/sec:     91.34KB
        ------------------------------
        stop time: 11.290301
        stop time: 11.251475
        stop time: 11.254050
        stop time: 11.303566
        stop time: 11.335736
        stop time: 11.332880
        stop time: 11.124035
        stop time: 11.150127
        [run.sh] Checking the resource usage
        NAME                             CPU(cores)   MEMORY(bytes)
        service0-69955d4677-btcmj        1544m        49Mi
        service1-58c95cb96-4ggxx         1725m        35Mi
        service10-9549b4cd-s7tmb         854m         12Mi
        service11-b76846c44-lhgwq        787m         11Mi
        service12-8ddc6874b-qvtk9        746m         11Mi
        service13-6dc48cb75b-qxtvj       750m         10Mi
        service14-6fdd479dcd-fg95c       777m         11Mi
        service15-6bc59bd7d4-mfj8p       662m         12Mi
        service16-7886b6b8d6-drwsh       712m         12Mi
        service17-7b5f6467b8-g6q69       701m         11Mi
        service18-65595ccfd6-4b2qg       687m         11Mi
        service19-55c65f57c6-mjt45       666m         12Mi
        service2-5d59c5bd5d-ngnd9        1551m        33Mi
        service20-58b86cfc4d-wphp7       686m         12Mi
        service21-8d587d69d-cssjj        676m         10Mi
        service22-55796dcf9b-2x2tj       665m         11Mi
        service23-599c6478cd-d6zvw       658m         12Mi
        service24-655749d78d-nwngz       608m         11Mi
        service25-656bf89c8b-bzc8h       633m         11Mi
        service26-5fcc5669d4-7shx7       607m         11Mi
        service27-8687746986-r57lb       187m         12Mi
        service28-6bbbb998d8-nlgq8       534m         12Mi
        service29-655dfdfd6b-jqnnj       530m         11Mi
        service3-564487d7d8-ll7s4        1552m        36Mi
        service30-6d966bbbcd-9l2sk       514m         11Mi
        service31-9476bd9bd-bbwvr        510m         11Mi
        service32-64b88b58b-f9pf2        475m         10Mi
        service33-69bdf8b97b-6292d       482m         12Mi
        service34-9d9487db6-mnt7w        437m         11Mi
        service35-575bf5bbb8-8cgs5       426m         10Mi
        service36-765d6cd758-h5scq       134m         10Mi
        service37-66f4568564-grjk2       382m         10Mi
        service38-56fc9c9b7d-lb2cv       388m         13Mi
        service39-5b478bd9b-rjjvm        352m         11Mi
        service4-6bfbd6d59c-dvnfz        1491m        37Mi
        service40-7c5d878d8d-hmb5h       107m         10Mi
        service41-567cc54974-lqd9w       259m         9Mi
        service42-6c5db85bd-hl8b4        210m         10Mi
        service5-ffd8ccc6-hnx22          1362m        34Mi
        service6-6b89db49b6-mwd97        1541m        36Mi
        service7-845b5b8588-6pcdj        886m         12Mi
        service8-7c9f97fd46-r8qvx        866m         11Mi
        service9-7cb9cf658d-hpr7w        866m         12Mi
        ubuntu-client-76886f6bbd-q2n8h   31m          0Mi
        [run.sh] Test finished with status 0
        > STDERR
        > No resources found in default namespace.
    [exp] Times: [11.290301, 11.251475, 11.25405, 11.303566, 11.335736, 11.33288, 11.124035, 11.150127]
    [exp] Throughput: 888.472590120829
[test.py] Running 0th slowdown exp
    [exp] Running (pre_run: False) workload synthetic/large-scale request with the following configuration: {'CLIENT_CPU_QUOTA': '2', 'SLOWPOKE_POKER_BATCH_THRESHOLD': '20000000', 'PROCESSING_TIME_SERVICE4': '0.00234975', 'PROCESSING_TIME_SERVICE0': '0.00114823', 'PROCESSING_TIME_SERVICE1': '0.00112713', 'PROCESSING_TIME_SERVICE2': '0.00112567', 'PROCESSING_TIME_SERVICE3': '0.00108198', 'PROCESSING_TIME_SERVICE5': '0.00092397', 'PROCESSING_TIME_SERVICE6': '0.00091663', 'PROCESSING_TIME_SERVICE7': '0.0008445', 'PROCESSING_TIME_SERVICE8': '0.00082763', 'PROCESSING_TIME_SERVICE9': '0.00082746', 'PROCESSING_TIME_SERVICE10': '0.00081339', 'PROCESSING_TIME_SERVICE11': '0.00079052', 'PROCESSING_TIME_SERVICE12': '0.00076379', 'PROCESSING_TIME_SERVICE13': '0.00073892', 'PROCESSING_TIME_SERVICE14': '0.00071725', 'PROCESSING_TIME_SERVICE15': '0.0007103', 'PROCESSING_TIME_SERVICE16': '0.00064814', 'PROCESSING_TIME_SERVICE17': '0.00063596', 'PROCESSING_TIME_SERVICE18': '0.00063485', 'PROCESSING_TIME_SERVICE19': '0.00062251', 'PROCESSING_TIME_SERVICE20': '0.0006121', 'PROCESSING_TIME_SERVICE21': '0.00060493', 'PROCESSING_TIME_SERVICE22': '0.00059362', 'PROCESSING_TIME_SERVICE23': '0.00058652', 'PROCESSING_TIME_SERVICE24': '0.00058578', 'PROCESSING_TIME_SERVICE25': '0.00055957', 'PROCESSING_TIME_SERVICE26': '0.00054507', 'PROCESSING_TIME_SERVICE27': '0.00050763', 'PROCESSING_TIME_SERVICE28': '0.00045135', 'PROCESSING_TIME_SERVICE29': '0.00044947', 'PROCESSING_TIME_SERVICE30': '0.00043772', 'PROCESSING_TIME_SERVICE31': '0.00040844', 'PROCESSING_TIME_SERVICE32': '0.00039446', 'PROCESSING_TIME_SERVICE33': '0.00037979', 'PROCESSING_TIME_SERVICE34': '0.00033094', 'PROCESSING_TIME_SERVICE35': '0.00032007', 'PROCESSING_TIME_SERVICE36': '0.00031273', 'PROCESSING_TIME_SERVICE37': '0.00027061', 'PROCESSING_TIME_SERVICE38': '0.00026683', 'PROCESSING_TIME_SERVICE39': '0.00023522', 'PROCESSING_TIME_SERVICE40': '0.00023345', 'PROCESSING_TIME_SERVICE41': '0.00015364', 'PROCESSING_TIME_SERVICE42': '9.551e-05', 'SLOWPOKE_DELAY_MICROS_SERVICE4': '0.0', 'SLOWPOKE_POKER_BATCH_THRESHOLD_SERVICE4': '100', 'SLOWPOKE_IS_TARGET_SERVICE_SERVICE4': 'true', 'SLOWPOKE_DELAY_MICROS_SERVICE0': '587.5', 'SLOWPOKE_POKER_BATCH_THRESHOLD_SERVICE0': '100', 'SLOWPOKE_IS_TARGET_SERVICE_SERVICE0': 'false', 'SLOWPOKE_DELAY_MICROS_SERVICE1': '587.5', 'SLOWPOKE_POKER_BATCH_THRESHOLD_SERVICE1': '100', 'SLOWPOKE_IS_TARGET_SERVICE_SERVICE1': 'false', 'SLOWPOKE_DELAY_MICROS_SERVICE2': '587.5', 'SLOWPOKE_POKER_BATCH_THRESHOLD_SERVICE2': '100', 'SLOWPOKE_IS_TARGET_SERVICE_SERVICE2': 'false', 'SLOWPOKE_DELAY_MICROS_SERVICE3': '587.5', 'SLOWPOKE_POKER_BATCH_THRESHOLD_SERVICE3': '100', 'SLOWPOKE_IS_TARGET_SERVICE_SERVICE3': 'false', 'SLOWPOKE_DELAY_MICROS_SERVICE5': '587.5', 'SLOWPOKE_POKER_BATCH_THRESHOLD_SERVICE5': '100', 'SLOWPOKE_IS_TARGET_SERVICE_SERVICE5': 'false', 'SLOWPOKE_DELAY_MICROS_SERVICE6': '587.5', 'SLOWPOKE_POKER_BATCH_THRESHOLD_SERVICE6': '100', 'SLOWPOKE_IS_TARGET_SERVICE_SERVICE6': 'false', 'SLOWPOKE_DELAY_MICROS_SERVICE7': '587.5', 'SLOWPOKE_POKER_BATCH_THRESHOLD_SERVICE7': '100', 'SLOWPOKE_IS_TARGET_SERVICE_SERVICE7': 'false', 'SLOWPOKE_DELAY_MICROS_SERVICE8': '587.5', 'SLOWPOKE_POKER_BATCH_THRESHOLD_SERVICE8': '100', 'SLOWPOKE_IS_TARGET_SERVICE_SERVICE8': 'false', 'SLOWPOKE_DELAY_MICROS_SERVICE9': '587.5', 'SLOWPOKE_POKER_BATCH_THRESHOLD_SERVICE9': '100', 'SLOWPOKE_IS_TARGET_SERVICE_SERVICE9': 'false', 'SLOWPOKE_DELAY_MICROS_SERVICE10': '587.5', 'SLOWPOKE_POKER_BATCH_THRESHOLD_SERVICE10': '100', 'SLOWPOKE_IS_TARGET_SERVICE_SERVICE10': 'false', 'SLOWPOKE_DELAY_MICROS_SERVICE11': '587.5', 'SLOWPOKE_POKER_BATCH_THRESHOLD_SERVICE11': '100', 'SLOWPOKE_IS_TARGET_SERVICE_SERVICE11': 'false', 'SLOWPOKE_DELAY_MICROS_SERVICE12': '587.5', 'SLOWPOKE_POKER_BATCH_THRESHOLD_SERVICE12': '100', 'SLOWPOKE_IS_TARGET_SERVICE_SERVICE12': 'false', 'SLOWPOKE_DELAY_MICROS_SERVICE13': '587.5', 'SLOWPOKE_POKER_BATCH_THRESHOLD_SERVICE13': '100', 'SLOWPOKE_IS_TARGET_SERVICE_SERVICE13': 'false', 'SLOWPOKE_DELAY_MICROS_SERVICE14': '587.5', 'SLOWPOKE_POKER_BATCH_THRESHOLD_SERVICE14': '100', 'SLOWPOKE_IS_TARGET_SERVICE_SERVICE14': 'false', 'SLOWPOKE_DELAY_MICROS_SERVICE15': '587.5', 'SLOWPOKE_POKER_BATCH_THRESHOLD_SERVICE15': '100', 'SLOWPOKE_IS_TARGET_SERVICE_SERVICE15': 'false', 'SLOWPOKE_DELAY_MICROS_SERVICE16': '587.5', 'SLOWPOKE_POKER_BATCH_THRESHOLD_SERVICE16': '100', 'SLOWPOKE_IS_TARGET_SERVICE_SERVICE16': 'false', 'SLOWPOKE_DELAY_MICROS_SERVICE17': '587.5', 'SLOWPOKE_POKER_BATCH_THRESHOLD_SERVICE17': '100', 'SLOWPOKE_IS_TARGET_SERVICE_SERVICE17': 'false', 'SLOWPOKE_DELAY_MICROS_SERVICE18': '587.5', 'SLOWPOKE_POKER_BATCH_THRESHOLD_SERVICE18': '100', 'SLOWPOKE_IS_TARGET_SERVICE_SERVICE18': 'false', 'SLOWPOKE_DELAY_MICROS_SERVICE19': '587.5', 'SLOWPOKE_POKER_BATCH_THRESHOLD_SERVICE19': '100', 'SLOWPOKE_IS_TARGET_SERVICE_SERVICE19': 'false', 'SLOWPOKE_DELAY_MICROS_SERVICE20': '587.5', 'SLOWPOKE_POKER_BATCH_THRESHOLD_SERVICE20': '100', 'SLOWPOKE_IS_TARGET_SERVICE_SERVICE20': 'false', 'SLOWPOKE_DELAY_MICROS_SERVICE21': '587.5', 'SLOWPOKE_POKER_BATCH_THRESHOLD_SERVICE21': '100', 'SLOWPOKE_IS_TARGET_SERVICE_SERVICE21': 'false', 'SLOWPOKE_DELAY_MICROS_SERVICE22': '587.5', 'SLOWPOKE_POKER_BATCH_THRESHOLD_SERVICE22': '100', 'SLOWPOKE_IS_TARGET_SERVICE_SERVICE22': 'false', 'SLOWPOKE_DELAY_MICROS_SERVICE23': '587.5', 'SLOWPOKE_POKER_BATCH_THRESHOLD_SERVICE23': '100', 'SLOWPOKE_IS_TARGET_SERVICE_SERVICE23': 'false', 'SLOWPOKE_DELAY_MICROS_SERVICE24': '587.5', 'SLOWPOKE_POKER_BATCH_THRESHOLD_SERVICE24': '100', 'SLOWPOKE_IS_TARGET_SERVICE_SERVICE24': 'false', 'SLOWPOKE_DELAY_MICROS_SERVICE25': '587.5', 'SLOWPOKE_POKER_BATCH_THRESHOLD_SERVICE25': '100', 'SLOWPOKE_IS_TARGET_SERVICE_SERVICE25': 'false', 'SLOWPOKE_DELAY_MICROS_SERVICE26': '587.5', 'SLOWPOKE_POKER_BATCH_THRESHOLD_SERVICE26': '100', 'SLOWPOKE_IS_TARGET_SERVICE_SERVICE26': 'false', 'SLOWPOKE_DELAY_MICROS_SERVICE27': '587.5', 'SLOWPOKE_POKER_BATCH_THRESHOLD_SERVICE27': '100', 'SLOWPOKE_IS_TARGET_SERVICE_SERVICE27': 'false', 'SLOWPOKE_DELAY_MICROS_SERVICE28': '587.5', 'SLOWPOKE_POKER_BATCH_THRESHOLD_SERVICE28': '100', 'SLOWPOKE_IS_TARGET_SERVICE_SERVICE28': 'false', 'SLOWPOKE_DELAY_MICROS_SERVICE29': '587.5', 'SLOWPOKE_POKER_BATCH_THRESHOLD_SERVICE29': '100', 'SLOWPOKE_IS_TARGET_SERVICE_SERVICE29': 'false', 'SLOWPOKE_DELAY_MICROS_SERVICE30': '587.5', 'SLOWPOKE_POKER_BATCH_THRESHOLD_SERVICE30': '100', 'SLOWPOKE_IS_TARGET_SERVICE_SERVICE30': 'false', 'SLOWPOKE_DELAY_MICROS_SERVICE31': '587.5', 'SLOWPOKE_POKER_BATCH_THRESHOLD_SERVICE31': '100', 'SLOWPOKE_IS_TARGET_SERVICE_SERVICE31': 'false', 'SLOWPOKE_DELAY_MICROS_SERVICE32': '587.5', 'SLOWPOKE_POKER_BATCH_THRESHOLD_SERVICE32': '100', 'SLOWPOKE_IS_TARGET_SERVICE_SERVICE32': 'false', 'SLOWPOKE_DELAY_MICROS_SERVICE33': '587.5', 'SLOWPOKE_POKER_BATCH_THRESHOLD_SERVICE33': '100', 'SLOWPOKE_IS_TARGET_SERVICE_SERVICE33': 'false', 'SLOWPOKE_DELAY_MICROS_SERVICE34': '587.5', 'SLOWPOKE_POKER_BATCH_THRESHOLD_SERVICE34': '100', 'SLOWPOKE_IS_TARGET_SERVICE_SERVICE34': 'false', 'SLOWPOKE_DELAY_MICROS_SERVICE35': '587.5', 'SLOWPOKE_POKER_BATCH_THRESHOLD_SERVICE35': '100', 'SLOWPOKE_IS_TARGET_SERVICE_SERVICE35': 'false', 'SLOWPOKE_DELAY_MICROS_SERVICE36': '587.5', 'SLOWPOKE_POKER_BATCH_THRESHOLD_SERVICE36': '100', 'SLOWPOKE_IS_TARGET_SERVICE_SERVICE36': 'false', 'SLOWPOKE_DELAY_MICROS_SERVICE37': '587.5', 'SLOWPOKE_POKER_BATCH_THRESHOLD_SERVICE37': '100', 'SLOWPOKE_IS_TARGET_SERVICE_SERVICE37': 'false', 'SLOWPOKE_DELAY_MICROS_SERVICE38': '587.5', 'SLOWPOKE_POKER_BATCH_THRESHOLD_SERVICE38': '100', 'SLOWPOKE_IS_TARGET_SERVICE_SERVICE38': 'false', 'SLOWPOKE_DELAY_MICROS_SERVICE39': '587.5', 'SLOWPOKE_POKER_BATCH_THRESHOLD_SERVICE39': '100', 'SLOWPOKE_IS_TARGET_SERVICE_SERVICE39': 'false', 'SLOWPOKE_DELAY_MICROS_SERVICE40': '587.5', 'SLOWPOKE_POKER_BATCH_THRESHOLD_SERVICE40': '100', 'SLOWPOKE_IS_TARGET_SERVICE_SERVICE40': 'false', 'SLOWPOKE_DELAY_MICROS_SERVICE41': '587.5', 'SLOWPOKE_POKER_BATCH_THRESHOLD_SERVICE41': '100', 'SLOWPOKE_IS_TARGET_SERVICE_SERVICE41': 'false', 'SLOWPOKE_DELAY_MICROS_SERVICE42': '587.5', 'SLOWPOKE_POKER_BATCH_THRESHOLD_SERVICE42': '100', 'SLOWPOKE_IS_TARGET_SERVICE_SERVICE42': 'false'}
    [exp] Executing cmd `bash run.sh synthetic large-scale 8 128 10000`:
        [run.sh] Running benchmark synthetic with request large-scale, thread 8, conn 128, duration 60
        [run.sh] Deleting all services
        configmap "config-service0" deleted
        deployment.apps "service0" deleted
        service "service0" deleted
        configmap "config-service1" deleted
        deployment.apps "service1" deleted
        service "service1" deleted
        configmap "config-service10" deleted
        deployment.apps "service10" deleted
        service "service10" deleted
        configmap "config-service11" deleted
        deployment.apps "service11" deleted
        service "service11" deleted
        configmap "config-service12" deleted
        deployment.apps "service12" deleted
        service "service12" deleted
        configmap "config-service13" deleted
        deployment.apps "service13" deleted
        service "service13" deleted
        configmap "config-service14" deleted
        deployment.apps "service14" deleted
        service "service14" deleted
        configmap "config-service15" deleted
        deployment.apps "service15" deleted
        service "service15" deleted
        configmap "config-service16" deleted
        deployment.apps "service16" deleted
        service "service16" deleted
        configmap "config-service17" deleted
        deployment.apps "service17" deleted
        service "service17" deleted
        configmap "config-service18" deleted
        deployment.apps "service18" deleted
        service "service18" deleted
        configmap "config-service19" deleted
        deployment.apps "service19" deleted
        service "service19" deleted
        configmap "config-service2" deleted
        deployment.apps "service2" deleted
        service "service2" deleted
        configmap "config-service20" deleted
        deployment.apps "service20" deleted
        service "service20" deleted
        configmap "config-service21" deleted
        deployment.apps "service21" deleted
        service "service21" deleted
        configmap "config-service22" deleted
        deployment.apps "service22" deleted
        service "service22" deleted
        configmap "config-service23" deleted
        deployment.apps "service23" deleted
        service "service23" deleted
        configmap "config-service24" deleted
        deployment.apps "service24" deleted
        service "service24" deleted
        configmap "config-service25" deleted
        deployment.apps "service25" deleted
        service "service25" deleted
        configmap "config-service26" deleted
        deployment.apps "service26" deleted
        service "service26" deleted
        configmap "config-service27" deleted
        deployment.apps "service27" deleted
        service "service27" deleted
        configmap "config-service28" deleted
        deployment.apps "service28" deleted
        service "service28" deleted
        configmap "config-service29" deleted
        deployment.apps "service29" deleted
        service "service29" deleted
        configmap "config-service3" deleted
        deployment.apps "service3" deleted
        service "service3" deleted
        configmap "config-service30" deleted
        deployment.apps "service30" deleted
        service "service30" deleted
        configmap "config-service31" deleted
        deployment.apps "service31" deleted
        service "service31" deleted
        configmap "config-service32" deleted
        deployment.apps "service32" deleted
        service "service32" deleted
        configmap "config-service33" deleted
        deployment.apps "service33" deleted
        service "service33" deleted
        configmap "config-service34" deleted
        deployment.apps "service34" deleted
        service "service34" deleted
        configmap "config-service35" deleted
        deployment.apps "service35" deleted
        service "service35" deleted
        configmap "config-service36" deleted
        deployment.apps "service36" deleted
        service "service36" deleted
        configmap "config-service37" deleted
        deployment.apps "service37" deleted
        service "service37" deleted
        configmap "config-service38" deleted
        deployment.apps "service38" deleted
        service "service38" deleted
        configmap "config-service39" deleted
        deployment.apps "service39" deleted
        service "service39" deleted
        configmap "config-service4" deleted
        deployment.apps "service4" deleted
        service "service4" deleted
        configmap "config-service40" deleted
        deployment.apps "service40" deleted
        service "service40" deleted
        configmap "config-service41" deleted
        deployment.apps "service41" deleted
        service "service41" deleted
        configmap "config-service42" deleted
        deployment.apps "service42" deleted
        service "service42" deleted
        configmap "config-service5" deleted
        deployment.apps "service5" deleted
        service "service5" deleted
        configmap "config-service6" deleted
        deployment.apps "service6" deleted
        service "service6" deleted
        configmap "config-service7" deleted
        deployment.apps "service7" deleted
        service "service7" deleted
        configmap "config-service8" deleted
        deployment.apps "service8" deleted
        service "service8" deleted
        configmap "config-service9" deleted
        deployment.apps "service9" deleted
        service "service9" deleted
        deployment.apps "ubuntu-client" deleted
        [run.sh] Waiting for all pods to be deleted
        [run.sh] Deploying all services
        configmap/config-service0 created
        deployment.apps/service0 created
        service/service0 created
        configmap/config-service1 created
        deployment.apps/service1 created
        service/service1 created
        configmap/config-service10 created
        deployment.apps/service10 created
        service/service10 created
        configmap/config-service11 created
        deployment.apps/service11 created
        service/service11 created
        configmap/config-service12 created
        deployment.apps/service12 created
        service/service12 created
        configmap/config-service13 created
        deployment.apps/service13 created
        service/service13 created
        configmap/config-service14 created
        deployment.apps/service14 created
        service/service14 created
        configmap/config-service15 created
        deployment.apps/service15 created
        service/service15 created
        configmap/config-service16 created
        deployment.apps/service16 created
        service/service16 created
        configmap/config-service17 created
        deployment.apps/service17 created
        service/service17 created
        configmap/config-service18 created
        deployment.apps/service18 created
        service/service18 created
        configmap/config-service19 created
        deployment.apps/service19 created
        service/service19 created
        configmap/config-service2 created
        deployment.apps/service2 created
        service/service2 created
        configmap/config-service20 created
        deployment.apps/service20 created
        service/service20 created
        configmap/config-service21 created
        deployment.apps/service21 created
        service/service21 created
        configmap/config-service22 created
        deployment.apps/service22 created
        service/service22 created
        configmap/config-service23 created
        deployment.apps/service23 created
        service/service23 created
        configmap/config-service24 created
        deployment.apps/service24 created
        service/service24 created
        configmap/config-service25 created
        deployment.apps/service25 created
        service/service25 created
        configmap/config-service26 created
        deployment.apps/service26 created
        service/service26 created
        configmap/config-service27 created
        deployment.apps/service27 created
        service/service27 created
        configmap/config-service28 created
        deployment.apps/service28 created
        service/service28 created
        configmap/config-service29 created
        deployment.apps/service29 created
        service/service29 created
        configmap/config-service3 created
        deployment.apps/service3 created
        service/service3 created
        configmap/config-service30 created
        deployment.apps/service30 created
        service/service30 created
        configmap/config-service31 created
        deployment.apps/service31 created
        service/service31 created
        configmap/config-service32 created
        deployment.apps/service32 created
        service/service32 created
        configmap/config-service33 created
        deployment.apps/service33 created
        service/service33 created
        configmap/config-service34 created
        deployment.apps/service34 created
        service/service34 created
        configmap/config-service35 created
        deployment.apps/service35 created
        service/service35 created
        configmap/config-service36 created
        deployment.apps/service36 created
        service/service36 created
        configmap/config-service37 created
        deployment.apps/service37 created
        service/service37 created
        configmap/config-service38 created
        deployment.apps/service38 created
        service/service38 created
        configmap/config-service39 created
        deployment.apps/service39 created
        service/service39 created
        configmap/config-service4 created
        deployment.apps/service4 created
        service/service4 created
        configmap/config-service40 created
        deployment.apps/service40 created
        service/service40 created
        configmap/config-service41 created
        deployment.apps/service41 created
        service/service41 created
        configmap/config-service42 created
        deployment.apps/service42 created
        service/service42 created
        configmap/config-service5 created
        deployment.apps/service5 created
        service/service5 created
        configmap/config-service6 created
        deployment.apps/service6 created
        service/service6 created
        configmap/config-service7 created
        deployment.apps/service7 created
        service/service7 created
        configmap/config-service8 created
        deployment.apps/service8 created
        service/service8 created
        configmap/config-service9 created
        deployment.apps/service9 created
        service/service9 created
        [run.sh] Client pod not found, deploying client
        deployment.apps/ubuntu-client created
        [run.sh] Waiting for all pods to be running
        [run.sh] All pods are running
        [run.sh] Running warmup test
        [run.sh] /wrk/wrk -t8 -c128 --timeout 10s -d10s -L http://service0:80/endpoint1
        Running 10s test @ http://service0:80/endpoint1
        8 threads and 128 connections
        Thread Stats   Avg      Stdev     Max   +/- Stdev
        Latency   229.90ms  105.46ms 679.82ms   75.91%
        Req/Sec    73.73     38.99   191.00     67.86%
        Latency Distribution
        50%  205.77ms
        75%  280.47ms
        90%  355.27ms
        99%  637.11ms
        5611 requests in 10.10s, 0.85MB read
        Requests/sec:    555.74
        Transfer/sec:     86.29KB
        [run.sh] Speed is 555.74, duration is 26
        [run.sh] Fix the request number.
        [run.sh] Running the actual test
        [run.sh] /wrk/wrk --timeout 20s -t8 -c128 -d26s -L -s /wrk/fix_req_n.lua http://service0:80/endpoint1
        Running 26s test @ http://service0:80/endpoint1
        8 threads and 128 connections
        Thread Stats   Avg      Stdev     Max   +/- Stdev
        Latency   219.36ms   89.39ms 754.30ms   72.11%
        Req/Sec    73.40     39.22   181.00     65.44%
        Latency Distribution
        50%  206.54ms
        75%  270.57ms
        90%  331.18ms
        99%  491.85ms
        10000 requests in 26.00s, 1.52MB read
        Requests/sec:    384.61
        Transfer/sec:     59.72KB
        ------------------------------
        stop time: 17.203482
        stop time: 17.308513
        stop time: 17.308347
        stop time: 17.094884
        stop time: 17.291926
        stop time: 17.388380
        stop time: 17.246307
        stop time: 17.081340
        [run.sh] Checking the resource usage
        NAME                             CPU(cores)   MEMORY(bytes)
        service0-66996878bd-q2vwt        977m         39Mi
        service1-79bb7574c9-22sjt        1129m        34Mi
        service10-59c94c67f7-fgxpn       557m         10Mi
        service11-56bd75dcf9-9t48t       449m         11Mi
        service12-c776c74c7-8bvtf        421m         10Mi
        service13-74f596d4cf-2zbzl       430m         11Mi
        service14-7d46b6565c-b2n7q       483m         12Mi
        service15-6b94f9b6f5-dbx6r       370m         12Mi
        service16-67f7757c7c-g8d4j       458m         10Mi
        service17-56fd4556f9-z8ghm       426m         11Mi
        service18-5f9554fc-9zflg         394m         12Mi
        service19-5d5b47777f-wzbqn       381m         11Mi
        service2-86d47bdc9c-k8rrn        1020m        35Mi
        service20-67b9484499-v2l9c       414m         11Mi
        service21-65c74c645c-svmcv       424m         11Mi
        service22-8f76476bc-dzs78        389m         10Mi
        service23-849745f45c-2v495       402m         10Mi
        service24-868d99d99f-ptdtt       342m         10Mi
        service25-7f9777f949-64pzk       364m         11Mi
        service26-6c6769bd79-dzmjk       334m         12Mi
        service27-86f5849c97-vdm47       260m         12Mi
        service28-559655f6dc-xqq24       301m         11Mi
        service29-7d5fd7984f-nbxwr       300m         12Mi
        service3-54c7d8f859-bzccm        1023m        33Mi
        service30-c4b8489df-nzdfz        283m         11Mi
        service31-7c8ff8d65f-v22rs       297m         11Mi
        service32-7975ccd6d9-6drtr       272m         11Mi
        service33-67845dfc9-v8c5b        278m         12Mi
        service34-666768f9fc-mdft7       259m         10Mi
        service35-7cf575c4c9-zptdn       245m         10Mi
        service36-67c659b649-28wd5       194m         11Mi
        service37-86d49446dc-zkckt       218m         13Mi
        service38-5fdb9bf657-rcflj       232m         12Mi
        service39-76fbb4494c-5b5xx       232m         9Mi
        service4-6bfbd6d59c-bmq6t        1569m        43Mi
        service40-5dbd4686b7-m22s2       164m         10Mi
        service41-5558f8d6f7-p4fzd       147m         10Mi
        service42-756c94cccf-k4jn5       123m         10Mi
        service5-776d86b4ff-5fktg        882m         35Mi
        service6-8c5776489-s64mg         1020m        35Mi
        service7-587dc78955-cknhr        567m         10Mi
        service8-6887d9846f-mbb9r        565m         10Mi
        service9-6c7ddbf855-fh7hd        509m         12Mi
        ubuntu-client-76886f6bbd-zkbgc   18m          0Mi
        [run.sh] Test finished with status 0
        > STDERR
        > No resources found in default namespace.
    [exp] Times: [17.203482, 17.308513, 17.308347, 17.094884, 17.291926, 17.38838, 17.246307, 17.08134]
    [exp] Throughput: 580.0330341863712
[test.py] Finished running 0th optmization experiment: groundtruth->888.472590120829, slowdown->580.0330341863712, predicted->880.1540542442682, err->-0.9362737769354785
[test.py] Running 1th optmization experiment
[test.py] Running 1th groundtruth exp
    [exp] Running (pre_run: False) workload synthetic/large-scale request with the following configuration: {'CLIENT_CPU_QUOTA': '2', 'SLOWPOKE_POKER_BATCH_THRESHOLD': '20000000', 'PROCESSING_TIME_SERVICE4': '0.001761', 'PROCESSING_TIME_SERVICE0': '0.00114823', 'PROCESSING_TIME_SERVICE1': '0.00112713', 'PROCESSING_TIME_SERVICE2': '0.00112567', 'PROCESSING_TIME_SERVICE3': '0.00108198', 'PROCESSING_TIME_SERVICE5': '0.00092397', 'PROCESSING_TIME_SERVICE6': '0.00091663', 'PROCESSING_TIME_SERVICE7': '0.0008445', 'PROCESSING_TIME_SERVICE8': '0.00082763', 'PROCESSING_TIME_SERVICE9': '0.00082746', 'PROCESSING_TIME_SERVICE10': '0.00081339', 'PROCESSING_TIME_SERVICE11': '0.00079052', 'PROCESSING_TIME_SERVICE12': '0.00076379', 'PROCESSING_TIME_SERVICE13': '0.00073892', 'PROCESSING_TIME_SERVICE14': '0.00071725', 'PROCESSING_TIME_SERVICE15': '0.0007103', 'PROCESSING_TIME_SERVICE16': '0.00064814', 'PROCESSING_TIME_SERVICE17': '0.00063596', 'PROCESSING_TIME_SERVICE18': '0.00063485', 'PROCESSING_TIME_SERVICE19': '0.00062251', 'PROCESSING_TIME_SERVICE20': '0.0006121', 'PROCESSING_TIME_SERVICE21': '0.00060493', 'PROCESSING_TIME_SERVICE22': '0.00059362', 'PROCESSING_TIME_SERVICE23': '0.00058652', 'PROCESSING_TIME_SERVICE24': '0.00058578', 'PROCESSING_TIME_SERVICE25': '0.00055957', 'PROCESSING_TIME_SERVICE26': '0.00054507', 'PROCESSING_TIME_SERVICE27': '0.00050763', 'PROCESSING_TIME_SERVICE28': '0.00045135', 'PROCESSING_TIME_SERVICE29': '0.00044947', 'PROCESSING_TIME_SERVICE30': '0.00043772', 'PROCESSING_TIME_SERVICE31': '0.00040844', 'PROCESSING_TIME_SERVICE32': '0.00039446', 'PROCESSING_TIME_SERVICE33': '0.00037979', 'PROCESSING_TIME_SERVICE34': '0.00033094', 'PROCESSING_TIME_SERVICE35': '0.00032007', 'PROCESSING_TIME_SERVICE36': '0.00031273', 'PROCESSING_TIME_SERVICE37': '0.00027061', 'PROCESSING_TIME_SERVICE38': '0.00026683', 'PROCESSING_TIME_SERVICE39': '0.00023522', 'PROCESSING_TIME_SERVICE40': '0.00023345', 'PROCESSING_TIME_SERVICE41': '0.00015364', 'PROCESSING_TIME_SERVICE42': '9.551e-05', 'SLOWPOKE_DELAY_MICROS_SERVICE4': '0.0', 'SLOWPOKE_POKER_BATCH_THRESHOLD_SERVICE4': '100', 'SLOWPOKE_IS_TARGET_SERVICE_SERVICE4': 'true', 'SLOWPOKE_DELAY_MICROS_SERVICE0': '0.0', 'SLOWPOKE_POKER_BATCH_THRESHOLD_SERVICE0': '100', 'SLOWPOKE_IS_TARGET_SERVICE_SERVICE0': 'false', 'SLOWPOKE_DELAY_MICROS_SERVICE1': '0.0', 'SLOWPOKE_POKER_BATCH_THRESHOLD_SERVICE1': '100', 'SLOWPOKE_IS_TARGET_SERVICE_SERVICE1': 'false', 'SLOWPOKE_DELAY_MICROS_SERVICE2': '0.0', 'SLOWPOKE_POKER_BATCH_THRESHOLD_SERVICE2': '100', 'SLOWPOKE_IS_TARGET_SERVICE_SERVICE2': 'false', 'SLOWPOKE_DELAY_MICROS_SERVICE3': '0.0', 'SLOWPOKE_POKER_BATCH_THRESHOLD_SERVICE3': '100', 'SLOWPOKE_IS_TARGET_SERVICE_SERVICE3': 'false', 'SLOWPOKE_DELAY_MICROS_SERVICE5': '0.0', 'SLOWPOKE_POKER_BATCH_THRESHOLD_SERVICE5': '100', 'SLOWPOKE_IS_TARGET_SERVICE_SERVICE5': 'false', 'SLOWPOKE_DELAY_MICROS_SERVICE6': '0.0', 'SLOWPOKE_POKER_BATCH_THRESHOLD_SERVICE6': '100', 'SLOWPOKE_IS_TARGET_SERVICE_SERVICE6': 'false', 'SLOWPOKE_DELAY_MICROS_SERVICE7': '0.0', 'SLOWPOKE_POKER_BATCH_THRESHOLD_SERVICE7': '100', 'SLOWPOKE_IS_TARGET_SERVICE_SERVICE7': 'false', 'SLOWPOKE_DELAY_MICROS_SERVICE8': '0.0', 'SLOWPOKE_POKER_BATCH_THRESHOLD_SERVICE8': '100', 'SLOWPOKE_IS_TARGET_SERVICE_SERVICE8': 'false', 'SLOWPOKE_DELAY_MICROS_SERVICE9': '0.0', 'SLOWPOKE_POKER_BATCH_THRESHOLD_SERVICE9': '100', 'SLOWPOKE_IS_TARGET_SERVICE_SERVICE9': 'false', 'SLOWPOKE_DELAY_MICROS_SERVICE10': '0.0', 'SLOWPOKE_POKER_BATCH_THRESHOLD_SERVICE10': '100', 'SLOWPOKE_IS_TARGET_SERVICE_SERVICE10': 'false', 'SLOWPOKE_DELAY_MICROS_SERVICE11': '0.0', 'SLOWPOKE_POKER_BATCH_THRESHOLD_SERVICE11': '100', 'SLOWPOKE_IS_TARGET_SERVICE_SERVICE11': 'false', 'SLOWPOKE_DELAY_MICROS_SERVICE12': '0.0', 'SLOWPOKE_POKER_BATCH_THRESHOLD_SERVICE12': '100', 'SLOWPOKE_IS_TARGET_SERVICE_SERVICE12': 'false', 'SLOWPOKE_DELAY_MICROS_SERVICE13': '0.0', 'SLOWPOKE_POKER_BATCH_THRESHOLD_SERVICE13': '100', 'SLOWPOKE_IS_TARGET_SERVICE_SERVICE13': 'false', 'SLOWPOKE_DELAY_MICROS_SERVICE14': '0.0', 'SLOWPOKE_POKER_BATCH_THRESHOLD_SERVICE14': '100', 'SLOWPOKE_IS_TARGET_SERVICE_SERVICE14': 'false', 'SLOWPOKE_DELAY_MICROS_SERVICE15': '0.0', 'SLOWPOKE_POKER_BATCH_THRESHOLD_SERVICE15': '100', 'SLOWPOKE_IS_TARGET_SERVICE_SERVICE15': 'false', 'SLOWPOKE_DELAY_MICROS_SERVICE16': '0.0', 'SLOWPOKE_POKER_BATCH_THRESHOLD_SERVICE16': '100', 'SLOWPOKE_IS_TARGET_SERVICE_SERVICE16': 'false', 'SLOWPOKE_DELAY_MICROS_SERVICE17': '0.0', 'SLOWPOKE_POKER_BATCH_THRESHOLD_SERVICE17': '100', 'SLOWPOKE_IS_TARGET_SERVICE_SERVICE17': 'false', 'SLOWPOKE_DELAY_MICROS_SERVICE18': '0.0', 'SLOWPOKE_POKER_BATCH_THRESHOLD_SERVICE18': '100', 'SLOWPOKE_IS_TARGET_SERVICE_SERVICE18': 'false', 'SLOWPOKE_DELAY_MICROS_SERVICE19': '0.0', 'SLOWPOKE_POKER_BATCH_THRESHOLD_SERVICE19': '100', 'SLOWPOKE_IS_TARGET_SERVICE_SERVICE19': 'false', 'SLOWPOKE_DELAY_MICROS_SERVICE20': '0.0', 'SLOWPOKE_POKER_BATCH_THRESHOLD_SERVICE20': '100', 'SLOWPOKE_IS_TARGET_SERVICE_SERVICE20': 'false', 'SLOWPOKE_DELAY_MICROS_SERVICE21': '0.0', 'SLOWPOKE_POKER_BATCH_THRESHOLD_SERVICE21': '100', 'SLOWPOKE_IS_TARGET_SERVICE_SERVICE21': 'false', 'SLOWPOKE_DELAY_MICROS_SERVICE22': '0.0', 'SLOWPOKE_POKER_BATCH_THRESHOLD_SERVICE22': '100', 'SLOWPOKE_IS_TARGET_SERVICE_SERVICE22': 'false', 'SLOWPOKE_DELAY_MICROS_SERVICE23': '0.0', 'SLOWPOKE_POKER_BATCH_THRESHOLD_SERVICE23': '100', 'SLOWPOKE_IS_TARGET_SERVICE_SERVICE23': 'false', 'SLOWPOKE_DELAY_MICROS_SERVICE24': '0.0', 'SLOWPOKE_POKER_BATCH_THRESHOLD_SERVICE24': '100', 'SLOWPOKE_IS_TARGET_SERVICE_SERVICE24': 'false', 'SLOWPOKE_DELAY_MICROS_SERVICE25': '0.0', 'SLOWPOKE_POKER_BATCH_THRESHOLD_SERVICE25': '100', 'SLOWPOKE_IS_TARGET_SERVICE_SERVICE25': 'false', 'SLOWPOKE_DELAY_MICROS_SERVICE26': '0.0', 'SLOWPOKE_POKER_BATCH_THRESHOLD_SERVICE26': '100', 'SLOWPOKE_IS_TARGET_SERVICE_SERVICE26': 'false', 'SLOWPOKE_DELAY_MICROS_SERVICE27': '0.0', 'SLOWPOKE_POKER_BATCH_THRESHOLD_SERVICE27': '100', 'SLOWPOKE_IS_TARGET_SERVICE_SERVICE27': 'false', 'SLOWPOKE_DELAY_MICROS_SERVICE28': '0.0', 'SLOWPOKE_POKER_BATCH_THRESHOLD_SERVICE28': '100', 'SLOWPOKE_IS_TARGET_SERVICE_SERVICE28': 'false', 'SLOWPOKE_DELAY_MICROS_SERVICE29': '0.0', 'SLOWPOKE_POKER_BATCH_THRESHOLD_SERVICE29': '100', 'SLOWPOKE_IS_TARGET_SERVICE_SERVICE29': 'false', 'SLOWPOKE_DELAY_MICROS_SERVICE30': '0.0', 'SLOWPOKE_POKER_BATCH_THRESHOLD_SERVICE30': '100', 'SLOWPOKE_IS_TARGET_SERVICE_SERVICE30': 'false', 'SLOWPOKE_DELAY_MICROS_SERVICE31': '0.0', 'SLOWPOKE_POKER_BATCH_THRESHOLD_SERVICE31': '100', 'SLOWPOKE_IS_TARGET_SERVICE_SERVICE31': 'false', 'SLOWPOKE_DELAY_MICROS_SERVICE32': '0.0', 'SLOWPOKE_POKER_BATCH_THRESHOLD_SERVICE32': '100', 'SLOWPOKE_IS_TARGET_SERVICE_SERVICE32': 'false', 'SLOWPOKE_DELAY_MICROS_SERVICE33': '0.0', 'SLOWPOKE_POKER_BATCH_THRESHOLD_SERVICE33': '100', 'SLOWPOKE_IS_TARGET_SERVICE_SERVICE33': 'false', 'SLOWPOKE_DELAY_MICROS_SERVICE34': '0.0', 'SLOWPOKE_POKER_BATCH_THRESHOLD_SERVICE34': '100', 'SLOWPOKE_IS_TARGET_SERVICE_SERVICE34': 'false', 'SLOWPOKE_DELAY_MICROS_SERVICE35': '0.0', 'SLOWPOKE_POKER_BATCH_THRESHOLD_SERVICE35': '100', 'SLOWPOKE_IS_TARGET_SERVICE_SERVICE35': 'false', 'SLOWPOKE_DELAY_MICROS_SERVICE36': '0.0', 'SLOWPOKE_POKER_BATCH_THRESHOLD_SERVICE36': '100', 'SLOWPOKE_IS_TARGET_SERVICE_SERVICE36': 'false', 'SLOWPOKE_DELAY_MICROS_SERVICE37': '0.0', 'SLOWPOKE_POKER_BATCH_THRESHOLD_SERVICE37': '100', 'SLOWPOKE_IS_TARGET_SERVICE_SERVICE37': 'false', 'SLOWPOKE_DELAY_MICROS_SERVICE38': '0.0', 'SLOWPOKE_POKER_BATCH_THRESHOLD_SERVICE38': '100', 'SLOWPOKE_IS_TARGET_SERVICE_SERVICE38': 'false', 'SLOWPOKE_DELAY_MICROS_SERVICE39': '0.0', 'SLOWPOKE_POKER_BATCH_THRESHOLD_SERVICE39': '100', 'SLOWPOKE_IS_TARGET_SERVICE_SERVICE39': 'false', 'SLOWPOKE_DELAY_MICROS_SERVICE40': '0.0', 'SLOWPOKE_POKER_BATCH_THRESHOLD_SERVICE40': '100', 'SLOWPOKE_IS_TARGET_SERVICE_SERVICE40': 'false', 'SLOWPOKE_DELAY_MICROS_SERVICE41': '0.0', 'SLOWPOKE_POKER_BATCH_THRESHOLD_SERVICE41': '100', 'SLOWPOKE_IS_TARGET_SERVICE_SERVICE41': 'false', 'SLOWPOKE_DELAY_MICROS_SERVICE42': '0.0', 'SLOWPOKE_POKER_BATCH_THRESHOLD_SERVICE42': '100', 'SLOWPOKE_IS_TARGET_SERVICE_SERVICE42': 'false'}
    [exp] Executing cmd `bash run.sh synthetic large-scale 8 128 10000`:
        [run.sh] Running benchmark synthetic with request large-scale, thread 8, conn 128, duration 60
        [run.sh] Deleting all services
        configmap "config-service0" deleted
        deployment.apps "service0" deleted
        service "service0" deleted
        configmap "config-service1" deleted
        deployment.apps "service1" deleted
        service "service1" deleted
        configmap "config-service10" deleted
        deployment.apps "service10" deleted
        service "service10" deleted
        configmap "config-service11" deleted
        deployment.apps "service11" deleted
        service "service11" deleted
        configmap "config-service12" deleted
        deployment.apps "service12" deleted
        service "service12" deleted
        configmap "config-service13" deleted
        deployment.apps "service13" deleted
        service "service13" deleted
        configmap "config-service14" deleted
        deployment.apps "service14" deleted
        service "service14" deleted
        configmap "config-service15" deleted
        deployment.apps "service15" deleted
        service "service15" deleted
        configmap "config-service16" deleted
        deployment.apps "service16" deleted
        service "service16" deleted
        configmap "config-service17" deleted
        deployment.apps "service17" deleted
        service "service17" deleted
        configmap "config-service18" deleted
        deployment.apps "service18" deleted
        service "service18" deleted
        configmap "config-service19" deleted
        deployment.apps "service19" deleted
        service "service19" deleted
        configmap "config-service2" deleted
        deployment.apps "service2" deleted
        service "service2" deleted
        configmap "config-service20" deleted
        deployment.apps "service20" deleted
        service "service20" deleted
        configmap "config-service21" deleted
        deployment.apps "service21" deleted
        service "service21" deleted
        configmap "config-service22" deleted
        deployment.apps "service22" deleted
        service "service22" deleted
        configmap "config-service23" deleted
        deployment.apps "service23" deleted
        service "service23" deleted
        configmap "config-service24" deleted
        deployment.apps "service24" deleted
        service "service24" deleted
        configmap "config-service25" deleted
        deployment.apps "service25" deleted
        service "service25" deleted
        configmap "config-service26" deleted
        deployment.apps "service26" deleted
        service "service26" deleted
        configmap "config-service27" deleted
        deployment.apps "service27" deleted
        service "service27" deleted
        configmap "config-service28" deleted
        deployment.apps "service28" deleted
        service "service28" deleted
        configmap "config-service29" deleted
        deployment.apps "service29" deleted
        service "service29" deleted
        configmap "config-service3" deleted
        deployment.apps "service3" deleted
        service "service3" deleted
        configmap "config-service30" deleted
        deployment.apps "service30" deleted
        service "service30" deleted
        configmap "config-service31" deleted
        deployment.apps "service31" deleted
        service "service31" deleted
        configmap "config-service32" deleted
        deployment.apps "service32" deleted
        service "service32" deleted
        configmap "config-service33" deleted
        deployment.apps "service33" deleted
        service "service33" deleted
        configmap "config-service34" deleted
        deployment.apps "service34" deleted
        service "service34" deleted
        configmap "config-service35" deleted
        deployment.apps "service35" deleted
        service "service35" deleted
        configmap "config-service36" deleted
        deployment.apps "service36" deleted
        service "service36" deleted
        configmap "config-service37" deleted
        deployment.apps "service37" deleted
        service "service37" deleted
        configmap "config-service38" deleted
        deployment.apps "service38" deleted
        service "service38" deleted
        configmap "config-service39" deleted
        deployment.apps "service39" deleted
        service "service39" deleted
        configmap "config-service4" deleted
        deployment.apps "service4" deleted
        service "service4" deleted
        configmap "config-service40" deleted
        deployment.apps "service40" deleted
        service "service40" deleted
        configmap "config-service41" deleted
        deployment.apps "service41" deleted
        service "service41" deleted
        configmap "config-service42" deleted
        deployment.apps "service42" deleted
        service "service42" deleted
        configmap "config-service5" deleted
        deployment.apps "service5" deleted
        service "service5" deleted
        configmap "config-service6" deleted
        deployment.apps "service6" deleted
        service "service6" deleted
        configmap "config-service7" deleted
        deployment.apps "service7" deleted
        service "service7" deleted
        configmap "config-service8" deleted
        deployment.apps "service8" deleted
        service "service8" deleted
        configmap "config-service9" deleted
        deployment.apps "service9" deleted
        service "service9" deleted
        deployment.apps "ubuntu-client" deleted
        [run.sh] Waiting for all pods to be deleted
        [run.sh] Deploying all services
        configmap/config-service0 created
        deployment.apps/service0 created
        service/service0 created
        configmap/config-service1 created
        deployment.apps/service1 created
        service/service1 created
        configmap/config-service10 created
        deployment.apps/service10 created
        service/service10 created
        configmap/config-service11 created
        deployment.apps/service11 created
        service/service11 created
        configmap/config-service12 created
        deployment.apps/service12 created
        service/service12 created
        configmap/config-service13 created
        deployment.apps/service13 created
        service/service13 created
        configmap/config-service14 created
        deployment.apps/service14 created
        service/service14 created
        configmap/config-service15 created
        deployment.apps/service15 created
        service/service15 created
        configmap/config-service16 created
        deployment.apps/service16 created
        service/service16 created
        configmap/config-service17 created
        deployment.apps/service17 created
        service/service17 created
        configmap/config-service18 created
        deployment.apps/service18 created
        service/service18 created
        configmap/config-service19 created
        deployment.apps/service19 created
        service/service19 created
        configmap/config-service2 created
        deployment.apps/service2 created
        service/service2 created
        configmap/config-service20 created
        deployment.apps/service20 created
        service/service20 created
        configmap/config-service21 created
        deployment.apps/service21 created
        service/service21 created
        configmap/config-service22 created
        deployment.apps/service22 created
        service/service22 created
        configmap/config-service23 created
        deployment.apps/service23 created
        service/service23 created
        configmap/config-service24 created
        deployment.apps/service24 created
        service/service24 created
        configmap/config-service25 created
        deployment.apps/service25 created
        service/service25 created
        configmap/config-service26 created
        deployment.apps/service26 created
        service/service26 created
        configmap/config-service27 created
        deployment.apps/service27 created
        service/service27 created
        configmap/config-service28 created
        deployment.apps/service28 created
        service/service28 created
        configmap/config-service29 created
        deployment.apps/service29 created
        service/service29 created
        configmap/config-service3 created
        deployment.apps/service3 created
        service/service3 created
        configmap/config-service30 created
        deployment.apps/service30 created
        service/service30 created
        configmap/config-service31 created
        deployment.apps/service31 created
        service/service31 created
        configmap/config-service32 created
        deployment.apps/service32 created
        service/service32 created
        configmap/config-service33 created
        deployment.apps/service33 created
        service/service33 created
        configmap/config-service34 created
        deployment.apps/service34 created
        service/service34 created
        configmap/config-service35 created
        deployment.apps/service35 created
        service/service35 created
        configmap/config-service36 created
        deployment.apps/service36 created
        service/service36 created
        configmap/config-service37 created
        deployment.apps/service37 created
        service/service37 created
        configmap/config-service38 created
        deployment.apps/service38 created
        service/service38 created
        configmap/config-service39 created
        deployment.apps/service39 created
        service/service39 created
        configmap/config-service4 created
        deployment.apps/service4 created
        service/service4 created
        configmap/config-service40 created
        deployment.apps/service40 created
        service/service40 created
        configmap/config-service41 created
        deployment.apps/service41 created
        service/service41 created
        configmap/config-service42 created
        deployment.apps/service42 created
        service/service42 created
        configmap/config-service5 created
        deployment.apps/service5 created
        service/service5 created
        configmap/config-service6 created
        deployment.apps/service6 created
        service/service6 created
        configmap/config-service7 created
        deployment.apps/service7 created
        service/service7 created
        configmap/config-service8 created
        deployment.apps/service8 created
        service/service8 created
        configmap/config-service9 created
        deployment.apps/service9 created
        service/service9 created
        [run.sh] Client pod not found, deploying client
        deployment.apps/ubuntu-client created
        [run.sh] Waiting for all pods to be running
        [run.sh] All pods are running
        [run.sh] Running warmup test
        [run.sh] /wrk/wrk -t8 -c128 --timeout 10s -d10s -L http://service0:80/endpoint1
        Running 10s test @ http://service0:80/endpoint1
        8 threads and 128 connections
        Thread Stats   Avg      Stdev     Max   +/- Stdev
        Latency   186.64ms  118.39ms 983.07ms   76.54%
        Req/Sec    93.56     39.38   383.00     69.44%
        Latency Distribution
        50%  160.62ms
        75%  230.09ms
        90%  338.00ms
        99%  596.10ms
        7205 requests in 10.10s, 1.09MB read
        Requests/sec:    713.70
        Transfer/sec:    110.82KB
        [run.sh] Speed is 713.70, duration is 21
        [run.sh] Fix the request number.
        [run.sh] Running the actual test
        [run.sh] /wrk/wrk --timeout 20s -t8 -c128 -d21s -L -s /wrk/fix_req_n.lua http://service0:80/endpoint1
        Running 21s test @ http://service0:80/endpoint1
        8 threads and 128 connections
        Thread Stats   Avg      Stdev     Max   +/- Stdev
        Latency   171.34ms  101.55ms 770.04ms   74.42%
        Req/Sec    93.70     35.42   212.00     66.79%
        Latency Distribution
        50%  147.22ms
        75%  218.57ms
        90%  308.63ms
        99%  525.63ms
        10000 requests in 21.00s, 1.52MB read
        Requests/sec:    476.19
        Transfer/sec:     73.94KB
        ------------------------------
        stop time: 13.452364
        stop time: 13.448179
        stop time: 12.920481
        stop time: 13.480395
        stop time: 13.294877
        stop time: 13.466144
        stop time: 13.440077
        stop time: 13.479973
        [run.sh] Checking the resource usage
        NAME                             CPU(cores)   MEMORY(bytes)
        service0-69955d4677-dnp8s        1m           3Mi
        service1-58c95cb96-6hv4f         1m           3Mi
        service10-9549b4cd-ksl8d         1m           3Mi
        service11-b76846c44-5s4bb        1m           3Mi
        service12-8ddc6874b-ddcc8        1m           3Mi
        service13-6dc48cb75b-752cg       1m           3Mi
        service14-6fdd479dcd-jtg7v       1m           3Mi
        service15-6bc59bd7d4-lfl5q       1m           3Mi
        service16-7886b6b8d6-wjwh8       1m           3Mi
        service17-7b5f6467b8-x5dxz       1m           3Mi
        service18-65595ccfd6-bvsw7       1m           3Mi
        service19-55c65f57c6-qjn5w       1m           3Mi
        service2-5d59c5bd5d-hdnvz        1m           3Mi
        service20-58b86cfc4d-5wfd8       1m           3Mi
        service21-8d587d69d-x2vkb        1m           3Mi
        service22-55796dcf9b-n89k4       1m           3Mi
        service23-599c6478cd-ww6rx       1m           3Mi
        service24-655749d78d-xcc95       1m           3Mi
        service25-656bf89c8b-wr6fm       1m           3Mi
        service26-5fcc5669d4-rhsvn       1m           3Mi
        service27-8687746986-v4vv9       1m           3Mi
        service28-6bbbb998d8-25jvg       1m           3Mi
        service29-655dfdfd6b-c9p4g       1m           3Mi
        service3-564487d7d8-r4dvl        1m           3Mi
        service30-6d966bbbcd-z4jft       1m           3Mi
        service31-9476bd9bd-wr2pj        1m           3Mi
        service32-64b88b58b-t6l52        1m           3Mi
        service33-69bdf8b97b-f7qhg       1m           3Mi
        service34-9d9487db6-swkgq        1m           3Mi
        service35-575bf5bbb8-sqtcc       1m           3Mi
        service36-765d6cd758-6f8lm       1m           3Mi
        service37-66f4568564-wlv72       1m           3Mi
        service38-56fc9c9b7d-csvwq       1m           3Mi
        service39-5b478bd9b-5gzw6        1m           3Mi
        service4-6bfbd6d59c-2vjq8        1m           3Mi
        service40-7c5d878d8d-qt6cd       1m           3Mi
        service41-567cc54974-mdzg4       1m           3Mi
        service42-6c5db85bd-8zpvx        1m           3Mi
        service5-ffd8ccc6-rg97s          1m           3Mi
        service6-6b89db49b6-c9xmn        1m           3Mi
        service7-845b5b8588-wzxnn        1m           3Mi
        service8-7c9f97fd46-ksbqn        1m           3Mi
        service9-7cb9cf658d-z2jbt        1m           3Mi
        ubuntu-client-76886f6bbd-j869h   0m           0Mi
        [run.sh] Test finished with status 0
        > STDERR
        > No resources found in default namespace.
    [exp] Times: [13.452364, 13.448179, 12.920481, 13.480395, 13.294877, 13.466144, 13.440077, 13.479973]
    [exp] Throughput: 747.7859227243636
[test.py] Running 1th slowdown exp
    [exp] Running (pre_run: False) workload synthetic/large-scale request with the following configuration: {'CLIENT_CPU_QUOTA': '2', 'SLOWPOKE_POKER_BATCH_THRESHOLD': '20000000', 'PROCESSING_TIME_SERVICE4': '0.00234975', 'PROCESSING_TIME_SERVICE0': '0.00114823', 'PROCESSING_TIME_SERVICE1': '0.00112713', 'PROCESSING_TIME_SERVICE2': '0.00112567', 'PROCESSING_TIME_SERVICE3': '0.00108198', 'PROCESSING_TIME_SERVICE5': '0.00092397', 'PROCESSING_TIME_SERVICE6': '0.00091663', 'PROCESSING_TIME_SERVICE7': '0.0008445', 'PROCESSING_TIME_SERVICE8': '0.00082763', 'PROCESSING_TIME_SERVICE9': '0.00082746', 'PROCESSING_TIME_SERVICE10': '0.00081339', 'PROCESSING_TIME_SERVICE11': '0.00079052', 'PROCESSING_TIME_SERVICE12': '0.00076379', 'PROCESSING_TIME_SERVICE13': '0.00073892', 'PROCESSING_TIME_SERVICE14': '0.00071725', 'PROCESSING_TIME_SERVICE15': '0.0007103', 'PROCESSING_TIME_SERVICE16': '0.00064814', 'PROCESSING_TIME_SERVICE17': '0.00063596', 'PROCESSING_TIME_SERVICE18': '0.00063485', 'PROCESSING_TIME_SERVICE19': '0.00062251', 'PROCESSING_TIME_SERVICE20': '0.0006121', 'PROCESSING_TIME_SERVICE21': '0.00060493', 'PROCESSING_TIME_SERVICE22': '0.00059362', 'PROCESSING_TIME_SERVICE23': '0.00058652', 'PROCESSING_TIME_SERVICE24': '0.00058578', 'PROCESSING_TIME_SERVICE25': '0.00055957', 'PROCESSING_TIME_SERVICE26': '0.00054507', 'PROCESSING_TIME_SERVICE27': '0.00050763', 'PROCESSING_TIME_SERVICE28': '0.00045135', 'PROCESSING_TIME_SERVICE29': '0.00044947', 'PROCESSING_TIME_SERVICE30': '0.00043772', 'PROCESSING_TIME_SERVICE31': '0.00040844', 'PROCESSING_TIME_SERVICE32': '0.00039446', 'PROCESSING_TIME_SERVICE33': '0.00037979', 'PROCESSING_TIME_SERVICE34': '0.00033094', 'PROCESSING_TIME_SERVICE35': '0.00032007', 'PROCESSING_TIME_SERVICE36': '0.00031273', 'PROCESSING_TIME_SERVICE37': '0.00027061', 'PROCESSING_TIME_SERVICE38': '0.00026683', 'PROCESSING_TIME_SERVICE39': '0.00023522', 'PROCESSING_TIME_SERVICE40': '0.00023345', 'PROCESSING_TIME_SERVICE41': '0.00015364', 'PROCESSING_TIME_SERVICE42': '9.551e-05', 'SLOWPOKE_DELAY_MICROS_SERVICE4': '0.0', 'SLOWPOKE_POKER_BATCH_THRESHOLD_SERVICE4': '100', 'SLOWPOKE_IS_TARGET_SERVICE_SERVICE4': 'true', 'SLOWPOKE_DELAY_MICROS_SERVICE0': '294.0', 'SLOWPOKE_POKER_BATCH_THRESHOLD_SERVICE0': '100', 'SLOWPOKE_IS_TARGET_SERVICE_SERVICE0': 'false', 'SLOWPOKE_DELAY_MICROS_SERVICE1': '294.0', 'SLOWPOKE_POKER_BATCH_THRESHOLD_SERVICE1': '100', 'SLOWPOKE_IS_TARGET_SERVICE_SERVICE1': 'false', 'SLOWPOKE_DELAY_MICROS_SERVICE2': '294.0', 'SLOWPOKE_POKER_BATCH_THRESHOLD_SERVICE2': '100', 'SLOWPOKE_IS_TARGET_SERVICE_SERVICE2': 'false', 'SLOWPOKE_DELAY_MICROS_SERVICE3': '294.0', 'SLOWPOKE_POKER_BATCH_THRESHOLD_SERVICE3': '100', 'SLOWPOKE_IS_TARGET_SERVICE_SERVICE3': 'false', 'SLOWPOKE_DELAY_MICROS_SERVICE5': '294.0', 'SLOWPOKE_POKER_BATCH_THRESHOLD_SERVICE5': '100', 'SLOWPOKE_IS_TARGET_SERVICE_SERVICE5': 'false', 'SLOWPOKE_DELAY_MICROS_SERVICE6': '294.0', 'SLOWPOKE_POKER_BATCH_THRESHOLD_SERVICE6': '100', 'SLOWPOKE_IS_TARGET_SERVICE_SERVICE6': 'false', 'SLOWPOKE_DELAY_MICROS_SERVICE7': '294.0', 'SLOWPOKE_POKER_BATCH_THRESHOLD_SERVICE7': '100', 'SLOWPOKE_IS_TARGET_SERVICE_SERVICE7': 'false', 'SLOWPOKE_DELAY_MICROS_SERVICE8': '294.0', 'SLOWPOKE_POKER_BATCH_THRESHOLD_SERVICE8': '100', 'SLOWPOKE_IS_TARGET_SERVICE_SERVICE8': 'false', 'SLOWPOKE_DELAY_MICROS_SERVICE9': '294.0', 'SLOWPOKE_POKER_BATCH_THRESHOLD_SERVICE9': '100', 'SLOWPOKE_IS_TARGET_SERVICE_SERVICE9': 'false', 'SLOWPOKE_DELAY_MICROS_SERVICE10': '294.0', 'SLOWPOKE_POKER_BATCH_THRESHOLD_SERVICE10': '100', 'SLOWPOKE_IS_TARGET_SERVICE_SERVICE10': 'false', 'SLOWPOKE_DELAY_MICROS_SERVICE11': '294.0', 'SLOWPOKE_POKER_BATCH_THRESHOLD_SERVICE11': '100', 'SLOWPOKE_IS_TARGET_SERVICE_SERVICE11': 'false', 'SLOWPOKE_DELAY_MICROS_SERVICE12': '294.0', 'SLOWPOKE_POKER_BATCH_THRESHOLD_SERVICE12': '100', 'SLOWPOKE_IS_TARGET_SERVICE_SERVICE12': 'false', 'SLOWPOKE_DELAY_MICROS_SERVICE13': '294.0', 'SLOWPOKE_POKER_BATCH_THRESHOLD_SERVICE13': '100', 'SLOWPOKE_IS_TARGET_SERVICE_SERVICE13': 'false', 'SLOWPOKE_DELAY_MICROS_SERVICE14': '294.0', 'SLOWPOKE_POKER_BATCH_THRESHOLD_SERVICE14': '100', 'SLOWPOKE_IS_TARGET_SERVICE_SERVICE14': 'false', 'SLOWPOKE_DELAY_MICROS_SERVICE15': '294.0', 'SLOWPOKE_POKER_BATCH_THRESHOLD_SERVICE15': '100', 'SLOWPOKE_IS_TARGET_SERVICE_SERVICE15': 'false', 'SLOWPOKE_DELAY_MICROS_SERVICE16': '294.0', 'SLOWPOKE_POKER_BATCH_THRESHOLD_SERVICE16': '100', 'SLOWPOKE_IS_TARGET_SERVICE_SERVICE16': 'false', 'SLOWPOKE_DELAY_MICROS_SERVICE17': '294.0', 'SLOWPOKE_POKER_BATCH_THRESHOLD_SERVICE17': '100', 'SLOWPOKE_IS_TARGET_SERVICE_SERVICE17': 'false', 'SLOWPOKE_DELAY_MICROS_SERVICE18': '294.0', 'SLOWPOKE_POKER_BATCH_THRESHOLD_SERVICE18': '100', 'SLOWPOKE_IS_TARGET_SERVICE_SERVICE18': 'false', 'SLOWPOKE_DELAY_MICROS_SERVICE19': '294.0', 'SLOWPOKE_POKER_BATCH_THRESHOLD_SERVICE19': '100', 'SLOWPOKE_IS_TARGET_SERVICE_SERVICE19': 'false', 'SLOWPOKE_DELAY_MICROS_SERVICE20': '294.0', 'SLOWPOKE_POKER_BATCH_THRESHOLD_SERVICE20': '100', 'SLOWPOKE_IS_TARGET_SERVICE_SERVICE20': 'false', 'SLOWPOKE_DELAY_MICROS_SERVICE21': '294.0', 'SLOWPOKE_POKER_BATCH_THRESHOLD_SERVICE21': '100', 'SLOWPOKE_IS_TARGET_SERVICE_SERVICE21': 'false', 'SLOWPOKE_DELAY_MICROS_SERVICE22': '294.0', 'SLOWPOKE_POKER_BATCH_THRESHOLD_SERVICE22': '100', 'SLOWPOKE_IS_TARGET_SERVICE_SERVICE22': 'false', 'SLOWPOKE_DELAY_MICROS_SERVICE23': '294.0', 'SLOWPOKE_POKER_BATCH_THRESHOLD_SERVICE23': '100', 'SLOWPOKE_IS_TARGET_SERVICE_SERVICE23': 'false', 'SLOWPOKE_DELAY_MICROS_SERVICE24': '294.0', 'SLOWPOKE_POKER_BATCH_THRESHOLD_SERVICE24': '100', 'SLOWPOKE_IS_TARGET_SERVICE_SERVICE24': 'false', 'SLOWPOKE_DELAY_MICROS_SERVICE25': '294.0', 'SLOWPOKE_POKER_BATCH_THRESHOLD_SERVICE25': '100', 'SLOWPOKE_IS_TARGET_SERVICE_SERVICE25': 'false', 'SLOWPOKE_DELAY_MICROS_SERVICE26': '294.0', 'SLOWPOKE_POKER_BATCH_THRESHOLD_SERVICE26': '100', 'SLOWPOKE_IS_TARGET_SERVICE_SERVICE26': 'false', 'SLOWPOKE_DELAY_MICROS_SERVICE27': '294.0', 'SLOWPOKE_POKER_BATCH_THRESHOLD_SERVICE27': '100', 'SLOWPOKE_IS_TARGET_SERVICE_SERVICE27': 'false', 'SLOWPOKE_DELAY_MICROS_SERVICE28': '294.0', 'SLOWPOKE_POKER_BATCH_THRESHOLD_SERVICE28': '100', 'SLOWPOKE_IS_TARGET_SERVICE_SERVICE28': 'false', 'SLOWPOKE_DELAY_MICROS_SERVICE29': '294.0', 'SLOWPOKE_POKER_BATCH_THRESHOLD_SERVICE29': '100', 'SLOWPOKE_IS_TARGET_SERVICE_SERVICE29': 'false', 'SLOWPOKE_DELAY_MICROS_SERVICE30': '294.0', 'SLOWPOKE_POKER_BATCH_THRESHOLD_SERVICE30': '100', 'SLOWPOKE_IS_TARGET_SERVICE_SERVICE30': 'false', 'SLOWPOKE_DELAY_MICROS_SERVICE31': '294.0', 'SLOWPOKE_POKER_BATCH_THRESHOLD_SERVICE31': '100', 'SLOWPOKE_IS_TARGET_SERVICE_SERVICE31': 'false', 'SLOWPOKE_DELAY_MICROS_SERVICE32': '294.0', 'SLOWPOKE_POKER_BATCH_THRESHOLD_SERVICE32': '100', 'SLOWPOKE_IS_TARGET_SERVICE_SERVICE32': 'false', 'SLOWPOKE_DELAY_MICROS_SERVICE33': '294.0', 'SLOWPOKE_POKER_BATCH_THRESHOLD_SERVICE33': '100', 'SLOWPOKE_IS_TARGET_SERVICE_SERVICE33': 'false', 'SLOWPOKE_DELAY_MICROS_SERVICE34': '294.0', 'SLOWPOKE_POKER_BATCH_THRESHOLD_SERVICE34': '100', 'SLOWPOKE_IS_TARGET_SERVICE_SERVICE34': 'false', 'SLOWPOKE_DELAY_MICROS_SERVICE35': '294.0', 'SLOWPOKE_POKER_BATCH_THRESHOLD_SERVICE35': '100', 'SLOWPOKE_IS_TARGET_SERVICE_SERVICE35': 'false', 'SLOWPOKE_DELAY_MICROS_SERVICE36': '294.0', 'SLOWPOKE_POKER_BATCH_THRESHOLD_SERVICE36': '100', 'SLOWPOKE_IS_TARGET_SERVICE_SERVICE36': 'false', 'SLOWPOKE_DELAY_MICROS_SERVICE37': '294.0', 'SLOWPOKE_POKER_BATCH_THRESHOLD_SERVICE37': '100', 'SLOWPOKE_IS_TARGET_SERVICE_SERVICE37': 'false', 'SLOWPOKE_DELAY_MICROS_SERVICE38': '294.0', 'SLOWPOKE_POKER_BATCH_THRESHOLD_SERVICE38': '100', 'SLOWPOKE_IS_TARGET_SERVICE_SERVICE38': 'false', 'SLOWPOKE_DELAY_MICROS_SERVICE39': '294.0', 'SLOWPOKE_POKER_BATCH_THRESHOLD_SERVICE39': '100', 'SLOWPOKE_IS_TARGET_SERVICE_SERVICE39': 'false', 'SLOWPOKE_DELAY_MICROS_SERVICE40': '294.0', 'SLOWPOKE_POKER_BATCH_THRESHOLD_SERVICE40': '100', 'SLOWPOKE_IS_TARGET_SERVICE_SERVICE40': 'false', 'SLOWPOKE_DELAY_MICROS_SERVICE41': '294.0', 'SLOWPOKE_POKER_BATCH_THRESHOLD_SERVICE41': '100', 'SLOWPOKE_IS_TARGET_SERVICE_SERVICE41': 'false', 'SLOWPOKE_DELAY_MICROS_SERVICE42': '294.0', 'SLOWPOKE_POKER_BATCH_THRESHOLD_SERVICE42': '100', 'SLOWPOKE_IS_TARGET_SERVICE_SERVICE42': 'false'}
    [exp] Executing cmd `bash run.sh synthetic large-scale 8 128 10000`:
        [run.sh] Running benchmark synthetic with request large-scale, thread 8, conn 128, duration 60
        [run.sh] Deleting all services
        configmap "config-service0" deleted
        deployment.apps "service0" deleted
        service "service0" deleted
        configmap "config-service1" deleted
        deployment.apps "service1" deleted
        service "service1" deleted
        configmap "config-service10" deleted
        deployment.apps "service10" deleted
        service "service10" deleted
        configmap "config-service11" deleted
        deployment.apps "service11" deleted
        service "service11" deleted
        configmap "config-service12" deleted
        deployment.apps "service12" deleted
        service "service12" deleted
        configmap "config-service13" deleted
        deployment.apps "service13" deleted
        service "service13" deleted
        configmap "config-service14" deleted
        deployment.apps "service14" deleted
        service "service14" deleted
        configmap "config-service15" deleted
        deployment.apps "service15" deleted
        service "service15" deleted
        configmap "config-service16" deleted
        deployment.apps "service16" deleted
        service "service16" deleted
        configmap "config-service17" deleted
        deployment.apps "service17" deleted
        service "service17" deleted
        configmap "config-service18" deleted
        deployment.apps "service18" deleted
        service "service18" deleted
        configmap "config-service19" deleted
        deployment.apps "service19" deleted
        service "service19" deleted
        configmap "config-service2" deleted
        deployment.apps "service2" deleted
        service "service2" deleted
        configmap "config-service20" deleted
        deployment.apps "service20" deleted
        service "service20" deleted
        configmap "config-service21" deleted
        deployment.apps "service21" deleted
        service "service21" deleted
        configmap "config-service22" deleted
        deployment.apps "service22" deleted
        service "service22" deleted
        configmap "config-service23" deleted
        deployment.apps "service23" deleted
        service "service23" deleted
        configmap "config-service24" deleted
        deployment.apps "service24" deleted
        service "service24" deleted
        configmap "config-service25" deleted
        deployment.apps "service25" deleted
        service "service25" deleted
        configmap "config-service26" deleted
        deployment.apps "service26" deleted
        service "service26" deleted
        configmap "config-service27" deleted
        deployment.apps "service27" deleted
        service "service27" deleted
        configmap "config-service28" deleted
        deployment.apps "service28" deleted
        service "service28" deleted
        configmap "config-service29" deleted
        deployment.apps "service29" deleted
        service "service29" deleted
        configmap "config-service3" deleted
        deployment.apps "service3" deleted
        service "service3" deleted
        configmap "config-service30" deleted
        deployment.apps "service30" deleted
        service "service30" deleted
        configmap "config-service31" deleted
        deployment.apps "service31" deleted
        service "service31" deleted
        configmap "config-service32" deleted
        deployment.apps "service32" deleted
        service "service32" deleted
        configmap "config-service33" deleted
        deployment.apps "service33" deleted
        service "service33" deleted
        configmap "config-service34" deleted
        deployment.apps "service34" deleted
        service "service34" deleted
        configmap "config-service35" deleted
        deployment.apps "service35" deleted
        service "service35" deleted
        configmap "config-service36" deleted
        deployment.apps "service36" deleted
        service "service36" deleted
        configmap "config-service37" deleted
        deployment.apps "service37" deleted
        service "service37" deleted
        configmap "config-service38" deleted
        deployment.apps "service38" deleted
        service "service38" deleted
        configmap "config-service39" deleted
        deployment.apps "service39" deleted
        service "service39" deleted
        configmap "config-service4" deleted
        deployment.apps "service4" deleted
        service "service4" deleted
        configmap "config-service40" deleted
        deployment.apps "service40" deleted
        service "service40" deleted
        configmap "config-service41" deleted
        deployment.apps "service41" deleted
        service "service41" deleted
        configmap "config-service42" deleted
        deployment.apps "service42" deleted
        service "service42" deleted
        configmap "config-service5" deleted
        deployment.apps "service5" deleted
        service "service5" deleted
        configmap "config-service6" deleted
        deployment.apps "service6" deleted
        service "service6" deleted
        configmap "config-service7" deleted
        deployment.apps "service7" deleted
        service "service7" deleted
        configmap "config-service8" deleted
        deployment.apps "service8" deleted
        service "service8" deleted
        configmap "config-service9" deleted
        deployment.apps "service9" deleted
        service "service9" deleted
        deployment.apps "ubuntu-client" deleted
        [run.sh] Waiting for all pods to be deleted
        [run.sh] Deploying all services
        configmap/config-service0 created
        deployment.apps/service0 created
        service/service0 created
        configmap/config-service1 created
        deployment.apps/service1 created
        service/service1 created
        configmap/config-service10 created
        deployment.apps/service10 created
        service/service10 created
        configmap/config-service11 created
        deployment.apps/service11 created
        service/service11 created
        configmap/config-service12 created
        deployment.apps/service12 created
        service/service12 created
        configmap/config-service13 created
        deployment.apps/service13 created
        service/service13 created
        configmap/config-service14 created
        deployment.apps/service14 created
        service/service14 created
        configmap/config-service15 created
        deployment.apps/service15 created
        service/service15 created
        configmap/config-service16 created
        deployment.apps/service16 created
        service/service16 created
        configmap/config-service17 created
        deployment.apps/service17 created
        service/service17 created
        configmap/config-service18 created
        deployment.apps/service18 created
        service/service18 created
        configmap/config-service19 created
        deployment.apps/service19 created
        service/service19 created
        configmap/config-service2 created
        deployment.apps/service2 created
        service/service2 created
        configmap/config-service20 created
        deployment.apps/service20 created
        service/service20 created
        configmap/config-service21 created
        deployment.apps/service21 created
        service/service21 created
        configmap/config-service22 created
        deployment.apps/service22 created
        service/service22 created
        configmap/config-service23 created
        deployment.apps/service23 created
        service/service23 created
        configmap/config-service24 created
        deployment.apps/service24 created
        service/service24 created
        configmap/config-service25 created
        deployment.apps/service25 created
        service/service25 created
        configmap/config-service26 created
        deployment.apps/service26 created
        service/service26 created
        configmap/config-service27 created
        deployment.apps/service27 created
        service/service27 created
        configmap/config-service28 created
        deployment.apps/service28 created
        service/service28 created
        configmap/config-service29 created
        deployment.apps/service29 created
        service/service29 created
        configmap/config-service3 created
        deployment.apps/service3 created
        service/service3 created
        configmap/config-service30 created
        deployment.apps/service30 created
        service/service30 created
        configmap/config-service31 created
        deployment.apps/service31 created
        service/service31 created
        configmap/config-service32 created
        deployment.apps/service32 created
        service/service32 created
        configmap/config-service33 created
        deployment.apps/service33 created
        service/service33 created
        configmap/config-service34 created
        deployment.apps/service34 created
        service/service34 created
        configmap/config-service35 created
        deployment.apps/service35 created
        service/service35 created
        configmap/config-service36 created
        deployment.apps/service36 created
        service/service36 created
        configmap/config-service37 created
        deployment.apps/service37 created
        service/service37 created
        configmap/config-service38 created
        deployment.apps/service38 created
        service/service38 created
        configmap/config-service39 created
        deployment.apps/service39 created
        service/service39 created
        configmap/config-service4 created
        deployment.apps/service4 created
        service/service4 created
        configmap/config-service40 created
        deployment.apps/service40 created
        service/service40 created
        configmap/config-service41 created
        deployment.apps/service41 created
        service/service41 created
        configmap/config-service42 created
        deployment.apps/service42 created
        service/service42 created
        configmap/config-service5 created
        deployment.apps/service5 created
        service/service5 created
        configmap/config-service6 created
        deployment.apps/service6 created
        service/service6 created
        configmap/config-service7 created
        deployment.apps/service7 created
        service/service7 created
        configmap/config-service8 created
        deployment.apps/service8 created
        service/service8 created
        configmap/config-service9 created
        deployment.apps/service9 created
        service/service9 created
        [run.sh] Client pod not found, deploying client
        deployment.apps/ubuntu-client created
        [run.sh] Waiting for all pods to be running
        [run.sh] All pods are running
        [run.sh] Running warmup test
        [run.sh] /wrk/wrk -t8 -c128 --timeout 10s -d10s -L http://service0:80/endpoint1
        Running 10s test @ http://service0:80/endpoint1
        8 threads and 128 connections
        Thread Stats   Avg      Stdev     Max   +/- Stdev
        Latency   222.53ms  124.68ms 924.98ms   73.81%
        Req/Sec    75.77     38.40   220.00     68.74%
        Latency Distribution
        50%  197.17ms
        75%  278.65ms
        90%  400.08ms
        99%  628.18ms
        5904 requests in 10.10s, 0.90MB read
        Requests/sec:    584.68
        Transfer/sec:     90.78KB
        [run.sh] Speed is 584.68, duration is 25
        [run.sh] Fix the request number.
        [run.sh] Running the actual test
        [run.sh] /wrk/wrk --timeout 20s -t8 -c128 -d25s -L -s /wrk/fix_req_n.lua http://service0:80/endpoint1
        Running 25s test @ http://service0:80/endpoint1
        8 threads and 128 connections
        Thread Stats   Avg      Stdev     Max   +/- Stdev
        Latency   209.82ms  107.76ms 945.34ms   71.98%
        Req/Sec    76.53     36.88   260.00     70.74%
        Latency Distribution
        50%  188.97ms
        75%  266.25ms
        90%  356.09ms
        99%  553.72ms
        10000 requests in 25.00s, 1.52MB read
        Requests/sec:    400.00
        Transfer/sec:     62.11KB
        ------------------------------
        stop time: 16.428328
        stop time: 16.642673
        stop time: 16.424976
        stop time: 16.569654
        stop time: 16.041294
        stop time: 16.564742
        stop time: 16.480258
        stop time: 16.403093
        [run.sh] Checking the resource usage
        NAME                             CPU(cores)   MEMORY(bytes)
        service0-75cfdb49f8-jf6zr        997m         45Mi
        service1-6bd8b96fcc-tch77        741m         33Mi
        service10-656c88d659-cpbf9       357m         11Mi
        service11-79494d4f65-4rkjr       244m         11Mi
        service12-99cf77bc-dq549         223m         11Mi
        service13-5c69cf9497-kjfjj       239m         10Mi
        service14-7bc4d775f5-4lhrq       296m         10Mi
        service15-65986577b5-j4sb4       184m         11Mi
        service16-688fdfd4dc-vnrg4       285m         12Mi
        service17-7865476fdf-mllwb       260m         11Mi
        service18-6dfdbdd499-4qbmm       220m         10Mi
        service19-5b5c9f9cd9-phtwb       211m         10Mi
        service2-6d5d64dcb7-d2f8k        852m         33Mi
        service20-6c6559c8bf-tbp4b       254m         13Mi
        service21-74fd95f55-jjpbz        264m         10Mi
        service22-5ddbc758c7-g8lw9       229m         11Mi
        service23-6f5bf6656c-bh2m4       244m         10Mi
        service24-555bc78bd9-dw5gt       181m         10Mi
        service25-8c464ccbc-xsf6n        216m         11Mi
        service26-6c8d8cfdd5-d9tcl       182m         12Mi
        service27-694d8bb7d7-8k6m7       114m         12Mi
        service28-79876959fc-vgkzg       170m         12Mi
        service29-7d94f5468c-5z4x2       174m         12Mi
        service3-bf8bf455c-wsjr6         840m         32Mi
        service30-6c49b86c67-jxvg7       158m         11Mi
        service31-d5b9cc645-45s2b        173m         9Mi
        service32-69579879cf-jxn4s       150m         9Mi
        service33-5f7bf8bc69-mklbc       164m         10Mi
        service34-dc67885dc-pwlhw        150m         10Mi
        service35-58b88bcd5c-d4bwg       141m         9Mi
        service36-9b67db847-45x5v        88m          10Mi
        service37-578cdfb865-bl5f8       123m         10Mi
        service38-74f96bd45f-29bcn       139m         11Mi
        service39-6cc6bdbc49-rb2fl       147m         12Mi
        service4-6bfbd6d59c-fn5jm        1519m        43Mi
        service40-d8f785849-pkf56        76m          10Mi
        service41-5dd46d7c7f-v97wg       77m          11Mi
        service42-5cd69c6cbf-hzjt2       63m          9Mi
        service5-549588597c-gdkxp        869m         28Mi
        service6-6755bf68ff-5dw9t        722m         32Mi
        service7-857dc8558f-jrrq4        363m         11Mi
        service8-6db6b6f775-kzh89        360m         11Mi
        service9-759bbf58c7-p2wjj        308m         11Mi
        ubuntu-client-76886f6bbd-7zvj2   10m          8Mi
        [run.sh] Test finished with status 0
        > STDERR
        > No resources found in default namespace.
    [exp] Times: [16.428328, 16.642673, 16.424976, 16.569654, 16.041294, 16.564742, 16.480258, 16.403093]
    [exp] Throughput: 608.1105929383858
[test.py] Finished running 1th optmization experiment: groundtruth->747.7859227243636, slowdown->608.1105929383858, predicted->740.7063253301808, err->-0.9467411967839803
[test.py] Baseline throughput:  609.2965477143363
[test.py] Groundtruth:  [888.472590120829, 747.7859227243636]
[test.py] Slowdown:  [580.0330341863712, 608.1105929383858]
[test.py] Predicted:  [880.1540542442682, 740.7063253301808]
[test.py] Error percentage:  [-0.9362737769354785, -0.9467411967839803]
[test.py] >>>>>>>>>>>>>>>>>>>>>>>>>>>>> Running experiment 2...
[test.py] Actual processing time range: [1174, 1761]
[test.py] Running baseline experiment
    [exp] Running (pre_run: False) workload synthetic/large-scale request with the following configuration: {'CLIENT_CPU_QUOTA': '2', 'SLOWPOKE_POKER_BATCH_THRESHOLD': '20000000', 'PROCESSING_TIME_SERVICE4': '0.00234975', 'PROCESSING_TIME_SERVICE0': '0.00114823', 'PROCESSING_TIME_SERVICE1': '0.00112713', 'PROCESSING_TIME_SERVICE2': '0.00112567', 'PROCESSING_TIME_SERVICE3': '0.00108198', 'PROCESSING_TIME_SERVICE5': '0.00092397', 'PROCESSING_TIME_SERVICE6': '0.00091663', 'PROCESSING_TIME_SERVICE7': '0.0008445', 'PROCESSING_TIME_SERVICE8': '0.00082763', 'PROCESSING_TIME_SERVICE9': '0.00082746', 'PROCESSING_TIME_SERVICE10': '0.00081339', 'PROCESSING_TIME_SERVICE11': '0.00079052', 'PROCESSING_TIME_SERVICE12': '0.00076379', 'PROCESSING_TIME_SERVICE13': '0.00073892', 'PROCESSING_TIME_SERVICE14': '0.00071725', 'PROCESSING_TIME_SERVICE15': '0.0007103', 'PROCESSING_TIME_SERVICE16': '0.00064814', 'PROCESSING_TIME_SERVICE17': '0.00063596', 'PROCESSING_TIME_SERVICE18': '0.00063485', 'PROCESSING_TIME_SERVICE19': '0.00062251', 'PROCESSING_TIME_SERVICE20': '0.0006121', 'PROCESSING_TIME_SERVICE21': '0.00060493', 'PROCESSING_TIME_SERVICE22': '0.00059362', 'PROCESSING_TIME_SERVICE23': '0.00058652', 'PROCESSING_TIME_SERVICE24': '0.00058578', 'PROCESSING_TIME_SERVICE25': '0.00055957', 'PROCESSING_TIME_SERVICE26': '0.00054507', 'PROCESSING_TIME_SERVICE27': '0.00050763', 'PROCESSING_TIME_SERVICE28': '0.00045135', 'PROCESSING_TIME_SERVICE29': '0.00044947', 'PROCESSING_TIME_SERVICE30': '0.00043772', 'PROCESSING_TIME_SERVICE31': '0.00040844', 'PROCESSING_TIME_SERVICE32': '0.00039446', 'PROCESSING_TIME_SERVICE33': '0.00037979', 'PROCESSING_TIME_SERVICE34': '0.00033094', 'PROCESSING_TIME_SERVICE35': '0.00032007', 'PROCESSING_TIME_SERVICE36': '0.00031273', 'PROCESSING_TIME_SERVICE37': '0.00027061', 'PROCESSING_TIME_SERVICE38': '0.00026683', 'PROCESSING_TIME_SERVICE39': '0.00023522', 'PROCESSING_TIME_SERVICE40': '0.00023345', 'PROCESSING_TIME_SERVICE41': '0.00015364', 'PROCESSING_TIME_SERVICE42': '9.551e-05', 'SLOWPOKE_DELAY_MICROS_SERVICE4': '0.0', 'SLOWPOKE_POKER_BATCH_THRESHOLD_SERVICE4': '100', 'SLOWPOKE_IS_TARGET_SERVICE_SERVICE4': 'true', 'SLOWPOKE_DELAY_MICROS_SERVICE0': '0.0', 'SLOWPOKE_POKER_BATCH_THRESHOLD_SERVICE0': '100', 'SLOWPOKE_IS_TARGET_SERVICE_SERVICE0': 'false', 'SLOWPOKE_DELAY_MICROS_SERVICE1': '0.0', 'SLOWPOKE_POKER_BATCH_THRESHOLD_SERVICE1': '100', 'SLOWPOKE_IS_TARGET_SERVICE_SERVICE1': 'false', 'SLOWPOKE_DELAY_MICROS_SERVICE2': '0.0', 'SLOWPOKE_POKER_BATCH_THRESHOLD_SERVICE2': '100', 'SLOWPOKE_IS_TARGET_SERVICE_SERVICE2': 'false', 'SLOWPOKE_DELAY_MICROS_SERVICE3': '0.0', 'SLOWPOKE_POKER_BATCH_THRESHOLD_SERVICE3': '100', 'SLOWPOKE_IS_TARGET_SERVICE_SERVICE3': 'false', 'SLOWPOKE_DELAY_MICROS_SERVICE5': '0.0', 'SLOWPOKE_POKER_BATCH_THRESHOLD_SERVICE5': '100', 'SLOWPOKE_IS_TARGET_SERVICE_SERVICE5': 'false', 'SLOWPOKE_DELAY_MICROS_SERVICE6': '0.0', 'SLOWPOKE_POKER_BATCH_THRESHOLD_SERVICE6': '100', 'SLOWPOKE_IS_TARGET_SERVICE_SERVICE6': 'false', 'SLOWPOKE_DELAY_MICROS_SERVICE7': '0.0', 'SLOWPOKE_POKER_BATCH_THRESHOLD_SERVICE7': '100', 'SLOWPOKE_IS_TARGET_SERVICE_SERVICE7': 'false', 'SLOWPOKE_DELAY_MICROS_SERVICE8': '0.0', 'SLOWPOKE_POKER_BATCH_THRESHOLD_SERVICE8': '100', 'SLOWPOKE_IS_TARGET_SERVICE_SERVICE8': 'false', 'SLOWPOKE_DELAY_MICROS_SERVICE9': '0.0', 'SLOWPOKE_POKER_BATCH_THRESHOLD_SERVICE9': '100', 'SLOWPOKE_IS_TARGET_SERVICE_SERVICE9': 'false', 'SLOWPOKE_DELAY_MICROS_SERVICE10': '0.0', 'SLOWPOKE_POKER_BATCH_THRESHOLD_SERVICE10': '100', 'SLOWPOKE_IS_TARGET_SERVICE_SERVICE10': 'false', 'SLOWPOKE_DELAY_MICROS_SERVICE11': '0.0', 'SLOWPOKE_POKER_BATCH_THRESHOLD_SERVICE11': '100', 'SLOWPOKE_IS_TARGET_SERVICE_SERVICE11': 'false', 'SLOWPOKE_DELAY_MICROS_SERVICE12': '0.0', 'SLOWPOKE_POKER_BATCH_THRESHOLD_SERVICE12': '100', 'SLOWPOKE_IS_TARGET_SERVICE_SERVICE12': 'false', 'SLOWPOKE_DELAY_MICROS_SERVICE13': '0.0', 'SLOWPOKE_POKER_BATCH_THRESHOLD_SERVICE13': '100', 'SLOWPOKE_IS_TARGET_SERVICE_SERVICE13': 'false', 'SLOWPOKE_DELAY_MICROS_SERVICE14': '0.0', 'SLOWPOKE_POKER_BATCH_THRESHOLD_SERVICE14': '100', 'SLOWPOKE_IS_TARGET_SERVICE_SERVICE14': 'false', 'SLOWPOKE_DELAY_MICROS_SERVICE15': '0.0', 'SLOWPOKE_POKER_BATCH_THRESHOLD_SERVICE15': '100', 'SLOWPOKE_IS_TARGET_SERVICE_SERVICE15': 'false', 'SLOWPOKE_DELAY_MICROS_SERVICE16': '0.0', 'SLOWPOKE_POKER_BATCH_THRESHOLD_SERVICE16': '100', 'SLOWPOKE_IS_TARGET_SERVICE_SERVICE16': 'false', 'SLOWPOKE_DELAY_MICROS_SERVICE17': '0.0', 'SLOWPOKE_POKER_BATCH_THRESHOLD_SERVICE17': '100', 'SLOWPOKE_IS_TARGET_SERVICE_SERVICE17': 'false', 'SLOWPOKE_DELAY_MICROS_SERVICE18': '0.0', 'SLOWPOKE_POKER_BATCH_THRESHOLD_SERVICE18': '100', 'SLOWPOKE_IS_TARGET_SERVICE_SERVICE18': 'false', 'SLOWPOKE_DELAY_MICROS_SERVICE19': '0.0', 'SLOWPOKE_POKER_BATCH_THRESHOLD_SERVICE19': '100', 'SLOWPOKE_IS_TARGET_SERVICE_SERVICE19': 'false', 'SLOWPOKE_DELAY_MICROS_SERVICE20': '0.0', 'SLOWPOKE_POKER_BATCH_THRESHOLD_SERVICE20': '100', 'SLOWPOKE_IS_TARGET_SERVICE_SERVICE20': 'false', 'SLOWPOKE_DELAY_MICROS_SERVICE21': '0.0', 'SLOWPOKE_POKER_BATCH_THRESHOLD_SERVICE21': '100', 'SLOWPOKE_IS_TARGET_SERVICE_SERVICE21': 'false', 'SLOWPOKE_DELAY_MICROS_SERVICE22': '0.0', 'SLOWPOKE_POKER_BATCH_THRESHOLD_SERVICE22': '100', 'SLOWPOKE_IS_TARGET_SERVICE_SERVICE22': 'false', 'SLOWPOKE_DELAY_MICROS_SERVICE23': '0.0', 'SLOWPOKE_POKER_BATCH_THRESHOLD_SERVICE23': '100', 'SLOWPOKE_IS_TARGET_SERVICE_SERVICE23': 'false', 'SLOWPOKE_DELAY_MICROS_SERVICE24': '0.0', 'SLOWPOKE_POKER_BATCH_THRESHOLD_SERVICE24': '100', 'SLOWPOKE_IS_TARGET_SERVICE_SERVICE24': 'false', 'SLOWPOKE_DELAY_MICROS_SERVICE25': '0.0', 'SLOWPOKE_POKER_BATCH_THRESHOLD_SERVICE25': '100', 'SLOWPOKE_IS_TARGET_SERVICE_SERVICE25': 'false', 'SLOWPOKE_DELAY_MICROS_SERVICE26': '0.0', 'SLOWPOKE_POKER_BATCH_THRESHOLD_SERVICE26': '100', 'SLOWPOKE_IS_TARGET_SERVICE_SERVICE26': 'false', 'SLOWPOKE_DELAY_MICROS_SERVICE27': '0.0', 'SLOWPOKE_POKER_BATCH_THRESHOLD_SERVICE27': '100', 'SLOWPOKE_IS_TARGET_SERVICE_SERVICE27': 'false', 'SLOWPOKE_DELAY_MICROS_SERVICE28': '0.0', 'SLOWPOKE_POKER_BATCH_THRESHOLD_SERVICE28': '100', 'SLOWPOKE_IS_TARGET_SERVICE_SERVICE28': 'false', 'SLOWPOKE_DELAY_MICROS_SERVICE29': '0.0', 'SLOWPOKE_POKER_BATCH_THRESHOLD_SERVICE29': '100', 'SLOWPOKE_IS_TARGET_SERVICE_SERVICE29': 'false', 'SLOWPOKE_DELAY_MICROS_SERVICE30': '0.0', 'SLOWPOKE_POKER_BATCH_THRESHOLD_SERVICE30': '100', 'SLOWPOKE_IS_TARGET_SERVICE_SERVICE30': 'false', 'SLOWPOKE_DELAY_MICROS_SERVICE31': '0.0', 'SLOWPOKE_POKER_BATCH_THRESHOLD_SERVICE31': '100', 'SLOWPOKE_IS_TARGET_SERVICE_SERVICE31': 'false', 'SLOWPOKE_DELAY_MICROS_SERVICE32': '0.0', 'SLOWPOKE_POKER_BATCH_THRESHOLD_SERVICE32': '100', 'SLOWPOKE_IS_TARGET_SERVICE_SERVICE32': 'false', 'SLOWPOKE_DELAY_MICROS_SERVICE33': '0.0', 'SLOWPOKE_POKER_BATCH_THRESHOLD_SERVICE33': '100', 'SLOWPOKE_IS_TARGET_SERVICE_SERVICE33': 'false', 'SLOWPOKE_DELAY_MICROS_SERVICE34': '0.0', 'SLOWPOKE_POKER_BATCH_THRESHOLD_SERVICE34': '100', 'SLOWPOKE_IS_TARGET_SERVICE_SERVICE34': 'false', 'SLOWPOKE_DELAY_MICROS_SERVICE35': '0.0', 'SLOWPOKE_POKER_BATCH_THRESHOLD_SERVICE35': '100', 'SLOWPOKE_IS_TARGET_SERVICE_SERVICE35': 'false', 'SLOWPOKE_DELAY_MICROS_SERVICE36': '0.0', 'SLOWPOKE_POKER_BATCH_THRESHOLD_SERVICE36': '100', 'SLOWPOKE_IS_TARGET_SERVICE_SERVICE36': 'false', 'SLOWPOKE_DELAY_MICROS_SERVICE37': '0.0', 'SLOWPOKE_POKER_BATCH_THRESHOLD_SERVICE37': '100', 'SLOWPOKE_IS_TARGET_SERVICE_SERVICE37': 'false', 'SLOWPOKE_DELAY_MICROS_SERVICE38': '0.0', 'SLOWPOKE_POKER_BATCH_THRESHOLD_SERVICE38': '100', 'SLOWPOKE_IS_TARGET_SERVICE_SERVICE38': 'false', 'SLOWPOKE_DELAY_MICROS_SERVICE39': '0.0', 'SLOWPOKE_POKER_BATCH_THRESHOLD_SERVICE39': '100', 'SLOWPOKE_IS_TARGET_SERVICE_SERVICE39': 'false', 'SLOWPOKE_DELAY_MICROS_SERVICE40': '0.0', 'SLOWPOKE_POKER_BATCH_THRESHOLD_SERVICE40': '100', 'SLOWPOKE_IS_TARGET_SERVICE_SERVICE40': 'false', 'SLOWPOKE_DELAY_MICROS_SERVICE41': '0.0', 'SLOWPOKE_POKER_BATCH_THRESHOLD_SERVICE41': '100', 'SLOWPOKE_IS_TARGET_SERVICE_SERVICE41': 'false', 'SLOWPOKE_DELAY_MICROS_SERVICE42': '0.0', 'SLOWPOKE_POKER_BATCH_THRESHOLD_SERVICE42': '100', 'SLOWPOKE_IS_TARGET_SERVICE_SERVICE42': 'false'}
    [exp] Executing cmd `bash run.sh synthetic large-scale 8 128 10000`:
        [run.sh] Running benchmark synthetic with request large-scale, thread 8, conn 128, duration 60
        [run.sh] Deleting all services
        configmap "config-service0" deleted
        deployment.apps "service0" deleted
        service "service0" deleted
        configmap "config-service1" deleted
        deployment.apps "service1" deleted
        service "service1" deleted
        configmap "config-service10" deleted
        deployment.apps "service10" deleted
        service "service10" deleted
        configmap "config-service11" deleted
        deployment.apps "service11" deleted
        service "service11" deleted
        configmap "config-service12" deleted
        deployment.apps "service12" deleted
        service "service12" deleted
        configmap "config-service13" deleted
        deployment.apps "service13" deleted
        service "service13" deleted
        configmap "config-service14" deleted
        deployment.apps "service14" deleted
        service "service14" deleted
        configmap "config-service15" deleted
        deployment.apps "service15" deleted
        service "service15" deleted
        configmap "config-service16" deleted
        deployment.apps "service16" deleted
        service "service16" deleted
        configmap "config-service17" deleted
        deployment.apps "service17" deleted
        service "service17" deleted
        configmap "config-service18" deleted
        deployment.apps "service18" deleted
        service "service18" deleted
        configmap "config-service19" deleted
        deployment.apps "service19" deleted
        service "service19" deleted
        configmap "config-service2" deleted
        deployment.apps "service2" deleted
        service "service2" deleted
        configmap "config-service20" deleted
        deployment.apps "service20" deleted
        service "service20" deleted
        configmap "config-service21" deleted
        deployment.apps "service21" deleted
        service "service21" deleted
        configmap "config-service22" deleted
        deployment.apps "service22" deleted
        service "service22" deleted
        configmap "config-service23" deleted
        deployment.apps "service23" deleted
        service "service23" deleted
        configmap "config-service24" deleted
        deployment.apps "service24" deleted
        service "service24" deleted
        configmap "config-service25" deleted
        deployment.apps "service25" deleted
        service "service25" deleted
        configmap "config-service26" deleted
        deployment.apps "service26" deleted
        service "service26" deleted
        configmap "config-service27" deleted
        deployment.apps "service27" deleted
        service "service27" deleted
        configmap "config-service28" deleted
        deployment.apps "service28" deleted
        service "service28" deleted
        configmap "config-service29" deleted
        deployment.apps "service29" deleted
        service "service29" deleted
        configmap "config-service3" deleted
        deployment.apps "service3" deleted
        service "service3" deleted
        configmap "config-service30" deleted
        deployment.apps "service30" deleted
        service "service30" deleted
        configmap "config-service31" deleted
        deployment.apps "service31" deleted
        service "service31" deleted
        configmap "config-service32" deleted
        deployment.apps "service32" deleted
        service "service32" deleted
        configmap "config-service33" deleted
        deployment.apps "service33" deleted
        service "service33" deleted
        configmap "config-service34" deleted
        deployment.apps "service34" deleted
        service "service34" deleted
        configmap "config-service35" deleted
        deployment.apps "service35" deleted
        service "service35" deleted
        configmap "config-service36" deleted
        deployment.apps "service36" deleted
        service "service36" deleted
        configmap "config-service37" deleted
        deployment.apps "service37" deleted
        service "service37" deleted
        configmap "config-service38" deleted
        deployment.apps "service38" deleted
        service "service38" deleted
        configmap "config-service39" deleted
        deployment.apps "service39" deleted
        service "service39" deleted
        configmap "config-service4" deleted
        deployment.apps "service4" deleted
        service "service4" deleted
        configmap "config-service40" deleted
        deployment.apps "service40" deleted
        service "service40" deleted
        configmap "config-service41" deleted
        deployment.apps "service41" deleted
        service "service41" deleted
        configmap "config-service42" deleted
        deployment.apps "service42" deleted
        service "service42" deleted
        configmap "config-service5" deleted
        deployment.apps "service5" deleted
        service "service5" deleted
        configmap "config-service6" deleted
        deployment.apps "service6" deleted
        service "service6" deleted
        configmap "config-service7" deleted
        deployment.apps "service7" deleted
        service "service7" deleted
        configmap "config-service8" deleted
        deployment.apps "service8" deleted
        service "service8" deleted
        configmap "config-service9" deleted
        deployment.apps "service9" deleted
        service "service9" deleted
        deployment.apps "ubuntu-client" deleted
        [run.sh] Waiting for all pods to be deleted
        [run.sh] Deploying all services
        configmap/config-service0 created
        deployment.apps/service0 created
        service/service0 created
        configmap/config-service1 created
        deployment.apps/service1 created
        service/service1 created
        configmap/config-service10 created
        deployment.apps/service10 created
        service/service10 created
        configmap/config-service11 created
        deployment.apps/service11 created
        service/service11 created
        configmap/config-service12 created
        deployment.apps/service12 created
        service/service12 created
        configmap/config-service13 created
        deployment.apps/service13 created
        service/service13 created
        configmap/config-service14 created
        deployment.apps/service14 created
        service/service14 created
        configmap/config-service15 created
        deployment.apps/service15 created
        service/service15 created
        configmap/config-service16 created
        deployment.apps/service16 created
        service/service16 created
        configmap/config-service17 created
        deployment.apps/service17 created
        service/service17 created
        configmap/config-service18 created
        deployment.apps/service18 created
        service/service18 created
        configmap/config-service19 created
        deployment.apps/service19 created
        service/service19 created
        configmap/config-service2 created
        deployment.apps/service2 created
        service/service2 created
        configmap/config-service20 created
        deployment.apps/service20 created
        service/service20 created
        configmap/config-service21 created
        deployment.apps/service21 created
        service/service21 created
        configmap/config-service22 created
        deployment.apps/service22 created
        service/service22 created
        configmap/config-service23 created
        deployment.apps/service23 created
        service/service23 created
        configmap/config-service24 created
        deployment.apps/service24 created
        service/service24 created
        configmap/config-service25 created
        deployment.apps/service25 created
        service/service25 created
        configmap/config-service26 created
        deployment.apps/service26 created
        service/service26 created
        configmap/config-service27 created
        deployment.apps/service27 created
        service/service27 created
        configmap/config-service28 created
        deployment.apps/service28 created
        service/service28 created
        configmap/config-service29 created
        deployment.apps/service29 created
        service/service29 created
        configmap/config-service3 created
        deployment.apps/service3 created
        service/service3 created
        configmap/config-service30 created
        deployment.apps/service30 created
        service/service30 created
        configmap/config-service31 created
        deployment.apps/service31 created
        service/service31 created
        configmap/config-service32 created
        deployment.apps/service32 created
        service/service32 created
        configmap/config-service33 created
        deployment.apps/service33 created
        service/service33 created
        configmap/config-service34 created
        deployment.apps/service34 created
        service/service34 created
        configmap/config-service35 created
        deployment.apps/service35 created
        service/service35 created
        configmap/config-service36 created
        deployment.apps/service36 created
        service/service36 created
        configmap/config-service37 created
        deployment.apps/service37 created
        service/service37 created
        configmap/config-service38 created
        deployment.apps/service38 created
        service/service38 created
        configmap/config-service39 created
        deployment.apps/service39 created
        service/service39 created
        configmap/config-service4 created
        deployment.apps/service4 created
        service/service4 created
        configmap/config-service40 created
        deployment.apps/service40 created
        service/service40 created
        configmap/config-service41 created
        deployment.apps/service41 created
        service/service41 created
        configmap/config-service42 created
        deployment.apps/service42 created
        service/service42 created
        configmap/config-service5 created
        deployment.apps/service5 created
        service/service5 created
        configmap/config-service6 created
        deployment.apps/service6 created
        service/service6 created
        configmap/config-service7 created
        deployment.apps/service7 created
        service/service7 created
        configmap/config-service8 created
        deployment.apps/service8 created
        service/service8 created
        configmap/config-service9 created
        deployment.apps/service9 created
        service/service9 created
        [run.sh] Client pod not found, deploying client
        deployment.apps/ubuntu-client created
        [run.sh] Waiting for all pods to be running
        [run.sh] All pods are running
        [run.sh] Running warmup test
        [run.sh] /wrk/wrk -t8 -c128 --timeout 10s -d10s -L http://service0:80/endpoint1
        Running 10s test @ http://service0:80/endpoint1
        8 threads and 128 connections
        Thread Stats   Avg      Stdev     Max   +/- Stdev
        Latency   226.92ms  132.26ms 931.05ms   73.52%
        Req/Sec    75.55     41.29   210.00     63.03%
        Latency Distribution
        50%  203.03ms
        75%  290.87ms
        90%  400.25ms
        99%  654.55ms
        5794 requests in 10.10s, 0.88MB read
        Requests/sec:    573.84
        Transfer/sec:     89.10KB
        [run.sh] Speed is 573.84, duration is 26
        [run.sh] Fix the request number.
        [run.sh] Running the actual test
        [run.sh] /wrk/wrk --timeout 20s -t8 -c128 -d26s -L -s /wrk/fix_req_n.lua http://service0:80/endpoint1
        Running 26s test @ http://service0:80/endpoint1
        8 threads and 128 connections
        Thread Stats   Avg      Stdev     Max   +/- Stdev
        Latency   210.54ms  134.46ms   1.11s    74.27%
        Req/Sec    76.17     35.51   181.00     64.73%
        Latency Distribution
        50%  180.44ms
        75%  268.96ms
        90%  392.13ms
        99%  671.01ms
        10000 requests in 26.00s, 1.52MB read
        Requests/sec:    384.61
        Transfer/sec:     59.72KB
        ------------------------------
        stop time: 16.418650
        stop time: 16.593810
        stop time: 16.226370
        stop time: 16.557474
        stop time: 16.637818
        stop time: 16.466694
        stop time: 16.462917
        stop time: 16.578099
        [run.sh] Checking the resource usage
        NAME                             CPU(cores)   MEMORY(bytes)
        service0-69955d4677-mdpzz        717m         45Mi
        service1-58c95cb96-dj25x         464m         33Mi
        service10-9549b4cd-8pg9g         207m         10Mi
        service11-b76846c44-5cm5q        93m          11Mi
        service12-8ddc6874b-5grbm        71m          9Mi
        service13-6dc48cb75b-t9tj9       105m         11Mi
        service14-6fdd479dcd-9h9ql       158m         11Mi
        service15-6bc59bd7d4-5l86t       46m          9Mi
        service16-7886b6b8d6-zssrb       163m         10Mi
        service17-7b5f6467b8-l94zh       138m         10Mi
        service18-65595ccfd6-vmrtc       100m         10Mi
        service19-55c65f57c6-wdfll       90m          11Mi
        service2-5d59c5bd5d-lmskq        573m         33Mi
        service20-58b86cfc4d-mdgqm       133m         9Mi
        service21-8d587d69d-z4565        142m         9Mi
        service22-55796dcf9b-qr7kr       113m         10Mi
        service23-599c6478cd-r92vx       129m         12Mi
        service24-655749d78d-2cbxv       63m          8Mi
        service25-656bf89c8b-zzr5m       110m         12Mi
        service26-5fcc5669d4-d42z4       80m          11Mi
        service27-8687746986-xrgnn       13m          11Mi
        service28-6bbbb998d8-tqskj       80m          11Mi
        service29-655dfdfd6b-ftk8m       87m          11Mi
        service3-564487d7d8-qq7l6        551m         33Mi
        service30-6d966bbbcd-jzvjf       68m          10Mi
        service31-9476bd9bd-xxwq4        85m          9Mi
        service32-64b88b58b-8929r        65m          11Mi
        service33-69bdf8b97b-kczs4       79m          10Mi
        service34-9d9487db6-t87xq        76m          10Mi
        service35-575bf5bbb8-dbwpk       66m          9Mi
        service36-765d6cd758-msw67       16m          10Mi
        service37-66f4568564-9jsd2       55m          8Mi
        service38-56fc9c9b7d-h7wzw       69m          9Mi
        service39-5b478bd9b-g4kst        85m          9Mi
        service4-6bfbd6d59c-jvwrd        1059m        44Mi
        service40-7c5d878d8d-2b9pg       15m          9Mi
        service41-567cc54974-72gw9       28m          8Mi
        service42-6c5db85bd-6rsf8        23m          11Mi
        service5-ffd8ccc6-d8hwt          630m         32Mi
        service6-6b89db49b6-9npcp        470m         27Mi
        service7-845b5b8588-rw4jp        210m         9Mi
        service8-7c9f97fd46-z6dnp        211m         10Mi
        service9-7cb9cf658d-8xqzk        150m         11Mi
        ubuntu-client-76886f6bbd-z7cx4   4m           6Mi
        [run.sh] Test finished with status 0
        > STDERR
        > No resources found in default namespace.
    [exp] Times: [16.41865, 16.59381, 16.22637, 16.557474, 16.637818, 16.466694, 16.462917, 16.578099]
    [exp] Throughput: 606.3277945087195
[test.py] Baseline throughput: 606.3277945087195
[test.py] Running 0th optmization experiment
[test.py] Running 0th groundtruth exp
    [exp] Running (pre_run: False) workload synthetic/large-scale request with the following configuration: {'CLIENT_CPU_QUOTA': '2', 'SLOWPOKE_POKER_BATCH_THRESHOLD': '20000000', 'PROCESSING_TIME_SERVICE4': '0.001174', 'PROCESSING_TIME_SERVICE0': '0.00114823', 'PROCESSING_TIME_SERVICE1': '0.00112713', 'PROCESSING_TIME_SERVICE2': '0.00112567', 'PROCESSING_TIME_SERVICE3': '0.00108198', 'PROCESSING_TIME_SERVICE5': '0.00092397', 'PROCESSING_TIME_SERVICE6': '0.00091663', 'PROCESSING_TIME_SERVICE7': '0.0008445', 'PROCESSING_TIME_SERVICE8': '0.00082763', 'PROCESSING_TIME_SERVICE9': '0.00082746', 'PROCESSING_TIME_SERVICE10': '0.00081339', 'PROCESSING_TIME_SERVICE11': '0.00079052', 'PROCESSING_TIME_SERVICE12': '0.00076379', 'PROCESSING_TIME_SERVICE13': '0.00073892', 'PROCESSING_TIME_SERVICE14': '0.00071725', 'PROCESSING_TIME_SERVICE15': '0.0007103', 'PROCESSING_TIME_SERVICE16': '0.00064814', 'PROCESSING_TIME_SERVICE17': '0.00063596', 'PROCESSING_TIME_SERVICE18': '0.00063485', 'PROCESSING_TIME_SERVICE19': '0.00062251', 'PROCESSING_TIME_SERVICE20': '0.0006121', 'PROCESSING_TIME_SERVICE21': '0.00060493', 'PROCESSING_TIME_SERVICE22': '0.00059362', 'PROCESSING_TIME_SERVICE23': '0.00058652', 'PROCESSING_TIME_SERVICE24': '0.00058578', 'PROCESSING_TIME_SERVICE25': '0.00055957', 'PROCESSING_TIME_SERVICE26': '0.00054507', 'PROCESSING_TIME_SERVICE27': '0.00050763', 'PROCESSING_TIME_SERVICE28': '0.00045135', 'PROCESSING_TIME_SERVICE29': '0.00044947', 'PROCESSING_TIME_SERVICE30': '0.00043772', 'PROCESSING_TIME_SERVICE31': '0.00040844', 'PROCESSING_TIME_SERVICE32': '0.00039446', 'PROCESSING_TIME_SERVICE33': '0.00037979', 'PROCESSING_TIME_SERVICE34': '0.00033094', 'PROCESSING_TIME_SERVICE35': '0.00032007', 'PROCESSING_TIME_SERVICE36': '0.00031273', 'PROCESSING_TIME_SERVICE37': '0.00027061', 'PROCESSING_TIME_SERVICE38': '0.00026683', 'PROCESSING_TIME_SERVICE39': '0.00023522', 'PROCESSING_TIME_SERVICE40': '0.00023345', 'PROCESSING_TIME_SERVICE41': '0.00015364', 'PROCESSING_TIME_SERVICE42': '9.551e-05', 'SLOWPOKE_DELAY_MICROS_SERVICE4': '0.0', 'SLOWPOKE_POKER_BATCH_THRESHOLD_SERVICE4': '100', 'SLOWPOKE_IS_TARGET_SERVICE_SERVICE4': 'true', 'SLOWPOKE_DELAY_MICROS_SERVICE0': '0.0', 'SLOWPOKE_POKER_BATCH_THRESHOLD_SERVICE0': '100', 'SLOWPOKE_IS_TARGET_SERVICE_SERVICE0': 'false', 'SLOWPOKE_DELAY_MICROS_SERVICE1': '0.0', 'SLOWPOKE_POKER_BATCH_THRESHOLD_SERVICE1': '100', 'SLOWPOKE_IS_TARGET_SERVICE_SERVICE1': 'false', 'SLOWPOKE_DELAY_MICROS_SERVICE2': '0.0', 'SLOWPOKE_POKER_BATCH_THRESHOLD_SERVICE2': '100', 'SLOWPOKE_IS_TARGET_SERVICE_SERVICE2': 'false', 'SLOWPOKE_DELAY_MICROS_SERVICE3': '0.0', 'SLOWPOKE_POKER_BATCH_THRESHOLD_SERVICE3': '100', 'SLOWPOKE_IS_TARGET_SERVICE_SERVICE3': 'false', 'SLOWPOKE_DELAY_MICROS_SERVICE5': '0.0', 'SLOWPOKE_POKER_BATCH_THRESHOLD_SERVICE5': '100', 'SLOWPOKE_IS_TARGET_SERVICE_SERVICE5': 'false', 'SLOWPOKE_DELAY_MICROS_SERVICE6': '0.0', 'SLOWPOKE_POKER_BATCH_THRESHOLD_SERVICE6': '100', 'SLOWPOKE_IS_TARGET_SERVICE_SERVICE6': 'false', 'SLOWPOKE_DELAY_MICROS_SERVICE7': '0.0', 'SLOWPOKE_POKER_BATCH_THRESHOLD_SERVICE7': '100', 'SLOWPOKE_IS_TARGET_SERVICE_SERVICE7': 'false', 'SLOWPOKE_DELAY_MICROS_SERVICE8': '0.0', 'SLOWPOKE_POKER_BATCH_THRESHOLD_SERVICE8': '100', 'SLOWPOKE_IS_TARGET_SERVICE_SERVICE8': 'false', 'SLOWPOKE_DELAY_MICROS_SERVICE9': '0.0', 'SLOWPOKE_POKER_BATCH_THRESHOLD_SERVICE9': '100', 'SLOWPOKE_IS_TARGET_SERVICE_SERVICE9': 'false', 'SLOWPOKE_DELAY_MICROS_SERVICE10': '0.0', 'SLOWPOKE_POKER_BATCH_THRESHOLD_SERVICE10': '100', 'SLOWPOKE_IS_TARGET_SERVICE_SERVICE10': 'false', 'SLOWPOKE_DELAY_MICROS_SERVICE11': '0.0', 'SLOWPOKE_POKER_BATCH_THRESHOLD_SERVICE11': '100', 'SLOWPOKE_IS_TARGET_SERVICE_SERVICE11': 'false', 'SLOWPOKE_DELAY_MICROS_SERVICE12': '0.0', 'SLOWPOKE_POKER_BATCH_THRESHOLD_SERVICE12': '100', 'SLOWPOKE_IS_TARGET_SERVICE_SERVICE12': 'false', 'SLOWPOKE_DELAY_MICROS_SERVICE13': '0.0', 'SLOWPOKE_POKER_BATCH_THRESHOLD_SERVICE13': '100', 'SLOWPOKE_IS_TARGET_SERVICE_SERVICE13': 'false', 'SLOWPOKE_DELAY_MICROS_SERVICE14': '0.0', 'SLOWPOKE_POKER_BATCH_THRESHOLD_SERVICE14': '100', 'SLOWPOKE_IS_TARGET_SERVICE_SERVICE14': 'false', 'SLOWPOKE_DELAY_MICROS_SERVICE15': '0.0', 'SLOWPOKE_POKER_BATCH_THRESHOLD_SERVICE15': '100', 'SLOWPOKE_IS_TARGET_SERVICE_SERVICE15': 'false', 'SLOWPOKE_DELAY_MICROS_SERVICE16': '0.0', 'SLOWPOKE_POKER_BATCH_THRESHOLD_SERVICE16': '100', 'SLOWPOKE_IS_TARGET_SERVICE_SERVICE16': 'false', 'SLOWPOKE_DELAY_MICROS_SERVICE17': '0.0', 'SLOWPOKE_POKER_BATCH_THRESHOLD_SERVICE17': '100', 'SLOWPOKE_IS_TARGET_SERVICE_SERVICE17': 'false', 'SLOWPOKE_DELAY_MICROS_SERVICE18': '0.0', 'SLOWPOKE_POKER_BATCH_THRESHOLD_SERVICE18': '100', 'SLOWPOKE_IS_TARGET_SERVICE_SERVICE18': 'false', 'SLOWPOKE_DELAY_MICROS_SERVICE19': '0.0', 'SLOWPOKE_POKER_BATCH_THRESHOLD_SERVICE19': '100', 'SLOWPOKE_IS_TARGET_SERVICE_SERVICE19': 'false', 'SLOWPOKE_DELAY_MICROS_SERVICE20': '0.0', 'SLOWPOKE_POKER_BATCH_THRESHOLD_SERVICE20': '100', 'SLOWPOKE_IS_TARGET_SERVICE_SERVICE20': 'false', 'SLOWPOKE_DELAY_MICROS_SERVICE21': '0.0', 'SLOWPOKE_POKER_BATCH_THRESHOLD_SERVICE21': '100', 'SLOWPOKE_IS_TARGET_SERVICE_SERVICE21': 'false', 'SLOWPOKE_DELAY_MICROS_SERVICE22': '0.0', 'SLOWPOKE_POKER_BATCH_THRESHOLD_SERVICE22': '100', 'SLOWPOKE_IS_TARGET_SERVICE_SERVICE22': 'false', 'SLOWPOKE_DELAY_MICROS_SERVICE23': '0.0', 'SLOWPOKE_POKER_BATCH_THRESHOLD_SERVICE23': '100', 'SLOWPOKE_IS_TARGET_SERVICE_SERVICE23': 'false', 'SLOWPOKE_DELAY_MICROS_SERVICE24': '0.0', 'SLOWPOKE_POKER_BATCH_THRESHOLD_SERVICE24': '100', 'SLOWPOKE_IS_TARGET_SERVICE_SERVICE24': 'false', 'SLOWPOKE_DELAY_MICROS_SERVICE25': '0.0', 'SLOWPOKE_POKER_BATCH_THRESHOLD_SERVICE25': '100', 'SLOWPOKE_IS_TARGET_SERVICE_SERVICE25': 'false', 'SLOWPOKE_DELAY_MICROS_SERVICE26': '0.0', 'SLOWPOKE_POKER_BATCH_THRESHOLD_SERVICE26': '100', 'SLOWPOKE_IS_TARGET_SERVICE_SERVICE26': 'false', 'SLOWPOKE_DELAY_MICROS_SERVICE27': '0.0', 'SLOWPOKE_POKER_BATCH_THRESHOLD_SERVICE27': '100', 'SLOWPOKE_IS_TARGET_SERVICE_SERVICE27': 'false', 'SLOWPOKE_DELAY_MICROS_SERVICE28': '0.0', 'SLOWPOKE_POKER_BATCH_THRESHOLD_SERVICE28': '100', 'SLOWPOKE_IS_TARGET_SERVICE_SERVICE28': 'false', 'SLOWPOKE_DELAY_MICROS_SERVICE29': '0.0', 'SLOWPOKE_POKER_BATCH_THRESHOLD_SERVICE29': '100', 'SLOWPOKE_IS_TARGET_SERVICE_SERVICE29': 'false', 'SLOWPOKE_DELAY_MICROS_SERVICE30': '0.0', 'SLOWPOKE_POKER_BATCH_THRESHOLD_SERVICE30': '100', 'SLOWPOKE_IS_TARGET_SERVICE_SERVICE30': 'false', 'SLOWPOKE_DELAY_MICROS_SERVICE31': '0.0', 'SLOWPOKE_POKER_BATCH_THRESHOLD_SERVICE31': '100', 'SLOWPOKE_IS_TARGET_SERVICE_SERVICE31': 'false', 'SLOWPOKE_DELAY_MICROS_SERVICE32': '0.0', 'SLOWPOKE_POKER_BATCH_THRESHOLD_SERVICE32': '100', 'SLOWPOKE_IS_TARGET_SERVICE_SERVICE32': 'false', 'SLOWPOKE_DELAY_MICROS_SERVICE33': '0.0', 'SLOWPOKE_POKER_BATCH_THRESHOLD_SERVICE33': '100', 'SLOWPOKE_IS_TARGET_SERVICE_SERVICE33': 'false', 'SLOWPOKE_DELAY_MICROS_SERVICE34': '0.0', 'SLOWPOKE_POKER_BATCH_THRESHOLD_SERVICE34': '100', 'SLOWPOKE_IS_TARGET_SERVICE_SERVICE34': 'false', 'SLOWPOKE_DELAY_MICROS_SERVICE35': '0.0', 'SLOWPOKE_POKER_BATCH_THRESHOLD_SERVICE35': '100', 'SLOWPOKE_IS_TARGET_SERVICE_SERVICE35': 'false', 'SLOWPOKE_DELAY_MICROS_SERVICE36': '0.0', 'SLOWPOKE_POKER_BATCH_THRESHOLD_SERVICE36': '100', 'SLOWPOKE_IS_TARGET_SERVICE_SERVICE36': 'false', 'SLOWPOKE_DELAY_MICROS_SERVICE37': '0.0', 'SLOWPOKE_POKER_BATCH_THRESHOLD_SERVICE37': '100', 'SLOWPOKE_IS_TARGET_SERVICE_SERVICE37': 'false', 'SLOWPOKE_DELAY_MICROS_SERVICE38': '0.0', 'SLOWPOKE_POKER_BATCH_THRESHOLD_SERVICE38': '100', 'SLOWPOKE_IS_TARGET_SERVICE_SERVICE38': 'false', 'SLOWPOKE_DELAY_MICROS_SERVICE39': '0.0', 'SLOWPOKE_POKER_BATCH_THRESHOLD_SERVICE39': '100', 'SLOWPOKE_IS_TARGET_SERVICE_SERVICE39': 'false', 'SLOWPOKE_DELAY_MICROS_SERVICE40': '0.0', 'SLOWPOKE_POKER_BATCH_THRESHOLD_SERVICE40': '100', 'SLOWPOKE_IS_TARGET_SERVICE_SERVICE40': 'false', 'SLOWPOKE_DELAY_MICROS_SERVICE41': '0.0', 'SLOWPOKE_POKER_BATCH_THRESHOLD_SERVICE41': '100', 'SLOWPOKE_IS_TARGET_SERVICE_SERVICE41': 'false', 'SLOWPOKE_DELAY_MICROS_SERVICE42': '0.0', 'SLOWPOKE_POKER_BATCH_THRESHOLD_SERVICE42': '100', 'SLOWPOKE_IS_TARGET_SERVICE_SERVICE42': 'false'}
    [exp] Executing cmd `bash run.sh synthetic large-scale 8 128 10000`:
        [run.sh] Running benchmark synthetic with request large-scale, thread 8, conn 128, duration 60
        [run.sh] Deleting all services
        configmap "config-service0" deleted
        deployment.apps "service0" deleted
        service "service0" deleted
        configmap "config-service1" deleted
        deployment.apps "service1" deleted
        service "service1" deleted
        configmap "config-service10" deleted
        deployment.apps "service10" deleted
        service "service10" deleted
        configmap "config-service11" deleted
        deployment.apps "service11" deleted
        service "service11" deleted
        configmap "config-service12" deleted
        deployment.apps "service12" deleted
        service "service12" deleted
        configmap "config-service13" deleted
        deployment.apps "service13" deleted
        service "service13" deleted
        configmap "config-service14" deleted
        deployment.apps "service14" deleted
        service "service14" deleted
        configmap "config-service15" deleted
        deployment.apps "service15" deleted
        service "service15" deleted
        configmap "config-service16" deleted
        deployment.apps "service16" deleted
        service "service16" deleted
        configmap "config-service17" deleted
        deployment.apps "service17" deleted
        service "service17" deleted
        configmap "config-service18" deleted
        deployment.apps "service18" deleted
        service "service18" deleted
        configmap "config-service19" deleted
        deployment.apps "service19" deleted
        service "service19" deleted
        configmap "config-service2" deleted
        deployment.apps "service2" deleted
        service "service2" deleted
        configmap "config-service20" deleted
        deployment.apps "service20" deleted
        service "service20" deleted
        configmap "config-service21" deleted
        deployment.apps "service21" deleted
        service "service21" deleted
        configmap "config-service22" deleted
        deployment.apps "service22" deleted
        service "service22" deleted
        configmap "config-service23" deleted
        deployment.apps "service23" deleted
        service "service23" deleted
        configmap "config-service24" deleted
        deployment.apps "service24" deleted
        service "service24" deleted
        configmap "config-service25" deleted
        deployment.apps "service25" deleted
        service "service25" deleted
        configmap "config-service26" deleted
        deployment.apps "service26" deleted
        service "service26" deleted
        configmap "config-service27" deleted
        deployment.apps "service27" deleted
        service "service27" deleted
        configmap "config-service28" deleted
        deployment.apps "service28" deleted
        service "service28" deleted
        configmap "config-service29" deleted
        deployment.apps "service29" deleted
        service "service29" deleted
        configmap "config-service3" deleted
        deployment.apps "service3" deleted
        service "service3" deleted
        configmap "config-service30" deleted
        deployment.apps "service30" deleted
        service "service30" deleted
        configmap "config-service31" deleted
        deployment.apps "service31" deleted
        service "service31" deleted
        configmap "config-service32" deleted
        deployment.apps "service32" deleted
        service "service32" deleted
        configmap "config-service33" deleted
        deployment.apps "service33" deleted
        service "service33" deleted
        configmap "config-service34" deleted
        deployment.apps "service34" deleted
        service "service34" deleted
        configmap "config-service35" deleted
        deployment.apps "service35" deleted
        service "service35" deleted
        configmap "config-service36" deleted
        deployment.apps "service36" deleted
        service "service36" deleted
        configmap "config-service37" deleted
        deployment.apps "service37" deleted
        service "service37" deleted
        configmap "config-service38" deleted
        deployment.apps "service38" deleted
        service "service38" deleted
        configmap "config-service39" deleted
        deployment.apps "service39" deleted
        service "service39" deleted
        configmap "config-service4" deleted
        deployment.apps "service4" deleted
        service "service4" deleted
        configmap "config-service40" deleted
        deployment.apps "service40" deleted
        service "service40" deleted
        configmap "config-service41" deleted
        deployment.apps "service41" deleted
        service "service41" deleted
        configmap "config-service42" deleted
        deployment.apps "service42" deleted
        service "service42" deleted
        configmap "config-service5" deleted
        deployment.apps "service5" deleted
        service "service5" deleted
        configmap "config-service6" deleted
        deployment.apps "service6" deleted
        service "service6" deleted
        configmap "config-service7" deleted
        deployment.apps "service7" deleted
        service "service7" deleted
        configmap "config-service8" deleted
        deployment.apps "service8" deleted
        service "service8" deleted
        configmap "config-service9" deleted
        deployment.apps "service9" deleted
        service "service9" deleted
        deployment.apps "ubuntu-client" deleted
        [run.sh] Waiting for all pods to be deleted
        [run.sh] Deploying all services
        configmap/config-service0 created
        deployment.apps/service0 created
        service/service0 created
        configmap/config-service1 created
        deployment.apps/service1 created
        service/service1 created
        configmap/config-service10 created
        deployment.apps/service10 created
        service/service10 created
        configmap/config-service11 created
        deployment.apps/service11 created
        service/service11 created
        configmap/config-service12 created
        deployment.apps/service12 created
        service/service12 created
        configmap/config-service13 created
        deployment.apps/service13 created
        service/service13 created
        configmap/config-service14 created
        deployment.apps/service14 created
        service/service14 created
        configmap/config-service15 created
        deployment.apps/service15 created
        service/service15 created
        configmap/config-service16 created
        deployment.apps/service16 created
        service/service16 created
        configmap/config-service17 created
        deployment.apps/service17 created
        service/service17 created
        configmap/config-service18 created
        deployment.apps/service18 created
        service/service18 created
        configmap/config-service19 created
        deployment.apps/service19 created
        service/service19 created
        configmap/config-service2 created
        deployment.apps/service2 created
        service/service2 created
        configmap/config-service20 created
        deployment.apps/service20 created
        service/service20 created
        configmap/config-service21 created
        deployment.apps/service21 created
        service/service21 created
        configmap/config-service22 created
        deployment.apps/service22 created
        service/service22 created
        configmap/config-service23 created
        deployment.apps/service23 created
        service/service23 created
        configmap/config-service24 created
        deployment.apps/service24 created
        service/service24 created
        configmap/config-service25 created
        deployment.apps/service25 created
        service/service25 created
        configmap/config-service26 created
        deployment.apps/service26 created
        service/service26 created
        configmap/config-service27 created
        deployment.apps/service27 created
        service/service27 created
        configmap/config-service28 created
        deployment.apps/service28 created
        service/service28 created
        configmap/config-service29 created
        deployment.apps/service29 created
        service/service29 created
        configmap/config-service3 created
        deployment.apps/service3 created
        service/service3 created
        configmap/config-service30 created
        deployment.apps/service30 created
        service/service30 created
        configmap/config-service31 created
        deployment.apps/service31 created
        service/service31 created
        configmap/config-service32 created
        deployment.apps/service32 created
        service/service32 created
        configmap/config-service33 created
        deployment.apps/service33 created
        service/service33 created
        configmap/config-service34 created
        deployment.apps/service34 created
        service/service34 created
        configmap/config-service35 created
        deployment.apps/service35 created
        service/service35 created
        configmap/config-service36 created
        deployment.apps/service36 created
        service/service36 created
        configmap/config-service37 created
        deployment.apps/service37 created
        service/service37 created
        configmap/config-service38 created
        deployment.apps/service38 created
        service/service38 created
        configmap/config-service39 created
        deployment.apps/service39 created
        service/service39 created
        configmap/config-service4 created
        deployment.apps/service4 created
        service/service4 created
        configmap/config-service40 created
        deployment.apps/service40 created
        service/service40 created
        configmap/config-service41 created
        deployment.apps/service41 created
        service/service41 created
        configmap/config-service42 created
        deployment.apps/service42 created
        service/service42 created
        configmap/config-service5 created
        deployment.apps/service5 created
        service/service5 created
        configmap/config-service6 created
        deployment.apps/service6 created
        service/service6 created
        configmap/config-service7 created
        deployment.apps/service7 created
        service/service7 created
        configmap/config-service8 created
        deployment.apps/service8 created
        service/service8 created
        configmap/config-service9 created
        deployment.apps/service9 created
        service/service9 created
        [run.sh] Client pod not found, deploying client
        deployment.apps/ubuntu-client created
        [run.sh] Waiting for all pods to be running
        [run.sh] All pods are running
        [run.sh] Running warmup test
        [run.sh] /wrk/wrk -t8 -c128 --timeout 10s -d10s -L http://service0:80/endpoint1
        Running 10s test @ http://service0:80/endpoint1
        8 threads and 128 connections
        Thread Stats   Avg      Stdev     Max   +/- Stdev
        Latency   153.01ms   71.32ms 557.31ms   76.12%
        Req/Sec   109.28     40.20   242.00     65.89%
        Latency Distribution
        50%  140.78ms
        75%  185.35ms
        90%  237.46ms
        99%  449.95ms
        8499 requests in 10.10s, 1.29MB read
        Requests/sec:    841.78
        Transfer/sec:    130.71KB
        [run.sh] Speed is 841.78, duration is 17
        [run.sh] Fix the request number.
        [run.sh] Running the actual test
        [run.sh] /wrk/wrk --timeout 20s -t8 -c128 -d17s -L -s /wrk/fix_req_n.lua http://service0:80/endpoint1
        Running 17s test @ http://service0:80/endpoint1
        8 threads and 128 connections
        Thread Stats   Avg      Stdev     Max   +/- Stdev
        Latency   144.52ms   58.83ms 520.57ms   69.26%
        Req/Sec   110.62     36.76   222.00     64.85%
        Latency Distribution
        50%  135.75ms
        75%  179.47ms
        90%  223.96ms
        99%  311.86ms
        10000 requests in 17.00s, 1.52MB read
        Requests/sec:    588.23
        Transfer/sec:     91.34KB
        ------------------------------
        stop time: 11.437236
        stop time: 11.342746
        stop time: 11.350174
        stop time: 11.351428
        stop time: 11.305391
        stop time: 11.297569
        stop time: 11.416292
        stop time: 11.316567
        [run.sh] Checking the resource usage
        NAME                             CPU(cores)   MEMORY(bytes)
        service0-69955d4677-mlgrv        1m           49Mi
        service1-58c95cb96-qs7jb         1m           35Mi
        service10-9549b4cd-cvbtx         28m          13Mi
        service11-b76846c44-pkx9j        185m         12Mi
        service12-8ddc6874b-8jpwj        219m         11Mi
        service13-6dc48cb75b-twhg7       168m         12Mi
        service14-6fdd479dcd-jgv4q       72m          12Mi
        service15-6bc59bd7d4-6f6kh       240m         12Mi
        service16-7886b6b8d6-rmqrt       43m          13Mi
        service17-7b5f6467b8-w5jst       79m          12Mi
        service18-65595ccfd6-xxvlv       139m         11Mi
        service19-55c65f57c6-gm4z2       149m         11Mi
        service2-5d59c5bd5d-t6ktt        1m           38Mi
        service20-58b86cfc4d-d6l4s       74m          12Mi
        service21-8d587d69d-xn2vt        57m          12Mi
        service22-55796dcf9b-fbxsf       108m         11Mi
        service23-599c6478cd-2n5kj       69m          12Mi
        service24-655749d78d-cw88b       174m         11Mi
        service25-656bf89c8b-57hsx       83m          11Mi
        service26-5fcc5669d4-zhrwt       125m         11Mi
        service27-8687746986-x5nrk       216m         12Mi
        service28-6bbbb998d8-jk4q5       96m          11Mi
        service29-655dfdfd6b-dvm5v       80m          11Mi
        service3-564487d7d8-pmfws        1m           36Mi
        service30-6d966bbbcd-k7hxt       107m         11Mi
        service31-9476bd9bd-5ph5t        82m          10Mi
        service32-64b88b58b-2f46b        106m         9Mi
        service33-69bdf8b97b-st7lt       76m          10Mi
        service34-9d9487db6-6blfp        69m          11Mi
        service35-575bf5bbb8-svjrg       76m          11Mi
        service36-765d6cd758-l7rp7       153m         11Mi
        service37-66f4568564-jb2l2       75m          11Mi
        service38-56fc9c9b7d-gckgb       46m          10Mi
        service39-5b478bd9b-z8tjp        17m          10Mi
        service4-6bfbd6d59c-9m8d9        1m           35Mi
        service40-7c5d878d8d-jn2fd       122m         10Mi
        service41-567cc54974-mbpcm       73m          11Mi
        service42-6c5db85bd-hk6sf        62m          12Mi
        service5-ffd8ccc6-w4ptf          1m           33Mi
        service6-6b89db49b6-dt57n        1m           34Mi
        service7-845b5b8588-bqxzq        30m          13Mi
        service8-7c9f97fd46-rzcpw        31m          12Mi
        service9-7cb9cf658d-hgdvx        116m         12Mi
        ubuntu-client-76886f6bbd-4nrs5   11m          0Mi
        [run.sh] Test finished with status 0
        > STDERR
        > No resources found in default namespace.
    [exp] Times: [11.437236, 11.342746, 11.350174, 11.351428, 11.305391, 11.297569, 11.416292, 11.316567]
    [exp] Throughput: 880.8884350062291
[test.py] Running 0th slowdown exp
    [exp] Running (pre_run: False) workload synthetic/large-scale request with the following configuration: {'CLIENT_CPU_QUOTA': '2', 'SLOWPOKE_POKER_BATCH_THRESHOLD': '20000000', 'PROCESSING_TIME_SERVICE4': '0.00234975', 'PROCESSING_TIME_SERVICE0': '0.00114823', 'PROCESSING_TIME_SERVICE1': '0.00112713', 'PROCESSING_TIME_SERVICE2': '0.00112567', 'PROCESSING_TIME_SERVICE3': '0.00108198', 'PROCESSING_TIME_SERVICE5': '0.00092397', 'PROCESSING_TIME_SERVICE6': '0.00091663', 'PROCESSING_TIME_SERVICE7': '0.0008445', 'PROCESSING_TIME_SERVICE8': '0.00082763', 'PROCESSING_TIME_SERVICE9': '0.00082746', 'PROCESSING_TIME_SERVICE10': '0.00081339', 'PROCESSING_TIME_SERVICE11': '0.00079052', 'PROCESSING_TIME_SERVICE12': '0.00076379', 'PROCESSING_TIME_SERVICE13': '0.00073892', 'PROCESSING_TIME_SERVICE14': '0.00071725', 'PROCESSING_TIME_SERVICE15': '0.0007103', 'PROCESSING_TIME_SERVICE16': '0.00064814', 'PROCESSING_TIME_SERVICE17': '0.00063596', 'PROCESSING_TIME_SERVICE18': '0.00063485', 'PROCESSING_TIME_SERVICE19': '0.00062251', 'PROCESSING_TIME_SERVICE20': '0.0006121', 'PROCESSING_TIME_SERVICE21': '0.00060493', 'PROCESSING_TIME_SERVICE22': '0.00059362', 'PROCESSING_TIME_SERVICE23': '0.00058652', 'PROCESSING_TIME_SERVICE24': '0.00058578', 'PROCESSING_TIME_SERVICE25': '0.00055957', 'PROCESSING_TIME_SERVICE26': '0.00054507', 'PROCESSING_TIME_SERVICE27': '0.00050763', 'PROCESSING_TIME_SERVICE28': '0.00045135', 'PROCESSING_TIME_SERVICE29': '0.00044947', 'PROCESSING_TIME_SERVICE30': '0.00043772', 'PROCESSING_TIME_SERVICE31': '0.00040844', 'PROCESSING_TIME_SERVICE32': '0.00039446', 'PROCESSING_TIME_SERVICE33': '0.00037979', 'PROCESSING_TIME_SERVICE34': '0.00033094', 'PROCESSING_TIME_SERVICE35': '0.00032007', 'PROCESSING_TIME_SERVICE36': '0.00031273', 'PROCESSING_TIME_SERVICE37': '0.00027061', 'PROCESSING_TIME_SERVICE38': '0.00026683', 'PROCESSING_TIME_SERVICE39': '0.00023522', 'PROCESSING_TIME_SERVICE40': '0.00023345', 'PROCESSING_TIME_SERVICE41': '0.00015364', 'PROCESSING_TIME_SERVICE42': '9.551e-05', 'SLOWPOKE_DELAY_MICROS_SERVICE4': '0.0', 'SLOWPOKE_POKER_BATCH_THRESHOLD_SERVICE4': '100', 'SLOWPOKE_IS_TARGET_SERVICE_SERVICE4': 'true', 'SLOWPOKE_DELAY_MICROS_SERVICE0': '587.5', 'SLOWPOKE_POKER_BATCH_THRESHOLD_SERVICE0': '100', 'SLOWPOKE_IS_TARGET_SERVICE_SERVICE0': 'false', 'SLOWPOKE_DELAY_MICROS_SERVICE1': '587.5', 'SLOWPOKE_POKER_BATCH_THRESHOLD_SERVICE1': '100', 'SLOWPOKE_IS_TARGET_SERVICE_SERVICE1': 'false', 'SLOWPOKE_DELAY_MICROS_SERVICE2': '587.5', 'SLOWPOKE_POKER_BATCH_THRESHOLD_SERVICE2': '100', 'SLOWPOKE_IS_TARGET_SERVICE_SERVICE2': 'false', 'SLOWPOKE_DELAY_MICROS_SERVICE3': '587.5', 'SLOWPOKE_POKER_BATCH_THRESHOLD_SERVICE3': '100', 'SLOWPOKE_IS_TARGET_SERVICE_SERVICE3': 'false', 'SLOWPOKE_DELAY_MICROS_SERVICE5': '587.5', 'SLOWPOKE_POKER_BATCH_THRESHOLD_SERVICE5': '100', 'SLOWPOKE_IS_TARGET_SERVICE_SERVICE5': 'false', 'SLOWPOKE_DELAY_MICROS_SERVICE6': '587.5', 'SLOWPOKE_POKER_BATCH_THRESHOLD_SERVICE6': '100', 'SLOWPOKE_IS_TARGET_SERVICE_SERVICE6': 'false', 'SLOWPOKE_DELAY_MICROS_SERVICE7': '587.5', 'SLOWPOKE_POKER_BATCH_THRESHOLD_SERVICE7': '100', 'SLOWPOKE_IS_TARGET_SERVICE_SERVICE7': 'false', 'SLOWPOKE_DELAY_MICROS_SERVICE8': '587.5', 'SLOWPOKE_POKER_BATCH_THRESHOLD_SERVICE8': '100', 'SLOWPOKE_IS_TARGET_SERVICE_SERVICE8': 'false', 'SLOWPOKE_DELAY_MICROS_SERVICE9': '587.5', 'SLOWPOKE_POKER_BATCH_THRESHOLD_SERVICE9': '100', 'SLOWPOKE_IS_TARGET_SERVICE_SERVICE9': 'false', 'SLOWPOKE_DELAY_MICROS_SERVICE10': '587.5', 'SLOWPOKE_POKER_BATCH_THRESHOLD_SERVICE10': '100', 'SLOWPOKE_IS_TARGET_SERVICE_SERVICE10': 'false', 'SLOWPOKE_DELAY_MICROS_SERVICE11': '587.5', 'SLOWPOKE_POKER_BATCH_THRESHOLD_SERVICE11': '100', 'SLOWPOKE_IS_TARGET_SERVICE_SERVICE11': 'false', 'SLOWPOKE_DELAY_MICROS_SERVICE12': '587.5', 'SLOWPOKE_POKER_BATCH_THRESHOLD_SERVICE12': '100', 'SLOWPOKE_IS_TARGET_SERVICE_SERVICE12': 'false', 'SLOWPOKE_DELAY_MICROS_SERVICE13': '587.5', 'SLOWPOKE_POKER_BATCH_THRESHOLD_SERVICE13': '100', 'SLOWPOKE_IS_TARGET_SERVICE_SERVICE13': 'false', 'SLOWPOKE_DELAY_MICROS_SERVICE14': '587.5', 'SLOWPOKE_POKER_BATCH_THRESHOLD_SERVICE14': '100', 'SLOWPOKE_IS_TARGET_SERVICE_SERVICE14': 'false', 'SLOWPOKE_DELAY_MICROS_SERVICE15': '587.5', 'SLOWPOKE_POKER_BATCH_THRESHOLD_SERVICE15': '100', 'SLOWPOKE_IS_TARGET_SERVICE_SERVICE15': 'false', 'SLOWPOKE_DELAY_MICROS_SERVICE16': '587.5', 'SLOWPOKE_POKER_BATCH_THRESHOLD_SERVICE16': '100', 'SLOWPOKE_IS_TARGET_SERVICE_SERVICE16': 'false', 'SLOWPOKE_DELAY_MICROS_SERVICE17': '587.5', 'SLOWPOKE_POKER_BATCH_THRESHOLD_SERVICE17': '100', 'SLOWPOKE_IS_TARGET_SERVICE_SERVICE17': 'false', 'SLOWPOKE_DELAY_MICROS_SERVICE18': '587.5', 'SLOWPOKE_POKER_BATCH_THRESHOLD_SERVICE18': '100', 'SLOWPOKE_IS_TARGET_SERVICE_SERVICE18': 'false', 'SLOWPOKE_DELAY_MICROS_SERVICE19': '587.5', 'SLOWPOKE_POKER_BATCH_THRESHOLD_SERVICE19': '100', 'SLOWPOKE_IS_TARGET_SERVICE_SERVICE19': 'false', 'SLOWPOKE_DELAY_MICROS_SERVICE20': '587.5', 'SLOWPOKE_POKER_BATCH_THRESHOLD_SERVICE20': '100', 'SLOWPOKE_IS_TARGET_SERVICE_SERVICE20': 'false', 'SLOWPOKE_DELAY_MICROS_SERVICE21': '587.5', 'SLOWPOKE_POKER_BATCH_THRESHOLD_SERVICE21': '100', 'SLOWPOKE_IS_TARGET_SERVICE_SERVICE21': 'false', 'SLOWPOKE_DELAY_MICROS_SERVICE22': '587.5', 'SLOWPOKE_POKER_BATCH_THRESHOLD_SERVICE22': '100', 'SLOWPOKE_IS_TARGET_SERVICE_SERVICE22': 'false', 'SLOWPOKE_DELAY_MICROS_SERVICE23': '587.5', 'SLOWPOKE_POKER_BATCH_THRESHOLD_SERVICE23': '100', 'SLOWPOKE_IS_TARGET_SERVICE_SERVICE23': 'false', 'SLOWPOKE_DELAY_MICROS_SERVICE24': '587.5', 'SLOWPOKE_POKER_BATCH_THRESHOLD_SERVICE24': '100', 'SLOWPOKE_IS_TARGET_SERVICE_SERVICE24': 'false', 'SLOWPOKE_DELAY_MICROS_SERVICE25': '587.5', 'SLOWPOKE_POKER_BATCH_THRESHOLD_SERVICE25': '100', 'SLOWPOKE_IS_TARGET_SERVICE_SERVICE25': 'false', 'SLOWPOKE_DELAY_MICROS_SERVICE26': '587.5', 'SLOWPOKE_POKER_BATCH_THRESHOLD_SERVICE26': '100', 'SLOWPOKE_IS_TARGET_SERVICE_SERVICE26': 'false', 'SLOWPOKE_DELAY_MICROS_SERVICE27': '587.5', 'SLOWPOKE_POKER_BATCH_THRESHOLD_SERVICE27': '100', 'SLOWPOKE_IS_TARGET_SERVICE_SERVICE27': 'false', 'SLOWPOKE_DELAY_MICROS_SERVICE28': '587.5', 'SLOWPOKE_POKER_BATCH_THRESHOLD_SERVICE28': '100', 'SLOWPOKE_IS_TARGET_SERVICE_SERVICE28': 'false', 'SLOWPOKE_DELAY_MICROS_SERVICE29': '587.5', 'SLOWPOKE_POKER_BATCH_THRESHOLD_SERVICE29': '100', 'SLOWPOKE_IS_TARGET_SERVICE_SERVICE29': 'false', 'SLOWPOKE_DELAY_MICROS_SERVICE30': '587.5', 'SLOWPOKE_POKER_BATCH_THRESHOLD_SERVICE30': '100', 'SLOWPOKE_IS_TARGET_SERVICE_SERVICE30': 'false', 'SLOWPOKE_DELAY_MICROS_SERVICE31': '587.5', 'SLOWPOKE_POKER_BATCH_THRESHOLD_SERVICE31': '100', 'SLOWPOKE_IS_TARGET_SERVICE_SERVICE31': 'false', 'SLOWPOKE_DELAY_MICROS_SERVICE32': '587.5', 'SLOWPOKE_POKER_BATCH_THRESHOLD_SERVICE32': '100', 'SLOWPOKE_IS_TARGET_SERVICE_SERVICE32': 'false', 'SLOWPOKE_DELAY_MICROS_SERVICE33': '587.5', 'SLOWPOKE_POKER_BATCH_THRESHOLD_SERVICE33': '100', 'SLOWPOKE_IS_TARGET_SERVICE_SERVICE33': 'false', 'SLOWPOKE_DELAY_MICROS_SERVICE34': '587.5', 'SLOWPOKE_POKER_BATCH_THRESHOLD_SERVICE34': '100', 'SLOWPOKE_IS_TARGET_SERVICE_SERVICE34': 'false', 'SLOWPOKE_DELAY_MICROS_SERVICE35': '587.5', 'SLOWPOKE_POKER_BATCH_THRESHOLD_SERVICE35': '100', 'SLOWPOKE_IS_TARGET_SERVICE_SERVICE35': 'false', 'SLOWPOKE_DELAY_MICROS_SERVICE36': '587.5', 'SLOWPOKE_POKER_BATCH_THRESHOLD_SERVICE36': '100', 'SLOWPOKE_IS_TARGET_SERVICE_SERVICE36': 'false', 'SLOWPOKE_DELAY_MICROS_SERVICE37': '587.5', 'SLOWPOKE_POKER_BATCH_THRESHOLD_SERVICE37': '100', 'SLOWPOKE_IS_TARGET_SERVICE_SERVICE37': 'false', 'SLOWPOKE_DELAY_MICROS_SERVICE38': '587.5', 'SLOWPOKE_POKER_BATCH_THRESHOLD_SERVICE38': '100', 'SLOWPOKE_IS_TARGET_SERVICE_SERVICE38': 'false', 'SLOWPOKE_DELAY_MICROS_SERVICE39': '587.5', 'SLOWPOKE_POKER_BATCH_THRESHOLD_SERVICE39': '100', 'SLOWPOKE_IS_TARGET_SERVICE_SERVICE39': 'false', 'SLOWPOKE_DELAY_MICROS_SERVICE40': '587.5', 'SLOWPOKE_POKER_BATCH_THRESHOLD_SERVICE40': '100', 'SLOWPOKE_IS_TARGET_SERVICE_SERVICE40': 'false', 'SLOWPOKE_DELAY_MICROS_SERVICE41': '587.5', 'SLOWPOKE_POKER_BATCH_THRESHOLD_SERVICE41': '100', 'SLOWPOKE_IS_TARGET_SERVICE_SERVICE41': 'false', 'SLOWPOKE_DELAY_MICROS_SERVICE42': '587.5', 'SLOWPOKE_POKER_BATCH_THRESHOLD_SERVICE42': '100', 'SLOWPOKE_IS_TARGET_SERVICE_SERVICE42': 'false'}
    [exp] Executing cmd `bash run.sh synthetic large-scale 8 128 10000`:
        [run.sh] Running benchmark synthetic with request large-scale, thread 8, conn 128, duration 60
        [run.sh] Deleting all services
        configmap "config-service0" deleted
        deployment.apps "service0" deleted
        service "service0" deleted
        configmap "config-service1" deleted
        deployment.apps "service1" deleted
        service "service1" deleted
        configmap "config-service10" deleted
        deployment.apps "service10" deleted
        service "service10" deleted
        configmap "config-service11" deleted
        deployment.apps "service11" deleted
        service "service11" deleted
        configmap "config-service12" deleted
        deployment.apps "service12" deleted
        service "service12" deleted
        configmap "config-service13" deleted
        deployment.apps "service13" deleted
        service "service13" deleted
        configmap "config-service14" deleted
        deployment.apps "service14" deleted
        service "service14" deleted
        configmap "config-service15" deleted
        deployment.apps "service15" deleted
        service "service15" deleted
        configmap "config-service16" deleted
        deployment.apps "service16" deleted
        service "service16" deleted
        configmap "config-service17" deleted
        deployment.apps "service17" deleted
        service "service17" deleted
        configmap "config-service18" deleted
        deployment.apps "service18" deleted
        service "service18" deleted
        configmap "config-service19" deleted
        deployment.apps "service19" deleted
        service "service19" deleted
        configmap "config-service2" deleted
        deployment.apps "service2" deleted
        service "service2" deleted
        configmap "config-service20" deleted
        deployment.apps "service20" deleted
        service "service20" deleted
        configmap "config-service21" deleted
        deployment.apps "service21" deleted
        service "service21" deleted
        configmap "config-service22" deleted
        deployment.apps "service22" deleted
        service "service22" deleted
        configmap "config-service23" deleted
        deployment.apps "service23" deleted
        service "service23" deleted
        configmap "config-service24" deleted
        deployment.apps "service24" deleted
        service "service24" deleted
        configmap "config-service25" deleted
        deployment.apps "service25" deleted
        service "service25" deleted
        configmap "config-service26" deleted
        deployment.apps "service26" deleted
        service "service26" deleted
        configmap "config-service27" deleted
        deployment.apps "service27" deleted
        service "service27" deleted
        configmap "config-service28" deleted
        deployment.apps "service28" deleted
        service "service28" deleted
        configmap "config-service29" deleted
        deployment.apps "service29" deleted
        service "service29" deleted
        configmap "config-service3" deleted
        deployment.apps "service3" deleted
        service "service3" deleted
        configmap "config-service30" deleted
        deployment.apps "service30" deleted
        service "service30" deleted
        configmap "config-service31" deleted
        deployment.apps "service31" deleted
        service "service31" deleted
        configmap "config-service32" deleted
        deployment.apps "service32" deleted
        service "service32" deleted
        configmap "config-service33" deleted
        deployment.apps "service33" deleted
        service "service33" deleted
        configmap "config-service34" deleted
        deployment.apps "service34" deleted
        service "service34" deleted
        configmap "config-service35" deleted
        deployment.apps "service35" deleted
        service "service35" deleted
        configmap "config-service36" deleted
        deployment.apps "service36" deleted
        service "service36" deleted
        configmap "config-service37" deleted
        deployment.apps "service37" deleted
        service "service37" deleted
        configmap "config-service38" deleted
        deployment.apps "service38" deleted
        service "service38" deleted
        configmap "config-service39" deleted
        deployment.apps "service39" deleted
        service "service39" deleted
        configmap "config-service4" deleted
        deployment.apps "service4" deleted
        service "service4" deleted
        configmap "config-service40" deleted
        deployment.apps "service40" deleted
        service "service40" deleted
        configmap "config-service41" deleted
        deployment.apps "service41" deleted
        service "service41" deleted
        configmap "config-service42" deleted
        deployment.apps "service42" deleted
        service "service42" deleted
        configmap "config-service5" deleted
        deployment.apps "service5" deleted
        service "service5" deleted
        configmap "config-service6" deleted
        deployment.apps "service6" deleted
        service "service6" deleted
        configmap "config-service7" deleted
        deployment.apps "service7" deleted
        service "service7" deleted
        configmap "config-service8" deleted
        deployment.apps "service8" deleted
        service "service8" deleted
        configmap "config-service9" deleted
        deployment.apps "service9" deleted
        service "service9" deleted
        deployment.apps "ubuntu-client" deleted
        [run.sh] Waiting for all pods to be deleted
        [run.sh] Deploying all services
        configmap/config-service0 created
        deployment.apps/service0 created
        service/service0 created
        configmap/config-service1 created
        deployment.apps/service1 created
        service/service1 created
        configmap/config-service10 created
        deployment.apps/service10 created
        service/service10 created
        configmap/config-service11 created
        deployment.apps/service11 created
        service/service11 created
        configmap/config-service12 created
        deployment.apps/service12 created
        service/service12 created
        configmap/config-service13 created
        deployment.apps/service13 created
        service/service13 created
        configmap/config-service14 created
        deployment.apps/service14 created
        service/service14 created
        configmap/config-service15 created
        deployment.apps/service15 created
        service/service15 created
        configmap/config-service16 created
        deployment.apps/service16 created
        service/service16 created
        configmap/config-service17 created
        deployment.apps/service17 created
        service/service17 created
        configmap/config-service18 created
        deployment.apps/service18 created
        service/service18 created
        configmap/config-service19 created
        deployment.apps/service19 created
        service/service19 created
        configmap/config-service2 created
        deployment.apps/service2 created
        service/service2 created
        configmap/config-service20 created
        deployment.apps/service20 created
        service/service20 created
        configmap/config-service21 created
        deployment.apps/service21 created
        service/service21 created
        configmap/config-service22 created
        deployment.apps/service22 created
        service/service22 created
        configmap/config-service23 created
        deployment.apps/service23 created
        service/service23 created
        configmap/config-service24 created
        deployment.apps/service24 created
        service/service24 created
        configmap/config-service25 created
        deployment.apps/service25 created
        service/service25 created
        configmap/config-service26 created
        deployment.apps/service26 created
        service/service26 created
        configmap/config-service27 created
        deployment.apps/service27 created
        service/service27 created
        configmap/config-service28 created
        deployment.apps/service28 created
        service/service28 created
        configmap/config-service29 created
        deployment.apps/service29 created
        service/service29 created
        configmap/config-service3 created
        deployment.apps/service3 created
        service/service3 created
        configmap/config-service30 created
        deployment.apps/service30 created
        service/service30 created
        configmap/config-service31 created
        deployment.apps/service31 created
        service/service31 created
        configmap/config-service32 created
        deployment.apps/service32 created
        service/service32 created
        configmap/config-service33 created
        deployment.apps/service33 created
        service/service33 created
        configmap/config-service34 created
        deployment.apps/service34 created
        service/service34 created
        configmap/config-service35 created
        deployment.apps/service35 created
        service/service35 created
        configmap/config-service36 created
        deployment.apps/service36 created
        service/service36 created
        configmap/config-service37 created
        deployment.apps/service37 created
        service/service37 created
        configmap/config-service38 created
        deployment.apps/service38 created
        service/service38 created
        configmap/config-service39 created
        deployment.apps/service39 created
        service/service39 created
        configmap/config-service4 created
        deployment.apps/service4 created
        service/service4 created
        configmap/config-service40 created
        deployment.apps/service40 created
        service/service40 created
        configmap/config-service41 created
        deployment.apps/service41 created
        service/service41 created
        configmap/config-service42 created
        deployment.apps/service42 created
        service/service42 created
        configmap/config-service5 created
        deployment.apps/service5 created
        service/service5 created
        configmap/config-service6 created
        deployment.apps/service6 created
        service/service6 created
        configmap/config-service7 created
        deployment.apps/service7 created
        service/service7 created
        configmap/config-service8 created
        deployment.apps/service8 created
        service/service8 created
        configmap/config-service9 created
        deployment.apps/service9 created
        service/service9 created
        [run.sh] Client pod not found, deploying client
        deployment.apps/ubuntu-client created
        [run.sh] Waiting for all pods to be running
        [run.sh] All pods are running
        [run.sh] Running warmup test
        [run.sh] /wrk/wrk -t8 -c128 --timeout 10s -d10s -L http://service0:80/endpoint1
        Running 10s test @ http://service0:80/endpoint1
        8 threads and 128 connections
        Thread Stats   Avg      Stdev     Max   +/- Stdev
        Latency   228.67ms   98.41ms 732.10ms   76.68%
        Req/Sec    73.51     40.00   181.00     62.28%
        Latency Distribution
        50%  212.68ms
        75%  279.59ms
        90%  338.57ms
        99%  553.33ms
        5618 requests in 10.10s, 0.85MB read
        Requests/sec:    556.28
        Transfer/sec:     86.38KB
        [run.sh] Speed is 556.28, duration is 26
        [run.sh] Fix the request number.
        [run.sh] Running the actual test
        [run.sh] /wrk/wrk --timeout 20s -t8 -c128 -d26s -L -s /wrk/fix_req_n.lua http://service0:80/endpoint1
        Running 26s test @ http://service0:80/endpoint1
        8 threads and 128 connections
        Thread Stats   Avg      Stdev     Max   +/- Stdev
        Latency   222.48ms   89.90ms 683.60ms   71.14%
        Req/Sec    72.38     39.00   202.00     64.61%
        Latency Distribution
        50%  208.95ms
        75%  273.33ms
        90%  338.42ms
        99%  498.21ms
        10000 requests in 26.00s, 1.52MB read
        Requests/sec:    384.61
        Transfer/sec:     59.72KB
        ------------------------------
        stop time: 17.223506
        stop time: 17.482358
        stop time: 17.533342
        stop time: 17.531998
        stop time: 17.348620
        stop time: 17.628544
        stop time: 17.579399
        stop time: 17.523199
        [run.sh] Checking the resource usage
        NAME                             CPU(cores)   MEMORY(bytes)
        service0-66996878bd-7sff5        204m         48Mi
        service1-79bb7574c9-8hlt9        1m           35Mi
        service10-59c94c67f7-kw6nw       17m          11Mi
        service11-56bd75dcf9-vc2jw       118m         13Mi
        service12-c776c74c7-pqrkh        139m         11Mi
        service13-74f596d4cf-dhckg       105m         11Mi
        service14-7d46b6565c-q95kx       43m          11Mi
        service15-6b94f9b6f5-zcxkg       154m         12Mi
        service16-67f7757c7c-rl4n5       23m          11Mi
        service17-56fd4556f9-j926q       48m          11Mi
        service18-5f9554fc-6rz2t         88m          11Mi
        service19-5d5b47777f-42jf9       93m          10Mi
        service2-86d47bdc9c-l4cf8        88m          35Mi
        service20-67b9484499-fw5xq       47m          10Mi
        service21-65c74c645c-dsk47       34m          10Mi
        service22-8f76476bc-b7xcw        65m          11Mi
        service23-849745f45c-b5dmx       39m          11Mi
        service24-868d99d99f-t5trh       112m         10Mi
        service25-7f9777f949-kslfz       51m          12Mi
        service26-6c6769bd79-f8vgd       78m          12Mi
        service27-86f5849c97-tn8lw       134m         11Mi
        service28-559655f6dc-gmpmv       62m          11Mi
        service29-7d5fd7984f-9j2nd       49m          12Mi
        service3-54c7d8f859-kcxm6        87m          33Mi
        service30-c4b8489df-j7t8l        66m          12Mi
        service31-7c8ff8d65f-nfrf5       51m          9Mi
        service32-7975ccd6d9-25xhv       66m          9Mi
        service33-67845dfc9-4wmt4        46m          9Mi
        service34-666768f9fc-dfqzb       43m          11Mi
        service35-7cf575c4c9-m5krr       47m          12Mi
        service36-67c659b649-5plf6       98m          9Mi
        service37-86d49446dc-kqs7j       47m          9Mi
        service38-5fdb9bf657-fnnjb       29m          10Mi
        service39-76fbb4494c-92d6w       11m          9Mi
        service4-6bfbd6d59c-xb5qw        292m         42Mi
        service40-5dbd4686b7-jp6dt       79m          9Mi
        service41-5558f8d6f7-zk5nd       47m          12Mi
        service42-756c94cccf-687t4       40m          9Mi
        service5-776d86b4ff-vfqpw        167m         28Mi
        service6-8c5776489-qgbmh         24m          32Mi
        service7-587dc78955-46gbd        15m          11Mi
        service8-6887d9846f-lg68w        16m          11Mi
        service9-6c7ddbf855-lr2p9        69m          10Mi
        ubuntu-client-76886f6bbd-q75m5   9m           6Mi
        [run.sh] Test finished with status 0
        > STDERR
        > No resources found in default namespace.
    [exp] Times: [17.223506, 17.482358, 17.533342, 17.531998, 17.34862, 17.628544, 17.579399, 17.523199]
    [exp] Throughput: 572.0375217143655
[test.py] Finished running 0th optmization experiment: groundtruth->880.8884350062291, slowdown->572.0375217143655, predicted->861.8742450924287, err->-2.158524185150177
[test.py] Running 1th optmization experiment
[test.py] Running 1th groundtruth exp
    [exp] Running (pre_run: False) workload synthetic/large-scale request with the following configuration: {'CLIENT_CPU_QUOTA': '2', 'SLOWPOKE_POKER_BATCH_THRESHOLD': '20000000', 'PROCESSING_TIME_SERVICE4': '0.001761', 'PROCESSING_TIME_SERVICE0': '0.00114823', 'PROCESSING_TIME_SERVICE1': '0.00112713', 'PROCESSING_TIME_SERVICE2': '0.00112567', 'PROCESSING_TIME_SERVICE3': '0.00108198', 'PROCESSING_TIME_SERVICE5': '0.00092397', 'PROCESSING_TIME_SERVICE6': '0.00091663', 'PROCESSING_TIME_SERVICE7': '0.0008445', 'PROCESSING_TIME_SERVICE8': '0.00082763', 'PROCESSING_TIME_SERVICE9': '0.00082746', 'PROCESSING_TIME_SERVICE10': '0.00081339', 'PROCESSING_TIME_SERVICE11': '0.00079052', 'PROCESSING_TIME_SERVICE12': '0.00076379', 'PROCESSING_TIME_SERVICE13': '0.00073892', 'PROCESSING_TIME_SERVICE14': '0.00071725', 'PROCESSING_TIME_SERVICE15': '0.0007103', 'PROCESSING_TIME_SERVICE16': '0.00064814', 'PROCESSING_TIME_SERVICE17': '0.00063596', 'PROCESSING_TIME_SERVICE18': '0.00063485', 'PROCESSING_TIME_SERVICE19': '0.00062251', 'PROCESSING_TIME_SERVICE20': '0.0006121', 'PROCESSING_TIME_SERVICE21': '0.00060493', 'PROCESSING_TIME_SERVICE22': '0.00059362', 'PROCESSING_TIME_SERVICE23': '0.00058652', 'PROCESSING_TIME_SERVICE24': '0.00058578', 'PROCESSING_TIME_SERVICE25': '0.00055957', 'PROCESSING_TIME_SERVICE26': '0.00054507', 'PROCESSING_TIME_SERVICE27': '0.00050763', 'PROCESSING_TIME_SERVICE28': '0.00045135', 'PROCESSING_TIME_SERVICE29': '0.00044947', 'PROCESSING_TIME_SERVICE30': '0.00043772', 'PROCESSING_TIME_SERVICE31': '0.00040844', 'PROCESSING_TIME_SERVICE32': '0.00039446', 'PROCESSING_TIME_SERVICE33': '0.00037979', 'PROCESSING_TIME_SERVICE34': '0.00033094', 'PROCESSING_TIME_SERVICE35': '0.00032007', 'PROCESSING_TIME_SERVICE36': '0.00031273', 'PROCESSING_TIME_SERVICE37': '0.00027061', 'PROCESSING_TIME_SERVICE38': '0.00026683', 'PROCESSING_TIME_SERVICE39': '0.00023522', 'PROCESSING_TIME_SERVICE40': '0.00023345', 'PROCESSING_TIME_SERVICE41': '0.00015364', 'PROCESSING_TIME_SERVICE42': '9.551e-05', 'SLOWPOKE_DELAY_MICROS_SERVICE4': '0.0', 'SLOWPOKE_POKER_BATCH_THRESHOLD_SERVICE4': '100', 'SLOWPOKE_IS_TARGET_SERVICE_SERVICE4': 'true', 'SLOWPOKE_DELAY_MICROS_SERVICE0': '0.0', 'SLOWPOKE_POKER_BATCH_THRESHOLD_SERVICE0': '100', 'SLOWPOKE_IS_TARGET_SERVICE_SERVICE0': 'false', 'SLOWPOKE_DELAY_MICROS_SERVICE1': '0.0', 'SLOWPOKE_POKER_BATCH_THRESHOLD_SERVICE1': '100', 'SLOWPOKE_IS_TARGET_SERVICE_SERVICE1': 'false', 'SLOWPOKE_DELAY_MICROS_SERVICE2': '0.0', 'SLOWPOKE_POKER_BATCH_THRESHOLD_SERVICE2': '100', 'SLOWPOKE_IS_TARGET_SERVICE_SERVICE2': 'false', 'SLOWPOKE_DELAY_MICROS_SERVICE3': '0.0', 'SLOWPOKE_POKER_BATCH_THRESHOLD_SERVICE3': '100', 'SLOWPOKE_IS_TARGET_SERVICE_SERVICE3': 'false', 'SLOWPOKE_DELAY_MICROS_SERVICE5': '0.0', 'SLOWPOKE_POKER_BATCH_THRESHOLD_SERVICE5': '100', 'SLOWPOKE_IS_TARGET_SERVICE_SERVICE5': 'false', 'SLOWPOKE_DELAY_MICROS_SERVICE6': '0.0', 'SLOWPOKE_POKER_BATCH_THRESHOLD_SERVICE6': '100', 'SLOWPOKE_IS_TARGET_SERVICE_SERVICE6': 'false', 'SLOWPOKE_DELAY_MICROS_SERVICE7': '0.0', 'SLOWPOKE_POKER_BATCH_THRESHOLD_SERVICE7': '100', 'SLOWPOKE_IS_TARGET_SERVICE_SERVICE7': 'false', 'SLOWPOKE_DELAY_MICROS_SERVICE8': '0.0', 'SLOWPOKE_POKER_BATCH_THRESHOLD_SERVICE8': '100', 'SLOWPOKE_IS_TARGET_SERVICE_SERVICE8': 'false', 'SLOWPOKE_DELAY_MICROS_SERVICE9': '0.0', 'SLOWPOKE_POKER_BATCH_THRESHOLD_SERVICE9': '100', 'SLOWPOKE_IS_TARGET_SERVICE_SERVICE9': 'false', 'SLOWPOKE_DELAY_MICROS_SERVICE10': '0.0', 'SLOWPOKE_POKER_BATCH_THRESHOLD_SERVICE10': '100', 'SLOWPOKE_IS_TARGET_SERVICE_SERVICE10': 'false', 'SLOWPOKE_DELAY_MICROS_SERVICE11': '0.0', 'SLOWPOKE_POKER_BATCH_THRESHOLD_SERVICE11': '100', 'SLOWPOKE_IS_TARGET_SERVICE_SERVICE11': 'false', 'SLOWPOKE_DELAY_MICROS_SERVICE12': '0.0', 'SLOWPOKE_POKER_BATCH_THRESHOLD_SERVICE12': '100', 'SLOWPOKE_IS_TARGET_SERVICE_SERVICE12': 'false', 'SLOWPOKE_DELAY_MICROS_SERVICE13': '0.0', 'SLOWPOKE_POKER_BATCH_THRESHOLD_SERVICE13': '100', 'SLOWPOKE_IS_TARGET_SERVICE_SERVICE13': 'false', 'SLOWPOKE_DELAY_MICROS_SERVICE14': '0.0', 'SLOWPOKE_POKER_BATCH_THRESHOLD_SERVICE14': '100', 'SLOWPOKE_IS_TARGET_SERVICE_SERVICE14': 'false', 'SLOWPOKE_DELAY_MICROS_SERVICE15': '0.0', 'SLOWPOKE_POKER_BATCH_THRESHOLD_SERVICE15': '100', 'SLOWPOKE_IS_TARGET_SERVICE_SERVICE15': 'false', 'SLOWPOKE_DELAY_MICROS_SERVICE16': '0.0', 'SLOWPOKE_POKER_BATCH_THRESHOLD_SERVICE16': '100', 'SLOWPOKE_IS_TARGET_SERVICE_SERVICE16': 'false', 'SLOWPOKE_DELAY_MICROS_SERVICE17': '0.0', 'SLOWPOKE_POKER_BATCH_THRESHOLD_SERVICE17': '100', 'SLOWPOKE_IS_TARGET_SERVICE_SERVICE17': 'false', 'SLOWPOKE_DELAY_MICROS_SERVICE18': '0.0', 'SLOWPOKE_POKER_BATCH_THRESHOLD_SERVICE18': '100', 'SLOWPOKE_IS_TARGET_SERVICE_SERVICE18': 'false', 'SLOWPOKE_DELAY_MICROS_SERVICE19': '0.0', 'SLOWPOKE_POKER_BATCH_THRESHOLD_SERVICE19': '100', 'SLOWPOKE_IS_TARGET_SERVICE_SERVICE19': 'false', 'SLOWPOKE_DELAY_MICROS_SERVICE20': '0.0', 'SLOWPOKE_POKER_BATCH_THRESHOLD_SERVICE20': '100', 'SLOWPOKE_IS_TARGET_SERVICE_SERVICE20': 'false', 'SLOWPOKE_DELAY_MICROS_SERVICE21': '0.0', 'SLOWPOKE_POKER_BATCH_THRESHOLD_SERVICE21': '100', 'SLOWPOKE_IS_TARGET_SERVICE_SERVICE21': 'false', 'SLOWPOKE_DELAY_MICROS_SERVICE22': '0.0', 'SLOWPOKE_POKER_BATCH_THRESHOLD_SERVICE22': '100', 'SLOWPOKE_IS_TARGET_SERVICE_SERVICE22': 'false', 'SLOWPOKE_DELAY_MICROS_SERVICE23': '0.0', 'SLOWPOKE_POKER_BATCH_THRESHOLD_SERVICE23': '100', 'SLOWPOKE_IS_TARGET_SERVICE_SERVICE23': 'false', 'SLOWPOKE_DELAY_MICROS_SERVICE24': '0.0', 'SLOWPOKE_POKER_BATCH_THRESHOLD_SERVICE24': '100', 'SLOWPOKE_IS_TARGET_SERVICE_SERVICE24': 'false', 'SLOWPOKE_DELAY_MICROS_SERVICE25': '0.0', 'SLOWPOKE_POKER_BATCH_THRESHOLD_SERVICE25': '100', 'SLOWPOKE_IS_TARGET_SERVICE_SERVICE25': 'false', 'SLOWPOKE_DELAY_MICROS_SERVICE26': '0.0', 'SLOWPOKE_POKER_BATCH_THRESHOLD_SERVICE26': '100', 'SLOWPOKE_IS_TARGET_SERVICE_SERVICE26': 'false', 'SLOWPOKE_DELAY_MICROS_SERVICE27': '0.0', 'SLOWPOKE_POKER_BATCH_THRESHOLD_SERVICE27': '100', 'SLOWPOKE_IS_TARGET_SERVICE_SERVICE27': 'false', 'SLOWPOKE_DELAY_MICROS_SERVICE28': '0.0', 'SLOWPOKE_POKER_BATCH_THRESHOLD_SERVICE28': '100', 'SLOWPOKE_IS_TARGET_SERVICE_SERVICE28': 'false', 'SLOWPOKE_DELAY_MICROS_SERVICE29': '0.0', 'SLOWPOKE_POKER_BATCH_THRESHOLD_SERVICE29': '100', 'SLOWPOKE_IS_TARGET_SERVICE_SERVICE29': 'false', 'SLOWPOKE_DELAY_MICROS_SERVICE30': '0.0', 'SLOWPOKE_POKER_BATCH_THRESHOLD_SERVICE30': '100', 'SLOWPOKE_IS_TARGET_SERVICE_SERVICE30': 'false', 'SLOWPOKE_DELAY_MICROS_SERVICE31': '0.0', 'SLOWPOKE_POKER_BATCH_THRESHOLD_SERVICE31': '100', 'SLOWPOKE_IS_TARGET_SERVICE_SERVICE31': 'false', 'SLOWPOKE_DELAY_MICROS_SERVICE32': '0.0', 'SLOWPOKE_POKER_BATCH_THRESHOLD_SERVICE32': '100', 'SLOWPOKE_IS_TARGET_SERVICE_SERVICE32': 'false', 'SLOWPOKE_DELAY_MICROS_SERVICE33': '0.0', 'SLOWPOKE_POKER_BATCH_THRESHOLD_SERVICE33': '100', 'SLOWPOKE_IS_TARGET_SERVICE_SERVICE33': 'false', 'SLOWPOKE_DELAY_MICROS_SERVICE34': '0.0', 'SLOWPOKE_POKER_BATCH_THRESHOLD_SERVICE34': '100', 'SLOWPOKE_IS_TARGET_SERVICE_SERVICE34': 'false', 'SLOWPOKE_DELAY_MICROS_SERVICE35': '0.0', 'SLOWPOKE_POKER_BATCH_THRESHOLD_SERVICE35': '100', 'SLOWPOKE_IS_TARGET_SERVICE_SERVICE35': 'false', 'SLOWPOKE_DELAY_MICROS_SERVICE36': '0.0', 'SLOWPOKE_POKER_BATCH_THRESHOLD_SERVICE36': '100', 'SLOWPOKE_IS_TARGET_SERVICE_SERVICE36': 'false', 'SLOWPOKE_DELAY_MICROS_SERVICE37': '0.0', 'SLOWPOKE_POKER_BATCH_THRESHOLD_SERVICE37': '100', 'SLOWPOKE_IS_TARGET_SERVICE_SERVICE37': 'false', 'SLOWPOKE_DELAY_MICROS_SERVICE38': '0.0', 'SLOWPOKE_POKER_BATCH_THRESHOLD_SERVICE38': '100', 'SLOWPOKE_IS_TARGET_SERVICE_SERVICE38': 'false', 'SLOWPOKE_DELAY_MICROS_SERVICE39': '0.0', 'SLOWPOKE_POKER_BATCH_THRESHOLD_SERVICE39': '100', 'SLOWPOKE_IS_TARGET_SERVICE_SERVICE39': 'false', 'SLOWPOKE_DELAY_MICROS_SERVICE40': '0.0', 'SLOWPOKE_POKER_BATCH_THRESHOLD_SERVICE40': '100', 'SLOWPOKE_IS_TARGET_SERVICE_SERVICE40': 'false', 'SLOWPOKE_DELAY_MICROS_SERVICE41': '0.0', 'SLOWPOKE_POKER_BATCH_THRESHOLD_SERVICE41': '100', 'SLOWPOKE_IS_TARGET_SERVICE_SERVICE41': 'false', 'SLOWPOKE_DELAY_MICROS_SERVICE42': '0.0', 'SLOWPOKE_POKER_BATCH_THRESHOLD_SERVICE42': '100', 'SLOWPOKE_IS_TARGET_SERVICE_SERVICE42': 'false'}
    [exp] Executing cmd `bash run.sh synthetic large-scale 8 128 10000`:
        [run.sh] Running benchmark synthetic with request large-scale, thread 8, conn 128, duration 60
        [run.sh] Deleting all services
        configmap "config-service0" deleted
        deployment.apps "service0" deleted
        service "service0" deleted
        configmap "config-service1" deleted
        deployment.apps "service1" deleted
        service "service1" deleted
        configmap "config-service10" deleted
        deployment.apps "service10" deleted
        service "service10" deleted
        configmap "config-service11" deleted
        deployment.apps "service11" deleted
        service "service11" deleted
        configmap "config-service12" deleted
        deployment.apps "service12" deleted
        service "service12" deleted
        configmap "config-service13" deleted
        deployment.apps "service13" deleted
        service "service13" deleted
        configmap "config-service14" deleted
        deployment.apps "service14" deleted
        service "service14" deleted
        configmap "config-service15" deleted
        deployment.apps "service15" deleted
        service "service15" deleted
        configmap "config-service16" deleted
        deployment.apps "service16" deleted
        service "service16" deleted
        configmap "config-service17" deleted
        deployment.apps "service17" deleted
        service "service17" deleted
        configmap "config-service18" deleted
        deployment.apps "service18" deleted
        service "service18" deleted
        configmap "config-service19" deleted
        deployment.apps "service19" deleted
        service "service19" deleted
        configmap "config-service2" deleted
        deployment.apps "service2" deleted
        service "service2" deleted
        configmap "config-service20" deleted
        deployment.apps "service20" deleted
        service "service20" deleted
        configmap "config-service21" deleted
        deployment.apps "service21" deleted
        service "service21" deleted
        configmap "config-service22" deleted
        deployment.apps "service22" deleted
        service "service22" deleted
        configmap "config-service23" deleted
        deployment.apps "service23" deleted
        service "service23" deleted
        configmap "config-service24" deleted
        deployment.apps "service24" deleted
        service "service24" deleted
        configmap "config-service25" deleted
        deployment.apps "service25" deleted
        service "service25" deleted
        configmap "config-service26" deleted
        deployment.apps "service26" deleted
        service "service26" deleted
        configmap "config-service27" deleted
        deployment.apps "service27" deleted
        service "service27" deleted
        configmap "config-service28" deleted
        deployment.apps "service28" deleted
        service "service28" deleted
        configmap "config-service29" deleted
        deployment.apps "service29" deleted
        service "service29" deleted
        configmap "config-service3" deleted
        deployment.apps "service3" deleted
        service "service3" deleted
        configmap "config-service30" deleted
        deployment.apps "service30" deleted
        service "service30" deleted
        configmap "config-service31" deleted
        deployment.apps "service31" deleted
        service "service31" deleted
        configmap "config-service32" deleted
        deployment.apps "service32" deleted
        service "service32" deleted
        configmap "config-service33" deleted
        deployment.apps "service33" deleted
        service "service33" deleted
        configmap "config-service34" deleted
        deployment.apps "service34" deleted
        service "service34" deleted
        configmap "config-service35" deleted
        deployment.apps "service35" deleted
        service "service35" deleted
        configmap "config-service36" deleted
        deployment.apps "service36" deleted
        service "service36" deleted
        configmap "config-service37" deleted
        deployment.apps "service37" deleted
        service "service37" deleted
        configmap "config-service38" deleted
        deployment.apps "service38" deleted
        service "service38" deleted
        configmap "config-service39" deleted
        deployment.apps "service39" deleted
        service "service39" deleted
        configmap "config-service4" deleted
        deployment.apps "service4" deleted
        service "service4" deleted
        configmap "config-service40" deleted
        deployment.apps "service40" deleted
        service "service40" deleted
        configmap "config-service41" deleted
        deployment.apps "service41" deleted
        service "service41" deleted
        configmap "config-service42" deleted
        deployment.apps "service42" deleted
        service "service42" deleted
        configmap "config-service5" deleted
        deployment.apps "service5" deleted
        service "service5" deleted
        configmap "config-service6" deleted
        deployment.apps "service6" deleted
        service "service6" deleted
        configmap "config-service7" deleted
        deployment.apps "service7" deleted
        service "service7" deleted
        configmap "config-service8" deleted
        deployment.apps "service8" deleted
        service "service8" deleted
        configmap "config-service9" deleted
        deployment.apps "service9" deleted
        service "service9" deleted
        deployment.apps "ubuntu-client" deleted
        [run.sh] Waiting for all pods to be deleted
        [run.sh] Deploying all services
        configmap/config-service0 created
        deployment.apps/service0 created
        service/service0 created
        configmap/config-service1 created
        deployment.apps/service1 created
        service/service1 created
        configmap/config-service10 created
        deployment.apps/service10 created
        service/service10 created
        configmap/config-service11 created
        deployment.apps/service11 created
        service/service11 created
        configmap/config-service12 created
        deployment.apps/service12 created
        service/service12 created
        configmap/config-service13 created
        deployment.apps/service13 created
        service/service13 created
        configmap/config-service14 created
        deployment.apps/service14 created
        service/service14 created
        configmap/config-service15 created
        deployment.apps/service15 created
        service/service15 created
        configmap/config-service16 created
        deployment.apps/service16 created
        service/service16 created
        configmap/config-service17 created
        deployment.apps/service17 created
        service/service17 created
        configmap/config-service18 created
        deployment.apps/service18 created
        service/service18 created
        configmap/config-service19 created
        deployment.apps/service19 created
        service/service19 created
        configmap/config-service2 created
        deployment.apps/service2 created
        service/service2 created
        configmap/config-service20 created
        deployment.apps/service20 created
        service/service20 created
        configmap/config-service21 created
        deployment.apps/service21 created
        service/service21 created
        configmap/config-service22 created
        deployment.apps/service22 created
        service/service22 created
        configmap/config-service23 created
        deployment.apps/service23 created
        service/service23 created
        configmap/config-service24 created
        deployment.apps/service24 created
        service/service24 created
        configmap/config-service25 created
        deployment.apps/service25 created
        service/service25 created
        configmap/config-service26 created
        deployment.apps/service26 created
        service/service26 created
        configmap/config-service27 created
        deployment.apps/service27 created
        service/service27 created
        configmap/config-service28 created
        deployment.apps/service28 created
        service/service28 created
        configmap/config-service29 created
        deployment.apps/service29 created
        service/service29 created
        configmap/config-service3 created
        deployment.apps/service3 created
        service/service3 created
        configmap/config-service30 created
        deployment.apps/service30 created
        service/service30 created
        configmap/config-service31 created
        deployment.apps/service31 created
        service/service31 created
        configmap/config-service32 created
        deployment.apps/service32 created
        service/service32 created
        configmap/config-service33 created
        deployment.apps/service33 created
        service/service33 created
        configmap/config-service34 created
        deployment.apps/service34 created
        service/service34 created
        configmap/config-service35 created
        deployment.apps/service35 created
        service/service35 created
        configmap/config-service36 created
        deployment.apps/service36 created
        service/service36 created
        configmap/config-service37 created
        deployment.apps/service37 created
        service/service37 created
        configmap/config-service38 created
        deployment.apps/service38 created
        service/service38 created
        configmap/config-service39 created
        deployment.apps/service39 created
        service/service39 created
        configmap/config-service4 created
        deployment.apps/service4 created
        service/service4 created
        configmap/config-service40 created
        deployment.apps/service40 created
        service/service40 created
        configmap/config-service41 created
        deployment.apps/service41 created
        service/service41 created
        configmap/config-service42 created
        deployment.apps/service42 created
        service/service42 created
        configmap/config-service5 created
        deployment.apps/service5 created
        service/service5 created
        configmap/config-service6 created
        deployment.apps/service6 created
        service/service6 created
        configmap/config-service7 created
        deployment.apps/service7 created
        service/service7 created
        configmap/config-service8 created
        deployment.apps/service8 created
        service/service8 created
        configmap/config-service9 created
        deployment.apps/service9 created
        service/service9 created
        [run.sh] Client pod not found, deploying client
        deployment.apps/ubuntu-client created
        [run.sh] Waiting for all pods to be running
        [run.sh] All pods are running
        [run.sh] Running warmup test
        [run.sh] /wrk/wrk -t8 -c128 --timeout 10s -d10s -L http://service0:80/endpoint1
        Running 10s test @ http://service0:80/endpoint1
        8 threads and 128 connections
        Thread Stats   Avg      Stdev     Max   +/- Stdev
        Latency   182.86ms  110.95ms 788.21ms   74.47%
        Req/Sec    92.89     36.53   212.00     64.63%
        Latency Distribution
        50%  157.02ms
        75%  233.09ms
        90%  338.21ms
        99%  535.35ms
        7188 requests in 10.10s, 1.09MB read
        Requests/sec:    711.71
        Transfer/sec:    110.51KB
        [run.sh] Speed is 711.71, duration is 21
        [run.sh] Fix the request number.
        [run.sh] Running the actual test
        [run.sh] /wrk/wrk --timeout 20s -t8 -c128 -d21s -L -s /wrk/fix_req_n.lua http://service0:80/endpoint1
        Running 21s test @ http://service0:80/endpoint1
        8 threads and 128 connections
        Thread Stats   Avg      Stdev     Max   +/- Stdev
        Latency   171.22ms  111.10ms 857.47ms   77.27%
        Req/Sec    94.32     36.28   230.00     68.28%
        Latency Distribution
        50%  142.15ms
        75%  215.38ms
        90%  326.07ms
        99%  552.58ms
        10000 requests in 21.00s, 1.52MB read
        Requests/sec:    476.19
        Transfer/sec:     73.94KB
        ------------------------------
        stop time: 13.418795
        stop time: 13.061546
        stop time: 13.321934
        stop time: 13.222713
        stop time: 13.404214
        stop time: 13.380386
        stop time: 13.289495
        stop time: 13.099459
        [run.sh] Checking the resource usage
        NAME                             CPU(cores)   MEMORY(bytes)
        service0-69955d4677-g8rwx        1m           3Mi
        service1-58c95cb96-k2k9z         1m           3Mi
        service10-9549b4cd-jq88w         1m           3Mi
        service11-b76846c44-9fzf6        1m           3Mi
        service12-8ddc6874b-mbz8p        1m           3Mi
        service13-6dc48cb75b-pp5w5       1m           3Mi
        service14-6fdd479dcd-rf6qk       1m           3Mi
        service15-6bc59bd7d4-hj2xv       1m           3Mi
        service16-7886b6b8d6-wrqqw       1m           3Mi
        service17-7b5f6467b8-fhb5w       1m           3Mi
        service18-65595ccfd6-f97tp       1m           3Mi
        service19-55c65f57c6-rrr5l       1m           3Mi
        service2-5d59c5bd5d-s2xb7        1m           3Mi
        service20-58b86cfc4d-l8p2q       1m           3Mi
        service21-8d587d69d-cc64g        1m           3Mi
        service22-55796dcf9b-lh24h       1m           3Mi
        service23-599c6478cd-w9tlv       1m           3Mi
        service24-655749d78d-2s9dv       1m           3Mi
        service25-656bf89c8b-vsz7d       1m           3Mi
        service26-5fcc5669d4-fkjsd       1m           3Mi
        service27-8687746986-q4f96       1m           3Mi
        service28-6bbbb998d8-nksnp       1m           3Mi
        service29-655dfdfd6b-26ccj       1m           3Mi
        service3-564487d7d8-5jjhb        1m           3Mi
        service30-6d966bbbcd-vsdjj       1m           3Mi
        service31-9476bd9bd-b2xdk        1m           3Mi
        service32-64b88b58b-kv2hz        1m           3Mi
        service33-69bdf8b97b-m4lxh       1m           3Mi
        service34-9d9487db6-l25k8        1m           3Mi
        service35-575bf5bbb8-vbv4x       1m           3Mi
        service36-765d6cd758-mtqvm       1m           3Mi
        service37-66f4568564-zgktg       1m           3Mi
        service38-56fc9c9b7d-mrrdz       1m           3Mi
        service39-5b478bd9b-7dtr9        1m           3Mi
        service4-6bfbd6d59c-6dh9q        1m           3Mi
        service40-7c5d878d8d-rfbdz       1m           3Mi
        service41-567cc54974-hv4dh       1m           3Mi
        service42-6c5db85bd-pfw4m        1m           3Mi
        service5-ffd8ccc6-wfkjh          1m           3Mi
        service6-6b89db49b6-h499m        1m           3Mi
        service7-845b5b8588-lv5q9        1m           3Mi
        service8-7c9f97fd46-pkbtg        1m           3Mi
        service9-7cb9cf658d-jdvxx        1m           3Mi
        ubuntu-client-76886f6bbd-ct5n2   0m           0Mi
        [run.sh] Test finished with status 0
        > STDERR
        > No resources found in default namespace.
    [exp] Times: [13.418795, 13.061546, 13.321934, 13.222713, 13.404214, 13.380386, 13.289495, 13.099459]
    [exp] Throughput: 753.3060105476777
[test.py] Running 1th slowdown exp
    [exp] Running (pre_run: False) workload synthetic/large-scale request with the following configuration: {'CLIENT_CPU_QUOTA': '2', 'SLOWPOKE_POKER_BATCH_THRESHOLD': '20000000', 'PROCESSING_TIME_SERVICE4': '0.00234975', 'PROCESSING_TIME_SERVICE0': '0.00114823', 'PROCESSING_TIME_SERVICE1': '0.00112713', 'PROCESSING_TIME_SERVICE2': '0.00112567', 'PROCESSING_TIME_SERVICE3': '0.00108198', 'PROCESSING_TIME_SERVICE5': '0.00092397', 'PROCESSING_TIME_SERVICE6': '0.00091663', 'PROCESSING_TIME_SERVICE7': '0.0008445', 'PROCESSING_TIME_SERVICE8': '0.00082763', 'PROCESSING_TIME_SERVICE9': '0.00082746', 'PROCESSING_TIME_SERVICE10': '0.00081339', 'PROCESSING_TIME_SERVICE11': '0.00079052', 'PROCESSING_TIME_SERVICE12': '0.00076379', 'PROCESSING_TIME_SERVICE13': '0.00073892', 'PROCESSING_TIME_SERVICE14': '0.00071725', 'PROCESSING_TIME_SERVICE15': '0.0007103', 'PROCESSING_TIME_SERVICE16': '0.00064814', 'PROCESSING_TIME_SERVICE17': '0.00063596', 'PROCESSING_TIME_SERVICE18': '0.00063485', 'PROCESSING_TIME_SERVICE19': '0.00062251', 'PROCESSING_TIME_SERVICE20': '0.0006121', 'PROCESSING_TIME_SERVICE21': '0.00060493', 'PROCESSING_TIME_SERVICE22': '0.00059362', 'PROCESSING_TIME_SERVICE23': '0.00058652', 'PROCESSING_TIME_SERVICE24': '0.00058578', 'PROCESSING_TIME_SERVICE25': '0.00055957', 'PROCESSING_TIME_SERVICE26': '0.00054507', 'PROCESSING_TIME_SERVICE27': '0.00050763', 'PROCESSING_TIME_SERVICE28': '0.00045135', 'PROCESSING_TIME_SERVICE29': '0.00044947', 'PROCESSING_TIME_SERVICE30': '0.00043772', 'PROCESSING_TIME_SERVICE31': '0.00040844', 'PROCESSING_TIME_SERVICE32': '0.00039446', 'PROCESSING_TIME_SERVICE33': '0.00037979', 'PROCESSING_TIME_SERVICE34': '0.00033094', 'PROCESSING_TIME_SERVICE35': '0.00032007', 'PROCESSING_TIME_SERVICE36': '0.00031273', 'PROCESSING_TIME_SERVICE37': '0.00027061', 'PROCESSING_TIME_SERVICE38': '0.00026683', 'PROCESSING_TIME_SERVICE39': '0.00023522', 'PROCESSING_TIME_SERVICE40': '0.00023345', 'PROCESSING_TIME_SERVICE41': '0.00015364', 'PROCESSING_TIME_SERVICE42': '9.551e-05', 'SLOWPOKE_DELAY_MICROS_SERVICE4': '0.0', 'SLOWPOKE_POKER_BATCH_THRESHOLD_SERVICE4': '100', 'SLOWPOKE_IS_TARGET_SERVICE_SERVICE4': 'true', 'SLOWPOKE_DELAY_MICROS_SERVICE0': '294.0', 'SLOWPOKE_POKER_BATCH_THRESHOLD_SERVICE0': '100', 'SLOWPOKE_IS_TARGET_SERVICE_SERVICE0': 'false', 'SLOWPOKE_DELAY_MICROS_SERVICE1': '294.0', 'SLOWPOKE_POKER_BATCH_THRESHOLD_SERVICE1': '100', 'SLOWPOKE_IS_TARGET_SERVICE_SERVICE1': 'false', 'SLOWPOKE_DELAY_MICROS_SERVICE2': '294.0', 'SLOWPOKE_POKER_BATCH_THRESHOLD_SERVICE2': '100', 'SLOWPOKE_IS_TARGET_SERVICE_SERVICE2': 'false', 'SLOWPOKE_DELAY_MICROS_SERVICE3': '294.0', 'SLOWPOKE_POKER_BATCH_THRESHOLD_SERVICE3': '100', 'SLOWPOKE_IS_TARGET_SERVICE_SERVICE3': 'false', 'SLOWPOKE_DELAY_MICROS_SERVICE5': '294.0', 'SLOWPOKE_POKER_BATCH_THRESHOLD_SERVICE5': '100', 'SLOWPOKE_IS_TARGET_SERVICE_SERVICE5': 'false', 'SLOWPOKE_DELAY_MICROS_SERVICE6': '294.0', 'SLOWPOKE_POKER_BATCH_THRESHOLD_SERVICE6': '100', 'SLOWPOKE_IS_TARGET_SERVICE_SERVICE6': 'false', 'SLOWPOKE_DELAY_MICROS_SERVICE7': '294.0', 'SLOWPOKE_POKER_BATCH_THRESHOLD_SERVICE7': '100', 'SLOWPOKE_IS_TARGET_SERVICE_SERVICE7': 'false', 'SLOWPOKE_DELAY_MICROS_SERVICE8': '294.0', 'SLOWPOKE_POKER_BATCH_THRESHOLD_SERVICE8': '100', 'SLOWPOKE_IS_TARGET_SERVICE_SERVICE8': 'false', 'SLOWPOKE_DELAY_MICROS_SERVICE9': '294.0', 'SLOWPOKE_POKER_BATCH_THRESHOLD_SERVICE9': '100', 'SLOWPOKE_IS_TARGET_SERVICE_SERVICE9': 'false', 'SLOWPOKE_DELAY_MICROS_SERVICE10': '294.0', 'SLOWPOKE_POKER_BATCH_THRESHOLD_SERVICE10': '100', 'SLOWPOKE_IS_TARGET_SERVICE_SERVICE10': 'false', 'SLOWPOKE_DELAY_MICROS_SERVICE11': '294.0', 'SLOWPOKE_POKER_BATCH_THRESHOLD_SERVICE11': '100', 'SLOWPOKE_IS_TARGET_SERVICE_SERVICE11': 'false', 'SLOWPOKE_DELAY_MICROS_SERVICE12': '294.0', 'SLOWPOKE_POKER_BATCH_THRESHOLD_SERVICE12': '100', 'SLOWPOKE_IS_TARGET_SERVICE_SERVICE12': 'false', 'SLOWPOKE_DELAY_MICROS_SERVICE13': '294.0', 'SLOWPOKE_POKER_BATCH_THRESHOLD_SERVICE13': '100', 'SLOWPOKE_IS_TARGET_SERVICE_SERVICE13': 'false', 'SLOWPOKE_DELAY_MICROS_SERVICE14': '294.0', 'SLOWPOKE_POKER_BATCH_THRESHOLD_SERVICE14': '100', 'SLOWPOKE_IS_TARGET_SERVICE_SERVICE14': 'false', 'SLOWPOKE_DELAY_MICROS_SERVICE15': '294.0', 'SLOWPOKE_POKER_BATCH_THRESHOLD_SERVICE15': '100', 'SLOWPOKE_IS_TARGET_SERVICE_SERVICE15': 'false', 'SLOWPOKE_DELAY_MICROS_SERVICE16': '294.0', 'SLOWPOKE_POKER_BATCH_THRESHOLD_SERVICE16': '100', 'SLOWPOKE_IS_TARGET_SERVICE_SERVICE16': 'false', 'SLOWPOKE_DELAY_MICROS_SERVICE17': '294.0', 'SLOWPOKE_POKER_BATCH_THRESHOLD_SERVICE17': '100', 'SLOWPOKE_IS_TARGET_SERVICE_SERVICE17': 'false', 'SLOWPOKE_DELAY_MICROS_SERVICE18': '294.0', 'SLOWPOKE_POKER_BATCH_THRESHOLD_SERVICE18': '100', 'SLOWPOKE_IS_TARGET_SERVICE_SERVICE18': 'false', 'SLOWPOKE_DELAY_MICROS_SERVICE19': '294.0', 'SLOWPOKE_POKER_BATCH_THRESHOLD_SERVICE19': '100', 'SLOWPOKE_IS_TARGET_SERVICE_SERVICE19': 'false', 'SLOWPOKE_DELAY_MICROS_SERVICE20': '294.0', 'SLOWPOKE_POKER_BATCH_THRESHOLD_SERVICE20': '100', 'SLOWPOKE_IS_TARGET_SERVICE_SERVICE20': 'false', 'SLOWPOKE_DELAY_MICROS_SERVICE21': '294.0', 'SLOWPOKE_POKER_BATCH_THRESHOLD_SERVICE21': '100', 'SLOWPOKE_IS_TARGET_SERVICE_SERVICE21': 'false', 'SLOWPOKE_DELAY_MICROS_SERVICE22': '294.0', 'SLOWPOKE_POKER_BATCH_THRESHOLD_SERVICE22': '100', 'SLOWPOKE_IS_TARGET_SERVICE_SERVICE22': 'false', 'SLOWPOKE_DELAY_MICROS_SERVICE23': '294.0', 'SLOWPOKE_POKER_BATCH_THRESHOLD_SERVICE23': '100', 'SLOWPOKE_IS_TARGET_SERVICE_SERVICE23': 'false', 'SLOWPOKE_DELAY_MICROS_SERVICE24': '294.0', 'SLOWPOKE_POKER_BATCH_THRESHOLD_SERVICE24': '100', 'SLOWPOKE_IS_TARGET_SERVICE_SERVICE24': 'false', 'SLOWPOKE_DELAY_MICROS_SERVICE25': '294.0', 'SLOWPOKE_POKER_BATCH_THRESHOLD_SERVICE25': '100', 'SLOWPOKE_IS_TARGET_SERVICE_SERVICE25': 'false', 'SLOWPOKE_DELAY_MICROS_SERVICE26': '294.0', 'SLOWPOKE_POKER_BATCH_THRESHOLD_SERVICE26': '100', 'SLOWPOKE_IS_TARGET_SERVICE_SERVICE26': 'false', 'SLOWPOKE_DELAY_MICROS_SERVICE27': '294.0', 'SLOWPOKE_POKER_BATCH_THRESHOLD_SERVICE27': '100', 'SLOWPOKE_IS_TARGET_SERVICE_SERVICE27': 'false', 'SLOWPOKE_DELAY_MICROS_SERVICE28': '294.0', 'SLOWPOKE_POKER_BATCH_THRESHOLD_SERVICE28': '100', 'SLOWPOKE_IS_TARGET_SERVICE_SERVICE28': 'false', 'SLOWPOKE_DELAY_MICROS_SERVICE29': '294.0', 'SLOWPOKE_POKER_BATCH_THRESHOLD_SERVICE29': '100', 'SLOWPOKE_IS_TARGET_SERVICE_SERVICE29': 'false', 'SLOWPOKE_DELAY_MICROS_SERVICE30': '294.0', 'SLOWPOKE_POKER_BATCH_THRESHOLD_SERVICE30': '100', 'SLOWPOKE_IS_TARGET_SERVICE_SERVICE30': 'false', 'SLOWPOKE_DELAY_MICROS_SERVICE31': '294.0', 'SLOWPOKE_POKER_BATCH_THRESHOLD_SERVICE31': '100', 'SLOWPOKE_IS_TARGET_SERVICE_SERVICE31': 'false', 'SLOWPOKE_DELAY_MICROS_SERVICE32': '294.0', 'SLOWPOKE_POKER_BATCH_THRESHOLD_SERVICE32': '100', 'SLOWPOKE_IS_TARGET_SERVICE_SERVICE32': 'false', 'SLOWPOKE_DELAY_MICROS_SERVICE33': '294.0', 'SLOWPOKE_POKER_BATCH_THRESHOLD_SERVICE33': '100', 'SLOWPOKE_IS_TARGET_SERVICE_SERVICE33': 'false', 'SLOWPOKE_DELAY_MICROS_SERVICE34': '294.0', 'SLOWPOKE_POKER_BATCH_THRESHOLD_SERVICE34': '100', 'SLOWPOKE_IS_TARGET_SERVICE_SERVICE34': 'false', 'SLOWPOKE_DELAY_MICROS_SERVICE35': '294.0', 'SLOWPOKE_POKER_BATCH_THRESHOLD_SERVICE35': '100', 'SLOWPOKE_IS_TARGET_SERVICE_SERVICE35': 'false', 'SLOWPOKE_DELAY_MICROS_SERVICE36': '294.0', 'SLOWPOKE_POKER_BATCH_THRESHOLD_SERVICE36': '100', 'SLOWPOKE_IS_TARGET_SERVICE_SERVICE36': 'false', 'SLOWPOKE_DELAY_MICROS_SERVICE37': '294.0', 'SLOWPOKE_POKER_BATCH_THRESHOLD_SERVICE37': '100', 'SLOWPOKE_IS_TARGET_SERVICE_SERVICE37': 'false', 'SLOWPOKE_DELAY_MICROS_SERVICE38': '294.0', 'SLOWPOKE_POKER_BATCH_THRESHOLD_SERVICE38': '100', 'SLOWPOKE_IS_TARGET_SERVICE_SERVICE38': 'false', 'SLOWPOKE_DELAY_MICROS_SERVICE39': '294.0', 'SLOWPOKE_POKER_BATCH_THRESHOLD_SERVICE39': '100', 'SLOWPOKE_IS_TARGET_SERVICE_SERVICE39': 'false', 'SLOWPOKE_DELAY_MICROS_SERVICE40': '294.0', 'SLOWPOKE_POKER_BATCH_THRESHOLD_SERVICE40': '100', 'SLOWPOKE_IS_TARGET_SERVICE_SERVICE40': 'false', 'SLOWPOKE_DELAY_MICROS_SERVICE41': '294.0', 'SLOWPOKE_POKER_BATCH_THRESHOLD_SERVICE41': '100', 'SLOWPOKE_IS_TARGET_SERVICE_SERVICE41': 'false', 'SLOWPOKE_DELAY_MICROS_SERVICE42': '294.0', 'SLOWPOKE_POKER_BATCH_THRESHOLD_SERVICE42': '100', 'SLOWPOKE_IS_TARGET_SERVICE_SERVICE42': 'false'}
    [exp] Executing cmd `bash run.sh synthetic large-scale 8 128 10000`:
        [run.sh] Running benchmark synthetic with request large-scale, thread 8, conn 128, duration 60
        [run.sh] Deleting all services
        configmap "config-service0" deleted
        deployment.apps "service0" deleted
        service "service0" deleted
        configmap "config-service1" deleted
        deployment.apps "service1" deleted
        service "service1" deleted
        configmap "config-service10" deleted
        deployment.apps "service10" deleted
        service "service10" deleted
        configmap "config-service11" deleted
        deployment.apps "service11" deleted
        service "service11" deleted
        configmap "config-service12" deleted
        deployment.apps "service12" deleted
        service "service12" deleted
        configmap "config-service13" deleted
        deployment.apps "service13" deleted
        service "service13" deleted
        configmap "config-service14" deleted
        deployment.apps "service14" deleted
        service "service14" deleted
        configmap "config-service15" deleted
        deployment.apps "service15" deleted
        service "service15" deleted
        configmap "config-service16" deleted
        deployment.apps "service16" deleted
        service "service16" deleted
        configmap "config-service17" deleted
        deployment.apps "service17" deleted
        service "service17" deleted
        configmap "config-service18" deleted
        deployment.apps "service18" deleted
        service "service18" deleted
        configmap "config-service19" deleted
        deployment.apps "service19" deleted
        service "service19" deleted
        configmap "config-service2" deleted
        deployment.apps "service2" deleted
        service "service2" deleted
        configmap "config-service20" deleted
        deployment.apps "service20" deleted
        service "service20" deleted
        configmap "config-service21" deleted
        deployment.apps "service21" deleted
        service "service21" deleted
        configmap "config-service22" deleted
        deployment.apps "service22" deleted
        service "service22" deleted
        configmap "config-service23" deleted
        deployment.apps "service23" deleted
        service "service23" deleted
        configmap "config-service24" deleted
        deployment.apps "service24" deleted
        service "service24" deleted
        configmap "config-service25" deleted
        deployment.apps "service25" deleted
        service "service25" deleted
        configmap "config-service26" deleted
        deployment.apps "service26" deleted
        service "service26" deleted
        configmap "config-service27" deleted
        deployment.apps "service27" deleted
        service "service27" deleted
        configmap "config-service28" deleted
        deployment.apps "service28" deleted
        service "service28" deleted
        configmap "config-service29" deleted
        deployment.apps "service29" deleted
        service "service29" deleted
        configmap "config-service3" deleted
        deployment.apps "service3" deleted
        service "service3" deleted
        configmap "config-service30" deleted
        deployment.apps "service30" deleted
        service "service30" deleted
        configmap "config-service31" deleted
        deployment.apps "service31" deleted
        service "service31" deleted
        configmap "config-service32" deleted
        deployment.apps "service32" deleted
        service "service32" deleted
        configmap "config-service33" deleted
        deployment.apps "service33" deleted
        service "service33" deleted
        configmap "config-service34" deleted
        deployment.apps "service34" deleted
        service "service34" deleted
        configmap "config-service35" deleted
        deployment.apps "service35" deleted
        service "service35" deleted
        configmap "config-service36" deleted
        deployment.apps "service36" deleted
        service "service36" deleted
        configmap "config-service37" deleted
        deployment.apps "service37" deleted
        service "service37" deleted
        configmap "config-service38" deleted
        deployment.apps "service38" deleted
        service "service38" deleted
        configmap "config-service39" deleted
        deployment.apps "service39" deleted
        service "service39" deleted
        configmap "config-service4" deleted
        deployment.apps "service4" deleted
        service "service4" deleted
        configmap "config-service40" deleted
        deployment.apps "service40" deleted
        service "service40" deleted
        configmap "config-service41" deleted
        deployment.apps "service41" deleted
        service "service41" deleted
        configmap "config-service42" deleted
        deployment.apps "service42" deleted
        service "service42" deleted
        configmap "config-service5" deleted
        deployment.apps "service5" deleted
        service "service5" deleted
        configmap "config-service6" deleted
        deployment.apps "service6" deleted
        service "service6" deleted
        configmap "config-service7" deleted
        deployment.apps "service7" deleted
        service "service7" deleted
        configmap "config-service8" deleted
        deployment.apps "service8" deleted
        service "service8" deleted
        configmap "config-service9" deleted
        deployment.apps "service9" deleted
        service "service9" deleted
        deployment.apps "ubuntu-client" deleted
        [run.sh] Waiting for all pods to be deleted
        [run.sh] Deploying all services
        configmap/config-service0 created
        deployment.apps/service0 created
        service/service0 created
        configmap/config-service1 created
        deployment.apps/service1 created
        service/service1 created
        configmap/config-service10 created
        deployment.apps/service10 created
        service/service10 created
        configmap/config-service11 created
        deployment.apps/service11 created
        service/service11 created
        configmap/config-service12 created
        deployment.apps/service12 created
        service/service12 created
        configmap/config-service13 created
        deployment.apps/service13 created
        service/service13 created
        configmap/config-service14 created
        deployment.apps/service14 created
        service/service14 created
        configmap/config-service15 created
        deployment.apps/service15 created
        service/service15 created
        configmap/config-service16 created
        deployment.apps/service16 created
        service/service16 created
        configmap/config-service17 created
        deployment.apps/service17 created
        service/service17 created
        configmap/config-service18 created
        deployment.apps/service18 created
        service/service18 created
        configmap/config-service19 created
        deployment.apps/service19 created
        service/service19 created
        configmap/config-service2 created
        deployment.apps/service2 created
        service/service2 created
        configmap/config-service20 created
        deployment.apps/service20 created
        service/service20 created
        configmap/config-service21 created
        deployment.apps/service21 created
        service/service21 created
        configmap/config-service22 created
        deployment.apps/service22 created
        service/service22 created
        configmap/config-service23 created
        deployment.apps/service23 created
        service/service23 created
        configmap/config-service24 created
        deployment.apps/service24 created
        service/service24 created
        configmap/config-service25 created
        deployment.apps/service25 created
        service/service25 created
        configmap/config-service26 created
        deployment.apps/service26 created
        service/service26 created
        configmap/config-service27 created
        deployment.apps/service27 created
        service/service27 created
        configmap/config-service28 created
        deployment.apps/service28 created
        service/service28 created
        configmap/config-service29 created
        deployment.apps/service29 created
        service/service29 created
        configmap/config-service3 created
        deployment.apps/service3 created
        service/service3 created
        configmap/config-service30 created
        deployment.apps/service30 created
        service/service30 created
        configmap/config-service31 created
        deployment.apps/service31 created
        service/service31 created
        configmap/config-service32 created
        deployment.apps/service32 created
        service/service32 created
        configmap/config-service33 created
        deployment.apps/service33 created
        service/service33 created
        configmap/config-service34 created
        deployment.apps/service34 created
        service/service34 created
        configmap/config-service35 created
        deployment.apps/service35 created
        service/service35 created
        configmap/config-service36 created
        deployment.apps/service36 created
        service/service36 created
        configmap/config-service37 created
        deployment.apps/service37 created
        service/service37 created
        configmap/config-service38 created
        deployment.apps/service38 created
        service/service38 created
        configmap/config-service39 created
        deployment.apps/service39 created
        service/service39 created
        configmap/config-service4 created
        deployment.apps/service4 created
        service/service4 created
        configmap/config-service40 created
        deployment.apps/service40 created
        service/service40 created
        configmap/config-service41 created
        deployment.apps/service41 created
        service/service41 created
        configmap/config-service42 created
        deployment.apps/service42 created
        service/service42 created
        configmap/config-service5 created
        deployment.apps/service5 created
        service/service5 created
        configmap/config-service6 created
        deployment.apps/service6 created
        service/service6 created
        configmap/config-service7 created
        deployment.apps/service7 created
        service/service7 created
        configmap/config-service8 created
        deployment.apps/service8 created
        service/service8 created
        configmap/config-service9 created
        deployment.apps/service9 created
        service/service9 created
        [run.sh] Client pod not found, deploying client
        deployment.apps/ubuntu-client created
        [run.sh] Waiting for all pods to be running
        [run.sh] All pods are running
        [run.sh] Running warmup test
        [run.sh] /wrk/wrk -t8 -c128 --timeout 10s -d10s -L http://service0:80/endpoint1
        Running 10s test @ http://service0:80/endpoint1
        8 threads and 128 connections
        Thread Stats   Avg      Stdev     Max   +/- Stdev
        Latency   222.86ms  133.15ms 882.51ms   74.41%
        Req/Sec    75.89     36.78   181.00     71.60%
        Latency Distribution
        50%  191.62ms
        75%  287.76ms
        90%  399.86ms
        99%  673.71ms
        5841 requests in 10.10s, 0.89MB read
        Requests/sec:    578.37
        Transfer/sec:     89.81KB
        [run.sh] Speed is 578.37, duration is 25
        [run.sh] Fix the request number.
        [run.sh] Running the actual test
        [run.sh] /wrk/wrk --timeout 20s -t8 -c128 -d25s -L -s /wrk/fix_req_n.lua http://service0:80/endpoint1
        Running 25s test @ http://service0:80/endpoint1
        8 threads and 128 connections
        Thread Stats   Avg      Stdev     Max   +/- Stdev
        Latency   211.14ms  110.45ms   1.01s    74.03%
        Req/Sec    75.92     36.42   171.00     69.20%
        Latency Distribution
        50%  187.20ms
        75%  263.30ms
        90%  359.45ms
        99%  584.49ms
        10000 requests in 25.00s, 1.52MB read
        Requests/sec:    400.00
        Transfer/sec:     62.11KB
        ------------------------------
        stop time: 16.475949
        stop time: 16.597370
        stop time: 16.230764
        stop time: 16.484998
        stop time: 16.563948
        stop time: 16.689539
        stop time: 16.394917
        stop time: 16.697846
        [run.sh] Checking the resource usage
        NAME                             CPU(cores)   MEMORY(bytes)
        service0-75cfdb49f8-x5hmq        877m         45Mi
        service1-6bd8b96fcc-wr7hz        1194m        28Mi
        service10-656c88d659-h2w6c       599m         12Mi
        service11-79494d4f65-cjcsv       580m         10Mi
        service12-99cf77bc-ds2fz         569m         10Mi
        service13-5c69cf9497-m62bz       552m         11Mi
        service14-7bc4d775f5-x4d9q       544m         11Mi
        service15-65986577b5-x4h9q       524m         11Mi
        service16-688fdfd4dc-ljj5p       502m         11Mi
        service17-7865476fdf-n7hs4       491m         11Mi
        service18-6dfdbdd499-6vsx5       486m         10Mi
        service19-5b5c9f9cd9-52v7n       481m         11Mi
        service2-6d5d64dcb7-ntzrl        1199m        32Mi
        service20-6c6559c8bf-j8mvb       476m         10Mi
        service21-74fd95f55-6b856        476m         11Mi
        service22-5ddbc758c7-s7ngp       461m         11Mi
        service23-6f5bf6656c-clsj4       461m         11Mi
        service24-555bc78bd9-tbj46       459m         10Mi
        service25-8c464ccbc-7z7dp        424m         12Mi
        service26-6c8d8cfdd5-mfklt       416m         12Mi
        service27-694d8bb7d7-vhw62       395m         12Mi
        service28-79876959fc-224ts       356m         12Mi
        service29-7d94f5468c-zpfzv       362m         12Mi
        service3-bf8bf455c-qnrbc         1180m        31Mi
        service30-6c49b86c67-v86ck       354m         11Mi
        service31-d5b9cc645-njdvj        355m         9Mi
        service32-69579879cf-vfwzc       344m         10Mi
        service33-5f7bf8bc69-8vn2v       334m         10Mi
        service34-dc67885dc-k7z77        302m         9Mi
        service35-58b88bcd5c-gm9zw       295m         12Mi
        service36-9b67db847-6ph9m        292m         10Mi
        service37-578cdfb865-vcd8t       265m         10Mi
        service38-74f96bd45f-tvt25       273m         10Mi
        service39-6cc6bdbc49-58w6x       249m         10Mi
        service4-6bfbd6d59c-nq5zr        1309m        42Mi
        service40-d8f785849-2b8c4        241m         9Mi
        service41-5dd46d7c7f-plfkl       193m         12Mi
        service42-5cd69c6cbf-sjlbr       159m         11Mi
        service5-549588597c-77s78        765m         28Mi
        service6-6755bf68ff-rwjz2        1111m        29Mi
        service7-857dc8558f-wn5pf        618m         10Mi
        service8-6db6b6f775-9lg4v        606m         10Mi
        service9-759bbf58c7-n9j7g        608m         10Mi
        ubuntu-client-76886f6bbd-qwl5n   22m          8Mi
        [run.sh] Test finished with status 0
        > STDERR
        > No resources found in default namespace.
    [exp] Times: [16.475949, 16.59737, 16.230764, 16.484998, 16.563948, 16.689539, 16.394917, 16.697846]
    [exp] Throughput: 605.4398879887773
[test.py] Finished running 1th optmization experiment: groundtruth->753.3060105476777, slowdown->605.4398879887773, predicted->736.7477656811675, err->-2.198076828627963
[test.py] Baseline throughput:  606.3277945087195
[test.py] Groundtruth:  [880.8884350062291, 753.3060105476777]
[test.py] Slowdown:  [572.0375217143655, 605.4398879887773]
[test.py] Predicted:  [861.8742450924287, 736.7477656811675]
[test.py] Error percentage:  [-2.158524185150177, -2.198076828627963]
[test.py] >>>>>>>>>>>>>>>>>>>>>>>>>>>>> Running experiment 3...
[test.py] Actual processing time range: [1174, 1761]
[test.py] Running baseline experiment
    [exp] Running (pre_run: False) workload synthetic/large-scale request with the following configuration: {'CLIENT_CPU_QUOTA': '2', 'SLOWPOKE_POKER_BATCH_THRESHOLD': '20000000', 'PROCESSING_TIME_SERVICE4': '0.00234975', 'PROCESSING_TIME_SERVICE0': '0.00114823', 'PROCESSING_TIME_SERVICE1': '0.00112713', 'PROCESSING_TIME_SERVICE2': '0.00112567', 'PROCESSING_TIME_SERVICE3': '0.00108198', 'PROCESSING_TIME_SERVICE5': '0.00092397', 'PROCESSING_TIME_SERVICE6': '0.00091663', 'PROCESSING_TIME_SERVICE7': '0.0008445', 'PROCESSING_TIME_SERVICE8': '0.00082763', 'PROCESSING_TIME_SERVICE9': '0.00082746', 'PROCESSING_TIME_SERVICE10': '0.00081339', 'PROCESSING_TIME_SERVICE11': '0.00079052', 'PROCESSING_TIME_SERVICE12': '0.00076379', 'PROCESSING_TIME_SERVICE13': '0.00073892', 'PROCESSING_TIME_SERVICE14': '0.00071725', 'PROCESSING_TIME_SERVICE15': '0.0007103', 'PROCESSING_TIME_SERVICE16': '0.00064814', 'PROCESSING_TIME_SERVICE17': '0.00063596', 'PROCESSING_TIME_SERVICE18': '0.00063485', 'PROCESSING_TIME_SERVICE19': '0.00062251', 'PROCESSING_TIME_SERVICE20': '0.0006121', 'PROCESSING_TIME_SERVICE21': '0.00060493', 'PROCESSING_TIME_SERVICE22': '0.00059362', 'PROCESSING_TIME_SERVICE23': '0.00058652', 'PROCESSING_TIME_SERVICE24': '0.00058578', 'PROCESSING_TIME_SERVICE25': '0.00055957', 'PROCESSING_TIME_SERVICE26': '0.00054507', 'PROCESSING_TIME_SERVICE27': '0.00050763', 'PROCESSING_TIME_SERVICE28': '0.00045135', 'PROCESSING_TIME_SERVICE29': '0.00044947', 'PROCESSING_TIME_SERVICE30': '0.00043772', 'PROCESSING_TIME_SERVICE31': '0.00040844', 'PROCESSING_TIME_SERVICE32': '0.00039446', 'PROCESSING_TIME_SERVICE33': '0.00037979', 'PROCESSING_TIME_SERVICE34': '0.00033094', 'PROCESSING_TIME_SERVICE35': '0.00032007', 'PROCESSING_TIME_SERVICE36': '0.00031273', 'PROCESSING_TIME_SERVICE37': '0.00027061', 'PROCESSING_TIME_SERVICE38': '0.00026683', 'PROCESSING_TIME_SERVICE39': '0.00023522', 'PROCESSING_TIME_SERVICE40': '0.00023345', 'PROCESSING_TIME_SERVICE41': '0.00015364', 'PROCESSING_TIME_SERVICE42': '9.551e-05', 'SLOWPOKE_DELAY_MICROS_SERVICE4': '0.0', 'SLOWPOKE_POKER_BATCH_THRESHOLD_SERVICE4': '100', 'SLOWPOKE_IS_TARGET_SERVICE_SERVICE4': 'true', 'SLOWPOKE_DELAY_MICROS_SERVICE0': '0.0', 'SLOWPOKE_POKER_BATCH_THRESHOLD_SERVICE0': '100', 'SLOWPOKE_IS_TARGET_SERVICE_SERVICE0': 'false', 'SLOWPOKE_DELAY_MICROS_SERVICE1': '0.0', 'SLOWPOKE_POKER_BATCH_THRESHOLD_SERVICE1': '100', 'SLOWPOKE_IS_TARGET_SERVICE_SERVICE1': 'false', 'SLOWPOKE_DELAY_MICROS_SERVICE2': '0.0', 'SLOWPOKE_POKER_BATCH_THRESHOLD_SERVICE2': '100', 'SLOWPOKE_IS_TARGET_SERVICE_SERVICE2': 'false', 'SLOWPOKE_DELAY_MICROS_SERVICE3': '0.0', 'SLOWPOKE_POKER_BATCH_THRESHOLD_SERVICE3': '100', 'SLOWPOKE_IS_TARGET_SERVICE_SERVICE3': 'false', 'SLOWPOKE_DELAY_MICROS_SERVICE5': '0.0', 'SLOWPOKE_POKER_BATCH_THRESHOLD_SERVICE5': '100', 'SLOWPOKE_IS_TARGET_SERVICE_SERVICE5': 'false', 'SLOWPOKE_DELAY_MICROS_SERVICE6': '0.0', 'SLOWPOKE_POKER_BATCH_THRESHOLD_SERVICE6': '100', 'SLOWPOKE_IS_TARGET_SERVICE_SERVICE6': 'false', 'SLOWPOKE_DELAY_MICROS_SERVICE7': '0.0', 'SLOWPOKE_POKER_BATCH_THRESHOLD_SERVICE7': '100', 'SLOWPOKE_IS_TARGET_SERVICE_SERVICE7': 'false', 'SLOWPOKE_DELAY_MICROS_SERVICE8': '0.0', 'SLOWPOKE_POKER_BATCH_THRESHOLD_SERVICE8': '100', 'SLOWPOKE_IS_TARGET_SERVICE_SERVICE8': 'false', 'SLOWPOKE_DELAY_MICROS_SERVICE9': '0.0', 'SLOWPOKE_POKER_BATCH_THRESHOLD_SERVICE9': '100', 'SLOWPOKE_IS_TARGET_SERVICE_SERVICE9': 'false', 'SLOWPOKE_DELAY_MICROS_SERVICE10': '0.0', 'SLOWPOKE_POKER_BATCH_THRESHOLD_SERVICE10': '100', 'SLOWPOKE_IS_TARGET_SERVICE_SERVICE10': 'false', 'SLOWPOKE_DELAY_MICROS_SERVICE11': '0.0', 'SLOWPOKE_POKER_BATCH_THRESHOLD_SERVICE11': '100', 'SLOWPOKE_IS_TARGET_SERVICE_SERVICE11': 'false', 'SLOWPOKE_DELAY_MICROS_SERVICE12': '0.0', 'SLOWPOKE_POKER_BATCH_THRESHOLD_SERVICE12': '100', 'SLOWPOKE_IS_TARGET_SERVICE_SERVICE12': 'false', 'SLOWPOKE_DELAY_MICROS_SERVICE13': '0.0', 'SLOWPOKE_POKER_BATCH_THRESHOLD_SERVICE13': '100', 'SLOWPOKE_IS_TARGET_SERVICE_SERVICE13': 'false', 'SLOWPOKE_DELAY_MICROS_SERVICE14': '0.0', 'SLOWPOKE_POKER_BATCH_THRESHOLD_SERVICE14': '100', 'SLOWPOKE_IS_TARGET_SERVICE_SERVICE14': 'false', 'SLOWPOKE_DELAY_MICROS_SERVICE15': '0.0', 'SLOWPOKE_POKER_BATCH_THRESHOLD_SERVICE15': '100', 'SLOWPOKE_IS_TARGET_SERVICE_SERVICE15': 'false', 'SLOWPOKE_DELAY_MICROS_SERVICE16': '0.0', 'SLOWPOKE_POKER_BATCH_THRESHOLD_SERVICE16': '100', 'SLOWPOKE_IS_TARGET_SERVICE_SERVICE16': 'false', 'SLOWPOKE_DELAY_MICROS_SERVICE17': '0.0', 'SLOWPOKE_POKER_BATCH_THRESHOLD_SERVICE17': '100', 'SLOWPOKE_IS_TARGET_SERVICE_SERVICE17': 'false', 'SLOWPOKE_DELAY_MICROS_SERVICE18': '0.0', 'SLOWPOKE_POKER_BATCH_THRESHOLD_SERVICE18': '100', 'SLOWPOKE_IS_TARGET_SERVICE_SERVICE18': 'false', 'SLOWPOKE_DELAY_MICROS_SERVICE19': '0.0', 'SLOWPOKE_POKER_BATCH_THRESHOLD_SERVICE19': '100', 'SLOWPOKE_IS_TARGET_SERVICE_SERVICE19': 'false', 'SLOWPOKE_DELAY_MICROS_SERVICE20': '0.0', 'SLOWPOKE_POKER_BATCH_THRESHOLD_SERVICE20': '100', 'SLOWPOKE_IS_TARGET_SERVICE_SERVICE20': 'false', 'SLOWPOKE_DELAY_MICROS_SERVICE21': '0.0', 'SLOWPOKE_POKER_BATCH_THRESHOLD_SERVICE21': '100', 'SLOWPOKE_IS_TARGET_SERVICE_SERVICE21': 'false', 'SLOWPOKE_DELAY_MICROS_SERVICE22': '0.0', 'SLOWPOKE_POKER_BATCH_THRESHOLD_SERVICE22': '100', 'SLOWPOKE_IS_TARGET_SERVICE_SERVICE22': 'false', 'SLOWPOKE_DELAY_MICROS_SERVICE23': '0.0', 'SLOWPOKE_POKER_BATCH_THRESHOLD_SERVICE23': '100', 'SLOWPOKE_IS_TARGET_SERVICE_SERVICE23': 'false', 'SLOWPOKE_DELAY_MICROS_SERVICE24': '0.0', 'SLOWPOKE_POKER_BATCH_THRESHOLD_SERVICE24': '100', 'SLOWPOKE_IS_TARGET_SERVICE_SERVICE24': 'false', 'SLOWPOKE_DELAY_MICROS_SERVICE25': '0.0', 'SLOWPOKE_POKER_BATCH_THRESHOLD_SERVICE25': '100', 'SLOWPOKE_IS_TARGET_SERVICE_SERVICE25': 'false', 'SLOWPOKE_DELAY_MICROS_SERVICE26': '0.0', 'SLOWPOKE_POKER_BATCH_THRESHOLD_SERVICE26': '100', 'SLOWPOKE_IS_TARGET_SERVICE_SERVICE26': 'false', 'SLOWPOKE_DELAY_MICROS_SERVICE27': '0.0', 'SLOWPOKE_POKER_BATCH_THRESHOLD_SERVICE27': '100', 'SLOWPOKE_IS_TARGET_SERVICE_SERVICE27': 'false', 'SLOWPOKE_DELAY_MICROS_SERVICE28': '0.0', 'SLOWPOKE_POKER_BATCH_THRESHOLD_SERVICE28': '100', 'SLOWPOKE_IS_TARGET_SERVICE_SERVICE28': 'false', 'SLOWPOKE_DELAY_MICROS_SERVICE29': '0.0', 'SLOWPOKE_POKER_BATCH_THRESHOLD_SERVICE29': '100', 'SLOWPOKE_IS_TARGET_SERVICE_SERVICE29': 'false', 'SLOWPOKE_DELAY_MICROS_SERVICE30': '0.0', 'SLOWPOKE_POKER_BATCH_THRESHOLD_SERVICE30': '100', 'SLOWPOKE_IS_TARGET_SERVICE_SERVICE30': 'false', 'SLOWPOKE_DELAY_MICROS_SERVICE31': '0.0', 'SLOWPOKE_POKER_BATCH_THRESHOLD_SERVICE31': '100', 'SLOWPOKE_IS_TARGET_SERVICE_SERVICE31': 'false', 'SLOWPOKE_DELAY_MICROS_SERVICE32': '0.0', 'SLOWPOKE_POKER_BATCH_THRESHOLD_SERVICE32': '100', 'SLOWPOKE_IS_TARGET_SERVICE_SERVICE32': 'false', 'SLOWPOKE_DELAY_MICROS_SERVICE33': '0.0', 'SLOWPOKE_POKER_BATCH_THRESHOLD_SERVICE33': '100', 'SLOWPOKE_IS_TARGET_SERVICE_SERVICE33': 'false', 'SLOWPOKE_DELAY_MICROS_SERVICE34': '0.0', 'SLOWPOKE_POKER_BATCH_THRESHOLD_SERVICE34': '100', 'SLOWPOKE_IS_TARGET_SERVICE_SERVICE34': 'false', 'SLOWPOKE_DELAY_MICROS_SERVICE35': '0.0', 'SLOWPOKE_POKER_BATCH_THRESHOLD_SERVICE35': '100', 'SLOWPOKE_IS_TARGET_SERVICE_SERVICE35': 'false', 'SLOWPOKE_DELAY_MICROS_SERVICE36': '0.0', 'SLOWPOKE_POKER_BATCH_THRESHOLD_SERVICE36': '100', 'SLOWPOKE_IS_TARGET_SERVICE_SERVICE36': 'false', 'SLOWPOKE_DELAY_MICROS_SERVICE37': '0.0', 'SLOWPOKE_POKER_BATCH_THRESHOLD_SERVICE37': '100', 'SLOWPOKE_IS_TARGET_SERVICE_SERVICE37': 'false', 'SLOWPOKE_DELAY_MICROS_SERVICE38': '0.0', 'SLOWPOKE_POKER_BATCH_THRESHOLD_SERVICE38': '100', 'SLOWPOKE_IS_TARGET_SERVICE_SERVICE38': 'false', 'SLOWPOKE_DELAY_MICROS_SERVICE39': '0.0', 'SLOWPOKE_POKER_BATCH_THRESHOLD_SERVICE39': '100', 'SLOWPOKE_IS_TARGET_SERVICE_SERVICE39': 'false', 'SLOWPOKE_DELAY_MICROS_SERVICE40': '0.0', 'SLOWPOKE_POKER_BATCH_THRESHOLD_SERVICE40': '100', 'SLOWPOKE_IS_TARGET_SERVICE_SERVICE40': 'false', 'SLOWPOKE_DELAY_MICROS_SERVICE41': '0.0', 'SLOWPOKE_POKER_BATCH_THRESHOLD_SERVICE41': '100', 'SLOWPOKE_IS_TARGET_SERVICE_SERVICE41': 'false', 'SLOWPOKE_DELAY_MICROS_SERVICE42': '0.0', 'SLOWPOKE_POKER_BATCH_THRESHOLD_SERVICE42': '100', 'SLOWPOKE_IS_TARGET_SERVICE_SERVICE42': 'false'}
    [exp] Executing cmd `bash run.sh synthetic large-scale 8 128 10000`:
        [run.sh] Running benchmark synthetic with request large-scale, thread 8, conn 128, duration 60
        [run.sh] Deleting all services
        configmap "config-service0" deleted
        deployment.apps "service0" deleted
        service "service0" deleted
        configmap "config-service1" deleted
        deployment.apps "service1" deleted
        service "service1" deleted
        configmap "config-service10" deleted
        deployment.apps "service10" deleted
        service "service10" deleted
        configmap "config-service11" deleted
        deployment.apps "service11" deleted
        service "service11" deleted
        configmap "config-service12" deleted
        deployment.apps "service12" deleted
        service "service12" deleted
        configmap "config-service13" deleted
        deployment.apps "service13" deleted
        service "service13" deleted
        configmap "config-service14" deleted
        deployment.apps "service14" deleted
        service "service14" deleted
        configmap "config-service15" deleted
        deployment.apps "service15" deleted
        service "service15" deleted
        configmap "config-service16" deleted
        deployment.apps "service16" deleted
        service "service16" deleted
        configmap "config-service17" deleted
        deployment.apps "service17" deleted
        service "service17" deleted
        configmap "config-service18" deleted
        deployment.apps "service18" deleted
        service "service18" deleted
        configmap "config-service19" deleted
        deployment.apps "service19" deleted
        service "service19" deleted
        configmap "config-service2" deleted
        deployment.apps "service2" deleted
        service "service2" deleted
        configmap "config-service20" deleted
        deployment.apps "service20" deleted
        service "service20" deleted
        configmap "config-service21" deleted
        deployment.apps "service21" deleted
        service "service21" deleted
        configmap "config-service22" deleted
        deployment.apps "service22" deleted
        service "service22" deleted
        configmap "config-service23" deleted
        deployment.apps "service23" deleted
        service "service23" deleted
        configmap "config-service24" deleted
        deployment.apps "service24" deleted
        service "service24" deleted
        configmap "config-service25" deleted
        deployment.apps "service25" deleted
        service "service25" deleted
        configmap "config-service26" deleted
        deployment.apps "service26" deleted
        service "service26" deleted
        configmap "config-service27" deleted
        deployment.apps "service27" deleted
        service "service27" deleted
        configmap "config-service28" deleted
        deployment.apps "service28" deleted
        service "service28" deleted
        configmap "config-service29" deleted
        deployment.apps "service29" deleted
        service "service29" deleted
        configmap "config-service3" deleted
        deployment.apps "service3" deleted
        service "service3" deleted
        configmap "config-service30" deleted
        deployment.apps "service30" deleted
        service "service30" deleted
        configmap "config-service31" deleted
        deployment.apps "service31" deleted
        service "service31" deleted
        configmap "config-service32" deleted
        deployment.apps "service32" deleted
        service "service32" deleted
        configmap "config-service33" deleted
        deployment.apps "service33" deleted
        service "service33" deleted
        configmap "config-service34" deleted
        deployment.apps "service34" deleted
        service "service34" deleted
        configmap "config-service35" deleted
        deployment.apps "service35" deleted
        service "service35" deleted
        configmap "config-service36" deleted
        deployment.apps "service36" deleted
        service "service36" deleted
        configmap "config-service37" deleted
        deployment.apps "service37" deleted
        service "service37" deleted
        configmap "config-service38" deleted
        deployment.apps "service38" deleted
        service "service38" deleted
        configmap "config-service39" deleted
        deployment.apps "service39" deleted
        service "service39" deleted
        configmap "config-service4" deleted
        deployment.apps "service4" deleted
        service "service4" deleted
        configmap "config-service40" deleted
        deployment.apps "service40" deleted
        service "service40" deleted
        configmap "config-service41" deleted
        deployment.apps "service41" deleted
        service "service41" deleted
        configmap "config-service42" deleted
        deployment.apps "service42" deleted
        service "service42" deleted
        configmap "config-service5" deleted
        deployment.apps "service5" deleted
        service "service5" deleted
        configmap "config-service6" deleted
        deployment.apps "service6" deleted
        service "service6" deleted
        configmap "config-service7" deleted
        deployment.apps "service7" deleted
        service "service7" deleted
        configmap "config-service8" deleted
        deployment.apps "service8" deleted
        service "service8" deleted
        configmap "config-service9" deleted
        deployment.apps "service9" deleted
        service "service9" deleted
        deployment.apps "ubuntu-client" deleted
        [run.sh] Waiting for all pods to be deleted
        [run.sh] Deploying all services
        configmap/config-service0 created
        deployment.apps/service0 created
        service/service0 created
        configmap/config-service1 created
        deployment.apps/service1 created
        service/service1 created
        configmap/config-service10 created
        deployment.apps/service10 created
        service/service10 created
        configmap/config-service11 created
        deployment.apps/service11 created
        service/service11 created
        configmap/config-service12 created
        deployment.apps/service12 created
        service/service12 created
        configmap/config-service13 created
        deployment.apps/service13 created
        service/service13 created
        configmap/config-service14 created
        deployment.apps/service14 created
        service/service14 created
        configmap/config-service15 created
        deployment.apps/service15 created
        service/service15 created
        configmap/config-service16 created
        deployment.apps/service16 created
        service/service16 created
        configmap/config-service17 created
        deployment.apps/service17 created
        service/service17 created
        configmap/config-service18 created
        deployment.apps/service18 created
        service/service18 created
        configmap/config-service19 created
        deployment.apps/service19 created
        service/service19 created
        configmap/config-service2 created
        deployment.apps/service2 created
        service/service2 created
        configmap/config-service20 created
        deployment.apps/service20 created
        service/service20 created
        configmap/config-service21 created
        deployment.apps/service21 created
        service/service21 created
        configmap/config-service22 created
        deployment.apps/service22 created
        service/service22 created
        configmap/config-service23 created
        deployment.apps/service23 created
        service/service23 created
        configmap/config-service24 created
        deployment.apps/service24 created
        service/service24 created
        configmap/config-service25 created
        deployment.apps/service25 created
        service/service25 created
        configmap/config-service26 created
        deployment.apps/service26 created
        service/service26 created
        configmap/config-service27 created
        deployment.apps/service27 created
        service/service27 created
        configmap/config-service28 created
        deployment.apps/service28 created
        service/service28 created
        configmap/config-service29 created
        deployment.apps/service29 created
        service/service29 created
        configmap/config-service3 created
        deployment.apps/service3 created
        service/service3 created
        configmap/config-service30 created
        deployment.apps/service30 created
        service/service30 created
        configmap/config-service31 created
        deployment.apps/service31 created
        service/service31 created
        configmap/config-service32 created
        deployment.apps/service32 created
        service/service32 created
        configmap/config-service33 created
        deployment.apps/service33 created
        service/service33 created
        configmap/config-service34 created
        deployment.apps/service34 created
        service/service34 created
        configmap/config-service35 created
        deployment.apps/service35 created
        service/service35 created
        configmap/config-service36 created
        deployment.apps/service36 created
        service/service36 created
        configmap/config-service37 created
        deployment.apps/service37 created
        service/service37 created
        configmap/config-service38 created
        deployment.apps/service38 created
        service/service38 created
        configmap/config-service39 created
        deployment.apps/service39 created
        service/service39 created
        configmap/config-service4 created
        deployment.apps/service4 created
        service/service4 created
        configmap/config-service40 created
        deployment.apps/service40 created
        service/service40 created
        configmap/config-service41 created
        deployment.apps/service41 created
        service/service41 created
        configmap/config-service42 created
        deployment.apps/service42 created
        service/service42 created
        configmap/config-service5 created
        deployment.apps/service5 created
        service/service5 created
        configmap/config-service6 created
        deployment.apps/service6 created
        service/service6 created
        configmap/config-service7 created
        deployment.apps/service7 created
        service/service7 created
        configmap/config-service8 created
        deployment.apps/service8 created
        service/service8 created
        configmap/config-service9 created
        deployment.apps/service9 created
        service/service9 created
        [run.sh] Client pod not found, deploying client
        deployment.apps/ubuntu-client created
        [run.sh] Waiting for all pods to be running
        [run.sh] All pods are running
        [run.sh] Running warmup test
        [run.sh] /wrk/wrk -t8 -c128 --timeout 10s -d10s -L http://service0:80/endpoint1
        Running 10s test @ http://service0:80/endpoint1
        8 threads and 128 connections
        Thread Stats   Avg      Stdev     Max   +/- Stdev
        Latency   227.84ms  132.95ms 974.78ms   74.72%
        Req/Sec    75.40     38.91   202.00     67.28%
        Latency Distribution
        50%  200.32ms
        75%  285.95ms
        90%  412.77ms
        99%  658.41ms
        5800 requests in 10.01s, 0.88MB read
        Requests/sec:    579.33
        Transfer/sec:     89.95KB
        [run.sh] Speed is 579.33, duration is 25
        [run.sh] Fix the request number.
        [run.sh] Running the actual test
        [run.sh] /wrk/wrk --timeout 20s -t8 -c128 -d25s -L -s /wrk/fix_req_n.lua http://service0:80/endpoint1
        Running 25s test @ http://service0:80/endpoint1
        8 threads and 128 connections
        Thread Stats   Avg      Stdev     Max   +/- Stdev
        Latency   210.31ms  130.65ms 961.41ms   75.93%
        Req/Sec    76.94     37.07   222.00     70.35%
        Latency Distribution
        50%  183.10ms
        75%  264.49ms
        90%  379.02ms
        99%  656.19ms
        10000 requests in 25.00s, 1.52MB read
        Requests/sec:    400.00
        Transfer/sec:     62.11KB
        ------------------------------
        stop time: 16.394795
        stop time: 16.172792
        stop time: 16.413056
        stop time: 16.377953
        stop time: 16.466725
        stop time: 16.129348
        stop time: 16.339822
        stop time: 16.473535
        [run.sh] Checking the resource usage
        NAME                             CPU(cores)   MEMORY(bytes)
        service0-69955d4677-m9pmb        596m         37Mi
        service1-58c95cb96-hc4dj         849m         25Mi
        service10-9549b4cd-mjf2d         442m         9Mi
        service11-b76846c44-4w6j6        546m         11Mi
        service12-8ddc6874b-qvwdg        558m         10Mi
        service13-6dc48cb75b-5lqng       516m         10Mi
        service14-6fdd479dcd-8xfq4       439m         10Mi
        service15-6bc59bd7d4-gsswz       501m         10Mi
        service16-7886b6b8d6-sgzvm       384m         10Mi
        service17-7b5f6467b8-qmd7z       398m         12Mi
        service18-65595ccfd6-92rjx       445m         9Mi
        service19-55c65f57c6-dxpcb       454m         10Mi
        service2-5d59c5bd5d-pvhgs        453m         33Mi
        service20-58b86cfc4d-m7hnx       387m         9Mi
        service21-8d587d69d-vhnk9        379m         9Mi
        service22-55796dcf9b-rfjwl       408m         9Mi
        service23-599c6478cd-swmdk       371m         11Mi
        service24-655749d78d-tgpv5       450m         10Mi
        service25-656bf89c8b-47wt7       374m         10Mi
        service26-5fcc5669d4-g7bhx       391m         13Mi
        service27-8687746986-nb2q9       351m         11Mi
        service28-6bbbb998d8-jkrq2       331m         11Mi
        service29-655dfdfd6b-hw5fw       321m         11Mi
        service3-564487d7d8-p464j        442m         29Mi
        service30-6d966bbbcd-nznpz       339m         11Mi
        service31-9476bd9bd-khd7s        311m         8Mi
        service32-64b88b58b-sncs6        319m         9Mi
        service33-69bdf8b97b-b75td       293m         8Mi
        service34-9d9487db6-2gg7j        267m         11Mi
        service35-575bf5bbb8-5lspc       262m         11Mi
        service36-765d6cd758-4ggfk       263m         8Mi
        service37-66f4568564-zkml5       244m         8Mi
        service38-56fc9c9b7d-5mqhx       220m         8Mi
        service39-5b478bd9b-5p59n        190m         8Mi
        service4-6bfbd6d59c-rb2qh        876m         39Mi
        service40-7c5d878d8d-knzmr       222m         9Mi
        service41-567cc54974-hfxv4       190m         9Mi
        service42-6c5db85bd-lx6c6        158m         11Mi
        service5-ffd8ccc6-ccgvk          521m         30Mi
        service6-6b89db49b6-hjb65        741m         27Mi
        service7-845b5b8588-rdsxw        458m         9Mi
        service8-7c9f97fd46-zjpsj        453m         9Mi
        service9-7cb9cf658d-4r9pr        514m         9Mi
        ubuntu-client-76886f6bbd-cgh79   19m          0Mi
        [run.sh] Test finished with status 0
        > STDERR
        > No resources found in default namespace.
    [exp] Times: [16.394795, 16.172792, 16.413056, 16.377953, 16.466725, 16.129348, 16.339822, 16.473535]
    [exp] Throughput: 611.7703420865281
[test.py] Baseline throughput: 611.7703420865281
[test.py] Running 0th optmization experiment
[test.py] Running 0th groundtruth exp
    [exp] Running (pre_run: False) workload synthetic/large-scale request with the following configuration: {'CLIENT_CPU_QUOTA': '2', 'SLOWPOKE_POKER_BATCH_THRESHOLD': '20000000', 'PROCESSING_TIME_SERVICE4': '0.001174', 'PROCESSING_TIME_SERVICE0': '0.00114823', 'PROCESSING_TIME_SERVICE1': '0.00112713', 'PROCESSING_TIME_SERVICE2': '0.00112567', 'PROCESSING_TIME_SERVICE3': '0.00108198', 'PROCESSING_TIME_SERVICE5': '0.00092397', 'PROCESSING_TIME_SERVICE6': '0.00091663', 'PROCESSING_TIME_SERVICE7': '0.0008445', 'PROCESSING_TIME_SERVICE8': '0.00082763', 'PROCESSING_TIME_SERVICE9': '0.00082746', 'PROCESSING_TIME_SERVICE10': '0.00081339', 'PROCESSING_TIME_SERVICE11': '0.00079052', 'PROCESSING_TIME_SERVICE12': '0.00076379', 'PROCESSING_TIME_SERVICE13': '0.00073892', 'PROCESSING_TIME_SERVICE14': '0.00071725', 'PROCESSING_TIME_SERVICE15': '0.0007103', 'PROCESSING_TIME_SERVICE16': '0.00064814', 'PROCESSING_TIME_SERVICE17': '0.00063596', 'PROCESSING_TIME_SERVICE18': '0.00063485', 'PROCESSING_TIME_SERVICE19': '0.00062251', 'PROCESSING_TIME_SERVICE20': '0.0006121', 'PROCESSING_TIME_SERVICE21': '0.00060493', 'PROCESSING_TIME_SERVICE22': '0.00059362', 'PROCESSING_TIME_SERVICE23': '0.00058652', 'PROCESSING_TIME_SERVICE24': '0.00058578', 'PROCESSING_TIME_SERVICE25': '0.00055957', 'PROCESSING_TIME_SERVICE26': '0.00054507', 'PROCESSING_TIME_SERVICE27': '0.00050763', 'PROCESSING_TIME_SERVICE28': '0.00045135', 'PROCESSING_TIME_SERVICE29': '0.00044947', 'PROCESSING_TIME_SERVICE30': '0.00043772', 'PROCESSING_TIME_SERVICE31': '0.00040844', 'PROCESSING_TIME_SERVICE32': '0.00039446', 'PROCESSING_TIME_SERVICE33': '0.00037979', 'PROCESSING_TIME_SERVICE34': '0.00033094', 'PROCESSING_TIME_SERVICE35': '0.00032007', 'PROCESSING_TIME_SERVICE36': '0.00031273', 'PROCESSING_TIME_SERVICE37': '0.00027061', 'PROCESSING_TIME_SERVICE38': '0.00026683', 'PROCESSING_TIME_SERVICE39': '0.00023522', 'PROCESSING_TIME_SERVICE40': '0.00023345', 'PROCESSING_TIME_SERVICE41': '0.00015364', 'PROCESSING_TIME_SERVICE42': '9.551e-05', 'SLOWPOKE_DELAY_MICROS_SERVICE4': '0.0', 'SLOWPOKE_POKER_BATCH_THRESHOLD_SERVICE4': '100', 'SLOWPOKE_IS_TARGET_SERVICE_SERVICE4': 'true', 'SLOWPOKE_DELAY_MICROS_SERVICE0': '0.0', 'SLOWPOKE_POKER_BATCH_THRESHOLD_SERVICE0': '100', 'SLOWPOKE_IS_TARGET_SERVICE_SERVICE0': 'false', 'SLOWPOKE_DELAY_MICROS_SERVICE1': '0.0', 'SLOWPOKE_POKER_BATCH_THRESHOLD_SERVICE1': '100', 'SLOWPOKE_IS_TARGET_SERVICE_SERVICE1': 'false', 'SLOWPOKE_DELAY_MICROS_SERVICE2': '0.0', 'SLOWPOKE_POKER_BATCH_THRESHOLD_SERVICE2': '100', 'SLOWPOKE_IS_TARGET_SERVICE_SERVICE2': 'false', 'SLOWPOKE_DELAY_MICROS_SERVICE3': '0.0', 'SLOWPOKE_POKER_BATCH_THRESHOLD_SERVICE3': '100', 'SLOWPOKE_IS_TARGET_SERVICE_SERVICE3': 'false', 'SLOWPOKE_DELAY_MICROS_SERVICE5': '0.0', 'SLOWPOKE_POKER_BATCH_THRESHOLD_SERVICE5': '100', 'SLOWPOKE_IS_TARGET_SERVICE_SERVICE5': 'false', 'SLOWPOKE_DELAY_MICROS_SERVICE6': '0.0', 'SLOWPOKE_POKER_BATCH_THRESHOLD_SERVICE6': '100', 'SLOWPOKE_IS_TARGET_SERVICE_SERVICE6': 'false', 'SLOWPOKE_DELAY_MICROS_SERVICE7': '0.0', 'SLOWPOKE_POKER_BATCH_THRESHOLD_SERVICE7': '100', 'SLOWPOKE_IS_TARGET_SERVICE_SERVICE7': 'false', 'SLOWPOKE_DELAY_MICROS_SERVICE8': '0.0', 'SLOWPOKE_POKER_BATCH_THRESHOLD_SERVICE8': '100', 'SLOWPOKE_IS_TARGET_SERVICE_SERVICE8': 'false', 'SLOWPOKE_DELAY_MICROS_SERVICE9': '0.0', 'SLOWPOKE_POKER_BATCH_THRESHOLD_SERVICE9': '100', 'SLOWPOKE_IS_TARGET_SERVICE_SERVICE9': 'false', 'SLOWPOKE_DELAY_MICROS_SERVICE10': '0.0', 'SLOWPOKE_POKER_BATCH_THRESHOLD_SERVICE10': '100', 'SLOWPOKE_IS_TARGET_SERVICE_SERVICE10': 'false', 'SLOWPOKE_DELAY_MICROS_SERVICE11': '0.0', 'SLOWPOKE_POKER_BATCH_THRESHOLD_SERVICE11': '100', 'SLOWPOKE_IS_TARGET_SERVICE_SERVICE11': 'false', 'SLOWPOKE_DELAY_MICROS_SERVICE12': '0.0', 'SLOWPOKE_POKER_BATCH_THRESHOLD_SERVICE12': '100', 'SLOWPOKE_IS_TARGET_SERVICE_SERVICE12': 'false', 'SLOWPOKE_DELAY_MICROS_SERVICE13': '0.0', 'SLOWPOKE_POKER_BATCH_THRESHOLD_SERVICE13': '100', 'SLOWPOKE_IS_TARGET_SERVICE_SERVICE13': 'false', 'SLOWPOKE_DELAY_MICROS_SERVICE14': '0.0', 'SLOWPOKE_POKER_BATCH_THRESHOLD_SERVICE14': '100', 'SLOWPOKE_IS_TARGET_SERVICE_SERVICE14': 'false', 'SLOWPOKE_DELAY_MICROS_SERVICE15': '0.0', 'SLOWPOKE_POKER_BATCH_THRESHOLD_SERVICE15': '100', 'SLOWPOKE_IS_TARGET_SERVICE_SERVICE15': 'false', 'SLOWPOKE_DELAY_MICROS_SERVICE16': '0.0', 'SLOWPOKE_POKER_BATCH_THRESHOLD_SERVICE16': '100', 'SLOWPOKE_IS_TARGET_SERVICE_SERVICE16': 'false', 'SLOWPOKE_DELAY_MICROS_SERVICE17': '0.0', 'SLOWPOKE_POKER_BATCH_THRESHOLD_SERVICE17': '100', 'SLOWPOKE_IS_TARGET_SERVICE_SERVICE17': 'false', 'SLOWPOKE_DELAY_MICROS_SERVICE18': '0.0', 'SLOWPOKE_POKER_BATCH_THRESHOLD_SERVICE18': '100', 'SLOWPOKE_IS_TARGET_SERVICE_SERVICE18': 'false', 'SLOWPOKE_DELAY_MICROS_SERVICE19': '0.0', 'SLOWPOKE_POKER_BATCH_THRESHOLD_SERVICE19': '100', 'SLOWPOKE_IS_TARGET_SERVICE_SERVICE19': 'false', 'SLOWPOKE_DELAY_MICROS_SERVICE20': '0.0', 'SLOWPOKE_POKER_BATCH_THRESHOLD_SERVICE20': '100', 'SLOWPOKE_IS_TARGET_SERVICE_SERVICE20': 'false', 'SLOWPOKE_DELAY_MICROS_SERVICE21': '0.0', 'SLOWPOKE_POKER_BATCH_THRESHOLD_SERVICE21': '100', 'SLOWPOKE_IS_TARGET_SERVICE_SERVICE21': 'false', 'SLOWPOKE_DELAY_MICROS_SERVICE22': '0.0', 'SLOWPOKE_POKER_BATCH_THRESHOLD_SERVICE22': '100', 'SLOWPOKE_IS_TARGET_SERVICE_SERVICE22': 'false', 'SLOWPOKE_DELAY_MICROS_SERVICE23': '0.0', 'SLOWPOKE_POKER_BATCH_THRESHOLD_SERVICE23': '100', 'SLOWPOKE_IS_TARGET_SERVICE_SERVICE23': 'false', 'SLOWPOKE_DELAY_MICROS_SERVICE24': '0.0', 'SLOWPOKE_POKER_BATCH_THRESHOLD_SERVICE24': '100', 'SLOWPOKE_IS_TARGET_SERVICE_SERVICE24': 'false', 'SLOWPOKE_DELAY_MICROS_SERVICE25': '0.0', 'SLOWPOKE_POKER_BATCH_THRESHOLD_SERVICE25': '100', 'SLOWPOKE_IS_TARGET_SERVICE_SERVICE25': 'false', 'SLOWPOKE_DELAY_MICROS_SERVICE26': '0.0', 'SLOWPOKE_POKER_BATCH_THRESHOLD_SERVICE26': '100', 'SLOWPOKE_IS_TARGET_SERVICE_SERVICE26': 'false', 'SLOWPOKE_DELAY_MICROS_SERVICE27': '0.0', 'SLOWPOKE_POKER_BATCH_THRESHOLD_SERVICE27': '100', 'SLOWPOKE_IS_TARGET_SERVICE_SERVICE27': 'false', 'SLOWPOKE_DELAY_MICROS_SERVICE28': '0.0', 'SLOWPOKE_POKER_BATCH_THRESHOLD_SERVICE28': '100', 'SLOWPOKE_IS_TARGET_SERVICE_SERVICE28': 'false', 'SLOWPOKE_DELAY_MICROS_SERVICE29': '0.0', 'SLOWPOKE_POKER_BATCH_THRESHOLD_SERVICE29': '100', 'SLOWPOKE_IS_TARGET_SERVICE_SERVICE29': 'false', 'SLOWPOKE_DELAY_MICROS_SERVICE30': '0.0', 'SLOWPOKE_POKER_BATCH_THRESHOLD_SERVICE30': '100', 'SLOWPOKE_IS_TARGET_SERVICE_SERVICE30': 'false', 'SLOWPOKE_DELAY_MICROS_SERVICE31': '0.0', 'SLOWPOKE_POKER_BATCH_THRESHOLD_SERVICE31': '100', 'SLOWPOKE_IS_TARGET_SERVICE_SERVICE31': 'false', 'SLOWPOKE_DELAY_MICROS_SERVICE32': '0.0', 'SLOWPOKE_POKER_BATCH_THRESHOLD_SERVICE32': '100', 'SLOWPOKE_IS_TARGET_SERVICE_SERVICE32': 'false', 'SLOWPOKE_DELAY_MICROS_SERVICE33': '0.0', 'SLOWPOKE_POKER_BATCH_THRESHOLD_SERVICE33': '100', 'SLOWPOKE_IS_TARGET_SERVICE_SERVICE33': 'false', 'SLOWPOKE_DELAY_MICROS_SERVICE34': '0.0', 'SLOWPOKE_POKER_BATCH_THRESHOLD_SERVICE34': '100', 'SLOWPOKE_IS_TARGET_SERVICE_SERVICE34': 'false', 'SLOWPOKE_DELAY_MICROS_SERVICE35': '0.0', 'SLOWPOKE_POKER_BATCH_THRESHOLD_SERVICE35': '100', 'SLOWPOKE_IS_TARGET_SERVICE_SERVICE35': 'false', 'SLOWPOKE_DELAY_MICROS_SERVICE36': '0.0', 'SLOWPOKE_POKER_BATCH_THRESHOLD_SERVICE36': '100', 'SLOWPOKE_IS_TARGET_SERVICE_SERVICE36': 'false', 'SLOWPOKE_DELAY_MICROS_SERVICE37': '0.0', 'SLOWPOKE_POKER_BATCH_THRESHOLD_SERVICE37': '100', 'SLOWPOKE_IS_TARGET_SERVICE_SERVICE37': 'false', 'SLOWPOKE_DELAY_MICROS_SERVICE38': '0.0', 'SLOWPOKE_POKER_BATCH_THRESHOLD_SERVICE38': '100', 'SLOWPOKE_IS_TARGET_SERVICE_SERVICE38': 'false', 'SLOWPOKE_DELAY_MICROS_SERVICE39': '0.0', 'SLOWPOKE_POKER_BATCH_THRESHOLD_SERVICE39': '100', 'SLOWPOKE_IS_TARGET_SERVICE_SERVICE39': 'false', 'SLOWPOKE_DELAY_MICROS_SERVICE40': '0.0', 'SLOWPOKE_POKER_BATCH_THRESHOLD_SERVICE40': '100', 'SLOWPOKE_IS_TARGET_SERVICE_SERVICE40': 'false', 'SLOWPOKE_DELAY_MICROS_SERVICE41': '0.0', 'SLOWPOKE_POKER_BATCH_THRESHOLD_SERVICE41': '100', 'SLOWPOKE_IS_TARGET_SERVICE_SERVICE41': 'false', 'SLOWPOKE_DELAY_MICROS_SERVICE42': '0.0', 'SLOWPOKE_POKER_BATCH_THRESHOLD_SERVICE42': '100', 'SLOWPOKE_IS_TARGET_SERVICE_SERVICE42': 'false'}
    [exp] Executing cmd `bash run.sh synthetic large-scale 8 128 10000`:
        [run.sh] Running benchmark synthetic with request large-scale, thread 8, conn 128, duration 60
        [run.sh] Deleting all services
        configmap "config-service0" deleted
        deployment.apps "service0" deleted
        service "service0" deleted
        configmap "config-service1" deleted
        deployment.apps "service1" deleted
        service "service1" deleted
        configmap "config-service10" deleted
        deployment.apps "service10" deleted
        service "service10" deleted
        configmap "config-service11" deleted
        deployment.apps "service11" deleted
        service "service11" deleted
        configmap "config-service12" deleted
        deployment.apps "service12" deleted
        service "service12" deleted
        configmap "config-service13" deleted
        deployment.apps "service13" deleted
        service "service13" deleted
        configmap "config-service14" deleted
        deployment.apps "service14" deleted
        service "service14" deleted
        configmap "config-service15" deleted
        deployment.apps "service15" deleted
        service "service15" deleted
        configmap "config-service16" deleted
        deployment.apps "service16" deleted
        service "service16" deleted
        configmap "config-service17" deleted
        deployment.apps "service17" deleted
        service "service17" deleted
        configmap "config-service18" deleted
        deployment.apps "service18" deleted
        service "service18" deleted
        configmap "config-service19" deleted
        deployment.apps "service19" deleted
        service "service19" deleted
        configmap "config-service2" deleted
        deployment.apps "service2" deleted
        service "service2" deleted
        configmap "config-service20" deleted
        deployment.apps "service20" deleted
        service "service20" deleted
        configmap "config-service21" deleted
        deployment.apps "service21" deleted
        service "service21" deleted
        configmap "config-service22" deleted
        deployment.apps "service22" deleted
        service "service22" deleted
        configmap "config-service23" deleted
        deployment.apps "service23" deleted
        service "service23" deleted
        configmap "config-service24" deleted
        deployment.apps "service24" deleted
        service "service24" deleted
        configmap "config-service25" deleted
        deployment.apps "service25" deleted
        service "service25" deleted
        configmap "config-service26" deleted
        deployment.apps "service26" deleted
        service "service26" deleted
        configmap "config-service27" deleted
        deployment.apps "service27" deleted
        service "service27" deleted
        configmap "config-service28" deleted
        deployment.apps "service28" deleted
        service "service28" deleted
        configmap "config-service29" deleted
        deployment.apps "service29" deleted
        service "service29" deleted
        configmap "config-service3" deleted
        deployment.apps "service3" deleted
        service "service3" deleted
        configmap "config-service30" deleted
        deployment.apps "service30" deleted
        service "service30" deleted
        configmap "config-service31" deleted
        deployment.apps "service31" deleted
        service "service31" deleted
        configmap "config-service32" deleted
        deployment.apps "service32" deleted
        service "service32" deleted
        configmap "config-service33" deleted
        deployment.apps "service33" deleted
        service "service33" deleted
        configmap "config-service34" deleted
        deployment.apps "service34" deleted
        service "service34" deleted
        configmap "config-service35" deleted
        deployment.apps "service35" deleted
        service "service35" deleted
        configmap "config-service36" deleted
        deployment.apps "service36" deleted
        service "service36" deleted
        configmap "config-service37" deleted
        deployment.apps "service37" deleted
        service "service37" deleted
        configmap "config-service38" deleted
        deployment.apps "service38" deleted
        service "service38" deleted
        configmap "config-service39" deleted
        deployment.apps "service39" deleted
        service "service39" deleted
        configmap "config-service4" deleted
        deployment.apps "service4" deleted
        service "service4" deleted
        configmap "config-service40" deleted
        deployment.apps "service40" deleted
        service "service40" deleted
        configmap "config-service41" deleted
        deployment.apps "service41" deleted
        service "service41" deleted
        configmap "config-service42" deleted
        deployment.apps "service42" deleted
        service "service42" deleted
        configmap "config-service5" deleted
        deployment.apps "service5" deleted
        service "service5" deleted
        configmap "config-service6" deleted
        deployment.apps "service6" deleted
        service "service6" deleted
        configmap "config-service7" deleted
        deployment.apps "service7" deleted
        service "service7" deleted
        configmap "config-service8" deleted
        deployment.apps "service8" deleted
        service "service8" deleted
        configmap "config-service9" deleted
        deployment.apps "service9" deleted
        service "service9" deleted
        deployment.apps "ubuntu-client" deleted
        [run.sh] Waiting for all pods to be deleted
        [run.sh] Deploying all services
        configmap/config-service0 created
        deployment.apps/service0 created
        service/service0 created
        configmap/config-service1 created
        deployment.apps/service1 created
        service/service1 created
        configmap/config-service10 created
        deployment.apps/service10 created
        service/service10 created
        configmap/config-service11 created
        deployment.apps/service11 created
        service/service11 created
        configmap/config-service12 created
        deployment.apps/service12 created
        service/service12 created
        configmap/config-service13 created
        deployment.apps/service13 created
        service/service13 created
        configmap/config-service14 created
        deployment.apps/service14 created
        service/service14 created
        configmap/config-service15 created
        deployment.apps/service15 created
        service/service15 created
        configmap/config-service16 created
        deployment.apps/service16 created
        service/service16 created
        configmap/config-service17 created
        deployment.apps/service17 created
        service/service17 created
        configmap/config-service18 created
        deployment.apps/service18 created
        service/service18 created
        configmap/config-service19 created
        deployment.apps/service19 created
        service/service19 created
        configmap/config-service2 created
        deployment.apps/service2 created
        service/service2 created
        configmap/config-service20 created
        deployment.apps/service20 created
        service/service20 created
        configmap/config-service21 created
        deployment.apps/service21 created
        service/service21 created
        configmap/config-service22 created
        deployment.apps/service22 created
        service/service22 created
        configmap/config-service23 created
        deployment.apps/service23 created
        service/service23 created
        configmap/config-service24 created
        deployment.apps/service24 created
        service/service24 created
        configmap/config-service25 created
        deployment.apps/service25 created
        service/service25 created
        configmap/config-service26 created
        deployment.apps/service26 created
        service/service26 created
        configmap/config-service27 created
        deployment.apps/service27 created
        service/service27 created
        configmap/config-service28 created
        deployment.apps/service28 created
        service/service28 created
        configmap/config-service29 created
        deployment.apps/service29 created
        service/service29 created
        configmap/config-service3 created
        deployment.apps/service3 created
        service/service3 created
        configmap/config-service30 created
        deployment.apps/service30 created
        service/service30 created
        configmap/config-service31 created
        deployment.apps/service31 created
        service/service31 created
        configmap/config-service32 created
        deployment.apps/service32 created
        service/service32 created
        configmap/config-service33 created
        deployment.apps/service33 created
        service/service33 created
        configmap/config-service34 created
        deployment.apps/service34 created
        service/service34 created
        configmap/config-service35 created
        deployment.apps/service35 created
        service/service35 created
        configmap/config-service36 created
        deployment.apps/service36 created
        service/service36 created
        configmap/config-service37 created
        deployment.apps/service37 created
        service/service37 created
        configmap/config-service38 created
        deployment.apps/service38 created
        service/service38 created
        configmap/config-service39 created
        deployment.apps/service39 created
        service/service39 created
        configmap/config-service4 created
        deployment.apps/service4 created
        service/service4 created
        configmap/config-service40 created
        deployment.apps/service40 created
        service/service40 created
        configmap/config-service41 created
        deployment.apps/service41 created
        service/service41 created
        configmap/config-service42 created
        deployment.apps/service42 created
        service/service42 created
        configmap/config-service5 created
        deployment.apps/service5 created
        service/service5 created
        configmap/config-service6 created
        deployment.apps/service6 created
        service/service6 created
        configmap/config-service7 created
        deployment.apps/service7 created
        service/service7 created
        configmap/config-service8 created
        deployment.apps/service8 created
        service/service8 created
        configmap/config-service9 created
        deployment.apps/service9 created
        service/service9 created
        [run.sh] Client pod not found, deploying client
        deployment.apps/ubuntu-client created
        [run.sh] Waiting for all pods to be running
        [run.sh] All pods are running
        [run.sh] Running warmup test
        [run.sh] /wrk/wrk -t8 -c128 --timeout 10s -d10s -L http://service0:80/endpoint1
        Running 10s test @ http://service0:80/endpoint1
        8 threads and 128 connections
        Thread Stats   Avg      Stdev     Max   +/- Stdev
        Latency   152.96ms   75.41ms 581.73ms   77.40%
        Req/Sec   109.87     41.11   303.00     70.09%
        Latency Distribution
        50%  139.42ms
        75%  186.93ms
        90%  240.60ms
        99%  450.16ms
        8507 requests in 10.10s, 1.29MB read
        Requests/sec:    842.33
        Transfer/sec:    130.79KB
        [run.sh] Speed is 842.33, duration is 17
        [run.sh] Fix the request number.
        [run.sh] Running the actual test
        [run.sh] /wrk/wrk --timeout 20s -t8 -c128 -d17s -L -s /wrk/fix_req_n.lua http://service0:80/endpoint1
        Running 17s test @ http://service0:80/endpoint1
        8 threads and 128 connections
        Thread Stats   Avg      Stdev     Max   +/- Stdev
        Latency   144.56ms   60.56ms 454.29ms   70.31%
        Req/Sec   110.54     39.43   230.00     62.69%
        Latency Distribution
        50%  135.87ms
        75%  178.65ms
        90%  223.84ms
        99%  329.35ms
        10000 requests in 17.00s, 1.52MB read
        Requests/sec:    588.23
        Transfer/sec:     91.34KB
        ------------------------------
        stop time: 11.317223
        stop time: 11.389586
        stop time: 11.407408
        stop time: 11.198202
        stop time: 11.400894
        stop time: 11.424705
        stop time: 11.345580
        stop time: 11.392521
