[config.py] Random numbers for execution time: [95.50530779015992, 153.643553412284, 233.4528081836565, 235.22215161316376, 266.8258904836173, 270.61139205875855, 312.7289808438226, 320.0737000756527, 330.94084387878866, 379.7925643397259, 394.46360149363056, 408.43669807283015, 437.71916187740476, 449.4696642233538, 451.3517510061564, 507.63267132474374, 545.0653804674347, 559.5673758512326, 585.7766674845966, 586.5241005768077, 593.6153138558819, 604.9259024089295, 612.1006413099824, 622.5132695924556, 634.8451070287676, 635.9555152905739, 648.1435394027396, 710.2974980948986, 717.2485133235043, 738.9187545948298, 763.7882776362264, 790.5188774377734, 813.3895014888511, 827.4584469118475, 827.6302104855104, 844.4953574866163, 916.6289145442998, 923.9658252420797, 1081.9788421823544, 1125.670340325942, 1127.131160316148, 1148.2320920874777, 1174.8727759606743]
benchmark                        : synthetic
num_threads                      : 8
num_conns                        : 64
target_service                   : service4
request_type                     : large-scale
repetitions                      : 5
target_num_exp                   : 2
pre_run                          : False
num_req                          : 10000
groundtruths                     : []
slowdowns                        : []
predicteds                       : []
errs                             : []
poker_batch_req                  : 100
client_cpu_quota                 : 2
random_seed                      : 29796
request_ratio                    : {'service0': 1, 'service1': 1, 'service2': 1, 'service3': 1, 'service4': 1, 'service5': 1, 'service6': 1, 'service7': 1, 'service8': 1, 'service9': 1, 'service10': 1, 'service11': 1, 'service12': 1, 'service13': 1, 'service14': 1, 'service15': 1, 'service16': 1, 'service17': 1, 'service18': 1, 'service19': 1, 'service20': 1, 'service21': 1, 'service22': 1, 'service23': 1, 'service24': 1, 'service25': 1, 'service26': 1, 'service27': 1, 'service28': 1, 'service29': 1, 'service30': 1, 'service31': 1, 'service32': 1, 'service33': 1, 'service34': 1, 'service35': 1, 'service36': 1, 'service37': 1, 'service38': 1, 'service39': 1, 'service40': 1, 'service41': 1, 'service42': 1}
baseline_service_processing_time : {'service4': 2349.75, 'service0': 1148.23, 'service1': 1127.13, 'service2': 1125.67, 'service3': 1081.98, 'service5': 923.97, 'service6': 916.63, 'service7': 844.5, 'service8': 827.63, 'service9': 827.46, 'service10': 813.39, 'service11': 790.52, 'service12': 763.79, 'service13': 738.92, 'service14': 717.25, 'service15': 710.3, 'service16': 648.14, 'service17': 635.96, 'service18': 634.85, 'service19': 622.51, 'service20': 612.1, 'service21': 604.93, 'service22': 593.62, 'service23': 586.52, 'service24': 585.78, 'service25': 559.57, 'service26': 545.07, 'service27': 507.63, 'service28': 451.35, 'service29': 449.47, 'service30': 437.72, 'service31': 408.44, 'service32': 394.46, 'service33': 379.79, 'service34': 330.94, 'service35': 320.07, 'service36': 312.73, 'service37': 270.61, 'service38': 266.83, 'service39': 235.22, 'service40': 233.45, 'service41': 153.64, 'service42': 95.51}
cpu_quota                        : {'service0': 2, 'service1': 2, 'service2': 2, 'service3': 2, 'service4': 2, 'service5': 2, 'service6': 2, 'service7': 2, 'service8': 2, 'service9': 2, 'service10': 2, 'service11': 2, 'service12': 2, 'service13': 2, 'service14': 2, 'service15': 2, 'service16': 2, 'service17': 2, 'service18': 2, 'service19': 2, 'service20': 2, 'service21': 2, 'service22': 2, 'service23': 2, 'service24': 2, 'service25': 2, 'service26': 2, 'service27': 2, 'service28': 2, 'service29': 2, 'service30': 2, 'service31': 2, 'service32': 2, 'service33': 2, 'service34': 2, 'service35': 2, 'service36': 2, 'service37': 2, 'service38': 2, 'service39': 2, 'service40': 2, 'service41': 2, 'service42': 2}
target_processing_time_range     : [0, 2349.75]
baseline_throughputs             : []
poker_batch                      : 20000000
[test.py] Starting experiment...
[test.py] >>>>>>>>>>>>>>>>>>>>>>>>>>>>> Running experiment 0...
[test.py] Actual processing time range: [0, 1174]
[test.py] Running baseline experiment
    [exp] Running (pre_run: False) workload synthetic/large-scale request with the following configuration: {'CLIENT_CPU_QUOTA': '2', 'SLOWPOKE_POKER_BATCH_THRESHOLD': '20000000', 'PROCESSING_TIME_SERVICE4': '0.00234975', 'PROCESSING_TIME_SERVICE0': '0.00114823', 'PROCESSING_TIME_SERVICE1': '0.00112713', 'PROCESSING_TIME_SERVICE2': '0.00112567', 'PROCESSING_TIME_SERVICE3': '0.00108198', 'PROCESSING_TIME_SERVICE5': '0.00092397', 'PROCESSING_TIME_SERVICE6': '0.00091663', 'PROCESSING_TIME_SERVICE7': '0.0008445', 'PROCESSING_TIME_SERVICE8': '0.00082763', 'PROCESSING_TIME_SERVICE9': '0.00082746', 'PROCESSING_TIME_SERVICE10': '0.00081339', 'PROCESSING_TIME_SERVICE11': '0.00079052', 'PROCESSING_TIME_SERVICE12': '0.00076379', 'PROCESSING_TIME_SERVICE13': '0.00073892', 'PROCESSING_TIME_SERVICE14': '0.00071725', 'PROCESSING_TIME_SERVICE15': '0.0007103', 'PROCESSING_TIME_SERVICE16': '0.00064814', 'PROCESSING_TIME_SERVICE17': '0.00063596', 'PROCESSING_TIME_SERVICE18': '0.00063485', 'PROCESSING_TIME_SERVICE19': '0.00062251', 'PROCESSING_TIME_SERVICE20': '0.0006121', 'PROCESSING_TIME_SERVICE21': '0.00060493', 'PROCESSING_TIME_SERVICE22': '0.00059362', 'PROCESSING_TIME_SERVICE23': '0.00058652', 'PROCESSING_TIME_SERVICE24': '0.00058578', 'PROCESSING_TIME_SERVICE25': '0.00055957', 'PROCESSING_TIME_SERVICE26': '0.00054507', 'PROCESSING_TIME_SERVICE27': '0.00050763', 'PROCESSING_TIME_SERVICE28': '0.00045135', 'PROCESSING_TIME_SERVICE29': '0.00044947', 'PROCESSING_TIME_SERVICE30': '0.00043772', 'PROCESSING_TIME_SERVICE31': '0.00040844', 'PROCESSING_TIME_SERVICE32': '0.00039446', 'PROCESSING_TIME_SERVICE33': '0.00037979', 'PROCESSING_TIME_SERVICE34': '0.00033094', 'PROCESSING_TIME_SERVICE35': '0.00032007', 'PROCESSING_TIME_SERVICE36': '0.00031273', 'PROCESSING_TIME_SERVICE37': '0.00027061', 'PROCESSING_TIME_SERVICE38': '0.00026683', 'PROCESSING_TIME_SERVICE39': '0.00023522', 'PROCESSING_TIME_SERVICE40': '0.00023345', 'PROCESSING_TIME_SERVICE41': '0.00015364', 'PROCESSING_TIME_SERVICE42': '9.551e-05', 'SLOWPOKE_DELAY_MICROS_SERVICE4': '0.0', 'SLOWPOKE_POKER_BATCH_THRESHOLD_SERVICE4': '100', 'SLOWPOKE_IS_TARGET_SERVICE_SERVICE4': 'true', 'SLOWPOKE_DELAY_MICROS_SERVICE0': '0.0', 'SLOWPOKE_POKER_BATCH_THRESHOLD_SERVICE0': '100', 'SLOWPOKE_IS_TARGET_SERVICE_SERVICE0': 'false', 'SLOWPOKE_DELAY_MICROS_SERVICE1': '0.0', 'SLOWPOKE_POKER_BATCH_THRESHOLD_SERVICE1': '100', 'SLOWPOKE_IS_TARGET_SERVICE_SERVICE1': 'false', 'SLOWPOKE_DELAY_MICROS_SERVICE2': '0.0', 'SLOWPOKE_POKER_BATCH_THRESHOLD_SERVICE2': '100', 'SLOWPOKE_IS_TARGET_SERVICE_SERVICE2': 'false', 'SLOWPOKE_DELAY_MICROS_SERVICE3': '0.0', 'SLOWPOKE_POKER_BATCH_THRESHOLD_SERVICE3': '100', 'SLOWPOKE_IS_TARGET_SERVICE_SERVICE3': 'false', 'SLOWPOKE_DELAY_MICROS_SERVICE5': '0.0', 'SLOWPOKE_POKER_BATCH_THRESHOLD_SERVICE5': '100', 'SLOWPOKE_IS_TARGET_SERVICE_SERVICE5': 'false', 'SLOWPOKE_DELAY_MICROS_SERVICE6': '0.0', 'SLOWPOKE_POKER_BATCH_THRESHOLD_SERVICE6': '100', 'SLOWPOKE_IS_TARGET_SERVICE_SERVICE6': 'false', 'SLOWPOKE_DELAY_MICROS_SERVICE7': '0.0', 'SLOWPOKE_POKER_BATCH_THRESHOLD_SERVICE7': '100', 'SLOWPOKE_IS_TARGET_SERVICE_SERVICE7': 'false', 'SLOWPOKE_DELAY_MICROS_SERVICE8': '0.0', 'SLOWPOKE_POKER_BATCH_THRESHOLD_SERVICE8': '100', 'SLOWPOKE_IS_TARGET_SERVICE_SERVICE8': 'false', 'SLOWPOKE_DELAY_MICROS_SERVICE9': '0.0', 'SLOWPOKE_POKER_BATCH_THRESHOLD_SERVICE9': '100', 'SLOWPOKE_IS_TARGET_SERVICE_SERVICE9': 'false', 'SLOWPOKE_DELAY_MICROS_SERVICE10': '0.0', 'SLOWPOKE_POKER_BATCH_THRESHOLD_SERVICE10': '100', 'SLOWPOKE_IS_TARGET_SERVICE_SERVICE10': 'false', 'SLOWPOKE_DELAY_MICROS_SERVICE11': '0.0', 'SLOWPOKE_POKER_BATCH_THRESHOLD_SERVICE11': '100', 'SLOWPOKE_IS_TARGET_SERVICE_SERVICE11': 'false', 'SLOWPOKE_DELAY_MICROS_SERVICE12': '0.0', 'SLOWPOKE_POKER_BATCH_THRESHOLD_SERVICE12': '100', 'SLOWPOKE_IS_TARGET_SERVICE_SERVICE12': 'false', 'SLOWPOKE_DELAY_MICROS_SERVICE13': '0.0', 'SLOWPOKE_POKER_BATCH_THRESHOLD_SERVICE13': '100', 'SLOWPOKE_IS_TARGET_SERVICE_SERVICE13': 'false', 'SLOWPOKE_DELAY_MICROS_SERVICE14': '0.0', 'SLOWPOKE_POKER_BATCH_THRESHOLD_SERVICE14': '100', 'SLOWPOKE_IS_TARGET_SERVICE_SERVICE14': 'false', 'SLOWPOKE_DELAY_MICROS_SERVICE15': '0.0', 'SLOWPOKE_POKER_BATCH_THRESHOLD_SERVICE15': '100', 'SLOWPOKE_IS_TARGET_SERVICE_SERVICE15': 'false', 'SLOWPOKE_DELAY_MICROS_SERVICE16': '0.0', 'SLOWPOKE_POKER_BATCH_THRESHOLD_SERVICE16': '100', 'SLOWPOKE_IS_TARGET_SERVICE_SERVICE16': 'false', 'SLOWPOKE_DELAY_MICROS_SERVICE17': '0.0', 'SLOWPOKE_POKER_BATCH_THRESHOLD_SERVICE17': '100', 'SLOWPOKE_IS_TARGET_SERVICE_SERVICE17': 'false', 'SLOWPOKE_DELAY_MICROS_SERVICE18': '0.0', 'SLOWPOKE_POKER_BATCH_THRESHOLD_SERVICE18': '100', 'SLOWPOKE_IS_TARGET_SERVICE_SERVICE18': 'false', 'SLOWPOKE_DELAY_MICROS_SERVICE19': '0.0', 'SLOWPOKE_POKER_BATCH_THRESHOLD_SERVICE19': '100', 'SLOWPOKE_IS_TARGET_SERVICE_SERVICE19': 'false', 'SLOWPOKE_DELAY_MICROS_SERVICE20': '0.0', 'SLOWPOKE_POKER_BATCH_THRESHOLD_SERVICE20': '100', 'SLOWPOKE_IS_TARGET_SERVICE_SERVICE20': 'false', 'SLOWPOKE_DELAY_MICROS_SERVICE21': '0.0', 'SLOWPOKE_POKER_BATCH_THRESHOLD_SERVICE21': '100', 'SLOWPOKE_IS_TARGET_SERVICE_SERVICE21': 'false', 'SLOWPOKE_DELAY_MICROS_SERVICE22': '0.0', 'SLOWPOKE_POKER_BATCH_THRESHOLD_SERVICE22': '100', 'SLOWPOKE_IS_TARGET_SERVICE_SERVICE22': 'false', 'SLOWPOKE_DELAY_MICROS_SERVICE23': '0.0', 'SLOWPOKE_POKER_BATCH_THRESHOLD_SERVICE23': '100', 'SLOWPOKE_IS_TARGET_SERVICE_SERVICE23': 'false', 'SLOWPOKE_DELAY_MICROS_SERVICE24': '0.0', 'SLOWPOKE_POKER_BATCH_THRESHOLD_SERVICE24': '100', 'SLOWPOKE_IS_TARGET_SERVICE_SERVICE24': 'false', 'SLOWPOKE_DELAY_MICROS_SERVICE25': '0.0', 'SLOWPOKE_POKER_BATCH_THRESHOLD_SERVICE25': '100', 'SLOWPOKE_IS_TARGET_SERVICE_SERVICE25': 'false', 'SLOWPOKE_DELAY_MICROS_SERVICE26': '0.0', 'SLOWPOKE_POKER_BATCH_THRESHOLD_SERVICE26': '100', 'SLOWPOKE_IS_TARGET_SERVICE_SERVICE26': 'false', 'SLOWPOKE_DELAY_MICROS_SERVICE27': '0.0', 'SLOWPOKE_POKER_BATCH_THRESHOLD_SERVICE27': '100', 'SLOWPOKE_IS_TARGET_SERVICE_SERVICE27': 'false', 'SLOWPOKE_DELAY_MICROS_SERVICE28': '0.0', 'SLOWPOKE_POKER_BATCH_THRESHOLD_SERVICE28': '100', 'SLOWPOKE_IS_TARGET_SERVICE_SERVICE28': 'false', 'SLOWPOKE_DELAY_MICROS_SERVICE29': '0.0', 'SLOWPOKE_POKER_BATCH_THRESHOLD_SERVICE29': '100', 'SLOWPOKE_IS_TARGET_SERVICE_SERVICE29': 'false', 'SLOWPOKE_DELAY_MICROS_SERVICE30': '0.0', 'SLOWPOKE_POKER_BATCH_THRESHOLD_SERVICE30': '100', 'SLOWPOKE_IS_TARGET_SERVICE_SERVICE30': 'false', 'SLOWPOKE_DELAY_MICROS_SERVICE31': '0.0', 'SLOWPOKE_POKER_BATCH_THRESHOLD_SERVICE31': '100', 'SLOWPOKE_IS_TARGET_SERVICE_SERVICE31': 'false', 'SLOWPOKE_DELAY_MICROS_SERVICE32': '0.0', 'SLOWPOKE_POKER_BATCH_THRESHOLD_SERVICE32': '100', 'SLOWPOKE_IS_TARGET_SERVICE_SERVICE32': 'false', 'SLOWPOKE_DELAY_MICROS_SERVICE33': '0.0', 'SLOWPOKE_POKER_BATCH_THRESHOLD_SERVICE33': '100', 'SLOWPOKE_IS_TARGET_SERVICE_SERVICE33': 'false', 'SLOWPOKE_DELAY_MICROS_SERVICE34': '0.0', 'SLOWPOKE_POKER_BATCH_THRESHOLD_SERVICE34': '100', 'SLOWPOKE_IS_TARGET_SERVICE_SERVICE34': 'false', 'SLOWPOKE_DELAY_MICROS_SERVICE35': '0.0', 'SLOWPOKE_POKER_BATCH_THRESHOLD_SERVICE35': '100', 'SLOWPOKE_IS_TARGET_SERVICE_SERVICE35': 'false', 'SLOWPOKE_DELAY_MICROS_SERVICE36': '0.0', 'SLOWPOKE_POKER_BATCH_THRESHOLD_SERVICE36': '100', 'SLOWPOKE_IS_TARGET_SERVICE_SERVICE36': 'false', 'SLOWPOKE_DELAY_MICROS_SERVICE37': '0.0', 'SLOWPOKE_POKER_BATCH_THRESHOLD_SERVICE37': '100', 'SLOWPOKE_IS_TARGET_SERVICE_SERVICE37': 'false', 'SLOWPOKE_DELAY_MICROS_SERVICE38': '0.0', 'SLOWPOKE_POKER_BATCH_THRESHOLD_SERVICE38': '100', 'SLOWPOKE_IS_TARGET_SERVICE_SERVICE38': 'false', 'SLOWPOKE_DELAY_MICROS_SERVICE39': '0.0', 'SLOWPOKE_POKER_BATCH_THRESHOLD_SERVICE39': '100', 'SLOWPOKE_IS_TARGET_SERVICE_SERVICE39': 'false', 'SLOWPOKE_DELAY_MICROS_SERVICE40': '0.0', 'SLOWPOKE_POKER_BATCH_THRESHOLD_SERVICE40': '100', 'SLOWPOKE_IS_TARGET_SERVICE_SERVICE40': 'false', 'SLOWPOKE_DELAY_MICROS_SERVICE41': '0.0', 'SLOWPOKE_POKER_BATCH_THRESHOLD_SERVICE41': '100', 'SLOWPOKE_IS_TARGET_SERVICE_SERVICE41': 'false', 'SLOWPOKE_DELAY_MICROS_SERVICE42': '0.0', 'SLOWPOKE_POKER_BATCH_THRESHOLD_SERVICE42': '100', 'SLOWPOKE_IS_TARGET_SERVICE_SERVICE42': 'false'}
    [exp] Executing cmd `bash run.sh synthetic large-scale 8 64 10000`:
        [run.sh] Running benchmark synthetic with request large-scale, thread 8, conn 64, duration 60
        [run.sh] Deleting all services
        configmap "config-service0" deleted
        deployment.apps "service0" deleted
        service "service0" deleted
        configmap "config-service1" deleted
        deployment.apps "service1" deleted
        service "service1" deleted
        configmap "config-service10" deleted
        deployment.apps "service10" deleted
        service "service10" deleted
        configmap "config-service11" deleted
        deployment.apps "service11" deleted
        service "service11" deleted
        configmap "config-service12" deleted
        deployment.apps "service12" deleted
        service "service12" deleted
        configmap "config-service13" deleted
        deployment.apps "service13" deleted
        service "service13" deleted
        configmap "config-service14" deleted
        deployment.apps "service14" deleted
        service "service14" deleted
        configmap "config-service15" deleted
        deployment.apps "service15" deleted
        service "service15" deleted
        configmap "config-service16" deleted
        deployment.apps "service16" deleted
        service "service16" deleted
        configmap "config-service17" deleted
        deployment.apps "service17" deleted
        service "service17" deleted
        configmap "config-service18" deleted
        deployment.apps "service18" deleted
        service "service18" deleted
        configmap "config-service19" deleted
        deployment.apps "service19" deleted
        service "service19" deleted
        configmap "config-service2" deleted
        deployment.apps "service2" deleted
        service "service2" deleted
        configmap "config-service20" deleted
        deployment.apps "service20" deleted
        service "service20" deleted
        configmap "config-service21" deleted
        deployment.apps "service21" deleted
        service "service21" deleted
        configmap "config-service22" deleted
        deployment.apps "service22" deleted
        service "service22" deleted
        configmap "config-service23" deleted
        deployment.apps "service23" deleted
        service "service23" deleted
        configmap "config-service24" deleted
        deployment.apps "service24" deleted
        service "service24" deleted
        configmap "config-service25" deleted
        deployment.apps "service25" deleted
        service "service25" deleted
        configmap "config-service26" deleted
        deployment.apps "service26" deleted
        service "service26" deleted
        configmap "config-service27" deleted
        deployment.apps "service27" deleted
        service "service27" deleted
        configmap "config-service28" deleted
        deployment.apps "service28" deleted
        service "service28" deleted
        configmap "config-service29" deleted
        deployment.apps "service29" deleted
        service "service29" deleted
        configmap "config-service3" deleted
        deployment.apps "service3" deleted
        service "service3" deleted
        configmap "config-service30" deleted
        deployment.apps "service30" deleted
        service "service30" deleted
        configmap "config-service31" deleted
        deployment.apps "service31" deleted
        service "service31" deleted
        configmap "config-service32" deleted
        deployment.apps "service32" deleted
        service "service32" deleted
        configmap "config-service33" deleted
        deployment.apps "service33" deleted
        service "service33" deleted
        configmap "config-service34" deleted
        deployment.apps "service34" deleted
        service "service34" deleted
        configmap "config-service35" deleted
        deployment.apps "service35" deleted
        service "service35" deleted
        configmap "config-service36" deleted
        deployment.apps "service36" deleted
        service "service36" deleted
        configmap "config-service37" deleted
        deployment.apps "service37" deleted
        service "service37" deleted
        configmap "config-service38" deleted
        deployment.apps "service38" deleted
        service "service38" deleted
        configmap "config-service39" deleted
        deployment.apps "service39" deleted
        service "service39" deleted
        configmap "config-service4" deleted
        deployment.apps "service4" deleted
        service "service4" deleted
        configmap "config-service40" deleted
        deployment.apps "service40" deleted
        service "service40" deleted
        configmap "config-service41" deleted
        deployment.apps "service41" deleted
        service "service41" deleted
        configmap "config-service42" deleted
        deployment.apps "service42" deleted
        service "service42" deleted
        configmap "config-service5" deleted
        deployment.apps "service5" deleted
        service "service5" deleted
        configmap "config-service6" deleted
        deployment.apps "service6" deleted
        service "service6" deleted
        configmap "config-service7" deleted
        deployment.apps "service7" deleted
        service "service7" deleted
        configmap "config-service8" deleted
        deployment.apps "service8" deleted
        service "service8" deleted
        configmap "config-service9" deleted
        deployment.apps "service9" deleted
        service "service9" deleted
        deployment.apps "ubuntu-client" deleted
        [run.sh] Waiting for all pods to be deleted
        [run.sh] Deploying all services
        configmap/config-service0 created
        deployment.apps/service0 created
        service/service0 created
        configmap/config-service1 created
        deployment.apps/service1 created
        service/service1 created
        configmap/config-service10 created
        deployment.apps/service10 created
        service/service10 created
        configmap/config-service11 created
        deployment.apps/service11 created
        service/service11 created
        configmap/config-service12 created
        deployment.apps/service12 created
        service/service12 created
        configmap/config-service13 created
        deployment.apps/service13 created
        service/service13 created
        configmap/config-service14 created
        deployment.apps/service14 created
        service/service14 created
        configmap/config-service15 created
        deployment.apps/service15 created
        service/service15 created
        configmap/config-service16 created
        deployment.apps/service16 created
        service/service16 created
        configmap/config-service17 created
        deployment.apps/service17 created
        service/service17 created
        configmap/config-service18 created
        deployment.apps/service18 created
        service/service18 created
        configmap/config-service19 created
        deployment.apps/service19 created
        service/service19 created
        configmap/config-service2 created
        deployment.apps/service2 created
        service/service2 created
        configmap/config-service20 created
        deployment.apps/service20 created
        service/service20 created
        configmap/config-service21 created
        deployment.apps/service21 created
        service/service21 created
        configmap/config-service22 created
        deployment.apps/service22 created
        service/service22 created
        configmap/config-service23 created
        deployment.apps/service23 created
        service/service23 created
        configmap/config-service24 created
        deployment.apps/service24 created
        service/service24 created
        configmap/config-service25 created
        deployment.apps/service25 created
        service/service25 created
        configmap/config-service26 created
        deployment.apps/service26 created
        service/service26 created
        configmap/config-service27 created
        deployment.apps/service27 created
        service/service27 created
        configmap/config-service28 created
        deployment.apps/service28 created
        service/service28 created
        configmap/config-service29 created
        deployment.apps/service29 created
        service/service29 created
        configmap/config-service3 created
        deployment.apps/service3 created
        service/service3 created
        configmap/config-service30 created
        deployment.apps/service30 created
        service/service30 created
        configmap/config-service31 created
        deployment.apps/service31 created
        service/service31 created
        configmap/config-service32 created
        deployment.apps/service32 created
        service/service32 created
        configmap/config-service33 created
        deployment.apps/service33 created
        service/service33 created
        configmap/config-service34 created
        deployment.apps/service34 created
        service/service34 created
        configmap/config-service35 created
        deployment.apps/service35 created
        service/service35 created
        configmap/config-service36 created
        deployment.apps/service36 created
        service/service36 created
        configmap/config-service37 created
        deployment.apps/service37 created
        service/service37 created
        configmap/config-service38 created
        deployment.apps/service38 created
        service/service38 created
        configmap/config-service39 created
        deployment.apps/service39 created
        service/service39 created
        configmap/config-service4 created
        deployment.apps/service4 created
        service/service4 created
        configmap/config-service40 created
        deployment.apps/service40 created
        service/service40 created
        configmap/config-service41 created
        deployment.apps/service41 created
        service/service41 created
        configmap/config-service42 created
        deployment.apps/service42 created
        service/service42 created
        configmap/config-service5 created
        deployment.apps/service5 created
        service/service5 created
        configmap/config-service6 created
        deployment.apps/service6 created
        service/service6 created
        configmap/config-service7 created
        deployment.apps/service7 created
        service/service7 created
        configmap/config-service8 created
        deployment.apps/service8 created
        service/service8 created
        configmap/config-service9 created
        deployment.apps/service9 created
        service/service9 created
        [run.sh] Client pod not found, deploying client
        deployment.apps/ubuntu-client created
        [run.sh] Waiting for all pods to be running
        [run.sh] All pods are running
        [run.sh] Running warmup test
        [run.sh] /wrk/wrk -t8 -c64 --timeout 10s -d10s -L http://service0:80/endpoint1
        Running 10s test @ http://service0:80/endpoint1
        8 threads and 64 connections
        Thread Stats   Avg      Stdev     Max   +/- Stdev
        Latency   109.31ms   56.25ms 426.94ms   73.40%
        Req/Sec    75.79     24.11   141.00     60.33%
        Latency Distribution
        50%   98.93ms
        75%  137.35ms
        90%  182.07ms
        99%  302.78ms
        5956 requests in 10.01s, 0.90MB read
        Requests/sec:    594.71
        Transfer/sec:     92.34KB
        [run.sh] Speed is 594.71, duration is 25
        [run.sh] Fix the request number.
        [run.sh] Running the actual test
        [run.sh] /wrk/wrk --timeout 20s -t8 -c64 -d25s -L -s /wrk/fix_req_n.lua http://service0:80/endpoint1
        Running 25s test @ http://service0:80/endpoint1
        8 threads and 64 connections
        Thread Stats   Avg      Stdev     Max   +/- Stdev
        Latency   104.74ms   52.22ms 420.11ms   71.24%
        Req/Sec    76.47     25.04   390.00     71.79%
        Latency Distribution
        50%   95.88ms
        75%  133.20ms
        90%  172.97ms
        99%  266.20ms
        10000 requests in 25.00s, 1.52MB read
        Requests/sec:    400.00
        Transfer/sec:     62.11KB
        ------------------------------
        stop time: 16.394324
        stop time: 16.354702
        stop time: 16.458145
        stop time: 16.301826
        stop time: 16.425356
        stop time: 16.509482
        stop time: 16.299931
        stop time: 16.157640
        [run.sh] Checking the resource usage
        NAME                             CPU(cores)   MEMORY(bytes)
        service0-69955d4677-bqq4j        1m           26Mi
        service1-58c95cb96-mwhzg         1m           19Mi
        service10-9549b4cd-7vgb7         1m           8Mi
        service11-b76846c44-76sws        1m           6Mi
        service12-8ddc6874b-nm8wx        1m           6Mi
        service13-6dc48cb75b-tmlm6       1m           6Mi
        service14-6fdd479dcd-9l87d       1m           6Mi
        service15-6bc59bd7d4-cqhs8       1m           6Mi
        service16-7886b6b8d6-n55pc       1m           6Mi
        service17-7b5f6467b8-5w58b       1m           8Mi
        service18-65595ccfd6-z2j2k       1m           6Mi
        service19-55c65f57c6-zgzdw       1m           6Mi
        service2-5d59c5bd5d-nv9qs        1m           19Mi
        service20-58b86cfc4d-kxklh       1m           8Mi
        service21-8d587d69d-lvks9        1m           7Mi
        service22-55796dcf9b-jwqqn       1m           7Mi
        service23-599c6478cd-rrpl5       1m           7Mi
        service24-655749d78d-8x6c5       1m           6Mi
        service25-656bf89c8b-hdbwr       11m          7Mi
        service26-5fcc5669d4-mszgm       1m           6Mi
        service27-8687746986-m6nhg       1m           6Mi
        service28-6bbbb998d8-jb4xb       1m           7Mi
        service29-655dfdfd6b-dr96l       12m          6Mi
        service3-564487d7d8-mbjfd        1m           20Mi
        service30-6d966bbbcd-tl4pz       1m           8Mi
        service31-9476bd9bd-5qmjl        3m           7Mi
        service32-64b88b58b-dm4pc        1m           6Mi
        service33-69bdf8b97b-gxbgp       1m           7Mi
        service34-9d9487db6-pnz6f        1m           6Mi
        service35-575bf5bbb8-prvtr       1m           8Mi
        service36-765d6cd758-p2j5l       1m           6Mi
        service37-66f4568564-cldvz       1m           6Mi
        service38-56fc9c9b7d-xzkhh       1m           6Mi
        service39-5b478bd9b-smdgw        1m           6Mi
        service4-6bfbd6d59c-w94c4        1m           21Mi
        service40-7c5d878d8d-nkqxv       1m           6Mi
        service41-567cc54974-t4dwv       1m           6Mi
        service42-6c5db85bd-z4wlx        1m           7Mi
        service5-ffd8ccc6-d7mt6          1m           19Mi
        service6-6b89db49b6-xsj98        1m           20Mi
        service7-845b5b8588-jhfp8        1m           8Mi
        service8-7c9f97fd46-pdzbb        1m           7Mi
        service9-7cb9cf658d-wfsd2        21m          7Mi
        ubuntu-client-76886f6bbd-k7q56   0m           3Mi
        [run.sh] Test finished with status 0
        > STDERR
        > No resources found in default namespace.
    [exp] Times: [16.394324, 16.354702, 16.458145, 16.301826, 16.425356, 16.509482, 16.299931, 16.15764]
    [exp] Throughput: 611.1469879857517
[test.py] Baseline throughput: 611.1469879857517
[test.py] Running 0th optmization experiment
[test.py] Running 0th groundtruth exp
    [exp] Running (pre_run: False) workload synthetic/large-scale request with the following configuration: {'CLIENT_CPU_QUOTA': '2', 'SLOWPOKE_POKER_BATCH_THRESHOLD': '20000000', 'PROCESSING_TIME_SERVICE4': '0.0', 'PROCESSING_TIME_SERVICE0': '0.00114823', 'PROCESSING_TIME_SERVICE1': '0.00112713', 'PROCESSING_TIME_SERVICE2': '0.00112567', 'PROCESSING_TIME_SERVICE3': '0.00108198', 'PROCESSING_TIME_SERVICE5': '0.00092397', 'PROCESSING_TIME_SERVICE6': '0.00091663', 'PROCESSING_TIME_SERVICE7': '0.0008445', 'PROCESSING_TIME_SERVICE8': '0.00082763', 'PROCESSING_TIME_SERVICE9': '0.00082746', 'PROCESSING_TIME_SERVICE10': '0.00081339', 'PROCESSING_TIME_SERVICE11': '0.00079052', 'PROCESSING_TIME_SERVICE12': '0.00076379', 'PROCESSING_TIME_SERVICE13': '0.00073892', 'PROCESSING_TIME_SERVICE14': '0.00071725', 'PROCESSING_TIME_SERVICE15': '0.0007103', 'PROCESSING_TIME_SERVICE16': '0.00064814', 'PROCESSING_TIME_SERVICE17': '0.00063596', 'PROCESSING_TIME_SERVICE18': '0.00063485', 'PROCESSING_TIME_SERVICE19': '0.00062251', 'PROCESSING_TIME_SERVICE20': '0.0006121', 'PROCESSING_TIME_SERVICE21': '0.00060493', 'PROCESSING_TIME_SERVICE22': '0.00059362', 'PROCESSING_TIME_SERVICE23': '0.00058652', 'PROCESSING_TIME_SERVICE24': '0.00058578', 'PROCESSING_TIME_SERVICE25': '0.00055957', 'PROCESSING_TIME_SERVICE26': '0.00054507', 'PROCESSING_TIME_SERVICE27': '0.00050763', 'PROCESSING_TIME_SERVICE28': '0.00045135', 'PROCESSING_TIME_SERVICE29': '0.00044947', 'PROCESSING_TIME_SERVICE30': '0.00043772', 'PROCESSING_TIME_SERVICE31': '0.00040844', 'PROCESSING_TIME_SERVICE32': '0.00039446', 'PROCESSING_TIME_SERVICE33': '0.00037979', 'PROCESSING_TIME_SERVICE34': '0.00033094', 'PROCESSING_TIME_SERVICE35': '0.00032007', 'PROCESSING_TIME_SERVICE36': '0.00031273', 'PROCESSING_TIME_SERVICE37': '0.00027061', 'PROCESSING_TIME_SERVICE38': '0.00026683', 'PROCESSING_TIME_SERVICE39': '0.00023522', 'PROCESSING_TIME_SERVICE40': '0.00023345', 'PROCESSING_TIME_SERVICE41': '0.00015364', 'PROCESSING_TIME_SERVICE42': '9.551e-05', 'SLOWPOKE_DELAY_MICROS_SERVICE4': '0.0', 'SLOWPOKE_POKER_BATCH_THRESHOLD_SERVICE4': '100', 'SLOWPOKE_IS_TARGET_SERVICE_SERVICE4': 'true', 'SLOWPOKE_DELAY_MICROS_SERVICE0': '0.0', 'SLOWPOKE_POKER_BATCH_THRESHOLD_SERVICE0': '100', 'SLOWPOKE_IS_TARGET_SERVICE_SERVICE0': 'false', 'SLOWPOKE_DELAY_MICROS_SERVICE1': '0.0', 'SLOWPOKE_POKER_BATCH_THRESHOLD_SERVICE1': '100', 'SLOWPOKE_IS_TARGET_SERVICE_SERVICE1': 'false', 'SLOWPOKE_DELAY_MICROS_SERVICE2': '0.0', 'SLOWPOKE_POKER_BATCH_THRESHOLD_SERVICE2': '100', 'SLOWPOKE_IS_TARGET_SERVICE_SERVICE2': 'false', 'SLOWPOKE_DELAY_MICROS_SERVICE3': '0.0', 'SLOWPOKE_POKER_BATCH_THRESHOLD_SERVICE3': '100', 'SLOWPOKE_IS_TARGET_SERVICE_SERVICE3': 'false', 'SLOWPOKE_DELAY_MICROS_SERVICE5': '0.0', 'SLOWPOKE_POKER_BATCH_THRESHOLD_SERVICE5': '100', 'SLOWPOKE_IS_TARGET_SERVICE_SERVICE5': 'false', 'SLOWPOKE_DELAY_MICROS_SERVICE6': '0.0', 'SLOWPOKE_POKER_BATCH_THRESHOLD_SERVICE6': '100', 'SLOWPOKE_IS_TARGET_SERVICE_SERVICE6': 'false', 'SLOWPOKE_DELAY_MICROS_SERVICE7': '0.0', 'SLOWPOKE_POKER_BATCH_THRESHOLD_SERVICE7': '100', 'SLOWPOKE_IS_TARGET_SERVICE_SERVICE7': 'false', 'SLOWPOKE_DELAY_MICROS_SERVICE8': '0.0', 'SLOWPOKE_POKER_BATCH_THRESHOLD_SERVICE8': '100', 'SLOWPOKE_IS_TARGET_SERVICE_SERVICE8': 'false', 'SLOWPOKE_DELAY_MICROS_SERVICE9': '0.0', 'SLOWPOKE_POKER_BATCH_THRESHOLD_SERVICE9': '100', 'SLOWPOKE_IS_TARGET_SERVICE_SERVICE9': 'false', 'SLOWPOKE_DELAY_MICROS_SERVICE10': '0.0', 'SLOWPOKE_POKER_BATCH_THRESHOLD_SERVICE10': '100', 'SLOWPOKE_IS_TARGET_SERVICE_SERVICE10': 'false', 'SLOWPOKE_DELAY_MICROS_SERVICE11': '0.0', 'SLOWPOKE_POKER_BATCH_THRESHOLD_SERVICE11': '100', 'SLOWPOKE_IS_TARGET_SERVICE_SERVICE11': 'false', 'SLOWPOKE_DELAY_MICROS_SERVICE12': '0.0', 'SLOWPOKE_POKER_BATCH_THRESHOLD_SERVICE12': '100', 'SLOWPOKE_IS_TARGET_SERVICE_SERVICE12': 'false', 'SLOWPOKE_DELAY_MICROS_SERVICE13': '0.0', 'SLOWPOKE_POKER_BATCH_THRESHOLD_SERVICE13': '100', 'SLOWPOKE_IS_TARGET_SERVICE_SERVICE13': 'false', 'SLOWPOKE_DELAY_MICROS_SERVICE14': '0.0', 'SLOWPOKE_POKER_BATCH_THRESHOLD_SERVICE14': '100', 'SLOWPOKE_IS_TARGET_SERVICE_SERVICE14': 'false', 'SLOWPOKE_DELAY_MICROS_SERVICE15': '0.0', 'SLOWPOKE_POKER_BATCH_THRESHOLD_SERVICE15': '100', 'SLOWPOKE_IS_TARGET_SERVICE_SERVICE15': 'false', 'SLOWPOKE_DELAY_MICROS_SERVICE16': '0.0', 'SLOWPOKE_POKER_BATCH_THRESHOLD_SERVICE16': '100', 'SLOWPOKE_IS_TARGET_SERVICE_SERVICE16': 'false', 'SLOWPOKE_DELAY_MICROS_SERVICE17': '0.0', 'SLOWPOKE_POKER_BATCH_THRESHOLD_SERVICE17': '100', 'SLOWPOKE_IS_TARGET_SERVICE_SERVICE17': 'false', 'SLOWPOKE_DELAY_MICROS_SERVICE18': '0.0', 'SLOWPOKE_POKER_BATCH_THRESHOLD_SERVICE18': '100', 'SLOWPOKE_IS_TARGET_SERVICE_SERVICE18': 'false', 'SLOWPOKE_DELAY_MICROS_SERVICE19': '0.0', 'SLOWPOKE_POKER_BATCH_THRESHOLD_SERVICE19': '100', 'SLOWPOKE_IS_TARGET_SERVICE_SERVICE19': 'false', 'SLOWPOKE_DELAY_MICROS_SERVICE20': '0.0', 'SLOWPOKE_POKER_BATCH_THRESHOLD_SERVICE20': '100', 'SLOWPOKE_IS_TARGET_SERVICE_SERVICE20': 'false', 'SLOWPOKE_DELAY_MICROS_SERVICE21': '0.0', 'SLOWPOKE_POKER_BATCH_THRESHOLD_SERVICE21': '100', 'SLOWPOKE_IS_TARGET_SERVICE_SERVICE21': 'false', 'SLOWPOKE_DELAY_MICROS_SERVICE22': '0.0', 'SLOWPOKE_POKER_BATCH_THRESHOLD_SERVICE22': '100', 'SLOWPOKE_IS_TARGET_SERVICE_SERVICE22': 'false', 'SLOWPOKE_DELAY_MICROS_SERVICE23': '0.0', 'SLOWPOKE_POKER_BATCH_THRESHOLD_SERVICE23': '100', 'SLOWPOKE_IS_TARGET_SERVICE_SERVICE23': 'false', 'SLOWPOKE_DELAY_MICROS_SERVICE24': '0.0', 'SLOWPOKE_POKER_BATCH_THRESHOLD_SERVICE24': '100', 'SLOWPOKE_IS_TARGET_SERVICE_SERVICE24': 'false', 'SLOWPOKE_DELAY_MICROS_SERVICE25': '0.0', 'SLOWPOKE_POKER_BATCH_THRESHOLD_SERVICE25': '100', 'SLOWPOKE_IS_TARGET_SERVICE_SERVICE25': 'false', 'SLOWPOKE_DELAY_MICROS_SERVICE26': '0.0', 'SLOWPOKE_POKER_BATCH_THRESHOLD_SERVICE26': '100', 'SLOWPOKE_IS_TARGET_SERVICE_SERVICE26': 'false', 'SLOWPOKE_DELAY_MICROS_SERVICE27': '0.0', 'SLOWPOKE_POKER_BATCH_THRESHOLD_SERVICE27': '100', 'SLOWPOKE_IS_TARGET_SERVICE_SERVICE27': 'false', 'SLOWPOKE_DELAY_MICROS_SERVICE28': '0.0', 'SLOWPOKE_POKER_BATCH_THRESHOLD_SERVICE28': '100', 'SLOWPOKE_IS_TARGET_SERVICE_SERVICE28': 'false', 'SLOWPOKE_DELAY_MICROS_SERVICE29': '0.0', 'SLOWPOKE_POKER_BATCH_THRESHOLD_SERVICE29': '100', 'SLOWPOKE_IS_TARGET_SERVICE_SERVICE29': 'false', 'SLOWPOKE_DELAY_MICROS_SERVICE30': '0.0', 'SLOWPOKE_POKER_BATCH_THRESHOLD_SERVICE30': '100', 'SLOWPOKE_IS_TARGET_SERVICE_SERVICE30': 'false', 'SLOWPOKE_DELAY_MICROS_SERVICE31': '0.0', 'SLOWPOKE_POKER_BATCH_THRESHOLD_SERVICE31': '100', 'SLOWPOKE_IS_TARGET_SERVICE_SERVICE31': 'false', 'SLOWPOKE_DELAY_MICROS_SERVICE32': '0.0', 'SLOWPOKE_POKER_BATCH_THRESHOLD_SERVICE32': '100', 'SLOWPOKE_IS_TARGET_SERVICE_SERVICE32': 'false', 'SLOWPOKE_DELAY_MICROS_SERVICE33': '0.0', 'SLOWPOKE_POKER_BATCH_THRESHOLD_SERVICE33': '100', 'SLOWPOKE_IS_TARGET_SERVICE_SERVICE33': 'false', 'SLOWPOKE_DELAY_MICROS_SERVICE34': '0.0', 'SLOWPOKE_POKER_BATCH_THRESHOLD_SERVICE34': '100', 'SLOWPOKE_IS_TARGET_SERVICE_SERVICE34': 'false', 'SLOWPOKE_DELAY_MICROS_SERVICE35': '0.0', 'SLOWPOKE_POKER_BATCH_THRESHOLD_SERVICE35': '100', 'SLOWPOKE_IS_TARGET_SERVICE_SERVICE35': 'false', 'SLOWPOKE_DELAY_MICROS_SERVICE36': '0.0', 'SLOWPOKE_POKER_BATCH_THRESHOLD_SERVICE36': '100', 'SLOWPOKE_IS_TARGET_SERVICE_SERVICE36': 'false', 'SLOWPOKE_DELAY_MICROS_SERVICE37': '0.0', 'SLOWPOKE_POKER_BATCH_THRESHOLD_SERVICE37': '100', 'SLOWPOKE_IS_TARGET_SERVICE_SERVICE37': 'false', 'SLOWPOKE_DELAY_MICROS_SERVICE38': '0.0', 'SLOWPOKE_POKER_BATCH_THRESHOLD_SERVICE38': '100', 'SLOWPOKE_IS_TARGET_SERVICE_SERVICE38': 'false', 'SLOWPOKE_DELAY_MICROS_SERVICE39': '0.0', 'SLOWPOKE_POKER_BATCH_THRESHOLD_SERVICE39': '100', 'SLOWPOKE_IS_TARGET_SERVICE_SERVICE39': 'false', 'SLOWPOKE_DELAY_MICROS_SERVICE40': '0.0', 'SLOWPOKE_POKER_BATCH_THRESHOLD_SERVICE40': '100', 'SLOWPOKE_IS_TARGET_SERVICE_SERVICE40': 'false', 'SLOWPOKE_DELAY_MICROS_SERVICE41': '0.0', 'SLOWPOKE_POKER_BATCH_THRESHOLD_SERVICE41': '100', 'SLOWPOKE_IS_TARGET_SERVICE_SERVICE41': 'false', 'SLOWPOKE_DELAY_MICROS_SERVICE42': '0.0', 'SLOWPOKE_POKER_BATCH_THRESHOLD_SERVICE42': '100', 'SLOWPOKE_IS_TARGET_SERVICE_SERVICE42': 'false'}
    [exp] Executing cmd `bash run.sh synthetic large-scale 8 64 10000`:
        [run.sh] Running benchmark synthetic with request large-scale, thread 8, conn 64, duration 60
        [run.sh] Deleting all services
        configmap "config-service0" deleted
        deployment.apps "service0" deleted
        service "service0" deleted
        configmap "config-service1" deleted
        deployment.apps "service1" deleted
        service "service1" deleted
        configmap "config-service10" deleted
        deployment.apps "service10" deleted
        service "service10" deleted
        configmap "config-service11" deleted
        deployment.apps "service11" deleted
        service "service11" deleted
        configmap "config-service12" deleted
        deployment.apps "service12" deleted
        service "service12" deleted
        configmap "config-service13" deleted
        deployment.apps "service13" deleted
        service "service13" deleted
        configmap "config-service14" deleted
        deployment.apps "service14" deleted
        service "service14" deleted
        configmap "config-service15" deleted
        deployment.apps "service15" deleted
        service "service15" deleted
        configmap "config-service16" deleted
        deployment.apps "service16" deleted
        service "service16" deleted
        configmap "config-service17" deleted
        deployment.apps "service17" deleted
        service "service17" deleted
        configmap "config-service18" deleted
        deployment.apps "service18" deleted
        service "service18" deleted
        configmap "config-service19" deleted
        deployment.apps "service19" deleted
        service "service19" deleted
        configmap "config-service2" deleted
        deployment.apps "service2" deleted
        service "service2" deleted
        configmap "config-service20" deleted
        deployment.apps "service20" deleted
        service "service20" deleted
        configmap "config-service21" deleted
        deployment.apps "service21" deleted
        service "service21" deleted
        configmap "config-service22" deleted
        deployment.apps "service22" deleted
        service "service22" deleted
        configmap "config-service23" deleted
        deployment.apps "service23" deleted
        service "service23" deleted
        configmap "config-service24" deleted
        deployment.apps "service24" deleted
        service "service24" deleted
        configmap "config-service25" deleted
        deployment.apps "service25" deleted
        service "service25" deleted
        configmap "config-service26" deleted
        deployment.apps "service26" deleted
        service "service26" deleted
        configmap "config-service27" deleted
        deployment.apps "service27" deleted
        service "service27" deleted
        configmap "config-service28" deleted
        deployment.apps "service28" deleted
        service "service28" deleted
        configmap "config-service29" deleted
        deployment.apps "service29" deleted
        service "service29" deleted
        configmap "config-service3" deleted
        deployment.apps "service3" deleted
        service "service3" deleted
        configmap "config-service30" deleted
        deployment.apps "service30" deleted
        service "service30" deleted
        configmap "config-service31" deleted
        deployment.apps "service31" deleted
        service "service31" deleted
        configmap "config-service32" deleted
        deployment.apps "service32" deleted
        service "service32" deleted
        configmap "config-service33" deleted
        deployment.apps "service33" deleted
        service "service33" deleted
        configmap "config-service34" deleted
        deployment.apps "service34" deleted
        service "service34" deleted
        configmap "config-service35" deleted
        deployment.apps "service35" deleted
        service "service35" deleted
        configmap "config-service36" deleted
        deployment.apps "service36" deleted
        service "service36" deleted
        configmap "config-service37" deleted
        deployment.apps "service37" deleted
        service "service37" deleted
        configmap "config-service38" deleted
        deployment.apps "service38" deleted
        service "service38" deleted
        configmap "config-service39" deleted
        deployment.apps "service39" deleted
        service "service39" deleted
        configmap "config-service4" deleted
        deployment.apps "service4" deleted
        service "service4" deleted
        configmap "config-service40" deleted
        deployment.apps "service40" deleted
        service "service40" deleted
        configmap "config-service41" deleted
        deployment.apps "service41" deleted
        service "service41" deleted
        configmap "config-service42" deleted
        deployment.apps "service42" deleted
        service "service42" deleted
        configmap "config-service5" deleted
        deployment.apps "service5" deleted
        service "service5" deleted
        configmap "config-service6" deleted
        deployment.apps "service6" deleted
        service "service6" deleted
        configmap "config-service7" deleted
        deployment.apps "service7" deleted
        service "service7" deleted
        configmap "config-service8" deleted
        deployment.apps "service8" deleted
        service "service8" deleted
        configmap "config-service9" deleted
        deployment.apps "service9" deleted
        service "service9" deleted
        deployment.apps "ubuntu-client" deleted
        [run.sh] Waiting for all pods to be deleted
        [run.sh] Deploying all services
        configmap/config-service0 created
        deployment.apps/service0 created
        service/service0 created
        configmap/config-service1 created
        deployment.apps/service1 created
        service/service1 created
        configmap/config-service10 created
        deployment.apps/service10 created
        service/service10 created
        configmap/config-service11 created
        deployment.apps/service11 created
        service/service11 created
        configmap/config-service12 created
        deployment.apps/service12 created
        service/service12 created
        configmap/config-service13 created
        deployment.apps/service13 created
        service/service13 created
        configmap/config-service14 created
        deployment.apps/service14 created
        service/service14 created
        configmap/config-service15 created
        deployment.apps/service15 created
        service/service15 created
        configmap/config-service16 created
        deployment.apps/service16 created
        service/service16 created
        configmap/config-service17 created
        deployment.apps/service17 created
        service/service17 created
        configmap/config-service18 created
        deployment.apps/service18 created
        service/service18 created
        configmap/config-service19 created
        deployment.apps/service19 created
        service/service19 created
        configmap/config-service2 created
        deployment.apps/service2 created
        service/service2 created
        configmap/config-service20 created
        deployment.apps/service20 created
        service/service20 created
        configmap/config-service21 created
        deployment.apps/service21 created
        service/service21 created
        configmap/config-service22 created
        deployment.apps/service22 created
        service/service22 created
        configmap/config-service23 created
        deployment.apps/service23 created
        service/service23 created
        configmap/config-service24 created
        deployment.apps/service24 created
        service/service24 created
        configmap/config-service25 created
        deployment.apps/service25 created
        service/service25 created
        configmap/config-service26 created
        deployment.apps/service26 created
        service/service26 created
        configmap/config-service27 created
        deployment.apps/service27 created
        service/service27 created
        configmap/config-service28 created
        deployment.apps/service28 created
        service/service28 created
        configmap/config-service29 created
        deployment.apps/service29 created
        service/service29 created
        configmap/config-service3 created
        deployment.apps/service3 created
        service/service3 created
        configmap/config-service30 created
        deployment.apps/service30 created
        service/service30 created
        configmap/config-service31 created
        deployment.apps/service31 created
        service/service31 created
        configmap/config-service32 created
        deployment.apps/service32 created
        service/service32 created
        configmap/config-service33 created
        deployment.apps/service33 created
        service/service33 created
        configmap/config-service34 created
        deployment.apps/service34 created
        service/service34 created
        configmap/config-service35 created
        deployment.apps/service35 created
        service/service35 created
        configmap/config-service36 created
        deployment.apps/service36 created
        service/service36 created
        configmap/config-service37 created
        deployment.apps/service37 created
        service/service37 created
        configmap/config-service38 created
        deployment.apps/service38 created
        service/service38 created
        configmap/config-service39 created
        deployment.apps/service39 created
        service/service39 created
        configmap/config-service4 created
        deployment.apps/service4 created
        service/service4 created
        configmap/config-service40 created
        deployment.apps/service40 created
        service/service40 created
        configmap/config-service41 created
        deployment.apps/service41 created
        service/service41 created
        configmap/config-service42 created
        deployment.apps/service42 created
        service/service42 created
        configmap/config-service5 created
        deployment.apps/service5 created
        service/service5 created
        configmap/config-service6 created
        deployment.apps/service6 created
        service/service6 created
        configmap/config-service7 created
        deployment.apps/service7 created
        service/service7 created
        configmap/config-service8 created
        deployment.apps/service8 created
        service/service8 created
        configmap/config-service9 created
        deployment.apps/service9 created
        service/service9 created
        [run.sh] Client pod not found, deploying client
        deployment.apps/ubuntu-client created
        [run.sh] Waiting for all pods to be running
        [run.sh] All pods are running
        [run.sh] Running warmup test
        [run.sh] /wrk/wrk -t8 -c64 --timeout 10s -d10s -L http://service0:80/endpoint1
        Running 10s test @ http://service0:80/endpoint1
        8 threads and 64 connections
        Thread Stats   Avg      Stdev     Max   +/- Stdev
        Latency   475.61ms  850.66ms   3.33s    84.58%
        Req/Sec   114.85     28.78   190.00     77.57%
        Latency Distribution
        50%   76.17ms
        75%  152.25ms
        90%    2.04s
        99%    3.20s
        6274 requests in 10.02s, 0.95MB read
        Requests/sec:    626.12
        Transfer/sec:     97.22KB
        [run.sh] Speed is 626.12, duration is 23
        [run.sh] Fix the request number.
        [run.sh] Running the actual test
        [run.sh] /wrk/wrk --timeout 20s -t8 -c64 -d23s -L -s /wrk/fix_req_n.lua http://service0:80/endpoint1
        Running 23s test @ http://service0:80/endpoint1
        8 threads and 64 connections
        Thread Stats   Avg      Stdev     Max   +/- Stdev
        Latency    69.91ms   28.72ms 208.05ms   71.52%
        Req/Sec   114.32     26.04   181.00     71.59%
        Latency Distribution
        50%   66.08ms
        75%   85.59ms
        90%  107.82ms
        99%  158.34ms
        10000 requests in 23.00s, 1.52MB read
        Requests/sec:    434.78
        Transfer/sec:     67.51KB
        ------------------------------
        stop time: 10.926080
        stop time: 11.030713
        stop time: 10.997649
        stop time: 10.723061
        stop time: 10.963352
        stop time: 11.026590
        stop time: 11.039970
        stop time: 10.931843
        [run.sh] Checking the resource usage
        NAME                             CPU(cores)   MEMORY(bytes)
        service0-69955d4677-brpkm        1812m        30Mi
        service1-58c95cb96-wxvcq         1514m        25Mi
        service10-9549b4cd-tkggd         716m         10Mi
        service11-b76846c44-ffgxb        435m         11Mi
        service12-8ddc6874b-4zp5s        471m         10Mi
        service13-6dc48cb75b-khrxh       401m         10Mi
        service14-6fdd479dcd-gwsfg       606m         10Mi
        service15-6bc59bd7d4-s5xpj       469m         10Mi
        service16-7886b6b8d6-llgz4       569m         10Mi
        service17-7b5f6467b8-tlckh       522m         10Mi
        service18-65595ccfd6-mtnns       459m         9Mi
        service19-55c65f57c6-xkm5x       353m         9Mi
        service2-5d59c5bd5d-4rs4k        1649m        23Mi
        service20-58b86cfc4d-v9c8r       519m         10Mi
        service21-8d587d69d-2v2mj        530m         10Mi
        service22-55796dcf9b-dw5pl       455m         9Mi
        service23-599c6478cd-98zrd       499m         10Mi
        service24-655749d78d-fsjpm       375m         8Mi
        service25-656bf89c8b-2xcb7       453m         9Mi
        service26-5fcc5669d4-wnhv5       306m         9Mi
        service27-8687746986-ss494       395m         9Mi
        service28-6bbbb998d8-tkgwd       355m         9Mi
        service29-655dfdfd6b-d8b24       396m         9Mi
        service3-564487d7d8-hnbbr        1629m        24Mi
        service30-6d966bbbcd-9mn7m       259m         9Mi
        service31-9476bd9bd-cmwpf        353m         9Mi
        service32-64b88b58b-9dgs6        309m         9Mi
        service33-69bdf8b97b-snlzj       329m         9Mi
        service34-9d9487db6-cp8pz        293m         10Mi
        service35-575bf5bbb8-gqgd7       287m         9Mi
        service36-765d6cd758-rhggv       285m         10Mi
        service37-66f4568564-jzv2r       191m         9Mi
        service38-56fc9c9b7d-2vdvg       287m         9Mi
        service39-5b478bd9b-695nn        284m         9Mi
        service4-6bfbd6d59c-9rpsb        936m         18Mi
        service40-7c5d878d8d-xwtv4       230m         8Mi
        service41-567cc54974-2fw6m       158m         9Mi
        service42-6c5db85bd-f4bc4        134m         9Mi
        service5-ffd8ccc6-gdp57          1597m        23Mi
        service6-6b89db49b6-7mk9k        1461m        22Mi
        service7-845b5b8588-ktdpf        751m         10Mi
        service8-7c9f97fd46-gkqpc        728m         10Mi
        service9-7cb9cf658d-s22ll        631m         10Mi
        ubuntu-client-76886f6bbd-lf8jc   25m          5Mi
        [run.sh] Test finished with status 0
        > STDERR
        > No resources found in default namespace.
    [exp] Times: [10.92608, 11.030713, 10.997649, 10.723061, 10.963352, 11.02659, 11.03997, 10.931843]
    [exp] Throughput: 912.8329224330038
[test.py] Running 0th slowdown exp
    [exp] Running (pre_run: False) workload synthetic/large-scale request with the following configuration: {'CLIENT_CPU_QUOTA': '2', 'SLOWPOKE_POKER_BATCH_THRESHOLD': '20000000', 'PROCESSING_TIME_SERVICE4': '0.00234975', 'PROCESSING_TIME_SERVICE0': '0.00114823', 'PROCESSING_TIME_SERVICE1': '0.00112713', 'PROCESSING_TIME_SERVICE2': '0.00112567', 'PROCESSING_TIME_SERVICE3': '0.00108198', 'PROCESSING_TIME_SERVICE5': '0.00092397', 'PROCESSING_TIME_SERVICE6': '0.00091663', 'PROCESSING_TIME_SERVICE7': '0.0008445', 'PROCESSING_TIME_SERVICE8': '0.00082763', 'PROCESSING_TIME_SERVICE9': '0.00082746', 'PROCESSING_TIME_SERVICE10': '0.00081339', 'PROCESSING_TIME_SERVICE11': '0.00079052', 'PROCESSING_TIME_SERVICE12': '0.00076379', 'PROCESSING_TIME_SERVICE13': '0.00073892', 'PROCESSING_TIME_SERVICE14': '0.00071725', 'PROCESSING_TIME_SERVICE15': '0.0007103', 'PROCESSING_TIME_SERVICE16': '0.00064814', 'PROCESSING_TIME_SERVICE17': '0.00063596', 'PROCESSING_TIME_SERVICE18': '0.00063485', 'PROCESSING_TIME_SERVICE19': '0.00062251', 'PROCESSING_TIME_SERVICE20': '0.0006121', 'PROCESSING_TIME_SERVICE21': '0.00060493', 'PROCESSING_TIME_SERVICE22': '0.00059362', 'PROCESSING_TIME_SERVICE23': '0.00058652', 'PROCESSING_TIME_SERVICE24': '0.00058578', 'PROCESSING_TIME_SERVICE25': '0.00055957', 'PROCESSING_TIME_SERVICE26': '0.00054507', 'PROCESSING_TIME_SERVICE27': '0.00050763', 'PROCESSING_TIME_SERVICE28': '0.00045135', 'PROCESSING_TIME_SERVICE29': '0.00044947', 'PROCESSING_TIME_SERVICE30': '0.00043772', 'PROCESSING_TIME_SERVICE31': '0.00040844', 'PROCESSING_TIME_SERVICE32': '0.00039446', 'PROCESSING_TIME_SERVICE33': '0.00037979', 'PROCESSING_TIME_SERVICE34': '0.00033094', 'PROCESSING_TIME_SERVICE35': '0.00032007', 'PROCESSING_TIME_SERVICE36': '0.00031273', 'PROCESSING_TIME_SERVICE37': '0.00027061', 'PROCESSING_TIME_SERVICE38': '0.00026683', 'PROCESSING_TIME_SERVICE39': '0.00023522', 'PROCESSING_TIME_SERVICE40': '0.00023345', 'PROCESSING_TIME_SERVICE41': '0.00015364', 'PROCESSING_TIME_SERVICE42': '9.551e-05', 'SLOWPOKE_DELAY_MICROS_SERVICE4': '0.0', 'SLOWPOKE_POKER_BATCH_THRESHOLD_SERVICE4': '100', 'SLOWPOKE_IS_TARGET_SERVICE_SERVICE4': 'true', 'SLOWPOKE_DELAY_MICROS_SERVICE0': '1174.5', 'SLOWPOKE_POKER_BATCH_THRESHOLD_SERVICE0': '100', 'SLOWPOKE_IS_TARGET_SERVICE_SERVICE0': 'false', 'SLOWPOKE_DELAY_MICROS_SERVICE1': '1174.5', 'SLOWPOKE_POKER_BATCH_THRESHOLD_SERVICE1': '100', 'SLOWPOKE_IS_TARGET_SERVICE_SERVICE1': 'false', 'SLOWPOKE_DELAY_MICROS_SERVICE2': '1174.5', 'SLOWPOKE_POKER_BATCH_THRESHOLD_SERVICE2': '100', 'SLOWPOKE_IS_TARGET_SERVICE_SERVICE2': 'false', 'SLOWPOKE_DELAY_MICROS_SERVICE3': '1174.5', 'SLOWPOKE_POKER_BATCH_THRESHOLD_SERVICE3': '100', 'SLOWPOKE_IS_TARGET_SERVICE_SERVICE3': 'false', 'SLOWPOKE_DELAY_MICROS_SERVICE5': '1174.5', 'SLOWPOKE_POKER_BATCH_THRESHOLD_SERVICE5': '100', 'SLOWPOKE_IS_TARGET_SERVICE_SERVICE5': 'false', 'SLOWPOKE_DELAY_MICROS_SERVICE6': '1174.5', 'SLOWPOKE_POKER_BATCH_THRESHOLD_SERVICE6': '100', 'SLOWPOKE_IS_TARGET_SERVICE_SERVICE6': 'false', 'SLOWPOKE_DELAY_MICROS_SERVICE7': '1174.5', 'SLOWPOKE_POKER_BATCH_THRESHOLD_SERVICE7': '100', 'SLOWPOKE_IS_TARGET_SERVICE_SERVICE7': 'false', 'SLOWPOKE_DELAY_MICROS_SERVICE8': '1174.5', 'SLOWPOKE_POKER_BATCH_THRESHOLD_SERVICE8': '100', 'SLOWPOKE_IS_TARGET_SERVICE_SERVICE8': 'false', 'SLOWPOKE_DELAY_MICROS_SERVICE9': '1174.5', 'SLOWPOKE_POKER_BATCH_THRESHOLD_SERVICE9': '100', 'SLOWPOKE_IS_TARGET_SERVICE_SERVICE9': 'false', 'SLOWPOKE_DELAY_MICROS_SERVICE10': '1174.5', 'SLOWPOKE_POKER_BATCH_THRESHOLD_SERVICE10': '100', 'SLOWPOKE_IS_TARGET_SERVICE_SERVICE10': 'false', 'SLOWPOKE_DELAY_MICROS_SERVICE11': '1174.5', 'SLOWPOKE_POKER_BATCH_THRESHOLD_SERVICE11': '100', 'SLOWPOKE_IS_TARGET_SERVICE_SERVICE11': 'false', 'SLOWPOKE_DELAY_MICROS_SERVICE12': '1174.5', 'SLOWPOKE_POKER_BATCH_THRESHOLD_SERVICE12': '100', 'SLOWPOKE_IS_TARGET_SERVICE_SERVICE12': 'false', 'SLOWPOKE_DELAY_MICROS_SERVICE13': '1174.5', 'SLOWPOKE_POKER_BATCH_THRESHOLD_SERVICE13': '100', 'SLOWPOKE_IS_TARGET_SERVICE_SERVICE13': 'false', 'SLOWPOKE_DELAY_MICROS_SERVICE14': '1174.5', 'SLOWPOKE_POKER_BATCH_THRESHOLD_SERVICE14': '100', 'SLOWPOKE_IS_TARGET_SERVICE_SERVICE14': 'false', 'SLOWPOKE_DELAY_MICROS_SERVICE15': '1174.5', 'SLOWPOKE_POKER_BATCH_THRESHOLD_SERVICE15': '100', 'SLOWPOKE_IS_TARGET_SERVICE_SERVICE15': 'false', 'SLOWPOKE_DELAY_MICROS_SERVICE16': '1174.5', 'SLOWPOKE_POKER_BATCH_THRESHOLD_SERVICE16': '100', 'SLOWPOKE_IS_TARGET_SERVICE_SERVICE16': 'false', 'SLOWPOKE_DELAY_MICROS_SERVICE17': '1174.5', 'SLOWPOKE_POKER_BATCH_THRESHOLD_SERVICE17': '100', 'SLOWPOKE_IS_TARGET_SERVICE_SERVICE17': 'false', 'SLOWPOKE_DELAY_MICROS_SERVICE18': '1174.5', 'SLOWPOKE_POKER_BATCH_THRESHOLD_SERVICE18': '100', 'SLOWPOKE_IS_TARGET_SERVICE_SERVICE18': 'false', 'SLOWPOKE_DELAY_MICROS_SERVICE19': '1174.5', 'SLOWPOKE_POKER_BATCH_THRESHOLD_SERVICE19': '100', 'SLOWPOKE_IS_TARGET_SERVICE_SERVICE19': 'false', 'SLOWPOKE_DELAY_MICROS_SERVICE20': '1174.5', 'SLOWPOKE_POKER_BATCH_THRESHOLD_SERVICE20': '100', 'SLOWPOKE_IS_TARGET_SERVICE_SERVICE20': 'false', 'SLOWPOKE_DELAY_MICROS_SERVICE21': '1174.5', 'SLOWPOKE_POKER_BATCH_THRESHOLD_SERVICE21': '100', 'SLOWPOKE_IS_TARGET_SERVICE_SERVICE21': 'false', 'SLOWPOKE_DELAY_MICROS_SERVICE22': '1174.5', 'SLOWPOKE_POKER_BATCH_THRESHOLD_SERVICE22': '100', 'SLOWPOKE_IS_TARGET_SERVICE_SERVICE22': 'false', 'SLOWPOKE_DELAY_MICROS_SERVICE23': '1174.5', 'SLOWPOKE_POKER_BATCH_THRESHOLD_SERVICE23': '100', 'SLOWPOKE_IS_TARGET_SERVICE_SERVICE23': 'false', 'SLOWPOKE_DELAY_MICROS_SERVICE24': '1174.5', 'SLOWPOKE_POKER_BATCH_THRESHOLD_SERVICE24': '100', 'SLOWPOKE_IS_TARGET_SERVICE_SERVICE24': 'false', 'SLOWPOKE_DELAY_MICROS_SERVICE25': '1174.5', 'SLOWPOKE_POKER_BATCH_THRESHOLD_SERVICE25': '100', 'SLOWPOKE_IS_TARGET_SERVICE_SERVICE25': 'false', 'SLOWPOKE_DELAY_MICROS_SERVICE26': '1174.5', 'SLOWPOKE_POKER_BATCH_THRESHOLD_SERVICE26': '100', 'SLOWPOKE_IS_TARGET_SERVICE_SERVICE26': 'false', 'SLOWPOKE_DELAY_MICROS_SERVICE27': '1174.5', 'SLOWPOKE_POKER_BATCH_THRESHOLD_SERVICE27': '100', 'SLOWPOKE_IS_TARGET_SERVICE_SERVICE27': 'false', 'SLOWPOKE_DELAY_MICROS_SERVICE28': '1174.5', 'SLOWPOKE_POKER_BATCH_THRESHOLD_SERVICE28': '100', 'SLOWPOKE_IS_TARGET_SERVICE_SERVICE28': 'false', 'SLOWPOKE_DELAY_MICROS_SERVICE29': '1174.5', 'SLOWPOKE_POKER_BATCH_THRESHOLD_SERVICE29': '100', 'SLOWPOKE_IS_TARGET_SERVICE_SERVICE29': 'false', 'SLOWPOKE_DELAY_MICROS_SERVICE30': '1174.5', 'SLOWPOKE_POKER_BATCH_THRESHOLD_SERVICE30': '100', 'SLOWPOKE_IS_TARGET_SERVICE_SERVICE30': 'false', 'SLOWPOKE_DELAY_MICROS_SERVICE31': '1174.5', 'SLOWPOKE_POKER_BATCH_THRESHOLD_SERVICE31': '100', 'SLOWPOKE_IS_TARGET_SERVICE_SERVICE31': 'false', 'SLOWPOKE_DELAY_MICROS_SERVICE32': '1174.5', 'SLOWPOKE_POKER_BATCH_THRESHOLD_SERVICE32': '100', 'SLOWPOKE_IS_TARGET_SERVICE_SERVICE32': 'false', 'SLOWPOKE_DELAY_MICROS_SERVICE33': '1174.5', 'SLOWPOKE_POKER_BATCH_THRESHOLD_SERVICE33': '100', 'SLOWPOKE_IS_TARGET_SERVICE_SERVICE33': 'false', 'SLOWPOKE_DELAY_MICROS_SERVICE34': '1174.5', 'SLOWPOKE_POKER_BATCH_THRESHOLD_SERVICE34': '100', 'SLOWPOKE_IS_TARGET_SERVICE_SERVICE34': 'false', 'SLOWPOKE_DELAY_MICROS_SERVICE35': '1174.5', 'SLOWPOKE_POKER_BATCH_THRESHOLD_SERVICE35': '100', 'SLOWPOKE_IS_TARGET_SERVICE_SERVICE35': 'false', 'SLOWPOKE_DELAY_MICROS_SERVICE36': '1174.5', 'SLOWPOKE_POKER_BATCH_THRESHOLD_SERVICE36': '100', 'SLOWPOKE_IS_TARGET_SERVICE_SERVICE36': 'false', 'SLOWPOKE_DELAY_MICROS_SERVICE37': '1174.5', 'SLOWPOKE_POKER_BATCH_THRESHOLD_SERVICE37': '100', 'SLOWPOKE_IS_TARGET_SERVICE_SERVICE37': 'false', 'SLOWPOKE_DELAY_MICROS_SERVICE38': '1174.5', 'SLOWPOKE_POKER_BATCH_THRESHOLD_SERVICE38': '100', 'SLOWPOKE_IS_TARGET_SERVICE_SERVICE38': 'false', 'SLOWPOKE_DELAY_MICROS_SERVICE39': '1174.5', 'SLOWPOKE_POKER_BATCH_THRESHOLD_SERVICE39': '100', 'SLOWPOKE_IS_TARGET_SERVICE_SERVICE39': 'false', 'SLOWPOKE_DELAY_MICROS_SERVICE40': '1174.5', 'SLOWPOKE_POKER_BATCH_THRESHOLD_SERVICE40': '100', 'SLOWPOKE_IS_TARGET_SERVICE_SERVICE40': 'false', 'SLOWPOKE_DELAY_MICROS_SERVICE41': '1174.5', 'SLOWPOKE_POKER_BATCH_THRESHOLD_SERVICE41': '100', 'SLOWPOKE_IS_TARGET_SERVICE_SERVICE41': 'false', 'SLOWPOKE_DELAY_MICROS_SERVICE42': '1174.5', 'SLOWPOKE_POKER_BATCH_THRESHOLD_SERVICE42': '100', 'SLOWPOKE_IS_TARGET_SERVICE_SERVICE42': 'false'}
    [exp] Executing cmd `bash run.sh synthetic large-scale 8 64 10000`:
        [run.sh] Running benchmark synthetic with request large-scale, thread 8, conn 64, duration 60
        [run.sh] Deleting all services
        configmap "config-service0" deleted
        deployment.apps "service0" deleted
        service "service0" deleted
        configmap "config-service1" deleted
        deployment.apps "service1" deleted
        service "service1" deleted
        configmap "config-service10" deleted
        deployment.apps "service10" deleted
        service "service10" deleted
        configmap "config-service11" deleted
        deployment.apps "service11" deleted
        service "service11" deleted
        configmap "config-service12" deleted
        deployment.apps "service12" deleted
        service "service12" deleted
        configmap "config-service13" deleted
        deployment.apps "service13" deleted
        service "service13" deleted
        configmap "config-service14" deleted
        deployment.apps "service14" deleted
        service "service14" deleted
        configmap "config-service15" deleted
        deployment.apps "service15" deleted
        service "service15" deleted
        configmap "config-service16" deleted
        deployment.apps "service16" deleted
        service "service16" deleted
        configmap "config-service17" deleted
        deployment.apps "service17" deleted
        service "service17" deleted
        configmap "config-service18" deleted
        deployment.apps "service18" deleted
        service "service18" deleted
        configmap "config-service19" deleted
        deployment.apps "service19" deleted
        service "service19" deleted
        configmap "config-service2" deleted
        deployment.apps "service2" deleted
        service "service2" deleted
        configmap "config-service20" deleted
        deployment.apps "service20" deleted
        service "service20" deleted
        configmap "config-service21" deleted
        deployment.apps "service21" deleted
        service "service21" deleted
        configmap "config-service22" deleted
        deployment.apps "service22" deleted
        service "service22" deleted
        configmap "config-service23" deleted
        deployment.apps "service23" deleted
        service "service23" deleted
        configmap "config-service24" deleted
        deployment.apps "service24" deleted
        service "service24" deleted
        configmap "config-service25" deleted
        deployment.apps "service25" deleted
        service "service25" deleted
        configmap "config-service26" deleted
        deployment.apps "service26" deleted
        service "service26" deleted
        configmap "config-service27" deleted
        deployment.apps "service27" deleted
        service "service27" deleted
        configmap "config-service28" deleted
        deployment.apps "service28" deleted
        service "service28" deleted
        configmap "config-service29" deleted
        deployment.apps "service29" deleted
        service "service29" deleted
        configmap "config-service3" deleted
        deployment.apps "service3" deleted
        service "service3" deleted
        configmap "config-service30" deleted
        deployment.apps "service30" deleted
        service "service30" deleted
        configmap "config-service31" deleted
        deployment.apps "service31" deleted
        service "service31" deleted
        configmap "config-service32" deleted
        deployment.apps "service32" deleted
        service "service32" deleted
        configmap "config-service33" deleted
        deployment.apps "service33" deleted
        service "service33" deleted
        configmap "config-service34" deleted
        deployment.apps "service34" deleted
        service "service34" deleted
        configmap "config-service35" deleted
        deployment.apps "service35" deleted
        service "service35" deleted
        configmap "config-service36" deleted
        deployment.apps "service36" deleted
        service "service36" deleted
        configmap "config-service37" deleted
        deployment.apps "service37" deleted
        service "service37" deleted
        configmap "config-service38" deleted
        deployment.apps "service38" deleted
        service "service38" deleted
        configmap "config-service39" deleted
        deployment.apps "service39" deleted
        service "service39" deleted
        configmap "config-service4" deleted
        deployment.apps "service4" deleted
        service "service4" deleted
        configmap "config-service40" deleted
        deployment.apps "service40" deleted
        service "service40" deleted
        configmap "config-service41" deleted
        deployment.apps "service41" deleted
        service "service41" deleted
        configmap "config-service42" deleted
        deployment.apps "service42" deleted
        service "service42" deleted
        configmap "config-service5" deleted
        deployment.apps "service5" deleted
        service "service5" deleted
        configmap "config-service6" deleted
        deployment.apps "service6" deleted
        service "service6" deleted
        configmap "config-service7" deleted
        deployment.apps "service7" deleted
        service "service7" deleted
        configmap "config-service8" deleted
        deployment.apps "service8" deleted
        service "service8" deleted
        configmap "config-service9" deleted
        deployment.apps "service9" deleted
        service "service9" deleted
        deployment.apps "ubuntu-client" deleted
        [run.sh] Waiting for all pods to be deleted
        [run.sh] Deploying all services
        configmap/config-service0 created
        deployment.apps/service0 created
        service/service0 created
        configmap/config-service1 created
        deployment.apps/service1 created
        service/service1 created
        configmap/config-service10 created
        deployment.apps/service10 created
        service/service10 created
        configmap/config-service11 created
        deployment.apps/service11 created
        service/service11 created
        configmap/config-service12 created
        deployment.apps/service12 created
        service/service12 created
        configmap/config-service13 created
        deployment.apps/service13 created
        service/service13 created
        configmap/config-service14 created
        deployment.apps/service14 created
        service/service14 created
        configmap/config-service15 created
        deployment.apps/service15 created
        service/service15 created
        configmap/config-service16 created
        deployment.apps/service16 created
        service/service16 created
        configmap/config-service17 created
        deployment.apps/service17 created
        service/service17 created
        configmap/config-service18 created
        deployment.apps/service18 created
        service/service18 created
        configmap/config-service19 created
        deployment.apps/service19 created
        service/service19 created
        configmap/config-service2 created
        deployment.apps/service2 created
        service/service2 created
        configmap/config-service20 created
        deployment.apps/service20 created
        service/service20 created
        configmap/config-service21 created
        deployment.apps/service21 created
        service/service21 created
        configmap/config-service22 created
        deployment.apps/service22 created
        service/service22 created
        configmap/config-service23 created
        deployment.apps/service23 created
        service/service23 created
        configmap/config-service24 created
        deployment.apps/service24 created
        service/service24 created
        configmap/config-service25 created
        deployment.apps/service25 created
        service/service25 created
        configmap/config-service26 created
        deployment.apps/service26 created
        service/service26 created
        configmap/config-service27 created
        deployment.apps/service27 created
        service/service27 created
        configmap/config-service28 created
        deployment.apps/service28 created
        service/service28 created
        configmap/config-service29 created
        deployment.apps/service29 created
        service/service29 created
        configmap/config-service3 created
        deployment.apps/service3 created
        service/service3 created
        configmap/config-service30 created
        deployment.apps/service30 created
        service/service30 created
        configmap/config-service31 created
        deployment.apps/service31 created
        service/service31 created
        configmap/config-service32 created
        deployment.apps/service32 created
        service/service32 created
        configmap/config-service33 created
        deployment.apps/service33 created
        service/service33 created
        configmap/config-service34 created
        deployment.apps/service34 created
        service/service34 created
        configmap/config-service35 created
        deployment.apps/service35 created
        service/service35 created
        configmap/config-service36 created
        deployment.apps/service36 created
        service/service36 created
        configmap/config-service37 created
        deployment.apps/service37 created
        service/service37 created
        configmap/config-service38 created
        deployment.apps/service38 created
        service/service38 created
        configmap/config-service39 created
        deployment.apps/service39 created
        service/service39 created
        configmap/config-service4 created
        deployment.apps/service4 created
        service/service4 created
        configmap/config-service40 created
        deployment.apps/service40 created
        service/service40 created
        configmap/config-service41 created
        deployment.apps/service41 created
        service/service41 created
        configmap/config-service42 created
        deployment.apps/service42 created
        service/service42 created
        configmap/config-service5 created
        deployment.apps/service5 created
        service/service5 created
        configmap/config-service6 created
        deployment.apps/service6 created
        service/service6 created
        configmap/config-service7 created
        deployment.apps/service7 created
        service/service7 created
        configmap/config-service8 created
        deployment.apps/service8 created
        service/service8 created
        configmap/config-service9 created
        deployment.apps/service9 created
        service/service9 created
        [run.sh] Client pod not found, deploying client
        deployment.apps/ubuntu-client created
        [run.sh] Waiting for all pods to be running
        [run.sh] All pods are running
        [run.sh] Running warmup test
        [run.sh] /wrk/wrk -t8 -c64 --timeout 10s -d10s -L http://service0:80/endpoint1
        Running 10s test @ http://service0:80/endpoint1
        8 threads and 64 connections
        Thread Stats   Avg      Stdev     Max   +/- Stdev
        Latency   163.58ms   81.93ms 510.73ms   61.06%
        Req/Sec    50.18     28.39   151.00     58.80%
        Latency Distribution
        50%  183.32ms
        75%  221.71ms
        90%  256.01ms
        99%  341.95ms
        3886 requests in 10.02s, 603.39KB read
        Requests/sec:    387.81
        Transfer/sec:     60.22KB
        [run.sh] Speed is 387.81, duration is 38
        [run.sh] Fix the request number.
        [run.sh] Running the actual test
        [run.sh] /wrk/wrk --timeout 20s -t8 -c64 -d38s -L -s /wrk/fix_req_n.lua http://service0:80/endpoint1
        [run.sh] Checking the resource usage
        NAME                             CPU(cores)   MEMORY(bytes)
        service0-6577c98987-t2bn9        665m         30Mi
        service1-67f797c9f8-2bcz8        518m         23Mi
        service10-67b94d74bd-9m5n5       231m         9Mi
        service11-866c77dfdb-lhjgt       138m         9Mi
        service12-764c64d5b4-68fkb       118m         9Mi
        service13-55c796797d-m4tnt       132m         10Mi
        service14-64fd44c7b8-fkfqt       187m         10Mi
        service15-5f79cddfcd-glw56       257m         10Mi
        service16-669df96dfb-6b24s       177m         9Mi
        service17-7df9455d5d-x7667       158m         9Mi
        service18-7b776f4cd4-6dx64       126m         8Mi
        service19-6bbff8b758-vfnld       117m         9Mi
        service2-565cbcddd-rnlv8         576m         24Mi
        service20-7dbffc566b-l9n25       155m         9Mi
        service21-d9f989d4d-pgpp9        162m         9Mi
        service22-fd5b68478-xtg8m        133m         9Mi
        service23-ccfb675fb-p4wtd        149m         9Mi
        service24-97965ff74-fb9lv        207m         9Mi
        service25-855f7f5cd8-qzpzm       129m         10Mi
        service26-85fbcddf8b-jfgsd       107m         10Mi
        service27-86d46b9bf6-vcnjv       208m         11Mi
        service28-c5f8c6cb6-x9t7d        96m          10Mi
        service29-6fdf7b84b8-nzht8       114m         10Mi
        service3-569df9fb66-7ndls        572m         24Mi
        service30-7c9dbfdf76-tgknk       90m          10Mi
        service31-774958495d-2rj8m       103m         9Mi
        service32-76fc85cbd4-x9wqd       84m          9Mi
        service33-7dc477bcbb-b4j9h       98m          10Mi
        service34-57c7f68464-g8mq7       83m          9Mi
        service35-5ccd4944b-mst8d        83m          9Mi
        service36-79c67cdb8-4qpmh        152m         9Mi
        service37-7658794b58-qjdv5       70m          8Mi
        service38-7b4fb6f8cb-bdvjm       87m          8Mi
        service39-74d789b76b-bjck8       89m          8Mi
        service4-6bfbd6d59c-m6nt6        1069m        30Mi
        service40-69b5749674-7pplm       123m         8Mi
        service41-747f9964b8-xq6gm       88m          8Mi
        service42-59db96b466-zf2z7       75m          9Mi
        service5-76d446478-p4xm4         584m         27Mi
        service6-cc48df596-fs2ws         501m         23Mi
        service7-85644c7f6b-gwk62        240m         8Mi
        service8-5d7bd6bd4d-9m5zb        231m         10Mi
        service9-7657c7f9b6-8whwb        184m         9Mi
        ubuntu-client-76886f6bbd-rvjm2   15m          0Mi
        Running 38s test @ http://service0:80/endpoint1
        8 threads and 64 connections
        Thread Stats   Avg      Stdev     Max   +/- Stdev
        Latency   156.87ms   77.63ms 449.82ms   58.66%
        Req/Sec    51.64     27.83   141.00     58.76%
        Latency Distribution
        50%  178.46ms
        75%  218.18ms
        90%  245.85ms
        99%  295.89ms
        10000 requests in 38.00s, 1.52MB read
        Requests/sec:    263.16
        Transfer/sec:     40.86KB
        ------------------------------
        stop time: 24.630435
        stop time: 24.684223
        stop time: 24.676492
        stop time: 24.384032
        stop time: 24.410507
        stop time: 24.622227
        stop time: 24.476627
        stop time: 24.667670
        [run.sh] Test finished with status 0
        > STDERR
        > No resources found in default namespace.
    [exp] Times: [24.630435, 24.684223, 24.676492, 24.384032, 24.410507, 24.622227, 24.476627, 24.66767]
    [exp] Throughput: 407.0165315309882
[test.py] Finished running 0th optmization experiment: groundtruth->912.8329224330038, slowdown->407.0165315309882, predicted->780.0143703997496, err->-14.55014918603598
[test.py] Running 1th optmization experiment
[test.py] Running 1th groundtruth exp
    [exp] Running (pre_run: False) workload synthetic/large-scale request with the following configuration: {'CLIENT_CPU_QUOTA': '2', 'SLOWPOKE_POKER_BATCH_THRESHOLD': '20000000', 'PROCESSING_TIME_SERVICE4': '0.001174', 'PROCESSING_TIME_SERVICE0': '0.00114823', 'PROCESSING_TIME_SERVICE1': '0.00112713', 'PROCESSING_TIME_SERVICE2': '0.00112567', 'PROCESSING_TIME_SERVICE3': '0.00108198', 'PROCESSING_TIME_SERVICE5': '0.00092397', 'PROCESSING_TIME_SERVICE6': '0.00091663', 'PROCESSING_TIME_SERVICE7': '0.0008445', 'PROCESSING_TIME_SERVICE8': '0.00082763', 'PROCESSING_TIME_SERVICE9': '0.00082746', 'PROCESSING_TIME_SERVICE10': '0.00081339', 'PROCESSING_TIME_SERVICE11': '0.00079052', 'PROCESSING_TIME_SERVICE12': '0.00076379', 'PROCESSING_TIME_SERVICE13': '0.00073892', 'PROCESSING_TIME_SERVICE14': '0.00071725', 'PROCESSING_TIME_SERVICE15': '0.0007103', 'PROCESSING_TIME_SERVICE16': '0.00064814', 'PROCESSING_TIME_SERVICE17': '0.00063596', 'PROCESSING_TIME_SERVICE18': '0.00063485', 'PROCESSING_TIME_SERVICE19': '0.00062251', 'PROCESSING_TIME_SERVICE20': '0.0006121', 'PROCESSING_TIME_SERVICE21': '0.00060493', 'PROCESSING_TIME_SERVICE22': '0.00059362', 'PROCESSING_TIME_SERVICE23': '0.00058652', 'PROCESSING_TIME_SERVICE24': '0.00058578', 'PROCESSING_TIME_SERVICE25': '0.00055957', 'PROCESSING_TIME_SERVICE26': '0.00054507', 'PROCESSING_TIME_SERVICE27': '0.00050763', 'PROCESSING_TIME_SERVICE28': '0.00045135', 'PROCESSING_TIME_SERVICE29': '0.00044947', 'PROCESSING_TIME_SERVICE30': '0.00043772', 'PROCESSING_TIME_SERVICE31': '0.00040844', 'PROCESSING_TIME_SERVICE32': '0.00039446', 'PROCESSING_TIME_SERVICE33': '0.00037979', 'PROCESSING_TIME_SERVICE34': '0.00033094', 'PROCESSING_TIME_SERVICE35': '0.00032007', 'PROCESSING_TIME_SERVICE36': '0.00031273', 'PROCESSING_TIME_SERVICE37': '0.00027061', 'PROCESSING_TIME_SERVICE38': '0.00026683', 'PROCESSING_TIME_SERVICE39': '0.00023522', 'PROCESSING_TIME_SERVICE40': '0.00023345', 'PROCESSING_TIME_SERVICE41': '0.00015364', 'PROCESSING_TIME_SERVICE42': '9.551e-05', 'SLOWPOKE_DELAY_MICROS_SERVICE4': '0.0', 'SLOWPOKE_POKER_BATCH_THRESHOLD_SERVICE4': '100', 'SLOWPOKE_IS_TARGET_SERVICE_SERVICE4': 'true', 'SLOWPOKE_DELAY_MICROS_SERVICE0': '0.0', 'SLOWPOKE_POKER_BATCH_THRESHOLD_SERVICE0': '100', 'SLOWPOKE_IS_TARGET_SERVICE_SERVICE0': 'false', 'SLOWPOKE_DELAY_MICROS_SERVICE1': '0.0', 'SLOWPOKE_POKER_BATCH_THRESHOLD_SERVICE1': '100', 'SLOWPOKE_IS_TARGET_SERVICE_SERVICE1': 'false', 'SLOWPOKE_DELAY_MICROS_SERVICE2': '0.0', 'SLOWPOKE_POKER_BATCH_THRESHOLD_SERVICE2': '100', 'SLOWPOKE_IS_TARGET_SERVICE_SERVICE2': 'false', 'SLOWPOKE_DELAY_MICROS_SERVICE3': '0.0', 'SLOWPOKE_POKER_BATCH_THRESHOLD_SERVICE3': '100', 'SLOWPOKE_IS_TARGET_SERVICE_SERVICE3': 'false', 'SLOWPOKE_DELAY_MICROS_SERVICE5': '0.0', 'SLOWPOKE_POKER_BATCH_THRESHOLD_SERVICE5': '100', 'SLOWPOKE_IS_TARGET_SERVICE_SERVICE5': 'false', 'SLOWPOKE_DELAY_MICROS_SERVICE6': '0.0', 'SLOWPOKE_POKER_BATCH_THRESHOLD_SERVICE6': '100', 'SLOWPOKE_IS_TARGET_SERVICE_SERVICE6': 'false', 'SLOWPOKE_DELAY_MICROS_SERVICE7': '0.0', 'SLOWPOKE_POKER_BATCH_THRESHOLD_SERVICE7': '100', 'SLOWPOKE_IS_TARGET_SERVICE_SERVICE7': 'false', 'SLOWPOKE_DELAY_MICROS_SERVICE8': '0.0', 'SLOWPOKE_POKER_BATCH_THRESHOLD_SERVICE8': '100', 'SLOWPOKE_IS_TARGET_SERVICE_SERVICE8': 'false', 'SLOWPOKE_DELAY_MICROS_SERVICE9': '0.0', 'SLOWPOKE_POKER_BATCH_THRESHOLD_SERVICE9': '100', 'SLOWPOKE_IS_TARGET_SERVICE_SERVICE9': 'false', 'SLOWPOKE_DELAY_MICROS_SERVICE10': '0.0', 'SLOWPOKE_POKER_BATCH_THRESHOLD_SERVICE10': '100', 'SLOWPOKE_IS_TARGET_SERVICE_SERVICE10': 'false', 'SLOWPOKE_DELAY_MICROS_SERVICE11': '0.0', 'SLOWPOKE_POKER_BATCH_THRESHOLD_SERVICE11': '100', 'SLOWPOKE_IS_TARGET_SERVICE_SERVICE11': 'false', 'SLOWPOKE_DELAY_MICROS_SERVICE12': '0.0', 'SLOWPOKE_POKER_BATCH_THRESHOLD_SERVICE12': '100', 'SLOWPOKE_IS_TARGET_SERVICE_SERVICE12': 'false', 'SLOWPOKE_DELAY_MICROS_SERVICE13': '0.0', 'SLOWPOKE_POKER_BATCH_THRESHOLD_SERVICE13': '100', 'SLOWPOKE_IS_TARGET_SERVICE_SERVICE13': 'false', 'SLOWPOKE_DELAY_MICROS_SERVICE14': '0.0', 'SLOWPOKE_POKER_BATCH_THRESHOLD_SERVICE14': '100', 'SLOWPOKE_IS_TARGET_SERVICE_SERVICE14': 'false', 'SLOWPOKE_DELAY_MICROS_SERVICE15': '0.0', 'SLOWPOKE_POKER_BATCH_THRESHOLD_SERVICE15': '100', 'SLOWPOKE_IS_TARGET_SERVICE_SERVICE15': 'false', 'SLOWPOKE_DELAY_MICROS_SERVICE16': '0.0', 'SLOWPOKE_POKER_BATCH_THRESHOLD_SERVICE16': '100', 'SLOWPOKE_IS_TARGET_SERVICE_SERVICE16': 'false', 'SLOWPOKE_DELAY_MICROS_SERVICE17': '0.0', 'SLOWPOKE_POKER_BATCH_THRESHOLD_SERVICE17': '100', 'SLOWPOKE_IS_TARGET_SERVICE_SERVICE17': 'false', 'SLOWPOKE_DELAY_MICROS_SERVICE18': '0.0', 'SLOWPOKE_POKER_BATCH_THRESHOLD_SERVICE18': '100', 'SLOWPOKE_IS_TARGET_SERVICE_SERVICE18': 'false', 'SLOWPOKE_DELAY_MICROS_SERVICE19': '0.0', 'SLOWPOKE_POKER_BATCH_THRESHOLD_SERVICE19': '100', 'SLOWPOKE_IS_TARGET_SERVICE_SERVICE19': 'false', 'SLOWPOKE_DELAY_MICROS_SERVICE20': '0.0', 'SLOWPOKE_POKER_BATCH_THRESHOLD_SERVICE20': '100', 'SLOWPOKE_IS_TARGET_SERVICE_SERVICE20': 'false', 'SLOWPOKE_DELAY_MICROS_SERVICE21': '0.0', 'SLOWPOKE_POKER_BATCH_THRESHOLD_SERVICE21': '100', 'SLOWPOKE_IS_TARGET_SERVICE_SERVICE21': 'false', 'SLOWPOKE_DELAY_MICROS_SERVICE22': '0.0', 'SLOWPOKE_POKER_BATCH_THRESHOLD_SERVICE22': '100', 'SLOWPOKE_IS_TARGET_SERVICE_SERVICE22': 'false', 'SLOWPOKE_DELAY_MICROS_SERVICE23': '0.0', 'SLOWPOKE_POKER_BATCH_THRESHOLD_SERVICE23': '100', 'SLOWPOKE_IS_TARGET_SERVICE_SERVICE23': 'false', 'SLOWPOKE_DELAY_MICROS_SERVICE24': '0.0', 'SLOWPOKE_POKER_BATCH_THRESHOLD_SERVICE24': '100', 'SLOWPOKE_IS_TARGET_SERVICE_SERVICE24': 'false', 'SLOWPOKE_DELAY_MICROS_SERVICE25': '0.0', 'SLOWPOKE_POKER_BATCH_THRESHOLD_SERVICE25': '100', 'SLOWPOKE_IS_TARGET_SERVICE_SERVICE25': 'false', 'SLOWPOKE_DELAY_MICROS_SERVICE26': '0.0', 'SLOWPOKE_POKER_BATCH_THRESHOLD_SERVICE26': '100', 'SLOWPOKE_IS_TARGET_SERVICE_SERVICE26': 'false', 'SLOWPOKE_DELAY_MICROS_SERVICE27': '0.0', 'SLOWPOKE_POKER_BATCH_THRESHOLD_SERVICE27': '100', 'SLOWPOKE_IS_TARGET_SERVICE_SERVICE27': 'false', 'SLOWPOKE_DELAY_MICROS_SERVICE28': '0.0', 'SLOWPOKE_POKER_BATCH_THRESHOLD_SERVICE28': '100', 'SLOWPOKE_IS_TARGET_SERVICE_SERVICE28': 'false', 'SLOWPOKE_DELAY_MICROS_SERVICE29': '0.0', 'SLOWPOKE_POKER_BATCH_THRESHOLD_SERVICE29': '100', 'SLOWPOKE_IS_TARGET_SERVICE_SERVICE29': 'false', 'SLOWPOKE_DELAY_MICROS_SERVICE30': '0.0', 'SLOWPOKE_POKER_BATCH_THRESHOLD_SERVICE30': '100', 'SLOWPOKE_IS_TARGET_SERVICE_SERVICE30': 'false', 'SLOWPOKE_DELAY_MICROS_SERVICE31': '0.0', 'SLOWPOKE_POKER_BATCH_THRESHOLD_SERVICE31': '100', 'SLOWPOKE_IS_TARGET_SERVICE_SERVICE31': 'false', 'SLOWPOKE_DELAY_MICROS_SERVICE32': '0.0', 'SLOWPOKE_POKER_BATCH_THRESHOLD_SERVICE32': '100', 'SLOWPOKE_IS_TARGET_SERVICE_SERVICE32': 'false', 'SLOWPOKE_DELAY_MICROS_SERVICE33': '0.0', 'SLOWPOKE_POKER_BATCH_THRESHOLD_SERVICE33': '100', 'SLOWPOKE_IS_TARGET_SERVICE_SERVICE33': 'false', 'SLOWPOKE_DELAY_MICROS_SERVICE34': '0.0', 'SLOWPOKE_POKER_BATCH_THRESHOLD_SERVICE34': '100', 'SLOWPOKE_IS_TARGET_SERVICE_SERVICE34': 'false', 'SLOWPOKE_DELAY_MICROS_SERVICE35': '0.0', 'SLOWPOKE_POKER_BATCH_THRESHOLD_SERVICE35': '100', 'SLOWPOKE_IS_TARGET_SERVICE_SERVICE35': 'false', 'SLOWPOKE_DELAY_MICROS_SERVICE36': '0.0', 'SLOWPOKE_POKER_BATCH_THRESHOLD_SERVICE36': '100', 'SLOWPOKE_IS_TARGET_SERVICE_SERVICE36': 'false', 'SLOWPOKE_DELAY_MICROS_SERVICE37': '0.0', 'SLOWPOKE_POKER_BATCH_THRESHOLD_SERVICE37': '100', 'SLOWPOKE_IS_TARGET_SERVICE_SERVICE37': 'false', 'SLOWPOKE_DELAY_MICROS_SERVICE38': '0.0', 'SLOWPOKE_POKER_BATCH_THRESHOLD_SERVICE38': '100', 'SLOWPOKE_IS_TARGET_SERVICE_SERVICE38': 'false', 'SLOWPOKE_DELAY_MICROS_SERVICE39': '0.0', 'SLOWPOKE_POKER_BATCH_THRESHOLD_SERVICE39': '100', 'SLOWPOKE_IS_TARGET_SERVICE_SERVICE39': 'false', 'SLOWPOKE_DELAY_MICROS_SERVICE40': '0.0', 'SLOWPOKE_POKER_BATCH_THRESHOLD_SERVICE40': '100', 'SLOWPOKE_IS_TARGET_SERVICE_SERVICE40': 'false', 'SLOWPOKE_DELAY_MICROS_SERVICE41': '0.0', 'SLOWPOKE_POKER_BATCH_THRESHOLD_SERVICE41': '100', 'SLOWPOKE_IS_TARGET_SERVICE_SERVICE41': 'false', 'SLOWPOKE_DELAY_MICROS_SERVICE42': '0.0', 'SLOWPOKE_POKER_BATCH_THRESHOLD_SERVICE42': '100', 'SLOWPOKE_IS_TARGET_SERVICE_SERVICE42': 'false'}
    [exp] Executing cmd `bash run.sh synthetic large-scale 8 64 10000`:
        [run.sh] Running benchmark synthetic with request large-scale, thread 8, conn 64, duration 60
        [run.sh] Deleting all services
        configmap "config-service0" deleted
        deployment.apps "service0" deleted
        service "service0" deleted
        configmap "config-service1" deleted
        deployment.apps "service1" deleted
        service "service1" deleted
        configmap "config-service10" deleted
        deployment.apps "service10" deleted
        service "service10" deleted
        configmap "config-service11" deleted
        deployment.apps "service11" deleted
        service "service11" deleted
        configmap "config-service12" deleted
        deployment.apps "service12" deleted
        service "service12" deleted
        configmap "config-service13" deleted
        deployment.apps "service13" deleted
        service "service13" deleted
        configmap "config-service14" deleted
        deployment.apps "service14" deleted
        service "service14" deleted
        configmap "config-service15" deleted
        deployment.apps "service15" deleted
        service "service15" deleted
        configmap "config-service16" deleted
        deployment.apps "service16" deleted
        service "service16" deleted
        configmap "config-service17" deleted
        deployment.apps "service17" deleted
        service "service17" deleted
        configmap "config-service18" deleted
        deployment.apps "service18" deleted
        service "service18" deleted
        configmap "config-service19" deleted
        deployment.apps "service19" deleted
        service "service19" deleted
        configmap "config-service2" deleted
        deployment.apps "service2" deleted
        service "service2" deleted
        configmap "config-service20" deleted
        deployment.apps "service20" deleted
        service "service20" deleted
        configmap "config-service21" deleted
        deployment.apps "service21" deleted
        service "service21" deleted
        configmap "config-service22" deleted
        deployment.apps "service22" deleted
        service "service22" deleted
        configmap "config-service23" deleted
        deployment.apps "service23" deleted
        service "service23" deleted
        configmap "config-service24" deleted
        deployment.apps "service24" deleted
        service "service24" deleted
        configmap "config-service25" deleted
        deployment.apps "service25" deleted
        service "service25" deleted
        configmap "config-service26" deleted
        deployment.apps "service26" deleted
        service "service26" deleted
        configmap "config-service27" deleted
        deployment.apps "service27" deleted
        service "service27" deleted
        configmap "config-service28" deleted
        deployment.apps "service28" deleted
        service "service28" deleted
        configmap "config-service29" deleted
        deployment.apps "service29" deleted
        service "service29" deleted
        configmap "config-service3" deleted
        deployment.apps "service3" deleted
        service "service3" deleted
        configmap "config-service30" deleted
        deployment.apps "service30" deleted
        service "service30" deleted
        configmap "config-service31" deleted
        deployment.apps "service31" deleted
        service "service31" deleted
        configmap "config-service32" deleted
        deployment.apps "service32" deleted
        service "service32" deleted
        configmap "config-service33" deleted
        deployment.apps "service33" deleted
        service "service33" deleted
        configmap "config-service34" deleted
        deployment.apps "service34" deleted
        service "service34" deleted
        configmap "config-service35" deleted
        deployment.apps "service35" deleted
        service "service35" deleted
        configmap "config-service36" deleted
        deployment.apps "service36" deleted
        service "service36" deleted
        configmap "config-service37" deleted
        deployment.apps "service37" deleted
        service "service37" deleted
        configmap "config-service38" deleted
        deployment.apps "service38" deleted
        service "service38" deleted
        configmap "config-service39" deleted
        deployment.apps "service39" deleted
        service "service39" deleted
        configmap "config-service4" deleted
        deployment.apps "service4" deleted
        service "service4" deleted
        configmap "config-service40" deleted
        deployment.apps "service40" deleted
        service "service40" deleted
        configmap "config-service41" deleted
        deployment.apps "service41" deleted
        service "service41" deleted
        configmap "config-service42" deleted
        deployment.apps "service42" deleted
        service "service42" deleted
        configmap "config-service5" deleted
        deployment.apps "service5" deleted
        service "service5" deleted
        configmap "config-service6" deleted
        deployment.apps "service6" deleted
        service "service6" deleted
        configmap "config-service7" deleted
        deployment.apps "service7" deleted
        service "service7" deleted
        configmap "config-service8" deleted
        deployment.apps "service8" deleted
        service "service8" deleted
        configmap "config-service9" deleted
        deployment.apps "service9" deleted
        service "service9" deleted
        deployment.apps "ubuntu-client" deleted
        [run.sh] Waiting for all pods to be deleted
        [run.sh] Deploying all services
        configmap/config-service0 created
        deployment.apps/service0 created
        service/service0 created
        configmap/config-service1 created
        deployment.apps/service1 created
        service/service1 created
        configmap/config-service10 created
        deployment.apps/service10 created
        service/service10 created
        configmap/config-service11 created
        deployment.apps/service11 created
        service/service11 created
        configmap/config-service12 created
        deployment.apps/service12 created
        service/service12 created
        configmap/config-service13 created
        deployment.apps/service13 created
        service/service13 created
        configmap/config-service14 created
        deployment.apps/service14 created
        service/service14 created
        configmap/config-service15 created
        deployment.apps/service15 created
        service/service15 created
        configmap/config-service16 created
        deployment.apps/service16 created
        service/service16 created
        configmap/config-service17 created
        deployment.apps/service17 created
        service/service17 created
        configmap/config-service18 created
        deployment.apps/service18 created
        service/service18 created
        configmap/config-service19 created
        deployment.apps/service19 created
        service/service19 created
        configmap/config-service2 created
        deployment.apps/service2 created
        service/service2 created
        configmap/config-service20 created
        deployment.apps/service20 created
        service/service20 created
        configmap/config-service21 created
        deployment.apps/service21 created
        service/service21 created
        configmap/config-service22 created
        deployment.apps/service22 created
        service/service22 created
        configmap/config-service23 created
        deployment.apps/service23 created
        service/service23 created
        configmap/config-service24 created
        deployment.apps/service24 created
        service/service24 created
        configmap/config-service25 created
        deployment.apps/service25 created
        service/service25 created
        configmap/config-service26 created
        deployment.apps/service26 created
        service/service26 created
        configmap/config-service27 created
        deployment.apps/service27 created
        service/service27 created
        configmap/config-service28 created
        deployment.apps/service28 created
        service/service28 created
        configmap/config-service29 created
        deployment.apps/service29 created
        service/service29 created
        configmap/config-service3 created
        deployment.apps/service3 created
        service/service3 created
        configmap/config-service30 created
        deployment.apps/service30 created
        service/service30 created
        configmap/config-service31 created
        deployment.apps/service31 created
        service/service31 created
        configmap/config-service32 created
        deployment.apps/service32 created
        service/service32 created
        configmap/config-service33 created
        deployment.apps/service33 created
        service/service33 created
        configmap/config-service34 created
        deployment.apps/service34 created
        service/service34 created
        configmap/config-service35 created
        deployment.apps/service35 created
        service/service35 created
        configmap/config-service36 created
        deployment.apps/service36 created
        service/service36 created
        configmap/config-service37 created
        deployment.apps/service37 created
        service/service37 created
        configmap/config-service38 created
        deployment.apps/service38 created
        service/service38 created
        configmap/config-service39 created
        deployment.apps/service39 created
        service/service39 created
        configmap/config-service4 created
        deployment.apps/service4 created
        service/service4 created
        configmap/config-service40 created
        deployment.apps/service40 created
        service/service40 created
        configmap/config-service41 created
        deployment.apps/service41 created
        service/service41 created
        configmap/config-service42 created
        deployment.apps/service42 created
        service/service42 created
        configmap/config-service5 created
        deployment.apps/service5 created
        service/service5 created
        configmap/config-service6 created
        deployment.apps/service6 created
        service/service6 created
        configmap/config-service7 created
        deployment.apps/service7 created
        service/service7 created
        configmap/config-service8 created
        deployment.apps/service8 created
        service/service8 created
        configmap/config-service9 created
        deployment.apps/service9 created
        service/service9 created
        [run.sh] Client pod not found, deploying client
        deployment.apps/ubuntu-client created
        [run.sh] Waiting for all pods to be running
        [run.sh] All pods are running
        [run.sh] Running warmup test
        [run.sh] /wrk/wrk -t8 -c64 --timeout 10s -d10s -L http://service0:80/endpoint1
        Running 10s test @ http://service0:80/endpoint1
        8 threads and 64 connections
        Thread Stats   Avg      Stdev     Max   +/- Stdev
        Latency    75.63ms   38.74ms 368.78ms   79.24%
        Req/Sec   110.82     28.90   171.00     64.29%
        Latency Distribution
        50%   69.13ms
        75%   91.22ms
        90%  117.85ms
        99%  229.22ms
        8687 requests in 10.01s, 1.32MB read
        Requests/sec:    867.78
        Transfer/sec:    134.74KB
        [run.sh] Speed is 867.78, duration is 17
        [run.sh] Fix the request number.
        [run.sh] Running the actual test
        [run.sh] /wrk/wrk --timeout 20s -t8 -c64 -d17s -L -s /wrk/fix_req_n.lua http://service0:80/endpoint1
        Running 17s test @ http://service0:80/endpoint1
        8 threads and 64 connections
        Thread Stats   Avg      Stdev     Max   +/- Stdev
        Latency    71.40ms   29.86ms 295.80ms   69.74%
        Req/Sec   112.06     26.21   180.00     69.36%
        Latency Distribution
        50%   66.89ms
        75%   87.92ms
        90%  112.19ms
        99%  155.44ms
        10000 requests in 17.00s, 1.52MB read
        Requests/sec:    588.23
        Transfer/sec:     91.34KB
        ------------------------------
        stop time: 11.152006
        stop time: 11.220265
        stop time: 11.242218
        stop time: 11.150307
        stop time: 11.235724
        stop time: 11.157837
        stop time: 11.221500
        stop time: 11.035851
        [run.sh] Checking the resource usage
        NAME                             CPU(cores)   MEMORY(bytes)
        service0-69955d4677-8ndxl        1085m        31Mi
        service1-58c95cb96-bpfn2         1358m        26Mi
        service10-9549b4cd-rqwhc         733m         10Mi
        service11-b76846c44-ncbgl        847m         11Mi
        service12-8ddc6874b-9s6r8        832m         10Mi
        service13-6dc48cb75b-58hg5       806m         10Mi
        service14-6fdd479dcd-pfdxp       714m         10Mi
        service15-6bc59bd7d4-4slmr       748m         10Mi
        service16-7886b6b8d6-qvlc9       644m         10Mi
        service17-7b5f6467b8-f9cvn       671m         10Mi
        service18-65595ccfd6-69b7d       718m         10Mi
        service19-55c65f57c6-zrdv9       704m         10Mi
        service2-5d59c5bd5d-gxxp6        1207m        24Mi
        service20-58b86cfc4d-b567q       646m         10Mi
        service21-8d587d69d-qs65j        617m         10Mi
        service22-55796dcf9b-ntt9x       665m         11Mi
        service23-599c6478cd-2cwqp       622m         10Mi
        service24-655749d78d-prx65       671m         10Mi
        service25-656bf89c8b-hkblm       622m         10Mi
        service26-5fcc5669d4-zz2hw       633m         10Mi
        service27-8687746986-xjlql       130m         10Mi
        service28-6bbbb998d8-hjfsd       546m         9Mi
        service29-655dfdfd6b-dbt75       518m         9Mi
        service3-564487d7d8-zl5fd        1202m        26Mi
        service30-6d966bbbcd-c6nbn       536m         10Mi
        service31-9476bd9bd-gqmkr        508m         9Mi
        service32-64b88b58b-k5djm        502m         9Mi
        service33-69bdf8b97b-nqdl4       483m         10Mi
        service34-9d9487db6-gbvn4        445m         9Mi
        service35-575bf5bbb8-2c472       432m         9Mi
        service36-765d6cd758-9l7zg       96m          9Mi
        service37-66f4568564-q9rh5       389m         10Mi
        service38-56fc9c9b7d-rfd7r       368m         9Mi
        service39-5b478bd9b-4hgrd        324m         9Mi
        service4-6bfbd6d59c-fwlxb        1080m        27Mi
        service40-7c5d878d8d-vnv52       326m         9Mi
        service41-567cc54974-2dxhw       283m         9Mi
        service42-6c5db85bd-tbxvr        229m         8Mi
        service5-ffd8ccc6-sz4gs          1020m        22Mi
        service6-6b89db49b6-9lxgx        1195m        24Mi
        service7-845b5b8588-wmfkc        757m         10Mi
        service8-7c9f97fd46-dw98h        749m         10Mi
        service9-7cb9cf658d-qplnk        839m         10Mi
        ubuntu-client-76886f6bbd-qdttc   13m          0Mi
        [run.sh] Test finished with status 0
        > STDERR
        > No resources found in default namespace.
    [exp] Times: [11.152006, 11.220265, 11.242218, 11.150307, 11.235724, 11.157837, 11.2215, 11.035851]
    [exp] Throughput: 894.6973835961799
[test.py] Running 1th slowdown exp
    [exp] Running (pre_run: False) workload synthetic/large-scale request with the following configuration: {'CLIENT_CPU_QUOTA': '2', 'SLOWPOKE_POKER_BATCH_THRESHOLD': '20000000', 'PROCESSING_TIME_SERVICE4': '0.00234975', 'PROCESSING_TIME_SERVICE0': '0.00114823', 'PROCESSING_TIME_SERVICE1': '0.00112713', 'PROCESSING_TIME_SERVICE2': '0.00112567', 'PROCESSING_TIME_SERVICE3': '0.00108198', 'PROCESSING_TIME_SERVICE5': '0.00092397', 'PROCESSING_TIME_SERVICE6': '0.00091663', 'PROCESSING_TIME_SERVICE7': '0.0008445', 'PROCESSING_TIME_SERVICE8': '0.00082763', 'PROCESSING_TIME_SERVICE9': '0.00082746', 'PROCESSING_TIME_SERVICE10': '0.00081339', 'PROCESSING_TIME_SERVICE11': '0.00079052', 'PROCESSING_TIME_SERVICE12': '0.00076379', 'PROCESSING_TIME_SERVICE13': '0.00073892', 'PROCESSING_TIME_SERVICE14': '0.00071725', 'PROCESSING_TIME_SERVICE15': '0.0007103', 'PROCESSING_TIME_SERVICE16': '0.00064814', 'PROCESSING_TIME_SERVICE17': '0.00063596', 'PROCESSING_TIME_SERVICE18': '0.00063485', 'PROCESSING_TIME_SERVICE19': '0.00062251', 'PROCESSING_TIME_SERVICE20': '0.0006121', 'PROCESSING_TIME_SERVICE21': '0.00060493', 'PROCESSING_TIME_SERVICE22': '0.00059362', 'PROCESSING_TIME_SERVICE23': '0.00058652', 'PROCESSING_TIME_SERVICE24': '0.00058578', 'PROCESSING_TIME_SERVICE25': '0.00055957', 'PROCESSING_TIME_SERVICE26': '0.00054507', 'PROCESSING_TIME_SERVICE27': '0.00050763', 'PROCESSING_TIME_SERVICE28': '0.00045135', 'PROCESSING_TIME_SERVICE29': '0.00044947', 'PROCESSING_TIME_SERVICE30': '0.00043772', 'PROCESSING_TIME_SERVICE31': '0.00040844', 'PROCESSING_TIME_SERVICE32': '0.00039446', 'PROCESSING_TIME_SERVICE33': '0.00037979', 'PROCESSING_TIME_SERVICE34': '0.00033094', 'PROCESSING_TIME_SERVICE35': '0.00032007', 'PROCESSING_TIME_SERVICE36': '0.00031273', 'PROCESSING_TIME_SERVICE37': '0.00027061', 'PROCESSING_TIME_SERVICE38': '0.00026683', 'PROCESSING_TIME_SERVICE39': '0.00023522', 'PROCESSING_TIME_SERVICE40': '0.00023345', 'PROCESSING_TIME_SERVICE41': '0.00015364', 'PROCESSING_TIME_SERVICE42': '9.551e-05', 'SLOWPOKE_DELAY_MICROS_SERVICE4': '0.0', 'SLOWPOKE_POKER_BATCH_THRESHOLD_SERVICE4': '100', 'SLOWPOKE_IS_TARGET_SERVICE_SERVICE4': 'true', 'SLOWPOKE_DELAY_MICROS_SERVICE0': '587.5', 'SLOWPOKE_POKER_BATCH_THRESHOLD_SERVICE0': '100', 'SLOWPOKE_IS_TARGET_SERVICE_SERVICE0': 'false', 'SLOWPOKE_DELAY_MICROS_SERVICE1': '587.5', 'SLOWPOKE_POKER_BATCH_THRESHOLD_SERVICE1': '100', 'SLOWPOKE_IS_TARGET_SERVICE_SERVICE1': 'false', 'SLOWPOKE_DELAY_MICROS_SERVICE2': '587.5', 'SLOWPOKE_POKER_BATCH_THRESHOLD_SERVICE2': '100', 'SLOWPOKE_IS_TARGET_SERVICE_SERVICE2': 'false', 'SLOWPOKE_DELAY_MICROS_SERVICE3': '587.5', 'SLOWPOKE_POKER_BATCH_THRESHOLD_SERVICE3': '100', 'SLOWPOKE_IS_TARGET_SERVICE_SERVICE3': 'false', 'SLOWPOKE_DELAY_MICROS_SERVICE5': '587.5', 'SLOWPOKE_POKER_BATCH_THRESHOLD_SERVICE5': '100', 'SLOWPOKE_IS_TARGET_SERVICE_SERVICE5': 'false', 'SLOWPOKE_DELAY_MICROS_SERVICE6': '587.5', 'SLOWPOKE_POKER_BATCH_THRESHOLD_SERVICE6': '100', 'SLOWPOKE_IS_TARGET_SERVICE_SERVICE6': 'false', 'SLOWPOKE_DELAY_MICROS_SERVICE7': '587.5', 'SLOWPOKE_POKER_BATCH_THRESHOLD_SERVICE7': '100', 'SLOWPOKE_IS_TARGET_SERVICE_SERVICE7': 'false', 'SLOWPOKE_DELAY_MICROS_SERVICE8': '587.5', 'SLOWPOKE_POKER_BATCH_THRESHOLD_SERVICE8': '100', 'SLOWPOKE_IS_TARGET_SERVICE_SERVICE8': 'false', 'SLOWPOKE_DELAY_MICROS_SERVICE9': '587.5', 'SLOWPOKE_POKER_BATCH_THRESHOLD_SERVICE9': '100', 'SLOWPOKE_IS_TARGET_SERVICE_SERVICE9': 'false', 'SLOWPOKE_DELAY_MICROS_SERVICE10': '587.5', 'SLOWPOKE_POKER_BATCH_THRESHOLD_SERVICE10': '100', 'SLOWPOKE_IS_TARGET_SERVICE_SERVICE10': 'false', 'SLOWPOKE_DELAY_MICROS_SERVICE11': '587.5', 'SLOWPOKE_POKER_BATCH_THRESHOLD_SERVICE11': '100', 'SLOWPOKE_IS_TARGET_SERVICE_SERVICE11': 'false', 'SLOWPOKE_DELAY_MICROS_SERVICE12': '587.5', 'SLOWPOKE_POKER_BATCH_THRESHOLD_SERVICE12': '100', 'SLOWPOKE_IS_TARGET_SERVICE_SERVICE12': 'false', 'SLOWPOKE_DELAY_MICROS_SERVICE13': '587.5', 'SLOWPOKE_POKER_BATCH_THRESHOLD_SERVICE13': '100', 'SLOWPOKE_IS_TARGET_SERVICE_SERVICE13': 'false', 'SLOWPOKE_DELAY_MICROS_SERVICE14': '587.5', 'SLOWPOKE_POKER_BATCH_THRESHOLD_SERVICE14': '100', 'SLOWPOKE_IS_TARGET_SERVICE_SERVICE14': 'false', 'SLOWPOKE_DELAY_MICROS_SERVICE15': '587.5', 'SLOWPOKE_POKER_BATCH_THRESHOLD_SERVICE15': '100', 'SLOWPOKE_IS_TARGET_SERVICE_SERVICE15': 'false', 'SLOWPOKE_DELAY_MICROS_SERVICE16': '587.5', 'SLOWPOKE_POKER_BATCH_THRESHOLD_SERVICE16': '100', 'SLOWPOKE_IS_TARGET_SERVICE_SERVICE16': 'false', 'SLOWPOKE_DELAY_MICROS_SERVICE17': '587.5', 'SLOWPOKE_POKER_BATCH_THRESHOLD_SERVICE17': '100', 'SLOWPOKE_IS_TARGET_SERVICE_SERVICE17': 'false', 'SLOWPOKE_DELAY_MICROS_SERVICE18': '587.5', 'SLOWPOKE_POKER_BATCH_THRESHOLD_SERVICE18': '100', 'SLOWPOKE_IS_TARGET_SERVICE_SERVICE18': 'false', 'SLOWPOKE_DELAY_MICROS_SERVICE19': '587.5', 'SLOWPOKE_POKER_BATCH_THRESHOLD_SERVICE19': '100', 'SLOWPOKE_IS_TARGET_SERVICE_SERVICE19': 'false', 'SLOWPOKE_DELAY_MICROS_SERVICE20': '587.5', 'SLOWPOKE_POKER_BATCH_THRESHOLD_SERVICE20': '100', 'SLOWPOKE_IS_TARGET_SERVICE_SERVICE20': 'false', 'SLOWPOKE_DELAY_MICROS_SERVICE21': '587.5', 'SLOWPOKE_POKER_BATCH_THRESHOLD_SERVICE21': '100', 'SLOWPOKE_IS_TARGET_SERVICE_SERVICE21': 'false', 'SLOWPOKE_DELAY_MICROS_SERVICE22': '587.5', 'SLOWPOKE_POKER_BATCH_THRESHOLD_SERVICE22': '100', 'SLOWPOKE_IS_TARGET_SERVICE_SERVICE22': 'false', 'SLOWPOKE_DELAY_MICROS_SERVICE23': '587.5', 'SLOWPOKE_POKER_BATCH_THRESHOLD_SERVICE23': '100', 'SLOWPOKE_IS_TARGET_SERVICE_SERVICE23': 'false', 'SLOWPOKE_DELAY_MICROS_SERVICE24': '587.5', 'SLOWPOKE_POKER_BATCH_THRESHOLD_SERVICE24': '100', 'SLOWPOKE_IS_TARGET_SERVICE_SERVICE24': 'false', 'SLOWPOKE_DELAY_MICROS_SERVICE25': '587.5', 'SLOWPOKE_POKER_BATCH_THRESHOLD_SERVICE25': '100', 'SLOWPOKE_IS_TARGET_SERVICE_SERVICE25': 'false', 'SLOWPOKE_DELAY_MICROS_SERVICE26': '587.5', 'SLOWPOKE_POKER_BATCH_THRESHOLD_SERVICE26': '100', 'SLOWPOKE_IS_TARGET_SERVICE_SERVICE26': 'false', 'SLOWPOKE_DELAY_MICROS_SERVICE27': '587.5', 'SLOWPOKE_POKER_BATCH_THRESHOLD_SERVICE27': '100', 'SLOWPOKE_IS_TARGET_SERVICE_SERVICE27': 'false', 'SLOWPOKE_DELAY_MICROS_SERVICE28': '587.5', 'SLOWPOKE_POKER_BATCH_THRESHOLD_SERVICE28': '100', 'SLOWPOKE_IS_TARGET_SERVICE_SERVICE28': 'false', 'SLOWPOKE_DELAY_MICROS_SERVICE29': '587.5', 'SLOWPOKE_POKER_BATCH_THRESHOLD_SERVICE29': '100', 'SLOWPOKE_IS_TARGET_SERVICE_SERVICE29': 'false', 'SLOWPOKE_DELAY_MICROS_SERVICE30': '587.5', 'SLOWPOKE_POKER_BATCH_THRESHOLD_SERVICE30': '100', 'SLOWPOKE_IS_TARGET_SERVICE_SERVICE30': 'false', 'SLOWPOKE_DELAY_MICROS_SERVICE31': '587.5', 'SLOWPOKE_POKER_BATCH_THRESHOLD_SERVICE31': '100', 'SLOWPOKE_IS_TARGET_SERVICE_SERVICE31': 'false', 'SLOWPOKE_DELAY_MICROS_SERVICE32': '587.5', 'SLOWPOKE_POKER_BATCH_THRESHOLD_SERVICE32': '100', 'SLOWPOKE_IS_TARGET_SERVICE_SERVICE32': 'false', 'SLOWPOKE_DELAY_MICROS_SERVICE33': '587.5', 'SLOWPOKE_POKER_BATCH_THRESHOLD_SERVICE33': '100', 'SLOWPOKE_IS_TARGET_SERVICE_SERVICE33': 'false', 'SLOWPOKE_DELAY_MICROS_SERVICE34': '587.5', 'SLOWPOKE_POKER_BATCH_THRESHOLD_SERVICE34': '100', 'SLOWPOKE_IS_TARGET_SERVICE_SERVICE34': 'false', 'SLOWPOKE_DELAY_MICROS_SERVICE35': '587.5', 'SLOWPOKE_POKER_BATCH_THRESHOLD_SERVICE35': '100', 'SLOWPOKE_IS_TARGET_SERVICE_SERVICE35': 'false', 'SLOWPOKE_DELAY_MICROS_SERVICE36': '587.5', 'SLOWPOKE_POKER_BATCH_THRESHOLD_SERVICE36': '100', 'SLOWPOKE_IS_TARGET_SERVICE_SERVICE36': 'false', 'SLOWPOKE_DELAY_MICROS_SERVICE37': '587.5', 'SLOWPOKE_POKER_BATCH_THRESHOLD_SERVICE37': '100', 'SLOWPOKE_IS_TARGET_SERVICE_SERVICE37': 'false', 'SLOWPOKE_DELAY_MICROS_SERVICE38': '587.5', 'SLOWPOKE_POKER_BATCH_THRESHOLD_SERVICE38': '100', 'SLOWPOKE_IS_TARGET_SERVICE_SERVICE38': 'false', 'SLOWPOKE_DELAY_MICROS_SERVICE39': '587.5', 'SLOWPOKE_POKER_BATCH_THRESHOLD_SERVICE39': '100', 'SLOWPOKE_IS_TARGET_SERVICE_SERVICE39': 'false', 'SLOWPOKE_DELAY_MICROS_SERVICE40': '587.5', 'SLOWPOKE_POKER_BATCH_THRESHOLD_SERVICE40': '100', 'SLOWPOKE_IS_TARGET_SERVICE_SERVICE40': 'false', 'SLOWPOKE_DELAY_MICROS_SERVICE41': '587.5', 'SLOWPOKE_POKER_BATCH_THRESHOLD_SERVICE41': '100', 'SLOWPOKE_IS_TARGET_SERVICE_SERVICE41': 'false', 'SLOWPOKE_DELAY_MICROS_SERVICE42': '587.5', 'SLOWPOKE_POKER_BATCH_THRESHOLD_SERVICE42': '100', 'SLOWPOKE_IS_TARGET_SERVICE_SERVICE42': 'false'}
    [exp] Executing cmd `bash run.sh synthetic large-scale 8 64 10000`:
        [run.sh] Running benchmark synthetic with request large-scale, thread 8, conn 64, duration 60
        [run.sh] Deleting all services
        configmap "config-service0" deleted
        deployment.apps "service0" deleted
        service "service0" deleted
        configmap "config-service1" deleted
        deployment.apps "service1" deleted
        service "service1" deleted
        configmap "config-service10" deleted
        deployment.apps "service10" deleted
        service "service10" deleted
        configmap "config-service11" deleted
        deployment.apps "service11" deleted
        service "service11" deleted
        configmap "config-service12" deleted
        deployment.apps "service12" deleted
        service "service12" deleted
        configmap "config-service13" deleted
        deployment.apps "service13" deleted
        service "service13" deleted
        configmap "config-service14" deleted
        deployment.apps "service14" deleted
        service "service14" deleted
        configmap "config-service15" deleted
        deployment.apps "service15" deleted
        service "service15" deleted
        configmap "config-service16" deleted
        deployment.apps "service16" deleted
        service "service16" deleted
        configmap "config-service17" deleted
        deployment.apps "service17" deleted
        service "service17" deleted
        configmap "config-service18" deleted
        deployment.apps "service18" deleted
        service "service18" deleted
        configmap "config-service19" deleted
        deployment.apps "service19" deleted
        service "service19" deleted
        configmap "config-service2" deleted
        deployment.apps "service2" deleted
        service "service2" deleted
        configmap "config-service20" deleted
        deployment.apps "service20" deleted
        service "service20" deleted
        configmap "config-service21" deleted
        deployment.apps "service21" deleted
        service "service21" deleted
        configmap "config-service22" deleted
        deployment.apps "service22" deleted
        service "service22" deleted
        configmap "config-service23" deleted
        deployment.apps "service23" deleted
        service "service23" deleted
        configmap "config-service24" deleted
        deployment.apps "service24" deleted
        service "service24" deleted
        configmap "config-service25" deleted
        deployment.apps "service25" deleted
        service "service25" deleted
        configmap "config-service26" deleted
        deployment.apps "service26" deleted
        service "service26" deleted
        configmap "config-service27" deleted
        deployment.apps "service27" deleted
        service "service27" deleted
        configmap "config-service28" deleted
        deployment.apps "service28" deleted
        service "service28" deleted
        configmap "config-service29" deleted
        deployment.apps "service29" deleted
        service "service29" deleted
        configmap "config-service3" deleted
        deployment.apps "service3" deleted
        service "service3" deleted
        configmap "config-service30" deleted
        deployment.apps "service30" deleted
        service "service30" deleted
        configmap "config-service31" deleted
        deployment.apps "service31" deleted
        service "service31" deleted
        configmap "config-service32" deleted
        deployment.apps "service32" deleted
        service "service32" deleted
        configmap "config-service33" deleted
        deployment.apps "service33" deleted
        service "service33" deleted
        configmap "config-service34" deleted
        deployment.apps "service34" deleted
        service "service34" deleted
        configmap "config-service35" deleted
        deployment.apps "service35" deleted
        service "service35" deleted
        configmap "config-service36" deleted
        deployment.apps "service36" deleted
        service "service36" deleted
        configmap "config-service37" deleted
        deployment.apps "service37" deleted
        service "service37" deleted
        configmap "config-service38" deleted
        deployment.apps "service38" deleted
        service "service38" deleted
        configmap "config-service39" deleted
        deployment.apps "service39" deleted
        service "service39" deleted
        configmap "config-service4" deleted
        deployment.apps "service4" deleted
        service "service4" deleted
        configmap "config-service40" deleted
        deployment.apps "service40" deleted
        service "service40" deleted
        configmap "config-service41" deleted
        deployment.apps "service41" deleted
        service "service41" deleted
        configmap "config-service42" deleted
        deployment.apps "service42" deleted
        service "service42" deleted
        configmap "config-service5" deleted
        deployment.apps "service5" deleted
        service "service5" deleted
        configmap "config-service6" deleted
        deployment.apps "service6" deleted
        service "service6" deleted
        configmap "config-service7" deleted
        deployment.apps "service7" deleted
        service "service7" deleted
        configmap "config-service8" deleted
        deployment.apps "service8" deleted
        service "service8" deleted
        configmap "config-service9" deleted
        deployment.apps "service9" deleted
        service "service9" deleted
        deployment.apps "ubuntu-client" deleted
        [run.sh] Waiting for all pods to be deleted
        [run.sh] Deploying all services
        configmap/config-service0 created
        deployment.apps/service0 created
        service/service0 created
        configmap/config-service1 created
        deployment.apps/service1 created
        service/service1 created
        configmap/config-service10 created
        deployment.apps/service10 created
        service/service10 created
        configmap/config-service11 created
        deployment.apps/service11 created
        service/service11 created
        configmap/config-service12 created
        deployment.apps/service12 created
        service/service12 created
        configmap/config-service13 created
        deployment.apps/service13 created
        service/service13 created
        configmap/config-service14 created
        deployment.apps/service14 created
        service/service14 created
        configmap/config-service15 created
        deployment.apps/service15 created
        service/service15 created
        configmap/config-service16 created
        deployment.apps/service16 created
        service/service16 created
        configmap/config-service17 created
        deployment.apps/service17 created
        service/service17 created
        configmap/config-service18 created
        deployment.apps/service18 created
        service/service18 created
        configmap/config-service19 created
        deployment.apps/service19 created
        service/service19 created
        configmap/config-service2 created
        deployment.apps/service2 created
        service/service2 created
        configmap/config-service20 created
        deployment.apps/service20 created
        service/service20 created
        configmap/config-service21 created
        deployment.apps/service21 created
        service/service21 created
        configmap/config-service22 created
        deployment.apps/service22 created
        service/service22 created
        configmap/config-service23 created
        deployment.apps/service23 created
        service/service23 created
        configmap/config-service24 created
        deployment.apps/service24 created
        service/service24 created
        configmap/config-service25 created
        deployment.apps/service25 created
        service/service25 created
        configmap/config-service26 created
        deployment.apps/service26 created
        service/service26 created
        configmap/config-service27 created
        deployment.apps/service27 created
        service/service27 created
        configmap/config-service28 created
        deployment.apps/service28 created
        service/service28 created
        configmap/config-service29 created
        deployment.apps/service29 created
        service/service29 created
        configmap/config-service3 created
        deployment.apps/service3 created
        service/service3 created
        configmap/config-service30 created
        deployment.apps/service30 created
        service/service30 created
        configmap/config-service31 created
        deployment.apps/service31 created
        service/service31 created
        configmap/config-service32 created
        deployment.apps/service32 created
        service/service32 created
        configmap/config-service33 created
        deployment.apps/service33 created
        service/service33 created
        configmap/config-service34 created
        deployment.apps/service34 created
        service/service34 created
        configmap/config-service35 created
        deployment.apps/service35 created
        service/service35 created
        configmap/config-service36 created
        deployment.apps/service36 created
        service/service36 created
        configmap/config-service37 created
        deployment.apps/service37 created
        service/service37 created
        configmap/config-service38 created
        deployment.apps/service38 created
        service/service38 created
        configmap/config-service39 created
        deployment.apps/service39 created
        service/service39 created
        configmap/config-service4 created
        deployment.apps/service4 created
        service/service4 created
        configmap/config-service40 created
        deployment.apps/service40 created
        service/service40 created
        configmap/config-service41 created
        deployment.apps/service41 created
        service/service41 created
        configmap/config-service42 created
        deployment.apps/service42 created
        service/service42 created
        configmap/config-service5 created
        deployment.apps/service5 created
        service/service5 created
        configmap/config-service6 created
        deployment.apps/service6 created
        service/service6 created
        configmap/config-service7 created
        deployment.apps/service7 created
        service/service7 created
        configmap/config-service8 created
        deployment.apps/service8 created
        service/service8 created
        configmap/config-service9 created
        deployment.apps/service9 created
        service/service9 created
        [run.sh] Client pod not found, deploying client
        deployment.apps/ubuntu-client created
        [run.sh] Waiting for all pods to be running
        [run.sh] All pods are running
        [run.sh] Running warmup test
        [run.sh] /wrk/wrk -t8 -c64 --timeout 10s -d10s -L http://service0:80/endpoint1
        Running 10s test @ http://service0:80/endpoint1
        8 threads and 64 connections
        Thread Stats   Avg      Stdev     Max   +/- Stdev
        Latency   122.70ms   58.31ms 455.89ms   66.28%
        Req/Sec    66.68     32.87   141.00     54.20%
        Latency Distribution
        50%  124.93ms
        75%  162.15ms
        90%  190.97ms
        99%  301.77ms
        5217 requests in 10.02s, 810.06KB read
        Requests/sec:    520.76
        Transfer/sec:     80.86KB
        [run.sh] Speed is 520.76, duration is 28
        [run.sh] Fix the request number.
        [run.sh] Running the actual test
        [run.sh] /wrk/wrk --timeout 20s -t8 -c64 -d28s -L -s /wrk/fix_req_n.lua http://service0:80/endpoint1
        [run.sh] Checking the resource usage
        NAME                             CPU(cores)   MEMORY(bytes)
        service0-66996878bd-kc7h7        752m         30Mi
        service1-79bb7574c9-vps7b        939m         23Mi
        service10-59c94c67f7-msb9h       496m         9Mi
        service11-56bd75dcf9-gkhlb       422m         10Mi
        service12-c776c74c7-7n2rk        392m         8Mi
        service13-74f596d4cf-n62lx       409m         10Mi
        service14-7d46b6565c-mqzf4       476m         8Mi
        service15-6b94f9b6f5-4dd4j       348m         9Mi
        service16-67f7757c7c-bf6fn       434m         10Mi
        service17-56fd4556f9-g464l       411m         10Mi
        service18-5f9554fc-cf6b8         374m         9Mi
        service19-5d5b47777f-4s2hh       357m         9Mi
        service2-86d47bdc9c-cprxq        838m         23Mi
        service20-67b9484499-7w7f7       408m         10Mi
        service21-65c74c645c-2k6gc       412m         9Mi
        service22-8f76476bc-kkhnn        373m         9Mi
        service23-849745f45c-g5b96       391m         9Mi
        service24-868d99d99f-cggzv       319m         9Mi
        service25-7f9777f949-qjlqn       349m         10Mi
        service26-6c6769bd79-cbbvw       313m         10Mi
        service27-86f5849c97-ggtv7       235m         10Mi
        service28-559655f6dc-ccx2d       277m         11Mi
        service29-7d5fd7984f-mrtkq       302m         11Mi
        service3-54c7d8f859-svrjx        831m         26Mi
        service30-c4b8489df-7h8jk        265m         11Mi
        service31-7c8ff8d65f-j5ndc       285m         8Mi
        service32-7975ccd6d9-r4srk       252m         8Mi
        service33-67845dfc9-bjzrz        268m         8Mi
        service34-666768f9fc-9l2nk       240m         8Mi
        service35-7cf575c4c9-lsl6c       235m         8Mi
        service36-67c659b649-2b4xm       174m         8Mi
        service37-86d49446dc-c9zhx       201m         8Mi
        service38-5fdb9bf657-n92kr       224m         8Mi
        service39-76fbb4494c-gkw7m       216m         8Mi
        service4-6bfbd6d59c-nmb2f        1208m        30Mi
        service40-5dbd4686b7-qhq48       152m         9Mi
        service41-5558f8d6f7-xvrlf       135m         8Mi
        service42-756c94cccf-9wn9l       107m         9Mi
        service5-776d86b4ff-n4rmp        707m         21Mi
        service6-8c5776489-v5xh2         828m         23Mi
        service7-587dc78955-lt2bx        514m         9Mi
        service8-6887d9846f-nmg4s        505m         9Mi
        service9-6c7ddbf855-6j7rg        503m         8Mi
        ubuntu-client-76886f6bbd-nbrvm   11m          0Mi
        Running 28s test @ http://service0:80/endpoint1
        8 threads and 64 connections
        Thread Stats   Avg      Stdev     Max   +/- Stdev
        Latency   119.03ms   53.59ms 342.99ms   61.14%
        Req/Sec    67.22     32.00   161.00     58.28%
        Latency Distribution
        50%  121.96ms
        75%  159.91ms
        90%  186.84ms
        99%  239.26ms
        10000 requests in 28.00s, 1.52MB read
        Requests/sec:    357.14
        Transfer/sec:     55.45KB
        ------------------------------
        stop time: 18.660544
        stop time: 18.560408
        stop time: 18.719037
        stop time: 18.663603
        stop time: 18.424314
        stop time: 18.740230
        stop time: 18.657793
        stop time: 18.660711
        [run.sh] Test finished with status 0
        > STDERR
        > No resources found in default namespace.
    [exp] Times: [18.660544, 18.560408, 18.719037, 18.663603, 18.424314, 18.74023, 18.657793, 18.660711]
    [exp] Throughput: 536.6007309575158
[test.py] Finished running 1th optmization experiment: groundtruth->894.6973835961799, slowdown->536.6007309575158, predicted->783.87844240218, err->-12.386192608339828
[test.py] Baseline throughput:  611.1469879857517
[test.py] Groundtruth:  [912.8329224330038, 894.6973835961799]
[test.py] Slowdown:  [407.0165315309882, 536.6007309575158]
[test.py] Predicted:  [780.0143703997496, 783.87844240218]
[test.py] Error percentage:  [-14.55014918603598, -12.386192608339828]
[test.py] >>>>>>>>>>>>>>>>>>>>>>>>>>>>> Running experiment 1...
[test.py] Actual processing time range: [0, 1174]
[test.py] Running baseline experiment
    [exp] Running (pre_run: False) workload synthetic/large-scale request with the following configuration: {'CLIENT_CPU_QUOTA': '2', 'SLOWPOKE_POKER_BATCH_THRESHOLD': '20000000', 'PROCESSING_TIME_SERVICE4': '0.00234975', 'PROCESSING_TIME_SERVICE0': '0.00114823', 'PROCESSING_TIME_SERVICE1': '0.00112713', 'PROCESSING_TIME_SERVICE2': '0.00112567', 'PROCESSING_TIME_SERVICE3': '0.00108198', 'PROCESSING_TIME_SERVICE5': '0.00092397', 'PROCESSING_TIME_SERVICE6': '0.00091663', 'PROCESSING_TIME_SERVICE7': '0.0008445', 'PROCESSING_TIME_SERVICE8': '0.00082763', 'PROCESSING_TIME_SERVICE9': '0.00082746', 'PROCESSING_TIME_SERVICE10': '0.00081339', 'PROCESSING_TIME_SERVICE11': '0.00079052', 'PROCESSING_TIME_SERVICE12': '0.00076379', 'PROCESSING_TIME_SERVICE13': '0.00073892', 'PROCESSING_TIME_SERVICE14': '0.00071725', 'PROCESSING_TIME_SERVICE15': '0.0007103', 'PROCESSING_TIME_SERVICE16': '0.00064814', 'PROCESSING_TIME_SERVICE17': '0.00063596', 'PROCESSING_TIME_SERVICE18': '0.00063485', 'PROCESSING_TIME_SERVICE19': '0.00062251', 'PROCESSING_TIME_SERVICE20': '0.0006121', 'PROCESSING_TIME_SERVICE21': '0.00060493', 'PROCESSING_TIME_SERVICE22': '0.00059362', 'PROCESSING_TIME_SERVICE23': '0.00058652', 'PROCESSING_TIME_SERVICE24': '0.00058578', 'PROCESSING_TIME_SERVICE25': '0.00055957', 'PROCESSING_TIME_SERVICE26': '0.00054507', 'PROCESSING_TIME_SERVICE27': '0.00050763', 'PROCESSING_TIME_SERVICE28': '0.00045135', 'PROCESSING_TIME_SERVICE29': '0.00044947', 'PROCESSING_TIME_SERVICE30': '0.00043772', 'PROCESSING_TIME_SERVICE31': '0.00040844', 'PROCESSING_TIME_SERVICE32': '0.00039446', 'PROCESSING_TIME_SERVICE33': '0.00037979', 'PROCESSING_TIME_SERVICE34': '0.00033094', 'PROCESSING_TIME_SERVICE35': '0.00032007', 'PROCESSING_TIME_SERVICE36': '0.00031273', 'PROCESSING_TIME_SERVICE37': '0.00027061', 'PROCESSING_TIME_SERVICE38': '0.00026683', 'PROCESSING_TIME_SERVICE39': '0.00023522', 'PROCESSING_TIME_SERVICE40': '0.00023345', 'PROCESSING_TIME_SERVICE41': '0.00015364', 'PROCESSING_TIME_SERVICE42': '9.551e-05', 'SLOWPOKE_DELAY_MICROS_SERVICE4': '0.0', 'SLOWPOKE_POKER_BATCH_THRESHOLD_SERVICE4': '100', 'SLOWPOKE_IS_TARGET_SERVICE_SERVICE4': 'true', 'SLOWPOKE_DELAY_MICROS_SERVICE0': '0.0', 'SLOWPOKE_POKER_BATCH_THRESHOLD_SERVICE0': '100', 'SLOWPOKE_IS_TARGET_SERVICE_SERVICE0': 'false', 'SLOWPOKE_DELAY_MICROS_SERVICE1': '0.0', 'SLOWPOKE_POKER_BATCH_THRESHOLD_SERVICE1': '100', 'SLOWPOKE_IS_TARGET_SERVICE_SERVICE1': 'false', 'SLOWPOKE_DELAY_MICROS_SERVICE2': '0.0', 'SLOWPOKE_POKER_BATCH_THRESHOLD_SERVICE2': '100', 'SLOWPOKE_IS_TARGET_SERVICE_SERVICE2': 'false', 'SLOWPOKE_DELAY_MICROS_SERVICE3': '0.0', 'SLOWPOKE_POKER_BATCH_THRESHOLD_SERVICE3': '100', 'SLOWPOKE_IS_TARGET_SERVICE_SERVICE3': 'false', 'SLOWPOKE_DELAY_MICROS_SERVICE5': '0.0', 'SLOWPOKE_POKER_BATCH_THRESHOLD_SERVICE5': '100', 'SLOWPOKE_IS_TARGET_SERVICE_SERVICE5': 'false', 'SLOWPOKE_DELAY_MICROS_SERVICE6': '0.0', 'SLOWPOKE_POKER_BATCH_THRESHOLD_SERVICE6': '100', 'SLOWPOKE_IS_TARGET_SERVICE_SERVICE6': 'false', 'SLOWPOKE_DELAY_MICROS_SERVICE7': '0.0', 'SLOWPOKE_POKER_BATCH_THRESHOLD_SERVICE7': '100', 'SLOWPOKE_IS_TARGET_SERVICE_SERVICE7': 'false', 'SLOWPOKE_DELAY_MICROS_SERVICE8': '0.0', 'SLOWPOKE_POKER_BATCH_THRESHOLD_SERVICE8': '100', 'SLOWPOKE_IS_TARGET_SERVICE_SERVICE8': 'false', 'SLOWPOKE_DELAY_MICROS_SERVICE9': '0.0', 'SLOWPOKE_POKER_BATCH_THRESHOLD_SERVICE9': '100', 'SLOWPOKE_IS_TARGET_SERVICE_SERVICE9': 'false', 'SLOWPOKE_DELAY_MICROS_SERVICE10': '0.0', 'SLOWPOKE_POKER_BATCH_THRESHOLD_SERVICE10': '100', 'SLOWPOKE_IS_TARGET_SERVICE_SERVICE10': 'false', 'SLOWPOKE_DELAY_MICROS_SERVICE11': '0.0', 'SLOWPOKE_POKER_BATCH_THRESHOLD_SERVICE11': '100', 'SLOWPOKE_IS_TARGET_SERVICE_SERVICE11': 'false', 'SLOWPOKE_DELAY_MICROS_SERVICE12': '0.0', 'SLOWPOKE_POKER_BATCH_THRESHOLD_SERVICE12': '100', 'SLOWPOKE_IS_TARGET_SERVICE_SERVICE12': 'false', 'SLOWPOKE_DELAY_MICROS_SERVICE13': '0.0', 'SLOWPOKE_POKER_BATCH_THRESHOLD_SERVICE13': '100', 'SLOWPOKE_IS_TARGET_SERVICE_SERVICE13': 'false', 'SLOWPOKE_DELAY_MICROS_SERVICE14': '0.0', 'SLOWPOKE_POKER_BATCH_THRESHOLD_SERVICE14': '100', 'SLOWPOKE_IS_TARGET_SERVICE_SERVICE14': 'false', 'SLOWPOKE_DELAY_MICROS_SERVICE15': '0.0', 'SLOWPOKE_POKER_BATCH_THRESHOLD_SERVICE15': '100', 'SLOWPOKE_IS_TARGET_SERVICE_SERVICE15': 'false', 'SLOWPOKE_DELAY_MICROS_SERVICE16': '0.0', 'SLOWPOKE_POKER_BATCH_THRESHOLD_SERVICE16': '100', 'SLOWPOKE_IS_TARGET_SERVICE_SERVICE16': 'false', 'SLOWPOKE_DELAY_MICROS_SERVICE17': '0.0', 'SLOWPOKE_POKER_BATCH_THRESHOLD_SERVICE17': '100', 'SLOWPOKE_IS_TARGET_SERVICE_SERVICE17': 'false', 'SLOWPOKE_DELAY_MICROS_SERVICE18': '0.0', 'SLOWPOKE_POKER_BATCH_THRESHOLD_SERVICE18': '100', 'SLOWPOKE_IS_TARGET_SERVICE_SERVICE18': 'false', 'SLOWPOKE_DELAY_MICROS_SERVICE19': '0.0', 'SLOWPOKE_POKER_BATCH_THRESHOLD_SERVICE19': '100', 'SLOWPOKE_IS_TARGET_SERVICE_SERVICE19': 'false', 'SLOWPOKE_DELAY_MICROS_SERVICE20': '0.0', 'SLOWPOKE_POKER_BATCH_THRESHOLD_SERVICE20': '100', 'SLOWPOKE_IS_TARGET_SERVICE_SERVICE20': 'false', 'SLOWPOKE_DELAY_MICROS_SERVICE21': '0.0', 'SLOWPOKE_POKER_BATCH_THRESHOLD_SERVICE21': '100', 'SLOWPOKE_IS_TARGET_SERVICE_SERVICE21': 'false', 'SLOWPOKE_DELAY_MICROS_SERVICE22': '0.0', 'SLOWPOKE_POKER_BATCH_THRESHOLD_SERVICE22': '100', 'SLOWPOKE_IS_TARGET_SERVICE_SERVICE22': 'false', 'SLOWPOKE_DELAY_MICROS_SERVICE23': '0.0', 'SLOWPOKE_POKER_BATCH_THRESHOLD_SERVICE23': '100', 'SLOWPOKE_IS_TARGET_SERVICE_SERVICE23': 'false', 'SLOWPOKE_DELAY_MICROS_SERVICE24': '0.0', 'SLOWPOKE_POKER_BATCH_THRESHOLD_SERVICE24': '100', 'SLOWPOKE_IS_TARGET_SERVICE_SERVICE24': 'false', 'SLOWPOKE_DELAY_MICROS_SERVICE25': '0.0', 'SLOWPOKE_POKER_BATCH_THRESHOLD_SERVICE25': '100', 'SLOWPOKE_IS_TARGET_SERVICE_SERVICE25': 'false', 'SLOWPOKE_DELAY_MICROS_SERVICE26': '0.0', 'SLOWPOKE_POKER_BATCH_THRESHOLD_SERVICE26': '100', 'SLOWPOKE_IS_TARGET_SERVICE_SERVICE26': 'false', 'SLOWPOKE_DELAY_MICROS_SERVICE27': '0.0', 'SLOWPOKE_POKER_BATCH_THRESHOLD_SERVICE27': '100', 'SLOWPOKE_IS_TARGET_SERVICE_SERVICE27': 'false', 'SLOWPOKE_DELAY_MICROS_SERVICE28': '0.0', 'SLOWPOKE_POKER_BATCH_THRESHOLD_SERVICE28': '100', 'SLOWPOKE_IS_TARGET_SERVICE_SERVICE28': 'false', 'SLOWPOKE_DELAY_MICROS_SERVICE29': '0.0', 'SLOWPOKE_POKER_BATCH_THRESHOLD_SERVICE29': '100', 'SLOWPOKE_IS_TARGET_SERVICE_SERVICE29': 'false', 'SLOWPOKE_DELAY_MICROS_SERVICE30': '0.0', 'SLOWPOKE_POKER_BATCH_THRESHOLD_SERVICE30': '100', 'SLOWPOKE_IS_TARGET_SERVICE_SERVICE30': 'false', 'SLOWPOKE_DELAY_MICROS_SERVICE31': '0.0', 'SLOWPOKE_POKER_BATCH_THRESHOLD_SERVICE31': '100', 'SLOWPOKE_IS_TARGET_SERVICE_SERVICE31': 'false', 'SLOWPOKE_DELAY_MICROS_SERVICE32': '0.0', 'SLOWPOKE_POKER_BATCH_THRESHOLD_SERVICE32': '100', 'SLOWPOKE_IS_TARGET_SERVICE_SERVICE32': 'false', 'SLOWPOKE_DELAY_MICROS_SERVICE33': '0.0', 'SLOWPOKE_POKER_BATCH_THRESHOLD_SERVICE33': '100', 'SLOWPOKE_IS_TARGET_SERVICE_SERVICE33': 'false', 'SLOWPOKE_DELAY_MICROS_SERVICE34': '0.0', 'SLOWPOKE_POKER_BATCH_THRESHOLD_SERVICE34': '100', 'SLOWPOKE_IS_TARGET_SERVICE_SERVICE34': 'false', 'SLOWPOKE_DELAY_MICROS_SERVICE35': '0.0', 'SLOWPOKE_POKER_BATCH_THRESHOLD_SERVICE35': '100', 'SLOWPOKE_IS_TARGET_SERVICE_SERVICE35': 'false', 'SLOWPOKE_DELAY_MICROS_SERVICE36': '0.0', 'SLOWPOKE_POKER_BATCH_THRESHOLD_SERVICE36': '100', 'SLOWPOKE_IS_TARGET_SERVICE_SERVICE36': 'false', 'SLOWPOKE_DELAY_MICROS_SERVICE37': '0.0', 'SLOWPOKE_POKER_BATCH_THRESHOLD_SERVICE37': '100', 'SLOWPOKE_IS_TARGET_SERVICE_SERVICE37': 'false', 'SLOWPOKE_DELAY_MICROS_SERVICE38': '0.0', 'SLOWPOKE_POKER_BATCH_THRESHOLD_SERVICE38': '100', 'SLOWPOKE_IS_TARGET_SERVICE_SERVICE38': 'false', 'SLOWPOKE_DELAY_MICROS_SERVICE39': '0.0', 'SLOWPOKE_POKER_BATCH_THRESHOLD_SERVICE39': '100', 'SLOWPOKE_IS_TARGET_SERVICE_SERVICE39': 'false', 'SLOWPOKE_DELAY_MICROS_SERVICE40': '0.0', 'SLOWPOKE_POKER_BATCH_THRESHOLD_SERVICE40': '100', 'SLOWPOKE_IS_TARGET_SERVICE_SERVICE40': 'false', 'SLOWPOKE_DELAY_MICROS_SERVICE41': '0.0', 'SLOWPOKE_POKER_BATCH_THRESHOLD_SERVICE41': '100', 'SLOWPOKE_IS_TARGET_SERVICE_SERVICE41': 'false', 'SLOWPOKE_DELAY_MICROS_SERVICE42': '0.0', 'SLOWPOKE_POKER_BATCH_THRESHOLD_SERVICE42': '100', 'SLOWPOKE_IS_TARGET_SERVICE_SERVICE42': 'false'}
    [exp] Executing cmd `bash run.sh synthetic large-scale 8 64 10000`:
        [run.sh] Running benchmark synthetic with request large-scale, thread 8, conn 64, duration 60
        [run.sh] Deleting all services
        configmap "config-service0" deleted
        deployment.apps "service0" deleted
        service "service0" deleted
        configmap "config-service1" deleted
        deployment.apps "service1" deleted
        service "service1" deleted
        configmap "config-service10" deleted
        deployment.apps "service10" deleted
        service "service10" deleted
        configmap "config-service11" deleted
        deployment.apps "service11" deleted
        service "service11" deleted
        configmap "config-service12" deleted
        deployment.apps "service12" deleted
        service "service12" deleted
        configmap "config-service13" deleted
        deployment.apps "service13" deleted
        service "service13" deleted
        configmap "config-service14" deleted
        deployment.apps "service14" deleted
        service "service14" deleted
        configmap "config-service15" deleted
        deployment.apps "service15" deleted
        service "service15" deleted
        configmap "config-service16" deleted
        deployment.apps "service16" deleted
        service "service16" deleted
        configmap "config-service17" deleted
        deployment.apps "service17" deleted
        service "service17" deleted
        configmap "config-service18" deleted
        deployment.apps "service18" deleted
        service "service18" deleted
        configmap "config-service19" deleted
        deployment.apps "service19" deleted
        service "service19" deleted
        configmap "config-service2" deleted
        deployment.apps "service2" deleted
        service "service2" deleted
        configmap "config-service20" deleted
        deployment.apps "service20" deleted
        service "service20" deleted
        configmap "config-service21" deleted
        deployment.apps "service21" deleted
        service "service21" deleted
        configmap "config-service22" deleted
        deployment.apps "service22" deleted
        service "service22" deleted
        configmap "config-service23" deleted
        deployment.apps "service23" deleted
        service "service23" deleted
        configmap "config-service24" deleted
        deployment.apps "service24" deleted
        service "service24" deleted
        configmap "config-service25" deleted
        deployment.apps "service25" deleted
        service "service25" deleted
        configmap "config-service26" deleted
        deployment.apps "service26" deleted
        service "service26" deleted
        configmap "config-service27" deleted
        deployment.apps "service27" deleted
        service "service27" deleted
        configmap "config-service28" deleted
        deployment.apps "service28" deleted
        service "service28" deleted
        configmap "config-service29" deleted
        deployment.apps "service29" deleted
        service "service29" deleted
        configmap "config-service3" deleted
        deployment.apps "service3" deleted
        service "service3" deleted
        configmap "config-service30" deleted
        deployment.apps "service30" deleted
        service "service30" deleted
        configmap "config-service31" deleted
        deployment.apps "service31" deleted
        service "service31" deleted
        configmap "config-service32" deleted
        deployment.apps "service32" deleted
        service "service32" deleted
        configmap "config-service33" deleted
        deployment.apps "service33" deleted
        service "service33" deleted
        configmap "config-service34" deleted
        deployment.apps "service34" deleted
        service "service34" deleted
        configmap "config-service35" deleted
        deployment.apps "service35" deleted
        service "service35" deleted
        configmap "config-service36" deleted
        deployment.apps "service36" deleted
        service "service36" deleted
        configmap "config-service37" deleted
        deployment.apps "service37" deleted
        service "service37" deleted
        configmap "config-service38" deleted
        deployment.apps "service38" deleted
        service "service38" deleted
        configmap "config-service39" deleted
        deployment.apps "service39" deleted
        service "service39" deleted
        configmap "config-service4" deleted
        deployment.apps "service4" deleted
        service "service4" deleted
        configmap "config-service40" deleted
        deployment.apps "service40" deleted
        service "service40" deleted
        configmap "config-service41" deleted
        deployment.apps "service41" deleted
        service "service41" deleted
        configmap "config-service42" deleted
        deployment.apps "service42" deleted
        service "service42" deleted
        configmap "config-service5" deleted
        deployment.apps "service5" deleted
        service "service5" deleted
        configmap "config-service6" deleted
        deployment.apps "service6" deleted
        service "service6" deleted
        configmap "config-service7" deleted
        deployment.apps "service7" deleted
        service "service7" deleted
        configmap "config-service8" deleted
        deployment.apps "service8" deleted
        service "service8" deleted
        configmap "config-service9" deleted
        deployment.apps "service9" deleted
        service "service9" deleted
        deployment.apps "ubuntu-client" deleted
        [run.sh] Waiting for all pods to be deleted
        [run.sh] Deploying all services
        configmap/config-service0 created
        deployment.apps/service0 created
        service/service0 created
        configmap/config-service1 created
        deployment.apps/service1 created
        service/service1 created
        configmap/config-service10 created
        deployment.apps/service10 created
        service/service10 created
        configmap/config-service11 created
        deployment.apps/service11 created
        service/service11 created
        configmap/config-service12 created
        deployment.apps/service12 created
        service/service12 created
        configmap/config-service13 created
        deployment.apps/service13 created
        service/service13 created
        configmap/config-service14 created
        deployment.apps/service14 created
        service/service14 created
        configmap/config-service15 created
        deployment.apps/service15 created
        service/service15 created
        configmap/config-service16 created
        deployment.apps/service16 created
        service/service16 created
        configmap/config-service17 created
        deployment.apps/service17 created
        service/service17 created
        configmap/config-service18 created
        deployment.apps/service18 created
        service/service18 created
        configmap/config-service19 created
        deployment.apps/service19 created
        service/service19 created
        configmap/config-service2 created
        deployment.apps/service2 created
        service/service2 created
        configmap/config-service20 created
        deployment.apps/service20 created
        service/service20 created
        configmap/config-service21 created
        deployment.apps/service21 created
        service/service21 created
        configmap/config-service22 created
        deployment.apps/service22 created
        service/service22 created
        configmap/config-service23 created
        deployment.apps/service23 created
        service/service23 created
        configmap/config-service24 created
        deployment.apps/service24 created
        service/service24 created
        configmap/config-service25 created
        deployment.apps/service25 created
        service/service25 created
        configmap/config-service26 created
        deployment.apps/service26 created
        service/service26 created
        configmap/config-service27 created
        deployment.apps/service27 created
        service/service27 created
        configmap/config-service28 created
        deployment.apps/service28 created
        service/service28 created
        configmap/config-service29 created
        deployment.apps/service29 created
        service/service29 created
        configmap/config-service3 created
        deployment.apps/service3 created
        service/service3 created
        configmap/config-service30 created
        deployment.apps/service30 created
        service/service30 created
        configmap/config-service31 created
        deployment.apps/service31 created
        service/service31 created
        configmap/config-service32 created
        deployment.apps/service32 created
        service/service32 created
        configmap/config-service33 created
        deployment.apps/service33 created
        service/service33 created
        configmap/config-service34 created
        deployment.apps/service34 created
        service/service34 created
        configmap/config-service35 created
        deployment.apps/service35 created
        service/service35 created
        configmap/config-service36 created
        deployment.apps/service36 created
        service/service36 created
        configmap/config-service37 created
        deployment.apps/service37 created
        service/service37 created
        configmap/config-service38 created
        deployment.apps/service38 created
        service/service38 created
        configmap/config-service39 created
        deployment.apps/service39 created
        service/service39 created
        configmap/config-service4 created
        deployment.apps/service4 created
        service/service4 created
        configmap/config-service40 created
        deployment.apps/service40 created
        service/service40 created
        configmap/config-service41 created
        deployment.apps/service41 created
        service/service41 created
        configmap/config-service42 created
        deployment.apps/service42 created
        service/service42 created
        configmap/config-service5 created
        deployment.apps/service5 created
        service/service5 created
        configmap/config-service6 created
        deployment.apps/service6 created
        service/service6 created
        configmap/config-service7 created
        deployment.apps/service7 created
        service/service7 created
        configmap/config-service8 created
        deployment.apps/service8 created
        service/service8 created
        configmap/config-service9 created
        deployment.apps/service9 created
        service/service9 created
        [run.sh] Client pod not found, deploying client
        deployment.apps/ubuntu-client created
        [run.sh] Waiting for all pods to be running
        [run.sh] All pods are running
        [run.sh] Running warmup test
        [run.sh] /wrk/wrk -t8 -c64 --timeout 10s -d10s -L http://service0:80/endpoint1
        Running 10s test @ http://service0:80/endpoint1
        8 threads and 64 connections
        Thread Stats   Avg      Stdev     Max   +/- Stdev
        Latency   108.23ms   52.86ms 402.14ms   70.75%
        Req/Sec    75.67     24.99   140.00     63.27%
        Latency Distribution
        50%   99.82ms
        75%  136.67ms
        90%  176.72ms
        99%  281.22ms
        5966 requests in 10.01s, 0.90MB read
        Requests/sec:    595.77
        Transfer/sec:     92.51KB
        [run.sh] Speed is 595.77, duration is 25
        [run.sh] Fix the request number.
        [run.sh] Running the actual test
        [run.sh] /wrk/wrk --timeout 20s -t8 -c64 -d25s -L -s /wrk/fix_req_n.lua http://service0:80/endpoint1
        Running 25s test @ http://service0:80/endpoint1
        8 threads and 64 connections
        Thread Stats   Avg      Stdev     Max   +/- Stdev
        Latency   103.94ms   52.37ms 400.10ms   71.64%
        Req/Sec    76.97     24.64   171.00     69.04%
        Latency Distribution
        50%   95.10ms
        75%  131.30ms
        90%  173.42ms
        99%  269.21ms
        10000 requests in 25.00s, 1.52MB read
        Requests/sec:    400.00
        Transfer/sec:     62.11KB
        ------------------------------
        stop time: 16.349757
        stop time: 15.789276
        stop time: 16.188125
        stop time: 16.024830
        stop time: 16.412980
        stop time: 16.371078
        stop time: 16.360145
        stop time: 16.423566
        [run.sh] Checking the resource usage
        NAME                             CPU(cores)   MEMORY(bytes)
        service0-69955d4677-77d49        1m           3Mi
        service1-58c95cb96-jtwfl         1m           3Mi
        service10-9549b4cd-zkth8         1m           3Mi
        service11-b76846c44-pg7gb        1m           3Mi
        service12-8ddc6874b-gcs6v        1m           3Mi
        service13-6dc48cb75b-529rl       1m           3Mi
        service14-6fdd479dcd-stqvx       1m           3Mi
        service15-6bc59bd7d4-s8lwz       1m           3Mi
        service16-7886b6b8d6-x2hpm       1m           3Mi
        service17-7b5f6467b8-lhgql       1m           3Mi
        service18-65595ccfd6-ptxsx       1m           3Mi
        service19-55c65f57c6-vlsq8       1m           3Mi
        service2-5d59c5bd5d-2w7x2        1m           3Mi
        service20-58b86cfc4d-fjj2c       1m           3Mi
        service21-8d587d69d-b85sn        1m           3Mi
        service22-55796dcf9b-mfss5       1m           3Mi
        service23-599c6478cd-8zkgx       1m           3Mi
        service24-655749d78d-rx4xz       1m           3Mi
        service25-656bf89c8b-cl5v6       1m           3Mi
        service26-5fcc5669d4-wttjk       1m           3Mi
        service27-8687746986-f7wzq       1m           3Mi
        service28-6bbbb998d8-fcvqx       1m           3Mi
        service29-655dfdfd6b-zg6l2       1m           3Mi
        service3-564487d7d8-hl9lh        1m           3Mi
        service30-6d966bbbcd-q4zw5       1m           3Mi
        service31-9476bd9bd-gjxzh        1m           3Mi
        service32-64b88b58b-zfgrk        1m           3Mi
        service33-69bdf8b97b-cqv49       1m           3Mi
        service34-9d9487db6-fkrz5        1m           3Mi
        service35-575bf5bbb8-b9ncc       1m           3Mi
        service36-765d6cd758-vwd9x       1m           3Mi
        service37-66f4568564-4szs6       1m           3Mi
        service38-56fc9c9b7d-d7kgv       1m           3Mi
        service39-5b478bd9b-dwj9w        1m           3Mi
        service4-6bfbd6d59c-sbhpg        1m           3Mi
        service40-7c5d878d8d-xmbzp       1m           3Mi
        service41-567cc54974-zktng       1m           3Mi
        service42-6c5db85bd-54f2n        1m           3Mi
        service5-ffd8ccc6-rmvpz          1m           3Mi
        service6-6b89db49b6-wxwwt        1m           3Mi
        service7-845b5b8588-csxnk        1m           3Mi
        service8-7c9f97fd46-h6h4s        1m           3Mi
        service9-7cb9cf658d-6c5c2        1m           3Mi
        ubuntu-client-76886f6bbd-zj7sr   0m           0Mi
        [run.sh] Test finished with status 0
        > STDERR
        > No resources found in default namespace.
    [exp] Times: [16.349757, 15.789276, 16.188125, 16.02483, 16.41298, 16.371078, 16.360145, 16.423566]
    [exp] Throughput: 615.7646985130983
[test.py] Baseline throughput: 615.7646985130983
[test.py] Running 0th optmization experiment
[test.py] Running 0th groundtruth exp
    [exp] Running (pre_run: False) workload synthetic/large-scale request with the following configuration: {'CLIENT_CPU_QUOTA': '2', 'SLOWPOKE_POKER_BATCH_THRESHOLD': '20000000', 'PROCESSING_TIME_SERVICE4': '0.0', 'PROCESSING_TIME_SERVICE0': '0.00114823', 'PROCESSING_TIME_SERVICE1': '0.00112713', 'PROCESSING_TIME_SERVICE2': '0.00112567', 'PROCESSING_TIME_SERVICE3': '0.00108198', 'PROCESSING_TIME_SERVICE5': '0.00092397', 'PROCESSING_TIME_SERVICE6': '0.00091663', 'PROCESSING_TIME_SERVICE7': '0.0008445', 'PROCESSING_TIME_SERVICE8': '0.00082763', 'PROCESSING_TIME_SERVICE9': '0.00082746', 'PROCESSING_TIME_SERVICE10': '0.00081339', 'PROCESSING_TIME_SERVICE11': '0.00079052', 'PROCESSING_TIME_SERVICE12': '0.00076379', 'PROCESSING_TIME_SERVICE13': '0.00073892', 'PROCESSING_TIME_SERVICE14': '0.00071725', 'PROCESSING_TIME_SERVICE15': '0.0007103', 'PROCESSING_TIME_SERVICE16': '0.00064814', 'PROCESSING_TIME_SERVICE17': '0.00063596', 'PROCESSING_TIME_SERVICE18': '0.00063485', 'PROCESSING_TIME_SERVICE19': '0.00062251', 'PROCESSING_TIME_SERVICE20': '0.0006121', 'PROCESSING_TIME_SERVICE21': '0.00060493', 'PROCESSING_TIME_SERVICE22': '0.00059362', 'PROCESSING_TIME_SERVICE23': '0.00058652', 'PROCESSING_TIME_SERVICE24': '0.00058578', 'PROCESSING_TIME_SERVICE25': '0.00055957', 'PROCESSING_TIME_SERVICE26': '0.00054507', 'PROCESSING_TIME_SERVICE27': '0.00050763', 'PROCESSING_TIME_SERVICE28': '0.00045135', 'PROCESSING_TIME_SERVICE29': '0.00044947', 'PROCESSING_TIME_SERVICE30': '0.00043772', 'PROCESSING_TIME_SERVICE31': '0.00040844', 'PROCESSING_TIME_SERVICE32': '0.00039446', 'PROCESSING_TIME_SERVICE33': '0.00037979', 'PROCESSING_TIME_SERVICE34': '0.00033094', 'PROCESSING_TIME_SERVICE35': '0.00032007', 'PROCESSING_TIME_SERVICE36': '0.00031273', 'PROCESSING_TIME_SERVICE37': '0.00027061', 'PROCESSING_TIME_SERVICE38': '0.00026683', 'PROCESSING_TIME_SERVICE39': '0.00023522', 'PROCESSING_TIME_SERVICE40': '0.00023345', 'PROCESSING_TIME_SERVICE41': '0.00015364', 'PROCESSING_TIME_SERVICE42': '9.551e-05', 'SLOWPOKE_DELAY_MICROS_SERVICE4': '0.0', 'SLOWPOKE_POKER_BATCH_THRESHOLD_SERVICE4': '100', 'SLOWPOKE_IS_TARGET_SERVICE_SERVICE4': 'true', 'SLOWPOKE_DELAY_MICROS_SERVICE0': '0.0', 'SLOWPOKE_POKER_BATCH_THRESHOLD_SERVICE0': '100', 'SLOWPOKE_IS_TARGET_SERVICE_SERVICE0': 'false', 'SLOWPOKE_DELAY_MICROS_SERVICE1': '0.0', 'SLOWPOKE_POKER_BATCH_THRESHOLD_SERVICE1': '100', 'SLOWPOKE_IS_TARGET_SERVICE_SERVICE1': 'false', 'SLOWPOKE_DELAY_MICROS_SERVICE2': '0.0', 'SLOWPOKE_POKER_BATCH_THRESHOLD_SERVICE2': '100', 'SLOWPOKE_IS_TARGET_SERVICE_SERVICE2': 'false', 'SLOWPOKE_DELAY_MICROS_SERVICE3': '0.0', 'SLOWPOKE_POKER_BATCH_THRESHOLD_SERVICE3': '100', 'SLOWPOKE_IS_TARGET_SERVICE_SERVICE3': 'false', 'SLOWPOKE_DELAY_MICROS_SERVICE5': '0.0', 'SLOWPOKE_POKER_BATCH_THRESHOLD_SERVICE5': '100', 'SLOWPOKE_IS_TARGET_SERVICE_SERVICE5': 'false', 'SLOWPOKE_DELAY_MICROS_SERVICE6': '0.0', 'SLOWPOKE_POKER_BATCH_THRESHOLD_SERVICE6': '100', 'SLOWPOKE_IS_TARGET_SERVICE_SERVICE6': 'false', 'SLOWPOKE_DELAY_MICROS_SERVICE7': '0.0', 'SLOWPOKE_POKER_BATCH_THRESHOLD_SERVICE7': '100', 'SLOWPOKE_IS_TARGET_SERVICE_SERVICE7': 'false', 'SLOWPOKE_DELAY_MICROS_SERVICE8': '0.0', 'SLOWPOKE_POKER_BATCH_THRESHOLD_SERVICE8': '100', 'SLOWPOKE_IS_TARGET_SERVICE_SERVICE8': 'false', 'SLOWPOKE_DELAY_MICROS_SERVICE9': '0.0', 'SLOWPOKE_POKER_BATCH_THRESHOLD_SERVICE9': '100', 'SLOWPOKE_IS_TARGET_SERVICE_SERVICE9': 'false', 'SLOWPOKE_DELAY_MICROS_SERVICE10': '0.0', 'SLOWPOKE_POKER_BATCH_THRESHOLD_SERVICE10': '100', 'SLOWPOKE_IS_TARGET_SERVICE_SERVICE10': 'false', 'SLOWPOKE_DELAY_MICROS_SERVICE11': '0.0', 'SLOWPOKE_POKER_BATCH_THRESHOLD_SERVICE11': '100', 'SLOWPOKE_IS_TARGET_SERVICE_SERVICE11': 'false', 'SLOWPOKE_DELAY_MICROS_SERVICE12': '0.0', 'SLOWPOKE_POKER_BATCH_THRESHOLD_SERVICE12': '100', 'SLOWPOKE_IS_TARGET_SERVICE_SERVICE12': 'false', 'SLOWPOKE_DELAY_MICROS_SERVICE13': '0.0', 'SLOWPOKE_POKER_BATCH_THRESHOLD_SERVICE13': '100', 'SLOWPOKE_IS_TARGET_SERVICE_SERVICE13': 'false', 'SLOWPOKE_DELAY_MICROS_SERVICE14': '0.0', 'SLOWPOKE_POKER_BATCH_THRESHOLD_SERVICE14': '100', 'SLOWPOKE_IS_TARGET_SERVICE_SERVICE14': 'false', 'SLOWPOKE_DELAY_MICROS_SERVICE15': '0.0', 'SLOWPOKE_POKER_BATCH_THRESHOLD_SERVICE15': '100', 'SLOWPOKE_IS_TARGET_SERVICE_SERVICE15': 'false', 'SLOWPOKE_DELAY_MICROS_SERVICE16': '0.0', 'SLOWPOKE_POKER_BATCH_THRESHOLD_SERVICE16': '100', 'SLOWPOKE_IS_TARGET_SERVICE_SERVICE16': 'false', 'SLOWPOKE_DELAY_MICROS_SERVICE17': '0.0', 'SLOWPOKE_POKER_BATCH_THRESHOLD_SERVICE17': '100', 'SLOWPOKE_IS_TARGET_SERVICE_SERVICE17': 'false', 'SLOWPOKE_DELAY_MICROS_SERVICE18': '0.0', 'SLOWPOKE_POKER_BATCH_THRESHOLD_SERVICE18': '100', 'SLOWPOKE_IS_TARGET_SERVICE_SERVICE18': 'false', 'SLOWPOKE_DELAY_MICROS_SERVICE19': '0.0', 'SLOWPOKE_POKER_BATCH_THRESHOLD_SERVICE19': '100', 'SLOWPOKE_IS_TARGET_SERVICE_SERVICE19': 'false', 'SLOWPOKE_DELAY_MICROS_SERVICE20': '0.0', 'SLOWPOKE_POKER_BATCH_THRESHOLD_SERVICE20': '100', 'SLOWPOKE_IS_TARGET_SERVICE_SERVICE20': 'false', 'SLOWPOKE_DELAY_MICROS_SERVICE21': '0.0', 'SLOWPOKE_POKER_BATCH_THRESHOLD_SERVICE21': '100', 'SLOWPOKE_IS_TARGET_SERVICE_SERVICE21': 'false', 'SLOWPOKE_DELAY_MICROS_SERVICE22': '0.0', 'SLOWPOKE_POKER_BATCH_THRESHOLD_SERVICE22': '100', 'SLOWPOKE_IS_TARGET_SERVICE_SERVICE22': 'false', 'SLOWPOKE_DELAY_MICROS_SERVICE23': '0.0', 'SLOWPOKE_POKER_BATCH_THRESHOLD_SERVICE23': '100', 'SLOWPOKE_IS_TARGET_SERVICE_SERVICE23': 'false', 'SLOWPOKE_DELAY_MICROS_SERVICE24': '0.0', 'SLOWPOKE_POKER_BATCH_THRESHOLD_SERVICE24': '100', 'SLOWPOKE_IS_TARGET_SERVICE_SERVICE24': 'false', 'SLOWPOKE_DELAY_MICROS_SERVICE25': '0.0', 'SLOWPOKE_POKER_BATCH_THRESHOLD_SERVICE25': '100', 'SLOWPOKE_IS_TARGET_SERVICE_SERVICE25': 'false', 'SLOWPOKE_DELAY_MICROS_SERVICE26': '0.0', 'SLOWPOKE_POKER_BATCH_THRESHOLD_SERVICE26': '100', 'SLOWPOKE_IS_TARGET_SERVICE_SERVICE26': 'false', 'SLOWPOKE_DELAY_MICROS_SERVICE27': '0.0', 'SLOWPOKE_POKER_BATCH_THRESHOLD_SERVICE27': '100', 'SLOWPOKE_IS_TARGET_SERVICE_SERVICE27': 'false', 'SLOWPOKE_DELAY_MICROS_SERVICE28': '0.0', 'SLOWPOKE_POKER_BATCH_THRESHOLD_SERVICE28': '100', 'SLOWPOKE_IS_TARGET_SERVICE_SERVICE28': 'false', 'SLOWPOKE_DELAY_MICROS_SERVICE29': '0.0', 'SLOWPOKE_POKER_BATCH_THRESHOLD_SERVICE29': '100', 'SLOWPOKE_IS_TARGET_SERVICE_SERVICE29': 'false', 'SLOWPOKE_DELAY_MICROS_SERVICE30': '0.0', 'SLOWPOKE_POKER_BATCH_THRESHOLD_SERVICE30': '100', 'SLOWPOKE_IS_TARGET_SERVICE_SERVICE30': 'false', 'SLOWPOKE_DELAY_MICROS_SERVICE31': '0.0', 'SLOWPOKE_POKER_BATCH_THRESHOLD_SERVICE31': '100', 'SLOWPOKE_IS_TARGET_SERVICE_SERVICE31': 'false', 'SLOWPOKE_DELAY_MICROS_SERVICE32': '0.0', 'SLOWPOKE_POKER_BATCH_THRESHOLD_SERVICE32': '100', 'SLOWPOKE_IS_TARGET_SERVICE_SERVICE32': 'false', 'SLOWPOKE_DELAY_MICROS_SERVICE33': '0.0', 'SLOWPOKE_POKER_BATCH_THRESHOLD_SERVICE33': '100', 'SLOWPOKE_IS_TARGET_SERVICE_SERVICE33': 'false', 'SLOWPOKE_DELAY_MICROS_SERVICE34': '0.0', 'SLOWPOKE_POKER_BATCH_THRESHOLD_SERVICE34': '100', 'SLOWPOKE_IS_TARGET_SERVICE_SERVICE34': 'false', 'SLOWPOKE_DELAY_MICROS_SERVICE35': '0.0', 'SLOWPOKE_POKER_BATCH_THRESHOLD_SERVICE35': '100', 'SLOWPOKE_IS_TARGET_SERVICE_SERVICE35': 'false', 'SLOWPOKE_DELAY_MICROS_SERVICE36': '0.0', 'SLOWPOKE_POKER_BATCH_THRESHOLD_SERVICE36': '100', 'SLOWPOKE_IS_TARGET_SERVICE_SERVICE36': 'false', 'SLOWPOKE_DELAY_MICROS_SERVICE37': '0.0', 'SLOWPOKE_POKER_BATCH_THRESHOLD_SERVICE37': '100', 'SLOWPOKE_IS_TARGET_SERVICE_SERVICE37': 'false', 'SLOWPOKE_DELAY_MICROS_SERVICE38': '0.0', 'SLOWPOKE_POKER_BATCH_THRESHOLD_SERVICE38': '100', 'SLOWPOKE_IS_TARGET_SERVICE_SERVICE38': 'false', 'SLOWPOKE_DELAY_MICROS_SERVICE39': '0.0', 'SLOWPOKE_POKER_BATCH_THRESHOLD_SERVICE39': '100', 'SLOWPOKE_IS_TARGET_SERVICE_SERVICE39': 'false', 'SLOWPOKE_DELAY_MICROS_SERVICE40': '0.0', 'SLOWPOKE_POKER_BATCH_THRESHOLD_SERVICE40': '100', 'SLOWPOKE_IS_TARGET_SERVICE_SERVICE40': 'false', 'SLOWPOKE_DELAY_MICROS_SERVICE41': '0.0', 'SLOWPOKE_POKER_BATCH_THRESHOLD_SERVICE41': '100', 'SLOWPOKE_IS_TARGET_SERVICE_SERVICE41': 'false', 'SLOWPOKE_DELAY_MICROS_SERVICE42': '0.0', 'SLOWPOKE_POKER_BATCH_THRESHOLD_SERVICE42': '100', 'SLOWPOKE_IS_TARGET_SERVICE_SERVICE42': 'false'}
    [exp] Executing cmd `bash run.sh synthetic large-scale 8 64 10000`:
        [run.sh] Running benchmark synthetic with request large-scale, thread 8, conn 64, duration 60
        [run.sh] Deleting all services
        configmap "config-service0" deleted
        deployment.apps "service0" deleted
        service "service0" deleted
        configmap "config-service1" deleted
        deployment.apps "service1" deleted
        service "service1" deleted
        configmap "config-service10" deleted
        deployment.apps "service10" deleted
        service "service10" deleted
        configmap "config-service11" deleted
        deployment.apps "service11" deleted
        service "service11" deleted
        configmap "config-service12" deleted
        deployment.apps "service12" deleted
        service "service12" deleted
        configmap "config-service13" deleted
        deployment.apps "service13" deleted
        service "service13" deleted
        configmap "config-service14" deleted
        deployment.apps "service14" deleted
        service "service14" deleted
        configmap "config-service15" deleted
        deployment.apps "service15" deleted
        service "service15" deleted
        configmap "config-service16" deleted
        deployment.apps "service16" deleted
        service "service16" deleted
        configmap "config-service17" deleted
        deployment.apps "service17" deleted
        service "service17" deleted
        configmap "config-service18" deleted
        deployment.apps "service18" deleted
        service "service18" deleted
        configmap "config-service19" deleted
        deployment.apps "service19" deleted
        service "service19" deleted
        configmap "config-service2" deleted
        deployment.apps "service2" deleted
        service "service2" deleted
        configmap "config-service20" deleted
        deployment.apps "service20" deleted
        service "service20" deleted
        configmap "config-service21" deleted
        deployment.apps "service21" deleted
        service "service21" deleted
        configmap "config-service22" deleted
        deployment.apps "service22" deleted
        service "service22" deleted
        configmap "config-service23" deleted
        deployment.apps "service23" deleted
        service "service23" deleted
        configmap "config-service24" deleted
        deployment.apps "service24" deleted
        service "service24" deleted
        configmap "config-service25" deleted
        deployment.apps "service25" deleted
        service "service25" deleted
        configmap "config-service26" deleted
        deployment.apps "service26" deleted
        service "service26" deleted
        configmap "config-service27" deleted
        deployment.apps "service27" deleted
        service "service27" deleted
        configmap "config-service28" deleted
        deployment.apps "service28" deleted
        service "service28" deleted
        configmap "config-service29" deleted
        deployment.apps "service29" deleted
        service "service29" deleted
        configmap "config-service3" deleted
        deployment.apps "service3" deleted
        service "service3" deleted
        configmap "config-service30" deleted
        deployment.apps "service30" deleted
        service "service30" deleted
        configmap "config-service31" deleted
        deployment.apps "service31" deleted
        service "service31" deleted
        configmap "config-service32" deleted
        deployment.apps "service32" deleted
        service "service32" deleted
        configmap "config-service33" deleted
        deployment.apps "service33" deleted
        service "service33" deleted
        configmap "config-service34" deleted
        deployment.apps "service34" deleted
        service "service34" deleted
        configmap "config-service35" deleted
        deployment.apps "service35" deleted
        service "service35" deleted
        configmap "config-service36" deleted
        deployment.apps "service36" deleted
        service "service36" deleted
        configmap "config-service37" deleted
        deployment.apps "service37" deleted
        service "service37" deleted
        configmap "config-service38" deleted
        deployment.apps "service38" deleted
        service "service38" deleted
        configmap "config-service39" deleted
        deployment.apps "service39" deleted
        service "service39" deleted
        configmap "config-service4" deleted
        deployment.apps "service4" deleted
        service "service4" deleted
        configmap "config-service40" deleted
        deployment.apps "service40" deleted
        service "service40" deleted
        configmap "config-service41" deleted
        deployment.apps "service41" deleted
        service "service41" deleted
        configmap "config-service42" deleted
        deployment.apps "service42" deleted
        service "service42" deleted
        configmap "config-service5" deleted
        deployment.apps "service5" deleted
        service "service5" deleted
        configmap "config-service6" deleted
        deployment.apps "service6" deleted
        service "service6" deleted
        configmap "config-service7" deleted
        deployment.apps "service7" deleted
        service "service7" deleted
        configmap "config-service8" deleted
        deployment.apps "service8" deleted
        service "service8" deleted
        configmap "config-service9" deleted
        deployment.apps "service9" deleted
        service "service9" deleted
        deployment.apps "ubuntu-client" deleted
        [run.sh] Waiting for all pods to be deleted
        [run.sh] Deploying all services
        configmap/config-service0 created
        deployment.apps/service0 created
        service/service0 created
        configmap/config-service1 created
        deployment.apps/service1 created
        service/service1 created
        configmap/config-service10 created
        deployment.apps/service10 created
        service/service10 created
        configmap/config-service11 created
        deployment.apps/service11 created
        service/service11 created
        configmap/config-service12 created
        deployment.apps/service12 created
        service/service12 created
        configmap/config-service13 created
        deployment.apps/service13 created
        service/service13 created
        configmap/config-service14 created
        deployment.apps/service14 created
        service/service14 created
        configmap/config-service15 created
        deployment.apps/service15 created
        service/service15 created
        configmap/config-service16 created
        deployment.apps/service16 created
        service/service16 created
        configmap/config-service17 created
        deployment.apps/service17 created
        service/service17 created
        configmap/config-service18 created
        deployment.apps/service18 created
        service/service18 created
        configmap/config-service19 created
        deployment.apps/service19 created
        service/service19 created
        configmap/config-service2 created
        deployment.apps/service2 created
        service/service2 created
        configmap/config-service20 created
        deployment.apps/service20 created
        service/service20 created
        configmap/config-service21 created
        deployment.apps/service21 created
        service/service21 created
        configmap/config-service22 created
        deployment.apps/service22 created
        service/service22 created
        configmap/config-service23 created
        deployment.apps/service23 created
        service/service23 created
        configmap/config-service24 created
        deployment.apps/service24 created
        service/service24 created
        configmap/config-service25 created
        deployment.apps/service25 created
        service/service25 created
        configmap/config-service26 created
        deployment.apps/service26 created
        service/service26 created
        configmap/config-service27 created
        deployment.apps/service27 created
        service/service27 created
        configmap/config-service28 created
        deployment.apps/service28 created
        service/service28 created
        configmap/config-service29 created
        deployment.apps/service29 created
        service/service29 created
        configmap/config-service3 created
        deployment.apps/service3 created
        service/service3 created
        configmap/config-service30 created
        deployment.apps/service30 created
        service/service30 created
        configmap/config-service31 created
        deployment.apps/service31 created
        service/service31 created
        configmap/config-service32 created
        deployment.apps/service32 created
        service/service32 created
        configmap/config-service33 created
        deployment.apps/service33 created
        service/service33 created
        configmap/config-service34 created
        deployment.apps/service34 created
        service/service34 created
        configmap/config-service35 created
        deployment.apps/service35 created
        service/service35 created
        configmap/config-service36 created
        deployment.apps/service36 created
        service/service36 created
        configmap/config-service37 created
        deployment.apps/service37 created
        service/service37 created
        configmap/config-service38 created
        deployment.apps/service38 created
        service/service38 created
        configmap/config-service39 created
        deployment.apps/service39 created
        service/service39 created
        configmap/config-service4 created
        deployment.apps/service4 created
        service/service4 created
        configmap/config-service40 created
        deployment.apps/service40 created
        service/service40 created
        configmap/config-service41 created
        deployment.apps/service41 created
        service/service41 created
        configmap/config-service42 created
        deployment.apps/service42 created
        service/service42 created
        configmap/config-service5 created
        deployment.apps/service5 created
        service/service5 created
        configmap/config-service6 created
        deployment.apps/service6 created
        service/service6 created
        configmap/config-service7 created
        deployment.apps/service7 created
        service/service7 created
        configmap/config-service8 created
        deployment.apps/service8 created
        service/service8 created
        configmap/config-service9 created
        deployment.apps/service9 created
        service/service9 created
        [run.sh] Client pod not found, deploying client
        deployment.apps/ubuntu-client created
        [run.sh] Waiting for all pods to be running
        [run.sh] All pods are running
        [run.sh] Running warmup test
        [run.sh] /wrk/wrk -t8 -c64 --timeout 10s -d10s -L http://service0:80/endpoint1
        Running 10s test @ http://service0:80/endpoint1
        8 threads and 64 connections
        Thread Stats   Avg      Stdev     Max   +/- Stdev
        Latency    73.40ms   37.46ms 353.99ms   79.14%
        Req/Sec   114.14     27.89   200.00     75.13%
        Latency Distribution
        50%   67.01ms
        75%   88.43ms
        90%  114.00ms
        99%  224.41ms
        8954 requests in 10.01s, 1.36MB read
        Requests/sec:    894.45
        Transfer/sec:    138.88KB
        [run.sh] Speed is 894.45, duration is 16
        [run.sh] Fix the request number.
        [run.sh] Running the actual test
        [run.sh] /wrk/wrk --timeout 20s -t8 -c64 -d16s -L -s /wrk/fix_req_n.lua http://service0:80/endpoint1
        Running 16s test @ http://service0:80/endpoint1
        8 threads and 64 connections
        Thread Stats   Avg      Stdev     Max   +/- Stdev
        Latency    71.52ms   30.15ms 231.74ms   69.47%
        Req/Sec   111.73     26.59   191.00     66.25%
        Latency Distribution
        50%   67.91ms
        75%   88.53ms
        90%  111.63ms
        99%  158.65ms
        10000 requests in 16.00s, 1.52MB read
        Requests/sec:    624.99
        Transfer/sec:     97.05KB
        ------------------------------
        stop time: 11.223383
        stop time: 11.099741
        stop time: 11.199691
        stop time: 11.177814
        stop time: 11.082620
        stop time: 11.226433
        stop time: 11.250470
        stop time: 11.247928
        [run.sh] Checking the resource usage
        NAME                             CPU(cores)   MEMORY(bytes)
        service0-69955d4677-q5g8v        1323m        30Mi
        service1-58c95cb96-hf7q8         1011m        27Mi
        service10-9549b4cd-hlf72         450m         11Mi
        service11-b76846c44-k9hxb        238m         11Mi
        service12-8ddc6874b-nkpb9        207m         11Mi
        service13-6dc48cb75b-c2qh6       244m         10Mi
        service14-6fdd479dcd-42dp6       361m         10Mi
        service15-6bc59bd7d4-4275w       147m         10Mi
        service16-7886b6b8d6-2pqhv       331m         11Mi
        service17-7b5f6467b8-dfkl7       290m         9Mi
        service18-65595ccfd6-flkmg       231m         10Mi
        service19-55c65f57c6-dwwh9       209m         10Mi
        service2-5d59c5bd5d-dvn7p        1123m        25Mi
        service20-58b86cfc4d-88vcq       292m         10Mi
        service21-8d587d69d-n5d7k        312m         9Mi
        service22-55796dcf9b-8lczz       243m         10Mi
        service23-599c6478cd-wtn45       274m         10Mi
        service24-655749d78d-gzpgk       165m         10Mi
        service25-656bf89c8b-dh9pr       248m         10Mi
        service26-5fcc5669d4-24g2q       194m         9Mi
        service27-8687746986-dzmz2       84m          9Mi
        service28-6bbbb998d8-wnhn9       181m         8Mi
        service29-655dfdfd6b-pdt4b       224m         8Mi
        service3-564487d7d8-986f7        1121m        26Mi
        service30-6d966bbbcd-gbzxw       162m         8Mi
        service31-9476bd9bd-znqk4        188m         9Mi
        service32-64b88b58b-k5xbm        149m         9Mi
        service33-69bdf8b97b-r5qtd       175m         10Mi
        service34-9d9487db6-tsjzm        150m         9Mi
        service35-575bf5bbb8-6fzn8       150m         10Mi
        service36-765d6cd758-pq8bf       60m          9Mi
        service37-66f4568564-87v9q       117m         9Mi
        service38-56fc9c9b7d-qpwr4       158m         9Mi
        service39-5b478bd9b-7dspx        161m         9Mi
        service4-6bfbd6d59c-cz5w9        705m         23Mi
        service40-7c5d878d8d-xq858       58m          9Mi
        service41-567cc54974-kxf79       70m          9Mi
        service42-6c5db85bd-kq5dj        49m          9Mi
        service5-ffd8ccc6-25hqf          1152m        25Mi
        service6-6b89db49b6-jwqmx        986m         22Mi
        service7-845b5b8588-c8456        477m         11Mi
        service8-7c9f97fd46-s5lch        447m         11Mi
        service9-7cb9cf658d-gvqmd        352m         10Mi
        ubuntu-client-76886f6bbd-kmjs5   28m          5Mi
        [run.sh] Test finished with status 0
        > STDERR
        > No resources found in default namespace.
    [exp] Times: [11.223383, 11.099741, 11.199691, 11.177814, 11.08262, 11.226433, 11.25047, 11.247928]
    [exp] Throughput: 893.7740592804582
[test.py] Running 0th slowdown exp
    [exp] Running (pre_run: False) workload synthetic/large-scale request with the following configuration: {'CLIENT_CPU_QUOTA': '2', 'SLOWPOKE_POKER_BATCH_THRESHOLD': '20000000', 'PROCESSING_TIME_SERVICE4': '0.00234975', 'PROCESSING_TIME_SERVICE0': '0.00114823', 'PROCESSING_TIME_SERVICE1': '0.00112713', 'PROCESSING_TIME_SERVICE2': '0.00112567', 'PROCESSING_TIME_SERVICE3': '0.00108198', 'PROCESSING_TIME_SERVICE5': '0.00092397', 'PROCESSING_TIME_SERVICE6': '0.00091663', 'PROCESSING_TIME_SERVICE7': '0.0008445', 'PROCESSING_TIME_SERVICE8': '0.00082763', 'PROCESSING_TIME_SERVICE9': '0.00082746', 'PROCESSING_TIME_SERVICE10': '0.00081339', 'PROCESSING_TIME_SERVICE11': '0.00079052', 'PROCESSING_TIME_SERVICE12': '0.00076379', 'PROCESSING_TIME_SERVICE13': '0.00073892', 'PROCESSING_TIME_SERVICE14': '0.00071725', 'PROCESSING_TIME_SERVICE15': '0.0007103', 'PROCESSING_TIME_SERVICE16': '0.00064814', 'PROCESSING_TIME_SERVICE17': '0.00063596', 'PROCESSING_TIME_SERVICE18': '0.00063485', 'PROCESSING_TIME_SERVICE19': '0.00062251', 'PROCESSING_TIME_SERVICE20': '0.0006121', 'PROCESSING_TIME_SERVICE21': '0.00060493', 'PROCESSING_TIME_SERVICE22': '0.00059362', 'PROCESSING_TIME_SERVICE23': '0.00058652', 'PROCESSING_TIME_SERVICE24': '0.00058578', 'PROCESSING_TIME_SERVICE25': '0.00055957', 'PROCESSING_TIME_SERVICE26': '0.00054507', 'PROCESSING_TIME_SERVICE27': '0.00050763', 'PROCESSING_TIME_SERVICE28': '0.00045135', 'PROCESSING_TIME_SERVICE29': '0.00044947', 'PROCESSING_TIME_SERVICE30': '0.00043772', 'PROCESSING_TIME_SERVICE31': '0.00040844', 'PROCESSING_TIME_SERVICE32': '0.00039446', 'PROCESSING_TIME_SERVICE33': '0.00037979', 'PROCESSING_TIME_SERVICE34': '0.00033094', 'PROCESSING_TIME_SERVICE35': '0.00032007', 'PROCESSING_TIME_SERVICE36': '0.00031273', 'PROCESSING_TIME_SERVICE37': '0.00027061', 'PROCESSING_TIME_SERVICE38': '0.00026683', 'PROCESSING_TIME_SERVICE39': '0.00023522', 'PROCESSING_TIME_SERVICE40': '0.00023345', 'PROCESSING_TIME_SERVICE41': '0.00015364', 'PROCESSING_TIME_SERVICE42': '9.551e-05', 'SLOWPOKE_DELAY_MICROS_SERVICE4': '0.0', 'SLOWPOKE_POKER_BATCH_THRESHOLD_SERVICE4': '100', 'SLOWPOKE_IS_TARGET_SERVICE_SERVICE4': 'true', 'SLOWPOKE_DELAY_MICROS_SERVICE0': '1174.5', 'SLOWPOKE_POKER_BATCH_THRESHOLD_SERVICE0': '100', 'SLOWPOKE_IS_TARGET_SERVICE_SERVICE0': 'false', 'SLOWPOKE_DELAY_MICROS_SERVICE1': '1174.5', 'SLOWPOKE_POKER_BATCH_THRESHOLD_SERVICE1': '100', 'SLOWPOKE_IS_TARGET_SERVICE_SERVICE1': 'false', 'SLOWPOKE_DELAY_MICROS_SERVICE2': '1174.5', 'SLOWPOKE_POKER_BATCH_THRESHOLD_SERVICE2': '100', 'SLOWPOKE_IS_TARGET_SERVICE_SERVICE2': 'false', 'SLOWPOKE_DELAY_MICROS_SERVICE3': '1174.5', 'SLOWPOKE_POKER_BATCH_THRESHOLD_SERVICE3': '100', 'SLOWPOKE_IS_TARGET_SERVICE_SERVICE3': 'false', 'SLOWPOKE_DELAY_MICROS_SERVICE5': '1174.5', 'SLOWPOKE_POKER_BATCH_THRESHOLD_SERVICE5': '100', 'SLOWPOKE_IS_TARGET_SERVICE_SERVICE5': 'false', 'SLOWPOKE_DELAY_MICROS_SERVICE6': '1174.5', 'SLOWPOKE_POKER_BATCH_THRESHOLD_SERVICE6': '100', 'SLOWPOKE_IS_TARGET_SERVICE_SERVICE6': 'false', 'SLOWPOKE_DELAY_MICROS_SERVICE7': '1174.5', 'SLOWPOKE_POKER_BATCH_THRESHOLD_SERVICE7': '100', 'SLOWPOKE_IS_TARGET_SERVICE_SERVICE7': 'false', 'SLOWPOKE_DELAY_MICROS_SERVICE8': '1174.5', 'SLOWPOKE_POKER_BATCH_THRESHOLD_SERVICE8': '100', 'SLOWPOKE_IS_TARGET_SERVICE_SERVICE8': 'false', 'SLOWPOKE_DELAY_MICROS_SERVICE9': '1174.5', 'SLOWPOKE_POKER_BATCH_THRESHOLD_SERVICE9': '100', 'SLOWPOKE_IS_TARGET_SERVICE_SERVICE9': 'false', 'SLOWPOKE_DELAY_MICROS_SERVICE10': '1174.5', 'SLOWPOKE_POKER_BATCH_THRESHOLD_SERVICE10': '100', 'SLOWPOKE_IS_TARGET_SERVICE_SERVICE10': 'false', 'SLOWPOKE_DELAY_MICROS_SERVICE11': '1174.5', 'SLOWPOKE_POKER_BATCH_THRESHOLD_SERVICE11': '100', 'SLOWPOKE_IS_TARGET_SERVICE_SERVICE11': 'false', 'SLOWPOKE_DELAY_MICROS_SERVICE12': '1174.5', 'SLOWPOKE_POKER_BATCH_THRESHOLD_SERVICE12': '100', 'SLOWPOKE_IS_TARGET_SERVICE_SERVICE12': 'false', 'SLOWPOKE_DELAY_MICROS_SERVICE13': '1174.5', 'SLOWPOKE_POKER_BATCH_THRESHOLD_SERVICE13': '100', 'SLOWPOKE_IS_TARGET_SERVICE_SERVICE13': 'false', 'SLOWPOKE_DELAY_MICROS_SERVICE14': '1174.5', 'SLOWPOKE_POKER_BATCH_THRESHOLD_SERVICE14': '100', 'SLOWPOKE_IS_TARGET_SERVICE_SERVICE14': 'false', 'SLOWPOKE_DELAY_MICROS_SERVICE15': '1174.5', 'SLOWPOKE_POKER_BATCH_THRESHOLD_SERVICE15': '100', 'SLOWPOKE_IS_TARGET_SERVICE_SERVICE15': 'false', 'SLOWPOKE_DELAY_MICROS_SERVICE16': '1174.5', 'SLOWPOKE_POKER_BATCH_THRESHOLD_SERVICE16': '100', 'SLOWPOKE_IS_TARGET_SERVICE_SERVICE16': 'false', 'SLOWPOKE_DELAY_MICROS_SERVICE17': '1174.5', 'SLOWPOKE_POKER_BATCH_THRESHOLD_SERVICE17': '100', 'SLOWPOKE_IS_TARGET_SERVICE_SERVICE17': 'false', 'SLOWPOKE_DELAY_MICROS_SERVICE18': '1174.5', 'SLOWPOKE_POKER_BATCH_THRESHOLD_SERVICE18': '100', 'SLOWPOKE_IS_TARGET_SERVICE_SERVICE18': 'false', 'SLOWPOKE_DELAY_MICROS_SERVICE19': '1174.5', 'SLOWPOKE_POKER_BATCH_THRESHOLD_SERVICE19': '100', 'SLOWPOKE_IS_TARGET_SERVICE_SERVICE19': 'false', 'SLOWPOKE_DELAY_MICROS_SERVICE20': '1174.5', 'SLOWPOKE_POKER_BATCH_THRESHOLD_SERVICE20': '100', 'SLOWPOKE_IS_TARGET_SERVICE_SERVICE20': 'false', 'SLOWPOKE_DELAY_MICROS_SERVICE21': '1174.5', 'SLOWPOKE_POKER_BATCH_THRESHOLD_SERVICE21': '100', 'SLOWPOKE_IS_TARGET_SERVICE_SERVICE21': 'false', 'SLOWPOKE_DELAY_MICROS_SERVICE22': '1174.5', 'SLOWPOKE_POKER_BATCH_THRESHOLD_SERVICE22': '100', 'SLOWPOKE_IS_TARGET_SERVICE_SERVICE22': 'false', 'SLOWPOKE_DELAY_MICROS_SERVICE23': '1174.5', 'SLOWPOKE_POKER_BATCH_THRESHOLD_SERVICE23': '100', 'SLOWPOKE_IS_TARGET_SERVICE_SERVICE23': 'false', 'SLOWPOKE_DELAY_MICROS_SERVICE24': '1174.5', 'SLOWPOKE_POKER_BATCH_THRESHOLD_SERVICE24': '100', 'SLOWPOKE_IS_TARGET_SERVICE_SERVICE24': 'false', 'SLOWPOKE_DELAY_MICROS_SERVICE25': '1174.5', 'SLOWPOKE_POKER_BATCH_THRESHOLD_SERVICE25': '100', 'SLOWPOKE_IS_TARGET_SERVICE_SERVICE25': 'false', 'SLOWPOKE_DELAY_MICROS_SERVICE26': '1174.5', 'SLOWPOKE_POKER_BATCH_THRESHOLD_SERVICE26': '100', 'SLOWPOKE_IS_TARGET_SERVICE_SERVICE26': 'false', 'SLOWPOKE_DELAY_MICROS_SERVICE27': '1174.5', 'SLOWPOKE_POKER_BATCH_THRESHOLD_SERVICE27': '100', 'SLOWPOKE_IS_TARGET_SERVICE_SERVICE27': 'false', 'SLOWPOKE_DELAY_MICROS_SERVICE28': '1174.5', 'SLOWPOKE_POKER_BATCH_THRESHOLD_SERVICE28': '100', 'SLOWPOKE_IS_TARGET_SERVICE_SERVICE28': 'false', 'SLOWPOKE_DELAY_MICROS_SERVICE29': '1174.5', 'SLOWPOKE_POKER_BATCH_THRESHOLD_SERVICE29': '100', 'SLOWPOKE_IS_TARGET_SERVICE_SERVICE29': 'false', 'SLOWPOKE_DELAY_MICROS_SERVICE30': '1174.5', 'SLOWPOKE_POKER_BATCH_THRESHOLD_SERVICE30': '100', 'SLOWPOKE_IS_TARGET_SERVICE_SERVICE30': 'false', 'SLOWPOKE_DELAY_MICROS_SERVICE31': '1174.5', 'SLOWPOKE_POKER_BATCH_THRESHOLD_SERVICE31': '100', 'SLOWPOKE_IS_TARGET_SERVICE_SERVICE31': 'false', 'SLOWPOKE_DELAY_MICROS_SERVICE32': '1174.5', 'SLOWPOKE_POKER_BATCH_THRESHOLD_SERVICE32': '100', 'SLOWPOKE_IS_TARGET_SERVICE_SERVICE32': 'false', 'SLOWPOKE_DELAY_MICROS_SERVICE33': '1174.5', 'SLOWPOKE_POKER_BATCH_THRESHOLD_SERVICE33': '100', 'SLOWPOKE_IS_TARGET_SERVICE_SERVICE33': 'false', 'SLOWPOKE_DELAY_MICROS_SERVICE34': '1174.5', 'SLOWPOKE_POKER_BATCH_THRESHOLD_SERVICE34': '100', 'SLOWPOKE_IS_TARGET_SERVICE_SERVICE34': 'false', 'SLOWPOKE_DELAY_MICROS_SERVICE35': '1174.5', 'SLOWPOKE_POKER_BATCH_THRESHOLD_SERVICE35': '100', 'SLOWPOKE_IS_TARGET_SERVICE_SERVICE35': 'false', 'SLOWPOKE_DELAY_MICROS_SERVICE36': '1174.5', 'SLOWPOKE_POKER_BATCH_THRESHOLD_SERVICE36': '100', 'SLOWPOKE_IS_TARGET_SERVICE_SERVICE36': 'false', 'SLOWPOKE_DELAY_MICROS_SERVICE37': '1174.5', 'SLOWPOKE_POKER_BATCH_THRESHOLD_SERVICE37': '100', 'SLOWPOKE_IS_TARGET_SERVICE_SERVICE37': 'false', 'SLOWPOKE_DELAY_MICROS_SERVICE38': '1174.5', 'SLOWPOKE_POKER_BATCH_THRESHOLD_SERVICE38': '100', 'SLOWPOKE_IS_TARGET_SERVICE_SERVICE38': 'false', 'SLOWPOKE_DELAY_MICROS_SERVICE39': '1174.5', 'SLOWPOKE_POKER_BATCH_THRESHOLD_SERVICE39': '100', 'SLOWPOKE_IS_TARGET_SERVICE_SERVICE39': 'false', 'SLOWPOKE_DELAY_MICROS_SERVICE40': '1174.5', 'SLOWPOKE_POKER_BATCH_THRESHOLD_SERVICE40': '100', 'SLOWPOKE_IS_TARGET_SERVICE_SERVICE40': 'false', 'SLOWPOKE_DELAY_MICROS_SERVICE41': '1174.5', 'SLOWPOKE_POKER_BATCH_THRESHOLD_SERVICE41': '100', 'SLOWPOKE_IS_TARGET_SERVICE_SERVICE41': 'false', 'SLOWPOKE_DELAY_MICROS_SERVICE42': '1174.5', 'SLOWPOKE_POKER_BATCH_THRESHOLD_SERVICE42': '100', 'SLOWPOKE_IS_TARGET_SERVICE_SERVICE42': 'false'}
    [exp] Executing cmd `bash run.sh synthetic large-scale 8 64 10000`:
        [run.sh] Running benchmark synthetic with request large-scale, thread 8, conn 64, duration 60
        [run.sh] Deleting all services
        configmap "config-service0" deleted
        deployment.apps "service0" deleted
        service "service0" deleted
        configmap "config-service1" deleted
        deployment.apps "service1" deleted
        service "service1" deleted
        configmap "config-service10" deleted
        deployment.apps "service10" deleted
        service "service10" deleted
        configmap "config-service11" deleted
        deployment.apps "service11" deleted
        service "service11" deleted
        configmap "config-service12" deleted
        deployment.apps "service12" deleted
        service "service12" deleted
        configmap "config-service13" deleted
        deployment.apps "service13" deleted
        service "service13" deleted
        configmap "config-service14" deleted
        deployment.apps "service14" deleted
        service "service14" deleted
        configmap "config-service15" deleted
        deployment.apps "service15" deleted
        service "service15" deleted
        configmap "config-service16" deleted
        deployment.apps "service16" deleted
        service "service16" deleted
        configmap "config-service17" deleted
        deployment.apps "service17" deleted
        service "service17" deleted
        configmap "config-service18" deleted
        deployment.apps "service18" deleted
        service "service18" deleted
        configmap "config-service19" deleted
        deployment.apps "service19" deleted
        service "service19" deleted
        configmap "config-service2" deleted
        deployment.apps "service2" deleted
        service "service2" deleted
        configmap "config-service20" deleted
        deployment.apps "service20" deleted
        service "service20" deleted
        configmap "config-service21" deleted
        deployment.apps "service21" deleted
        service "service21" deleted
        configmap "config-service22" deleted
        deployment.apps "service22" deleted
        service "service22" deleted
        configmap "config-service23" deleted
        deployment.apps "service23" deleted
        service "service23" deleted
        configmap "config-service24" deleted
        deployment.apps "service24" deleted
        service "service24" deleted
        configmap "config-service25" deleted
        deployment.apps "service25" deleted
        service "service25" deleted
        configmap "config-service26" deleted
        deployment.apps "service26" deleted
        service "service26" deleted
        configmap "config-service27" deleted
        deployment.apps "service27" deleted
        service "service27" deleted
        configmap "config-service28" deleted
        deployment.apps "service28" deleted
        service "service28" deleted
        configmap "config-service29" deleted
        deployment.apps "service29" deleted
        service "service29" deleted
        configmap "config-service3" deleted
        deployment.apps "service3" deleted
        service "service3" deleted
        configmap "config-service30" deleted
        deployment.apps "service30" deleted
        service "service30" deleted
        configmap "config-service31" deleted
        deployment.apps "service31" deleted
        service "service31" deleted
        configmap "config-service32" deleted
        deployment.apps "service32" deleted
        service "service32" deleted
        configmap "config-service33" deleted
        deployment.apps "service33" deleted
        service "service33" deleted
        configmap "config-service34" deleted
        deployment.apps "service34" deleted
        service "service34" deleted
        configmap "config-service35" deleted
        deployment.apps "service35" deleted
        service "service35" deleted
        configmap "config-service36" deleted
        deployment.apps "service36" deleted
        service "service36" deleted
        configmap "config-service37" deleted
        deployment.apps "service37" deleted
        service "service37" deleted
        configmap "config-service38" deleted
        deployment.apps "service38" deleted
        service "service38" deleted
        configmap "config-service39" deleted
        deployment.apps "service39" deleted
        service "service39" deleted
        configmap "config-service4" deleted
        deployment.apps "service4" deleted
        service "service4" deleted
        configmap "config-service40" deleted
        deployment.apps "service40" deleted
        service "service40" deleted
        configmap "config-service41" deleted
        deployment.apps "service41" deleted
        service "service41" deleted
        configmap "config-service42" deleted
        deployment.apps "service42" deleted
        service "service42" deleted
        configmap "config-service5" deleted
        deployment.apps "service5" deleted
        service "service5" deleted
        configmap "config-service6" deleted
        deployment.apps "service6" deleted
        service "service6" deleted
        configmap "config-service7" deleted
        deployment.apps "service7" deleted
        service "service7" deleted
        configmap "config-service8" deleted
        deployment.apps "service8" deleted
        service "service8" deleted
        configmap "config-service9" deleted
        deployment.apps "service9" deleted
        service "service9" deleted
        deployment.apps "ubuntu-client" deleted
        [run.sh] Waiting for all pods to be deleted
        [run.sh] Deploying all services
        configmap/config-service0 created
        deployment.apps/service0 created
        service/service0 created
        configmap/config-service1 created
        deployment.apps/service1 created
        service/service1 created
        configmap/config-service10 created
        deployment.apps/service10 created
        service/service10 created
        configmap/config-service11 created
        deployment.apps/service11 created
        service/service11 created
        configmap/config-service12 created
        deployment.apps/service12 created
        service/service12 created
        configmap/config-service13 created
        deployment.apps/service13 created
        service/service13 created
        configmap/config-service14 created
        deployment.apps/service14 created
        service/service14 created
        configmap/config-service15 created
        deployment.apps/service15 created
        service/service15 created
        configmap/config-service16 created
        deployment.apps/service16 created
        service/service16 created
        configmap/config-service17 created
        deployment.apps/service17 created
        service/service17 created
        configmap/config-service18 created
        deployment.apps/service18 created
        service/service18 created
        configmap/config-service19 created
        deployment.apps/service19 created
        service/service19 created
        configmap/config-service2 created
        deployment.apps/service2 created
        service/service2 created
        configmap/config-service20 created
        deployment.apps/service20 created
        service/service20 created
        configmap/config-service21 created
        deployment.apps/service21 created
        service/service21 created
        configmap/config-service22 created
        deployment.apps/service22 created
        service/service22 created
        configmap/config-service23 created
        deployment.apps/service23 created
        service/service23 created
        configmap/config-service24 created
        deployment.apps/service24 created
        service/service24 created
        configmap/config-service25 created
        deployment.apps/service25 created
        service/service25 created
        configmap/config-service26 created
        deployment.apps/service26 created
        service/service26 created
        configmap/config-service27 created
        deployment.apps/service27 created
        service/service27 created
        configmap/config-service28 created
        deployment.apps/service28 created
        service/service28 created
        configmap/config-service29 created
        deployment.apps/service29 created
        service/service29 created
        configmap/config-service3 created
        deployment.apps/service3 created
        service/service3 created
        configmap/config-service30 created
        deployment.apps/service30 created
        service/service30 created
        configmap/config-service31 created
        deployment.apps/service31 created
        service/service31 created
        configmap/config-service32 created
        deployment.apps/service32 created
        service/service32 created
        configmap/config-service33 created
        deployment.apps/service33 created
        service/service33 created
        configmap/config-service34 created
        deployment.apps/service34 created
        service/service34 created
        configmap/config-service35 created
        deployment.apps/service35 created
        service/service35 created
        configmap/config-service36 created
        deployment.apps/service36 created
        service/service36 created
        configmap/config-service37 created
        deployment.apps/service37 created
        service/service37 created
        configmap/config-service38 created
        deployment.apps/service38 created
        service/service38 created
        configmap/config-service39 created
        deployment.apps/service39 created
        service/service39 created
        configmap/config-service4 created
        deployment.apps/service4 created
        service/service4 created
        configmap/config-service40 created
        deployment.apps/service40 created
        service/service40 created
        configmap/config-service41 created
        deployment.apps/service41 created
        service/service41 created
        configmap/config-service42 created
        deployment.apps/service42 created
        service/service42 created
        configmap/config-service5 created
        deployment.apps/service5 created
        service/service5 created
        configmap/config-service6 created
        deployment.apps/service6 created
        service/service6 created
        configmap/config-service7 created
        deployment.apps/service7 created
        service/service7 created
        configmap/config-service8 created
        deployment.apps/service8 created
        service/service8 created
        configmap/config-service9 created
        deployment.apps/service9 created
        service/service9 created
        [run.sh] Client pod not found, deploying client
        deployment.apps/ubuntu-client created
        [run.sh] Waiting for all pods to be running
        [run.sh] All pods are running
        [run.sh] Running warmup test
        [run.sh] /wrk/wrk -t8 -c64 --timeout 10s -d10s -L http://service0:80/endpoint1
        Running 10s test @ http://service0:80/endpoint1
        8 threads and 64 connections
        Thread Stats   Avg      Stdev     Max   +/- Stdev
        Latency   159.39ms   78.78ms 482.38ms   60.79%
        Req/Sec    51.52     29.05   141.00     64.15%
        Latency Distribution
        50%  180.42ms
        75%  214.17ms
        90%  246.61ms
        99%  333.08ms
        3991 requests in 10.02s, 619.70KB read
        Requests/sec:    398.29
        Transfer/sec:     61.84KB
        [run.sh] Speed is 398.29, duration is 37
        [run.sh] Fix the request number.
        [run.sh] Running the actual test
        [run.sh] /wrk/wrk --timeout 20s -t8 -c64 -d37s -L -s /wrk/fix_req_n.lua http://service0:80/endpoint1
        [run.sh] Checking the resource usage
        NAME                             CPU(cores)   MEMORY(bytes)
        service0-6577c98987-99mxr        452m         30Mi
        service1-67f797c9f8-bcw8z        297m         24Mi
        service10-67b94d74bd-mkz54       112m         10Mi
        service11-866c77dfdb-48pjf       16m          9Mi
        service12-764c64d5b4-8qkzk       1m           9Mi
        service13-55c796797d-htfg2       22m          8Mi
        service14-64fd44c7b8-d5dv6       77m          8Mi
        service15-5f79cddfcd-8x57r       1m           8Mi
        service16-669df96dfb-2k6cd       71m          8Mi
        service17-7df9455d5d-rj9nr       58m          10Mi
        service18-7b776f4cd4-5m4qv       28m          9Mi
        service19-6bbff8b758-slhft       19m          8Mi
        service2-565cbcddd-6dfr7         350m         22Mi
        service20-7dbffc566b-n9f5w       59m          8Mi
        service21-d9f989d4d-z2qlz        67m          9Mi
        service22-fd5b68478-vk9vz        41m          9Mi
        service23-ccfb675fb-mf5b9        55m          9Mi
        service24-97965ff74-spkpb        1m           8Mi
        service25-855f7f5cd8-4hlfc       42m          10Mi
        service26-85fbcddf8b-9npq2       20m          10Mi
        service27-86d46b9bf6-pfslf       1m           10Mi
        service28-c5f8c6cb6-lpckv        20m          10Mi
        service29-6fdf7b84b8-fnrjw       41m          10Mi
        service3-569df9fb66-n6l28        353m         22Mi
        service30-7c9dbfdf76-mgn2z       16m          10Mi
        service31-774958495d-w5c55       33m          9Mi
        service32-76fc85cbd4-29mzb       15m          9Mi
        service33-7dc477bcbb-n2wxb       30m          9Mi
        service34-57c7f68464-ll2tb       22m          9Mi
        service35-5ccd4944b-rr57d        23m          9Mi
        service36-79c67cdb8-q8bzf        1m           9Mi
        service37-7658794b58-52k9b       12m          8Mi
        service38-7b4fb6f8cb-tskxm       29m          9Mi
        service39-74d789b76b-jl2l7       36m          9Mi
        service4-6bfbd6d59c-d6z5q        725m         27Mi
        service40-69b5749674-9fws8       1m           8Mi
        service41-747f9964b8-6z4xf       4m           9Mi
        service42-59db96b466-h2d92       1m           9Mi
        service5-76d446478-wnw8r         395m         26Mi
        service6-cc48df596-2bl6x         296m         26Mi
        service7-85644c7f6b-dkz5n        128m         9Mi
        service8-5d7bd6bd4d-dm48v        107m         9Mi
        service9-7657c7f9b6-wkg9b        67m          9Mi
        ubuntu-client-76886f6bbd-sr9f8   10m          4Mi
        Running 37s test @ http://service0:80/endpoint1
        8 threads and 64 connections
        Thread Stats   Avg      Stdev     Max   +/- Stdev
        Latency   155.06ms   78.03ms 447.31ms   58.90%
        Req/Sec    52.20     30.25   171.00     61.19%
        Latency Distribution
        50%  178.64ms
        75%  214.12ms
        90%  244.22ms
        99%  306.32ms
        10000 requests in 37.00s, 1.52MB read
        Requests/sec:    270.27
        Transfer/sec:     41.97KB
        ------------------------------
        stop time: 23.946501
        stop time: 24.440072
        stop time: 24.199636
        stop time: 24.440187
        stop time: 23.954096
        stop time: 24.403431
        stop time: 24.360050
        stop time: 24.343240
        [run.sh] Test finished with status 0
        > STDERR
        > No resources found in default namespace.
    [exp] Times: [23.946501, 24.440072, 24.199636, 24.440187, 23.954096, 24.403431, 24.36005, 24.34324]
    [exp] Throughput: 412.18583524098517
[test.py] Finished running 0th optmization experiment: groundtruth->893.7740592804582, slowdown->412.18583524098517, predicted->799.2230512951444, err->-10.578848983537638
[test.py] Running 1th optmization experiment
[test.py] Running 1th groundtruth exp
    [exp] Running (pre_run: False) workload synthetic/large-scale request with the following configuration: {'CLIENT_CPU_QUOTA': '2', 'SLOWPOKE_POKER_BATCH_THRESHOLD': '20000000', 'PROCESSING_TIME_SERVICE4': '0.001174', 'PROCESSING_TIME_SERVICE0': '0.00114823', 'PROCESSING_TIME_SERVICE1': '0.00112713', 'PROCESSING_TIME_SERVICE2': '0.00112567', 'PROCESSING_TIME_SERVICE3': '0.00108198', 'PROCESSING_TIME_SERVICE5': '0.00092397', 'PROCESSING_TIME_SERVICE6': '0.00091663', 'PROCESSING_TIME_SERVICE7': '0.0008445', 'PROCESSING_TIME_SERVICE8': '0.00082763', 'PROCESSING_TIME_SERVICE9': '0.00082746', 'PROCESSING_TIME_SERVICE10': '0.00081339', 'PROCESSING_TIME_SERVICE11': '0.00079052', 'PROCESSING_TIME_SERVICE12': '0.00076379', 'PROCESSING_TIME_SERVICE13': '0.00073892', 'PROCESSING_TIME_SERVICE14': '0.00071725', 'PROCESSING_TIME_SERVICE15': '0.0007103', 'PROCESSING_TIME_SERVICE16': '0.00064814', 'PROCESSING_TIME_SERVICE17': '0.00063596', 'PROCESSING_TIME_SERVICE18': '0.00063485', 'PROCESSING_TIME_SERVICE19': '0.00062251', 'PROCESSING_TIME_SERVICE20': '0.0006121', 'PROCESSING_TIME_SERVICE21': '0.00060493', 'PROCESSING_TIME_SERVICE22': '0.00059362', 'PROCESSING_TIME_SERVICE23': '0.00058652', 'PROCESSING_TIME_SERVICE24': '0.00058578', 'PROCESSING_TIME_SERVICE25': '0.00055957', 'PROCESSING_TIME_SERVICE26': '0.00054507', 'PROCESSING_TIME_SERVICE27': '0.00050763', 'PROCESSING_TIME_SERVICE28': '0.00045135', 'PROCESSING_TIME_SERVICE29': '0.00044947', 'PROCESSING_TIME_SERVICE30': '0.00043772', 'PROCESSING_TIME_SERVICE31': '0.00040844', 'PROCESSING_TIME_SERVICE32': '0.00039446', 'PROCESSING_TIME_SERVICE33': '0.00037979', 'PROCESSING_TIME_SERVICE34': '0.00033094', 'PROCESSING_TIME_SERVICE35': '0.00032007', 'PROCESSING_TIME_SERVICE36': '0.00031273', 'PROCESSING_TIME_SERVICE37': '0.00027061', 'PROCESSING_TIME_SERVICE38': '0.00026683', 'PROCESSING_TIME_SERVICE39': '0.00023522', 'PROCESSING_TIME_SERVICE40': '0.00023345', 'PROCESSING_TIME_SERVICE41': '0.00015364', 'PROCESSING_TIME_SERVICE42': '9.551e-05', 'SLOWPOKE_DELAY_MICROS_SERVICE4': '0.0', 'SLOWPOKE_POKER_BATCH_THRESHOLD_SERVICE4': '100', 'SLOWPOKE_IS_TARGET_SERVICE_SERVICE4': 'true', 'SLOWPOKE_DELAY_MICROS_SERVICE0': '0.0', 'SLOWPOKE_POKER_BATCH_THRESHOLD_SERVICE0': '100', 'SLOWPOKE_IS_TARGET_SERVICE_SERVICE0': 'false', 'SLOWPOKE_DELAY_MICROS_SERVICE1': '0.0', 'SLOWPOKE_POKER_BATCH_THRESHOLD_SERVICE1': '100', 'SLOWPOKE_IS_TARGET_SERVICE_SERVICE1': 'false', 'SLOWPOKE_DELAY_MICROS_SERVICE2': '0.0', 'SLOWPOKE_POKER_BATCH_THRESHOLD_SERVICE2': '100', 'SLOWPOKE_IS_TARGET_SERVICE_SERVICE2': 'false', 'SLOWPOKE_DELAY_MICROS_SERVICE3': '0.0', 'SLOWPOKE_POKER_BATCH_THRESHOLD_SERVICE3': '100', 'SLOWPOKE_IS_TARGET_SERVICE_SERVICE3': 'false', 'SLOWPOKE_DELAY_MICROS_SERVICE5': '0.0', 'SLOWPOKE_POKER_BATCH_THRESHOLD_SERVICE5': '100', 'SLOWPOKE_IS_TARGET_SERVICE_SERVICE5': 'false', 'SLOWPOKE_DELAY_MICROS_SERVICE6': '0.0', 'SLOWPOKE_POKER_BATCH_THRESHOLD_SERVICE6': '100', 'SLOWPOKE_IS_TARGET_SERVICE_SERVICE6': 'false', 'SLOWPOKE_DELAY_MICROS_SERVICE7': '0.0', 'SLOWPOKE_POKER_BATCH_THRESHOLD_SERVICE7': '100', 'SLOWPOKE_IS_TARGET_SERVICE_SERVICE7': 'false', 'SLOWPOKE_DELAY_MICROS_SERVICE8': '0.0', 'SLOWPOKE_POKER_BATCH_THRESHOLD_SERVICE8': '100', 'SLOWPOKE_IS_TARGET_SERVICE_SERVICE8': 'false', 'SLOWPOKE_DELAY_MICROS_SERVICE9': '0.0', 'SLOWPOKE_POKER_BATCH_THRESHOLD_SERVICE9': '100', 'SLOWPOKE_IS_TARGET_SERVICE_SERVICE9': 'false', 'SLOWPOKE_DELAY_MICROS_SERVICE10': '0.0', 'SLOWPOKE_POKER_BATCH_THRESHOLD_SERVICE10': '100', 'SLOWPOKE_IS_TARGET_SERVICE_SERVICE10': 'false', 'SLOWPOKE_DELAY_MICROS_SERVICE11': '0.0', 'SLOWPOKE_POKER_BATCH_THRESHOLD_SERVICE11': '100', 'SLOWPOKE_IS_TARGET_SERVICE_SERVICE11': 'false', 'SLOWPOKE_DELAY_MICROS_SERVICE12': '0.0', 'SLOWPOKE_POKER_BATCH_THRESHOLD_SERVICE12': '100', 'SLOWPOKE_IS_TARGET_SERVICE_SERVICE12': 'false', 'SLOWPOKE_DELAY_MICROS_SERVICE13': '0.0', 'SLOWPOKE_POKER_BATCH_THRESHOLD_SERVICE13': '100', 'SLOWPOKE_IS_TARGET_SERVICE_SERVICE13': 'false', 'SLOWPOKE_DELAY_MICROS_SERVICE14': '0.0', 'SLOWPOKE_POKER_BATCH_THRESHOLD_SERVICE14': '100', 'SLOWPOKE_IS_TARGET_SERVICE_SERVICE14': 'false', 'SLOWPOKE_DELAY_MICROS_SERVICE15': '0.0', 'SLOWPOKE_POKER_BATCH_THRESHOLD_SERVICE15': '100', 'SLOWPOKE_IS_TARGET_SERVICE_SERVICE15': 'false', 'SLOWPOKE_DELAY_MICROS_SERVICE16': '0.0', 'SLOWPOKE_POKER_BATCH_THRESHOLD_SERVICE16': '100', 'SLOWPOKE_IS_TARGET_SERVICE_SERVICE16': 'false', 'SLOWPOKE_DELAY_MICROS_SERVICE17': '0.0', 'SLOWPOKE_POKER_BATCH_THRESHOLD_SERVICE17': '100', 'SLOWPOKE_IS_TARGET_SERVICE_SERVICE17': 'false', 'SLOWPOKE_DELAY_MICROS_SERVICE18': '0.0', 'SLOWPOKE_POKER_BATCH_THRESHOLD_SERVICE18': '100', 'SLOWPOKE_IS_TARGET_SERVICE_SERVICE18': 'false', 'SLOWPOKE_DELAY_MICROS_SERVICE19': '0.0', 'SLOWPOKE_POKER_BATCH_THRESHOLD_SERVICE19': '100', 'SLOWPOKE_IS_TARGET_SERVICE_SERVICE19': 'false', 'SLOWPOKE_DELAY_MICROS_SERVICE20': '0.0', 'SLOWPOKE_POKER_BATCH_THRESHOLD_SERVICE20': '100', 'SLOWPOKE_IS_TARGET_SERVICE_SERVICE20': 'false', 'SLOWPOKE_DELAY_MICROS_SERVICE21': '0.0', 'SLOWPOKE_POKER_BATCH_THRESHOLD_SERVICE21': '100', 'SLOWPOKE_IS_TARGET_SERVICE_SERVICE21': 'false', 'SLOWPOKE_DELAY_MICROS_SERVICE22': '0.0', 'SLOWPOKE_POKER_BATCH_THRESHOLD_SERVICE22': '100', 'SLOWPOKE_IS_TARGET_SERVICE_SERVICE22': 'false', 'SLOWPOKE_DELAY_MICROS_SERVICE23': '0.0', 'SLOWPOKE_POKER_BATCH_THRESHOLD_SERVICE23': '100', 'SLOWPOKE_IS_TARGET_SERVICE_SERVICE23': 'false', 'SLOWPOKE_DELAY_MICROS_SERVICE24': '0.0', 'SLOWPOKE_POKER_BATCH_THRESHOLD_SERVICE24': '100', 'SLOWPOKE_IS_TARGET_SERVICE_SERVICE24': 'false', 'SLOWPOKE_DELAY_MICROS_SERVICE25': '0.0', 'SLOWPOKE_POKER_BATCH_THRESHOLD_SERVICE25': '100', 'SLOWPOKE_IS_TARGET_SERVICE_SERVICE25': 'false', 'SLOWPOKE_DELAY_MICROS_SERVICE26': '0.0', 'SLOWPOKE_POKER_BATCH_THRESHOLD_SERVICE26': '100', 'SLOWPOKE_IS_TARGET_SERVICE_SERVICE26': 'false', 'SLOWPOKE_DELAY_MICROS_SERVICE27': '0.0', 'SLOWPOKE_POKER_BATCH_THRESHOLD_SERVICE27': '100', 'SLOWPOKE_IS_TARGET_SERVICE_SERVICE27': 'false', 'SLOWPOKE_DELAY_MICROS_SERVICE28': '0.0', 'SLOWPOKE_POKER_BATCH_THRESHOLD_SERVICE28': '100', 'SLOWPOKE_IS_TARGET_SERVICE_SERVICE28': 'false', 'SLOWPOKE_DELAY_MICROS_SERVICE29': '0.0', 'SLOWPOKE_POKER_BATCH_THRESHOLD_SERVICE29': '100', 'SLOWPOKE_IS_TARGET_SERVICE_SERVICE29': 'false', 'SLOWPOKE_DELAY_MICROS_SERVICE30': '0.0', 'SLOWPOKE_POKER_BATCH_THRESHOLD_SERVICE30': '100', 'SLOWPOKE_IS_TARGET_SERVICE_SERVICE30': 'false', 'SLOWPOKE_DELAY_MICROS_SERVICE31': '0.0', 'SLOWPOKE_POKER_BATCH_THRESHOLD_SERVICE31': '100', 'SLOWPOKE_IS_TARGET_SERVICE_SERVICE31': 'false', 'SLOWPOKE_DELAY_MICROS_SERVICE32': '0.0', 'SLOWPOKE_POKER_BATCH_THRESHOLD_SERVICE32': '100', 'SLOWPOKE_IS_TARGET_SERVICE_SERVICE32': 'false', 'SLOWPOKE_DELAY_MICROS_SERVICE33': '0.0', 'SLOWPOKE_POKER_BATCH_THRESHOLD_SERVICE33': '100', 'SLOWPOKE_IS_TARGET_SERVICE_SERVICE33': 'false', 'SLOWPOKE_DELAY_MICROS_SERVICE34': '0.0', 'SLOWPOKE_POKER_BATCH_THRESHOLD_SERVICE34': '100', 'SLOWPOKE_IS_TARGET_SERVICE_SERVICE34': 'false', 'SLOWPOKE_DELAY_MICROS_SERVICE35': '0.0', 'SLOWPOKE_POKER_BATCH_THRESHOLD_SERVICE35': '100', 'SLOWPOKE_IS_TARGET_SERVICE_SERVICE35': 'false', 'SLOWPOKE_DELAY_MICROS_SERVICE36': '0.0', 'SLOWPOKE_POKER_BATCH_THRESHOLD_SERVICE36': '100', 'SLOWPOKE_IS_TARGET_SERVICE_SERVICE36': 'false', 'SLOWPOKE_DELAY_MICROS_SERVICE37': '0.0', 'SLOWPOKE_POKER_BATCH_THRESHOLD_SERVICE37': '100', 'SLOWPOKE_IS_TARGET_SERVICE_SERVICE37': 'false', 'SLOWPOKE_DELAY_MICROS_SERVICE38': '0.0', 'SLOWPOKE_POKER_BATCH_THRESHOLD_SERVICE38': '100', 'SLOWPOKE_IS_TARGET_SERVICE_SERVICE38': 'false', 'SLOWPOKE_DELAY_MICROS_SERVICE39': '0.0', 'SLOWPOKE_POKER_BATCH_THRESHOLD_SERVICE39': '100', 'SLOWPOKE_IS_TARGET_SERVICE_SERVICE39': 'false', 'SLOWPOKE_DELAY_MICROS_SERVICE40': '0.0', 'SLOWPOKE_POKER_BATCH_THRESHOLD_SERVICE40': '100', 'SLOWPOKE_IS_TARGET_SERVICE_SERVICE40': 'false', 'SLOWPOKE_DELAY_MICROS_SERVICE41': '0.0', 'SLOWPOKE_POKER_BATCH_THRESHOLD_SERVICE41': '100', 'SLOWPOKE_IS_TARGET_SERVICE_SERVICE41': 'false', 'SLOWPOKE_DELAY_MICROS_SERVICE42': '0.0', 'SLOWPOKE_POKER_BATCH_THRESHOLD_SERVICE42': '100', 'SLOWPOKE_IS_TARGET_SERVICE_SERVICE42': 'false'}
    [exp] Executing cmd `bash run.sh synthetic large-scale 8 64 10000`:
        [run.sh] Running benchmark synthetic with request large-scale, thread 8, conn 64, duration 60
        [run.sh] Deleting all services
        configmap "config-service0" deleted
        deployment.apps "service0" deleted
        service "service0" deleted
        configmap "config-service1" deleted
        deployment.apps "service1" deleted
        service "service1" deleted
        configmap "config-service10" deleted
        deployment.apps "service10" deleted
        service "service10" deleted
        configmap "config-service11" deleted
        deployment.apps "service11" deleted
        service "service11" deleted
        configmap "config-service12" deleted
        deployment.apps "service12" deleted
        service "service12" deleted
        configmap "config-service13" deleted
        deployment.apps "service13" deleted
        service "service13" deleted
        configmap "config-service14" deleted
        deployment.apps "service14" deleted
        service "service14" deleted
        configmap "config-service15" deleted
        deployment.apps "service15" deleted
        service "service15" deleted
        configmap "config-service16" deleted
        deployment.apps "service16" deleted
        service "service16" deleted
        configmap "config-service17" deleted
        deployment.apps "service17" deleted
        service "service17" deleted
        configmap "config-service18" deleted
        deployment.apps "service18" deleted
        service "service18" deleted
        configmap "config-service19" deleted
        deployment.apps "service19" deleted
        service "service19" deleted
        configmap "config-service2" deleted
        deployment.apps "service2" deleted
        service "service2" deleted
        configmap "config-service20" deleted
        deployment.apps "service20" deleted
        service "service20" deleted
        configmap "config-service21" deleted
        deployment.apps "service21" deleted
        service "service21" deleted
        configmap "config-service22" deleted
        deployment.apps "service22" deleted
        service "service22" deleted
        configmap "config-service23" deleted
        deployment.apps "service23" deleted
        service "service23" deleted
        configmap "config-service24" deleted
        deployment.apps "service24" deleted
        service "service24" deleted
        configmap "config-service25" deleted
        deployment.apps "service25" deleted
        service "service25" deleted
        configmap "config-service26" deleted
        deployment.apps "service26" deleted
        service "service26" deleted
        configmap "config-service27" deleted
        deployment.apps "service27" deleted
        service "service27" deleted
        configmap "config-service28" deleted
        deployment.apps "service28" deleted
        service "service28" deleted
        configmap "config-service29" deleted
        deployment.apps "service29" deleted
        service "service29" deleted
        configmap "config-service3" deleted
        deployment.apps "service3" deleted
        service "service3" deleted
        configmap "config-service30" deleted
        deployment.apps "service30" deleted
        service "service30" deleted
        configmap "config-service31" deleted
        deployment.apps "service31" deleted
        service "service31" deleted
        configmap "config-service32" deleted
        deployment.apps "service32" deleted
        service "service32" deleted
        configmap "config-service33" deleted
        deployment.apps "service33" deleted
        service "service33" deleted
        configmap "config-service34" deleted
        deployment.apps "service34" deleted
        service "service34" deleted
        configmap "config-service35" deleted
        deployment.apps "service35" deleted
        service "service35" deleted
        configmap "config-service36" deleted
        deployment.apps "service36" deleted
        service "service36" deleted
        configmap "config-service37" deleted
        deployment.apps "service37" deleted
        service "service37" deleted
        configmap "config-service38" deleted
        deployment.apps "service38" deleted
        service "service38" deleted
        configmap "config-service39" deleted
        deployment.apps "service39" deleted
        service "service39" deleted
        configmap "config-service4" deleted
        deployment.apps "service4" deleted
        service "service4" deleted
        configmap "config-service40" deleted
        deployment.apps "service40" deleted
        service "service40" deleted
        configmap "config-service41" deleted
        deployment.apps "service41" deleted
        service "service41" deleted
        configmap "config-service42" deleted
        deployment.apps "service42" deleted
        service "service42" deleted
        configmap "config-service5" deleted
        deployment.apps "service5" deleted
        service "service5" deleted
        configmap "config-service6" deleted
        deployment.apps "service6" deleted
        service "service6" deleted
        configmap "config-service7" deleted
        deployment.apps "service7" deleted
        service "service7" deleted
        configmap "config-service8" deleted
        deployment.apps "service8" deleted
        service "service8" deleted
        configmap "config-service9" deleted
        deployment.apps "service9" deleted
        service "service9" deleted
        deployment.apps "ubuntu-client" deleted
        [run.sh] Waiting for all pods to be deleted
        [run.sh] Deploying all services
        configmap/config-service0 created
        deployment.apps/service0 created
        service/service0 created
        configmap/config-service1 created
        deployment.apps/service1 created
        service/service1 created
        configmap/config-service10 created
        deployment.apps/service10 created
        service/service10 created
        configmap/config-service11 created
        deployment.apps/service11 created
        service/service11 created
        configmap/config-service12 created
        deployment.apps/service12 created
        service/service12 created
        configmap/config-service13 created
        deployment.apps/service13 created
        service/service13 created
        configmap/config-service14 created
        deployment.apps/service14 created
        service/service14 created
        configmap/config-service15 created
        deployment.apps/service15 created
        service/service15 created
        configmap/config-service16 created
        deployment.apps/service16 created
        service/service16 created
        configmap/config-service17 created
        deployment.apps/service17 created
        service/service17 created
        configmap/config-service18 created
        deployment.apps/service18 created
        service/service18 created
        configmap/config-service19 created
        deployment.apps/service19 created
        service/service19 created
        configmap/config-service2 created
        deployment.apps/service2 created
        service/service2 created
        configmap/config-service20 created
        deployment.apps/service20 created
        service/service20 created
        configmap/config-service21 created
        deployment.apps/service21 created
        service/service21 created
        configmap/config-service22 created
        deployment.apps/service22 created
        service/service22 created
        configmap/config-service23 created
        deployment.apps/service23 created
        service/service23 created
        configmap/config-service24 created
        deployment.apps/service24 created
        service/service24 created
        configmap/config-service25 created
        deployment.apps/service25 created
        service/service25 created
        configmap/config-service26 created
        deployment.apps/service26 created
        service/service26 created
        configmap/config-service27 created
        deployment.apps/service27 created
        service/service27 created
        configmap/config-service28 created
        deployment.apps/service28 created
        service/service28 created
        configmap/config-service29 created
        deployment.apps/service29 created
        service/service29 created
        configmap/config-service3 created
        deployment.apps/service3 created
        service/service3 created
        configmap/config-service30 created
        deployment.apps/service30 created
        service/service30 created
        configmap/config-service31 created
        deployment.apps/service31 created
        service/service31 created
        configmap/config-service32 created
        deployment.apps/service32 created
        service/service32 created
        configmap/config-service33 created
        deployment.apps/service33 created
        service/service33 created
        configmap/config-service34 created
        deployment.apps/service34 created
        service/service34 created
        configmap/config-service35 created
        deployment.apps/service35 created
        service/service35 created
        configmap/config-service36 created
        deployment.apps/service36 created
        service/service36 created
        configmap/config-service37 created
        deployment.apps/service37 created
        service/service37 created
        configmap/config-service38 created
        deployment.apps/service38 created
        service/service38 created
        configmap/config-service39 created
        deployment.apps/service39 created
        service/service39 created
        configmap/config-service4 created
        deployment.apps/service4 created
        service/service4 created
        configmap/config-service40 created
        deployment.apps/service40 created
        service/service40 created
        configmap/config-service41 created
        deployment.apps/service41 created
        service/service41 created
        configmap/config-service42 created
        deployment.apps/service42 created
        service/service42 created
        configmap/config-service5 created
        deployment.apps/service5 created
        service/service5 created
        configmap/config-service6 created
        deployment.apps/service6 created
        service/service6 created
        configmap/config-service7 created
        deployment.apps/service7 created
        service/service7 created
        configmap/config-service8 created
        deployment.apps/service8 created
        service/service8 created
        configmap/config-service9 created
        deployment.apps/service9 created
        service/service9 created
        [run.sh] Client pod not found, deploying client
        deployment.apps/ubuntu-client created
        [run.sh] Waiting for all pods to be running
        [run.sh] All pods are running
        [run.sh] Running warmup test
        [run.sh] /wrk/wrk -t8 -c64 --timeout 10s -d10s -L http://service0:80/endpoint1
        Running 10s test @ http://service0:80/endpoint1
        8 threads and 64 connections
        Thread Stats   Avg      Stdev     Max   +/- Stdev
        Latency    75.02ms   36.24ms 318.25ms   77.84%
        Req/Sec   110.78     28.47   191.00     65.69%
        Latency Distribution
        50%   69.39ms
        75%   90.73ms
        90%  114.24ms
        99%  207.06ms
        8694 requests in 10.02s, 1.32MB read
        Requests/sec:    867.63
        Transfer/sec:    134.72KB
        [run.sh] Speed is 867.63, duration is 17
        [run.sh] Fix the request number.
        [run.sh] Running the actual test
        [run.sh] /wrk/wrk --timeout 20s -t8 -c64 -d17s -L -s /wrk/fix_req_n.lua http://service0:80/endpoint1
        Running 17s test @ http://service0:80/endpoint1
        8 threads and 64 connections
        Thread Stats   Avg      Stdev     Max   +/- Stdev
        Latency    73.02ms   30.46ms 264.78ms   70.31%
        Req/Sec   109.22     25.12   190.00     73.24%
        Latency Distribution
        50%   68.91ms
        75%   90.58ms
        90%  113.61ms
        99%  163.18ms
        10001 requests in 17.00s, 1.52MB read
        Requests/sec:    588.29
        Transfer/sec:     91.35KB
        ------------------------------
        stop time: 11.469642
        stop time: 11.445422
        stop time: 11.328851
        stop time: 11.447506
        stop time: 11.351618
        stop time: 11.488377
        stop time: 11.507546
        stop time: 11.411129
        [run.sh] Checking the resource usage
        NAME                             CPU(cores)   MEMORY(bytes)
        service0-69955d4677-k45bm        588m         29Mi
        service1-58c95cb96-prv4v         1669m        24Mi
        service10-9549b4cd-z27x2         847m         10Mi
        service11-b76846c44-fgfhz        700m         10Mi
        service12-8ddc6874b-lbqxt        661m         10Mi
        service13-6dc48cb75b-46ttx       673m         10Mi
        service14-6fdd479dcd-nz64p       771m         10Mi
        service15-6bc59bd7d4-9vjqz       574m         10Mi
        service16-7886b6b8d6-4g64w       706m         10Mi
        service17-7b5f6467b8-nbpdm       678m         10Mi
        service18-65595ccfd6-hss7z       619m         10Mi
        service19-55c65f57c6-4t65n       585m         10Mi
        service2-5d59c5bd5d-zqmpn        1520m        25Mi
        service20-58b86cfc4d-t6sh9       670m         10Mi
        service21-8d587d69d-j8qlh        670m         10Mi
        service22-55796dcf9b-wfq27       610m         11Mi
        service23-599c6478cd-b8v8h       638m         10Mi
        service24-655749d78d-6kxtv       531m         10Mi
        service25-656bf89c8b-5pjpz       595m         10Mi
        service26-5fcc5669d4-zqqtv       534m         11Mi
        service27-8687746986-8kmtx       410m         10Mi
        service28-6bbbb998d8-gzzlz       470m         10Mi
        service29-655dfdfd6b-xpbzx       514m         9Mi
        service3-564487d7d8-s9j6l        1511m        24Mi
        service30-6d966bbbcd-sm27l       456m         9Mi
        service31-9476bd9bd-4xzdd        465m         9Mi
        service32-64b88b58b-5sbbt        416m         9Mi
        service33-69bdf8b97b-2fmj9       438m         11Mi
        service34-9d9487db6-wgnwj        388m         10Mi
        service35-575bf5bbb8-pz9hg       378m         9Mi
        service36-765d6cd758-px44l       291m         9Mi
        service37-66f4568564-q8lzl       325m         9Mi
        service38-56fc9c9b7d-9k52s       372m         9Mi
        service39-5b478bd9b-sr8lm        355m         8Mi
        service4-6bfbd6d59c-fgzvq        608m         25Mi
        service40-7c5d878d8d-x698z       254m         9Mi
        service41-567cc54974-g8xqd       225m         8Mi
        service42-6c5db85bd-pfp8p        173m         10Mi
        service5-ffd8ccc6-ws5ql          1309m        25Mi
        service6-6b89db49b6-4k6d2        1481m        23Mi
        service7-845b5b8588-fqv9d        881m         10Mi
        service8-7c9f97fd46-9mqp8        860m         10Mi
        service9-7cb9cf658d-4rdds        835m         10Mi
        ubuntu-client-76886f6bbd-lzbjz   13m          5Mi
        [run.sh] Test finished with status 0
        > STDERR
        > No resources found in default namespace.
    [exp] Times: [11.469642, 11.445422, 11.328851, 11.447506, 11.351618, 11.488377, 11.507546, 11.411129]
    [exp] Throughput: 874.7940994394417
[test.py] Running 1th slowdown exp
    [exp] Running (pre_run: False) workload synthetic/large-scale request with the following configuration: {'CLIENT_CPU_QUOTA': '2', 'SLOWPOKE_POKER_BATCH_THRESHOLD': '20000000', 'PROCESSING_TIME_SERVICE4': '0.00234975', 'PROCESSING_TIME_SERVICE0': '0.00114823', 'PROCESSING_TIME_SERVICE1': '0.00112713', 'PROCESSING_TIME_SERVICE2': '0.00112567', 'PROCESSING_TIME_SERVICE3': '0.00108198', 'PROCESSING_TIME_SERVICE5': '0.00092397', 'PROCESSING_TIME_SERVICE6': '0.00091663', 'PROCESSING_TIME_SERVICE7': '0.0008445', 'PROCESSING_TIME_SERVICE8': '0.00082763', 'PROCESSING_TIME_SERVICE9': '0.00082746', 'PROCESSING_TIME_SERVICE10': '0.00081339', 'PROCESSING_TIME_SERVICE11': '0.00079052', 'PROCESSING_TIME_SERVICE12': '0.00076379', 'PROCESSING_TIME_SERVICE13': '0.00073892', 'PROCESSING_TIME_SERVICE14': '0.00071725', 'PROCESSING_TIME_SERVICE15': '0.0007103', 'PROCESSING_TIME_SERVICE16': '0.00064814', 'PROCESSING_TIME_SERVICE17': '0.00063596', 'PROCESSING_TIME_SERVICE18': '0.00063485', 'PROCESSING_TIME_SERVICE19': '0.00062251', 'PROCESSING_TIME_SERVICE20': '0.0006121', 'PROCESSING_TIME_SERVICE21': '0.00060493', 'PROCESSING_TIME_SERVICE22': '0.00059362', 'PROCESSING_TIME_SERVICE23': '0.00058652', 'PROCESSING_TIME_SERVICE24': '0.00058578', 'PROCESSING_TIME_SERVICE25': '0.00055957', 'PROCESSING_TIME_SERVICE26': '0.00054507', 'PROCESSING_TIME_SERVICE27': '0.00050763', 'PROCESSING_TIME_SERVICE28': '0.00045135', 'PROCESSING_TIME_SERVICE29': '0.00044947', 'PROCESSING_TIME_SERVICE30': '0.00043772', 'PROCESSING_TIME_SERVICE31': '0.00040844', 'PROCESSING_TIME_SERVICE32': '0.00039446', 'PROCESSING_TIME_SERVICE33': '0.00037979', 'PROCESSING_TIME_SERVICE34': '0.00033094', 'PROCESSING_TIME_SERVICE35': '0.00032007', 'PROCESSING_TIME_SERVICE36': '0.00031273', 'PROCESSING_TIME_SERVICE37': '0.00027061', 'PROCESSING_TIME_SERVICE38': '0.00026683', 'PROCESSING_TIME_SERVICE39': '0.00023522', 'PROCESSING_TIME_SERVICE40': '0.00023345', 'PROCESSING_TIME_SERVICE41': '0.00015364', 'PROCESSING_TIME_SERVICE42': '9.551e-05', 'SLOWPOKE_DELAY_MICROS_SERVICE4': '0.0', 'SLOWPOKE_POKER_BATCH_THRESHOLD_SERVICE4': '100', 'SLOWPOKE_IS_TARGET_SERVICE_SERVICE4': 'true', 'SLOWPOKE_DELAY_MICROS_SERVICE0': '587.5', 'SLOWPOKE_POKER_BATCH_THRESHOLD_SERVICE0': '100', 'SLOWPOKE_IS_TARGET_SERVICE_SERVICE0': 'false', 'SLOWPOKE_DELAY_MICROS_SERVICE1': '587.5', 'SLOWPOKE_POKER_BATCH_THRESHOLD_SERVICE1': '100', 'SLOWPOKE_IS_TARGET_SERVICE_SERVICE1': 'false', 'SLOWPOKE_DELAY_MICROS_SERVICE2': '587.5', 'SLOWPOKE_POKER_BATCH_THRESHOLD_SERVICE2': '100', 'SLOWPOKE_IS_TARGET_SERVICE_SERVICE2': 'false', 'SLOWPOKE_DELAY_MICROS_SERVICE3': '587.5', 'SLOWPOKE_POKER_BATCH_THRESHOLD_SERVICE3': '100', 'SLOWPOKE_IS_TARGET_SERVICE_SERVICE3': 'false', 'SLOWPOKE_DELAY_MICROS_SERVICE5': '587.5', 'SLOWPOKE_POKER_BATCH_THRESHOLD_SERVICE5': '100', 'SLOWPOKE_IS_TARGET_SERVICE_SERVICE5': 'false', 'SLOWPOKE_DELAY_MICROS_SERVICE6': '587.5', 'SLOWPOKE_POKER_BATCH_THRESHOLD_SERVICE6': '100', 'SLOWPOKE_IS_TARGET_SERVICE_SERVICE6': 'false', 'SLOWPOKE_DELAY_MICROS_SERVICE7': '587.5', 'SLOWPOKE_POKER_BATCH_THRESHOLD_SERVICE7': '100', 'SLOWPOKE_IS_TARGET_SERVICE_SERVICE7': 'false', 'SLOWPOKE_DELAY_MICROS_SERVICE8': '587.5', 'SLOWPOKE_POKER_BATCH_THRESHOLD_SERVICE8': '100', 'SLOWPOKE_IS_TARGET_SERVICE_SERVICE8': 'false', 'SLOWPOKE_DELAY_MICROS_SERVICE9': '587.5', 'SLOWPOKE_POKER_BATCH_THRESHOLD_SERVICE9': '100', 'SLOWPOKE_IS_TARGET_SERVICE_SERVICE9': 'false', 'SLOWPOKE_DELAY_MICROS_SERVICE10': '587.5', 'SLOWPOKE_POKER_BATCH_THRESHOLD_SERVICE10': '100', 'SLOWPOKE_IS_TARGET_SERVICE_SERVICE10': 'false', 'SLOWPOKE_DELAY_MICROS_SERVICE11': '587.5', 'SLOWPOKE_POKER_BATCH_THRESHOLD_SERVICE11': '100', 'SLOWPOKE_IS_TARGET_SERVICE_SERVICE11': 'false', 'SLOWPOKE_DELAY_MICROS_SERVICE12': '587.5', 'SLOWPOKE_POKER_BATCH_THRESHOLD_SERVICE12': '100', 'SLOWPOKE_IS_TARGET_SERVICE_SERVICE12': 'false', 'SLOWPOKE_DELAY_MICROS_SERVICE13': '587.5', 'SLOWPOKE_POKER_BATCH_THRESHOLD_SERVICE13': '100', 'SLOWPOKE_IS_TARGET_SERVICE_SERVICE13': 'false', 'SLOWPOKE_DELAY_MICROS_SERVICE14': '587.5', 'SLOWPOKE_POKER_BATCH_THRESHOLD_SERVICE14': '100', 'SLOWPOKE_IS_TARGET_SERVICE_SERVICE14': 'false', 'SLOWPOKE_DELAY_MICROS_SERVICE15': '587.5', 'SLOWPOKE_POKER_BATCH_THRESHOLD_SERVICE15': '100', 'SLOWPOKE_IS_TARGET_SERVICE_SERVICE15': 'false', 'SLOWPOKE_DELAY_MICROS_SERVICE16': '587.5', 'SLOWPOKE_POKER_BATCH_THRESHOLD_SERVICE16': '100', 'SLOWPOKE_IS_TARGET_SERVICE_SERVICE16': 'false', 'SLOWPOKE_DELAY_MICROS_SERVICE17': '587.5', 'SLOWPOKE_POKER_BATCH_THRESHOLD_SERVICE17': '100', 'SLOWPOKE_IS_TARGET_SERVICE_SERVICE17': 'false', 'SLOWPOKE_DELAY_MICROS_SERVICE18': '587.5', 'SLOWPOKE_POKER_BATCH_THRESHOLD_SERVICE18': '100', 'SLOWPOKE_IS_TARGET_SERVICE_SERVICE18': 'false', 'SLOWPOKE_DELAY_MICROS_SERVICE19': '587.5', 'SLOWPOKE_POKER_BATCH_THRESHOLD_SERVICE19': '100', 'SLOWPOKE_IS_TARGET_SERVICE_SERVICE19': 'false', 'SLOWPOKE_DELAY_MICROS_SERVICE20': '587.5', 'SLOWPOKE_POKER_BATCH_THRESHOLD_SERVICE20': '100', 'SLOWPOKE_IS_TARGET_SERVICE_SERVICE20': 'false', 'SLOWPOKE_DELAY_MICROS_SERVICE21': '587.5', 'SLOWPOKE_POKER_BATCH_THRESHOLD_SERVICE21': '100', 'SLOWPOKE_IS_TARGET_SERVICE_SERVICE21': 'false', 'SLOWPOKE_DELAY_MICROS_SERVICE22': '587.5', 'SLOWPOKE_POKER_BATCH_THRESHOLD_SERVICE22': '100', 'SLOWPOKE_IS_TARGET_SERVICE_SERVICE22': 'false', 'SLOWPOKE_DELAY_MICROS_SERVICE23': '587.5', 'SLOWPOKE_POKER_BATCH_THRESHOLD_SERVICE23': '100', 'SLOWPOKE_IS_TARGET_SERVICE_SERVICE23': 'false', 'SLOWPOKE_DELAY_MICROS_SERVICE24': '587.5', 'SLOWPOKE_POKER_BATCH_THRESHOLD_SERVICE24': '100', 'SLOWPOKE_IS_TARGET_SERVICE_SERVICE24': 'false', 'SLOWPOKE_DELAY_MICROS_SERVICE25': '587.5', 'SLOWPOKE_POKER_BATCH_THRESHOLD_SERVICE25': '100', 'SLOWPOKE_IS_TARGET_SERVICE_SERVICE25': 'false', 'SLOWPOKE_DELAY_MICROS_SERVICE26': '587.5', 'SLOWPOKE_POKER_BATCH_THRESHOLD_SERVICE26': '100', 'SLOWPOKE_IS_TARGET_SERVICE_SERVICE26': 'false', 'SLOWPOKE_DELAY_MICROS_SERVICE27': '587.5', 'SLOWPOKE_POKER_BATCH_THRESHOLD_SERVICE27': '100', 'SLOWPOKE_IS_TARGET_SERVICE_SERVICE27': 'false', 'SLOWPOKE_DELAY_MICROS_SERVICE28': '587.5', 'SLOWPOKE_POKER_BATCH_THRESHOLD_SERVICE28': '100', 'SLOWPOKE_IS_TARGET_SERVICE_SERVICE28': 'false', 'SLOWPOKE_DELAY_MICROS_SERVICE29': '587.5', 'SLOWPOKE_POKER_BATCH_THRESHOLD_SERVICE29': '100', 'SLOWPOKE_IS_TARGET_SERVICE_SERVICE29': 'false', 'SLOWPOKE_DELAY_MICROS_SERVICE30': '587.5', 'SLOWPOKE_POKER_BATCH_THRESHOLD_SERVICE30': '100', 'SLOWPOKE_IS_TARGET_SERVICE_SERVICE30': 'false', 'SLOWPOKE_DELAY_MICROS_SERVICE31': '587.5', 'SLOWPOKE_POKER_BATCH_THRESHOLD_SERVICE31': '100', 'SLOWPOKE_IS_TARGET_SERVICE_SERVICE31': 'false', 'SLOWPOKE_DELAY_MICROS_SERVICE32': '587.5', 'SLOWPOKE_POKER_BATCH_THRESHOLD_SERVICE32': '100', 'SLOWPOKE_IS_TARGET_SERVICE_SERVICE32': 'false', 'SLOWPOKE_DELAY_MICROS_SERVICE33': '587.5', 'SLOWPOKE_POKER_BATCH_THRESHOLD_SERVICE33': '100', 'SLOWPOKE_IS_TARGET_SERVICE_SERVICE33': 'false', 'SLOWPOKE_DELAY_MICROS_SERVICE34': '587.5', 'SLOWPOKE_POKER_BATCH_THRESHOLD_SERVICE34': '100', 'SLOWPOKE_IS_TARGET_SERVICE_SERVICE34': 'false', 'SLOWPOKE_DELAY_MICROS_SERVICE35': '587.5', 'SLOWPOKE_POKER_BATCH_THRESHOLD_SERVICE35': '100', 'SLOWPOKE_IS_TARGET_SERVICE_SERVICE35': 'false', 'SLOWPOKE_DELAY_MICROS_SERVICE36': '587.5', 'SLOWPOKE_POKER_BATCH_THRESHOLD_SERVICE36': '100', 'SLOWPOKE_IS_TARGET_SERVICE_SERVICE36': 'false', 'SLOWPOKE_DELAY_MICROS_SERVICE37': '587.5', 'SLOWPOKE_POKER_BATCH_THRESHOLD_SERVICE37': '100', 'SLOWPOKE_IS_TARGET_SERVICE_SERVICE37': 'false', 'SLOWPOKE_DELAY_MICROS_SERVICE38': '587.5', 'SLOWPOKE_POKER_BATCH_THRESHOLD_SERVICE38': '100', 'SLOWPOKE_IS_TARGET_SERVICE_SERVICE38': 'false', 'SLOWPOKE_DELAY_MICROS_SERVICE39': '587.5', 'SLOWPOKE_POKER_BATCH_THRESHOLD_SERVICE39': '100', 'SLOWPOKE_IS_TARGET_SERVICE_SERVICE39': 'false', 'SLOWPOKE_DELAY_MICROS_SERVICE40': '587.5', 'SLOWPOKE_POKER_BATCH_THRESHOLD_SERVICE40': '100', 'SLOWPOKE_IS_TARGET_SERVICE_SERVICE40': 'false', 'SLOWPOKE_DELAY_MICROS_SERVICE41': '587.5', 'SLOWPOKE_POKER_BATCH_THRESHOLD_SERVICE41': '100', 'SLOWPOKE_IS_TARGET_SERVICE_SERVICE41': 'false', 'SLOWPOKE_DELAY_MICROS_SERVICE42': '587.5', 'SLOWPOKE_POKER_BATCH_THRESHOLD_SERVICE42': '100', 'SLOWPOKE_IS_TARGET_SERVICE_SERVICE42': 'false'}
    [exp] Executing cmd `bash run.sh synthetic large-scale 8 64 10000`:
        [run.sh] Running benchmark synthetic with request large-scale, thread 8, conn 64, duration 60
        [run.sh] Deleting all services
        configmap "config-service0" deleted
        deployment.apps "service0" deleted
        service "service0" deleted
        configmap "config-service1" deleted
        deployment.apps "service1" deleted
        service "service1" deleted
        configmap "config-service10" deleted
        deployment.apps "service10" deleted
        service "service10" deleted
        configmap "config-service11" deleted
        deployment.apps "service11" deleted
        service "service11" deleted
        configmap "config-service12" deleted
        deployment.apps "service12" deleted
        service "service12" deleted
        configmap "config-service13" deleted
        deployment.apps "service13" deleted
        service "service13" deleted
        configmap "config-service14" deleted
        deployment.apps "service14" deleted
        service "service14" deleted
        configmap "config-service15" deleted
        deployment.apps "service15" deleted
        service "service15" deleted
        configmap "config-service16" deleted
        deployment.apps "service16" deleted
        service "service16" deleted
        configmap "config-service17" deleted
        deployment.apps "service17" deleted
        service "service17" deleted
        configmap "config-service18" deleted
        deployment.apps "service18" deleted
        service "service18" deleted
        configmap "config-service19" deleted
        deployment.apps "service19" deleted
        service "service19" deleted
        configmap "config-service2" deleted
        deployment.apps "service2" deleted
        service "service2" deleted
        configmap "config-service20" deleted
        deployment.apps "service20" deleted
        service "service20" deleted
        configmap "config-service21" deleted
        deployment.apps "service21" deleted
        service "service21" deleted
        configmap "config-service22" deleted
        deployment.apps "service22" deleted
        service "service22" deleted
        configmap "config-service23" deleted
        deployment.apps "service23" deleted
        service "service23" deleted
        configmap "config-service24" deleted
        deployment.apps "service24" deleted
        service "service24" deleted
        configmap "config-service25" deleted
        deployment.apps "service25" deleted
        service "service25" deleted
        configmap "config-service26" deleted
        deployment.apps "service26" deleted
        service "service26" deleted
        configmap "config-service27" deleted
        deployment.apps "service27" deleted
        service "service27" deleted
        configmap "config-service28" deleted
        deployment.apps "service28" deleted
        service "service28" deleted
        configmap "config-service29" deleted
        deployment.apps "service29" deleted
        service "service29" deleted
        configmap "config-service3" deleted
        deployment.apps "service3" deleted
        service "service3" deleted
        configmap "config-service30" deleted
        deployment.apps "service30" deleted
        service "service30" deleted
        configmap "config-service31" deleted
        deployment.apps "service31" deleted
        service "service31" deleted
        configmap "config-service32" deleted
        deployment.apps "service32" deleted
        service "service32" deleted
        configmap "config-service33" deleted
        deployment.apps "service33" deleted
        service "service33" deleted
        configmap "config-service34" deleted
        deployment.apps "service34" deleted
        service "service34" deleted
        configmap "config-service35" deleted
        deployment.apps "service35" deleted
        service "service35" deleted
        configmap "config-service36" deleted
        deployment.apps "service36" deleted
        service "service36" deleted
        configmap "config-service37" deleted
        deployment.apps "service37" deleted
        service "service37" deleted
        configmap "config-service38" deleted
        deployment.apps "service38" deleted
        service "service38" deleted
        configmap "config-service39" deleted
        deployment.apps "service39" deleted
        service "service39" deleted
        configmap "config-service4" deleted
        deployment.apps "service4" deleted
        service "service4" deleted
        configmap "config-service40" deleted
        deployment.apps "service40" deleted
        service "service40" deleted
        configmap "config-service41" deleted
        deployment.apps "service41" deleted
        service "service41" deleted
        configmap "config-service42" deleted
        deployment.apps "service42" deleted
        service "service42" deleted
        configmap "config-service5" deleted
        deployment.apps "service5" deleted
        service "service5" deleted
        configmap "config-service6" deleted
        deployment.apps "service6" deleted
        service "service6" deleted
        configmap "config-service7" deleted
        deployment.apps "service7" deleted
        service "service7" deleted
        configmap "config-service8" deleted
        deployment.apps "service8" deleted
        service "service8" deleted
        configmap "config-service9" deleted
        deployment.apps "service9" deleted
        service "service9" deleted
        deployment.apps "ubuntu-client" deleted
        [run.sh] Waiting for all pods to be deleted
        [run.sh] Deploying all services
        configmap/config-service0 created
        deployment.apps/service0 created
        service/service0 created
        configmap/config-service1 created
        deployment.apps/service1 created
        service/service1 created
        configmap/config-service10 created
        deployment.apps/service10 created
        service/service10 created
        configmap/config-service11 created
        deployment.apps/service11 created
        service/service11 created
        configmap/config-service12 created
        deployment.apps/service12 created
        service/service12 created
        configmap/config-service13 created
        deployment.apps/service13 created
        service/service13 created
        configmap/config-service14 created
        deployment.apps/service14 created
        service/service14 created
        configmap/config-service15 created
        deployment.apps/service15 created
        service/service15 created
        configmap/config-service16 created
        deployment.apps/service16 created
        service/service16 created
        configmap/config-service17 created
        deployment.apps/service17 created
        service/service17 created
        configmap/config-service18 created
        deployment.apps/service18 created
        service/service18 created
        configmap/config-service19 created
        deployment.apps/service19 created
        service/service19 created
        configmap/config-service2 created
        deployment.apps/service2 created
        service/service2 created
        configmap/config-service20 created
        deployment.apps/service20 created
        service/service20 created
        configmap/config-service21 created
        deployment.apps/service21 created
        service/service21 created
        configmap/config-service22 created
        deployment.apps/service22 created
        service/service22 created
        configmap/config-service23 created
        deployment.apps/service23 created
        service/service23 created
        configmap/config-service24 created
        deployment.apps/service24 created
        service/service24 created
        configmap/config-service25 created
        deployment.apps/service25 created
        service/service25 created
        configmap/config-service26 created
        deployment.apps/service26 created
        service/service26 created
        configmap/config-service27 created
        deployment.apps/service27 created
        service/service27 created
        configmap/config-service28 created
        deployment.apps/service28 created
        service/service28 created
        configmap/config-service29 created
        deployment.apps/service29 created
        service/service29 created
        configmap/config-service3 created
        deployment.apps/service3 created
        service/service3 created
        configmap/config-service30 created
        deployment.apps/service30 created
        service/service30 created
        configmap/config-service31 created
        deployment.apps/service31 created
        service/service31 created
        configmap/config-service32 created
        deployment.apps/service32 created
        service/service32 created
        configmap/config-service33 created
        deployment.apps/service33 created
        service/service33 created
        configmap/config-service34 created
        deployment.apps/service34 created
        service/service34 created
        configmap/config-service35 created
        deployment.apps/service35 created
        service/service35 created
        configmap/config-service36 created
        deployment.apps/service36 created
        service/service36 created
        configmap/config-service37 created
        deployment.apps/service37 created
        service/service37 created
        configmap/config-service38 created
        deployment.apps/service38 created
        service/service38 created
        configmap/config-service39 created
        deployment.apps/service39 created
        service/service39 created
        configmap/config-service4 created
        deployment.apps/service4 created
        service/service4 created
        configmap/config-service40 created
        deployment.apps/service40 created
        service/service40 created
        configmap/config-service41 created
        deployment.apps/service41 created
        service/service41 created
        configmap/config-service42 created
        deployment.apps/service42 created
        service/service42 created
        configmap/config-service5 created
        deployment.apps/service5 created
        service/service5 created
        configmap/config-service6 created
        deployment.apps/service6 created
        service/service6 created
        configmap/config-service7 created
        deployment.apps/service7 created
        service/service7 created
        configmap/config-service8 created
        deployment.apps/service8 created
        service/service8 created
        configmap/config-service9 created
        deployment.apps/service9 created
        service/service9 created
        [run.sh] Client pod not found, deploying client
        deployment.apps/ubuntu-client created
        [run.sh] Waiting for all pods to be running
        [run.sh] All pods are running
        [run.sh] Running warmup test
        [run.sh] /wrk/wrk -t8 -c64 --timeout 10s -d10s -L http://service0:80/endpoint1
        Running 10s test @ http://service0:80/endpoint1
        8 threads and 64 connections
        Thread Stats   Avg      Stdev     Max   +/- Stdev
        Latency   125.26ms   60.29ms 494.84ms   70.98%
        Req/Sec    66.13     31.13   141.00     61.84%
        Latency Distribution
        50%  123.24ms
        75%  161.24ms
        90%  191.31ms
        99%  320.78ms
        5170 requests in 10.02s, 802.76KB read
        Requests/sec:    516.05
        Transfer/sec:     80.13KB
        [run.sh] Speed is 516.05, duration is 29
        [run.sh] Fix the request number.
        [run.sh] Running the actual test
        [run.sh] /wrk/wrk --timeout 20s -t8 -c64 -d29s -L -s /wrk/fix_req_n.lua http://service0:80/endpoint1
        [run.sh] Checking the resource usage
        NAME                             CPU(cores)   MEMORY(bytes)
        service0-66996878bd-cpqrt        27m          32Mi
        service1-79bb7574c9-wm2ms        874m         28Mi
        service10-59c94c67f7-xdcbk       392m         10Mi
        service11-56bd75dcf9-bqkcp       257m         10Mi
        service12-c776c74c7-p7dn2        229m         10Mi
        service13-74f596d4cf-r5h44       250m         9Mi
        service14-7d46b6565c-hsvtj       326m         9Mi
        service15-6b94f9b6f5-4czmh       190m         9Mi
        service16-67f7757c7c-xrbrj       301m         9Mi
        service17-56fd4556f9-ztlwn       273m         10Mi
        service18-5f9554fc-s6wcx         234m         9Mi
        service19-5d5b47777f-rxt7q       212m         9Mi
        service2-86d47bdc9c-k2g62        956m         23Mi
        service20-67b9484499-rfg5k       273m         8Mi
        service21-65c74c645c-fpzm7       285m         8Mi
        service22-8f76476bc-9ksxq        240m         10Mi
        service23-849745f45c-t8mmx       260m         10Mi
        service24-868d99d99f-pptqh       184m         9Mi
        service25-7f9777f949-bl9fj       229m         10Mi
        service26-6c6769bd79-d27ch       193m         11Mi
        service27-86f5849c97-6hx7b       118m         11Mi
        service28-559655f6dc-jnzwd       169m         11Mi
        service29-7d5fd7984f-wrlrk       201m         11Mi
        service3-54c7d8f859-8qh57        960m         23Mi
        service30-c4b8489df-j8bnn        163m         11Mi
        service31-7c8ff8d65f-6wgck       183m         8Mi
        service32-7975ccd6d9-nt7gm       154m         8Mi
        service33-67845dfc9-wfx6m        172m         9Mi
        service34-666768f9fc-c8dtc       146m         9Mi
        service35-7cf575c4c9-8vdrj       144m         8Mi
        service36-67c659b649-fdd9r       90m          9Mi
        service37-86d49446dc-pb49x       119m         8Mi
        service38-5fdb9bf657-gvpmg       148m         8Mi
        service39-76fbb4494c-8nf5z       147m         9Mi
        service4-6bfbd6d59c-8ppfk        31m          30Mi
        service40-5dbd4686b7-4rgr5       82m          9Mi
        service41-5558f8d6f7-kxcgr       79m          9Mi
        service42-756c94cccf-z5txt       59m          9Mi
        service5-776d86b4ff-klcxp        1m           20Mi
        service6-8c5776489-5r7fv         848m         23Mi
        service7-587dc78955-fqhfd        420m         10Mi
        service8-6887d9846f-lx79c        394m         10Mi
        service9-6c7ddbf855-nzdzg        340m         10Mi
        ubuntu-client-76886f6bbd-hxsmq   2m           4Mi
        Running 29s test @ http://service0:80/endpoint1
        8 threads and 64 connections
        Thread Stats   Avg      Stdev     Max   +/- Stdev
        Latency   118.09ms   52.28ms 335.74ms   61.59%
        Req/Sec    67.83     31.62   141.00     58.84%
        Latency Distribution
        50%  121.88ms
        75%  157.28ms
        90%  184.41ms
        99%  231.82ms
        10000 requests in 29.00s, 1.52MB read
        Requests/sec:    344.83
        Transfer/sec:     53.54KB
        ------------------------------
        stop time: 18.414152
        stop time: 18.412489
        stop time: 18.604590
        stop time: 18.650231
        stop time: 18.498520
        stop time: 18.614893
        stop time: 18.193951
        stop time: 18.629520
        [run.sh] Test finished with status 0
        > STDERR
        > No resources found in default namespace.
    [exp] Times: [18.414152, 18.412489, 18.60459, 18.650231, 18.49852, 18.614893, 18.193951, 18.62952]
    [exp] Throughput: 540.4735437322073
[test.py] Finished running 1th optmization experiment: groundtruth->874.7940994394417, slowdown->540.4735437322073, predicted->792.1706134289989, err->-9.444906642990276
[test.py] Baseline throughput:  615.7646985130983
[test.py] Groundtruth:  [893.7740592804582, 874.7940994394417]
[test.py] Slowdown:  [412.18583524098517, 540.4735437322073]
[test.py] Predicted:  [799.2230512951444, 792.1706134289989]
[test.py] Error percentage:  [-10.578848983537638, -9.444906642990276]
[test.py] >>>>>>>>>>>>>>>>>>>>>>>>>>>>> Running experiment 2...
[test.py] Actual processing time range: [0, 1174]
[test.py] Running baseline experiment
    [exp] Running (pre_run: False) workload synthetic/large-scale request with the following configuration: {'CLIENT_CPU_QUOTA': '2', 'SLOWPOKE_POKER_BATCH_THRESHOLD': '20000000', 'PROCESSING_TIME_SERVICE4': '0.00234975', 'PROCESSING_TIME_SERVICE0': '0.00114823', 'PROCESSING_TIME_SERVICE1': '0.00112713', 'PROCESSING_TIME_SERVICE2': '0.00112567', 'PROCESSING_TIME_SERVICE3': '0.00108198', 'PROCESSING_TIME_SERVICE5': '0.00092397', 'PROCESSING_TIME_SERVICE6': '0.00091663', 'PROCESSING_TIME_SERVICE7': '0.0008445', 'PROCESSING_TIME_SERVICE8': '0.00082763', 'PROCESSING_TIME_SERVICE9': '0.00082746', 'PROCESSING_TIME_SERVICE10': '0.00081339', 'PROCESSING_TIME_SERVICE11': '0.00079052', 'PROCESSING_TIME_SERVICE12': '0.00076379', 'PROCESSING_TIME_SERVICE13': '0.00073892', 'PROCESSING_TIME_SERVICE14': '0.00071725', 'PROCESSING_TIME_SERVICE15': '0.0007103', 'PROCESSING_TIME_SERVICE16': '0.00064814', 'PROCESSING_TIME_SERVICE17': '0.00063596', 'PROCESSING_TIME_SERVICE18': '0.00063485', 'PROCESSING_TIME_SERVICE19': '0.00062251', 'PROCESSING_TIME_SERVICE20': '0.0006121', 'PROCESSING_TIME_SERVICE21': '0.00060493', 'PROCESSING_TIME_SERVICE22': '0.00059362', 'PROCESSING_TIME_SERVICE23': '0.00058652', 'PROCESSING_TIME_SERVICE24': '0.00058578', 'PROCESSING_TIME_SERVICE25': '0.00055957', 'PROCESSING_TIME_SERVICE26': '0.00054507', 'PROCESSING_TIME_SERVICE27': '0.00050763', 'PROCESSING_TIME_SERVICE28': '0.00045135', 'PROCESSING_TIME_SERVICE29': '0.00044947', 'PROCESSING_TIME_SERVICE30': '0.00043772', 'PROCESSING_TIME_SERVICE31': '0.00040844', 'PROCESSING_TIME_SERVICE32': '0.00039446', 'PROCESSING_TIME_SERVICE33': '0.00037979', 'PROCESSING_TIME_SERVICE34': '0.00033094', 'PROCESSING_TIME_SERVICE35': '0.00032007', 'PROCESSING_TIME_SERVICE36': '0.00031273', 'PROCESSING_TIME_SERVICE37': '0.00027061', 'PROCESSING_TIME_SERVICE38': '0.00026683', 'PROCESSING_TIME_SERVICE39': '0.00023522', 'PROCESSING_TIME_SERVICE40': '0.00023345', 'PROCESSING_TIME_SERVICE41': '0.00015364', 'PROCESSING_TIME_SERVICE42': '9.551e-05', 'SLOWPOKE_DELAY_MICROS_SERVICE4': '0.0', 'SLOWPOKE_POKER_BATCH_THRESHOLD_SERVICE4': '100', 'SLOWPOKE_IS_TARGET_SERVICE_SERVICE4': 'true', 'SLOWPOKE_DELAY_MICROS_SERVICE0': '0.0', 'SLOWPOKE_POKER_BATCH_THRESHOLD_SERVICE0': '100', 'SLOWPOKE_IS_TARGET_SERVICE_SERVICE0': 'false', 'SLOWPOKE_DELAY_MICROS_SERVICE1': '0.0', 'SLOWPOKE_POKER_BATCH_THRESHOLD_SERVICE1': '100', 'SLOWPOKE_IS_TARGET_SERVICE_SERVICE1': 'false', 'SLOWPOKE_DELAY_MICROS_SERVICE2': '0.0', 'SLOWPOKE_POKER_BATCH_THRESHOLD_SERVICE2': '100', 'SLOWPOKE_IS_TARGET_SERVICE_SERVICE2': 'false', 'SLOWPOKE_DELAY_MICROS_SERVICE3': '0.0', 'SLOWPOKE_POKER_BATCH_THRESHOLD_SERVICE3': '100', 'SLOWPOKE_IS_TARGET_SERVICE_SERVICE3': 'false', 'SLOWPOKE_DELAY_MICROS_SERVICE5': '0.0', 'SLOWPOKE_POKER_BATCH_THRESHOLD_SERVICE5': '100', 'SLOWPOKE_IS_TARGET_SERVICE_SERVICE5': 'false', 'SLOWPOKE_DELAY_MICROS_SERVICE6': '0.0', 'SLOWPOKE_POKER_BATCH_THRESHOLD_SERVICE6': '100', 'SLOWPOKE_IS_TARGET_SERVICE_SERVICE6': 'false', 'SLOWPOKE_DELAY_MICROS_SERVICE7': '0.0', 'SLOWPOKE_POKER_BATCH_THRESHOLD_SERVICE7': '100', 'SLOWPOKE_IS_TARGET_SERVICE_SERVICE7': 'false', 'SLOWPOKE_DELAY_MICROS_SERVICE8': '0.0', 'SLOWPOKE_POKER_BATCH_THRESHOLD_SERVICE8': '100', 'SLOWPOKE_IS_TARGET_SERVICE_SERVICE8': 'false', 'SLOWPOKE_DELAY_MICROS_SERVICE9': '0.0', 'SLOWPOKE_POKER_BATCH_THRESHOLD_SERVICE9': '100', 'SLOWPOKE_IS_TARGET_SERVICE_SERVICE9': 'false', 'SLOWPOKE_DELAY_MICROS_SERVICE10': '0.0', 'SLOWPOKE_POKER_BATCH_THRESHOLD_SERVICE10': '100', 'SLOWPOKE_IS_TARGET_SERVICE_SERVICE10': 'false', 'SLOWPOKE_DELAY_MICROS_SERVICE11': '0.0', 'SLOWPOKE_POKER_BATCH_THRESHOLD_SERVICE11': '100', 'SLOWPOKE_IS_TARGET_SERVICE_SERVICE11': 'false', 'SLOWPOKE_DELAY_MICROS_SERVICE12': '0.0', 'SLOWPOKE_POKER_BATCH_THRESHOLD_SERVICE12': '100', 'SLOWPOKE_IS_TARGET_SERVICE_SERVICE12': 'false', 'SLOWPOKE_DELAY_MICROS_SERVICE13': '0.0', 'SLOWPOKE_POKER_BATCH_THRESHOLD_SERVICE13': '100', 'SLOWPOKE_IS_TARGET_SERVICE_SERVICE13': 'false', 'SLOWPOKE_DELAY_MICROS_SERVICE14': '0.0', 'SLOWPOKE_POKER_BATCH_THRESHOLD_SERVICE14': '100', 'SLOWPOKE_IS_TARGET_SERVICE_SERVICE14': 'false', 'SLOWPOKE_DELAY_MICROS_SERVICE15': '0.0', 'SLOWPOKE_POKER_BATCH_THRESHOLD_SERVICE15': '100', 'SLOWPOKE_IS_TARGET_SERVICE_SERVICE15': 'false', 'SLOWPOKE_DELAY_MICROS_SERVICE16': '0.0', 'SLOWPOKE_POKER_BATCH_THRESHOLD_SERVICE16': '100', 'SLOWPOKE_IS_TARGET_SERVICE_SERVICE16': 'false', 'SLOWPOKE_DELAY_MICROS_SERVICE17': '0.0', 'SLOWPOKE_POKER_BATCH_THRESHOLD_SERVICE17': '100', 'SLOWPOKE_IS_TARGET_SERVICE_SERVICE17': 'false', 'SLOWPOKE_DELAY_MICROS_SERVICE18': '0.0', 'SLOWPOKE_POKER_BATCH_THRESHOLD_SERVICE18': '100', 'SLOWPOKE_IS_TARGET_SERVICE_SERVICE18': 'false', 'SLOWPOKE_DELAY_MICROS_SERVICE19': '0.0', 'SLOWPOKE_POKER_BATCH_THRESHOLD_SERVICE19': '100', 'SLOWPOKE_IS_TARGET_SERVICE_SERVICE19': 'false', 'SLOWPOKE_DELAY_MICROS_SERVICE20': '0.0', 'SLOWPOKE_POKER_BATCH_THRESHOLD_SERVICE20': '100', 'SLOWPOKE_IS_TARGET_SERVICE_SERVICE20': 'false', 'SLOWPOKE_DELAY_MICROS_SERVICE21': '0.0', 'SLOWPOKE_POKER_BATCH_THRESHOLD_SERVICE21': '100', 'SLOWPOKE_IS_TARGET_SERVICE_SERVICE21': 'false', 'SLOWPOKE_DELAY_MICROS_SERVICE22': '0.0', 'SLOWPOKE_POKER_BATCH_THRESHOLD_SERVICE22': '100', 'SLOWPOKE_IS_TARGET_SERVICE_SERVICE22': 'false', 'SLOWPOKE_DELAY_MICROS_SERVICE23': '0.0', 'SLOWPOKE_POKER_BATCH_THRESHOLD_SERVICE23': '100', 'SLOWPOKE_IS_TARGET_SERVICE_SERVICE23': 'false', 'SLOWPOKE_DELAY_MICROS_SERVICE24': '0.0', 'SLOWPOKE_POKER_BATCH_THRESHOLD_SERVICE24': '100', 'SLOWPOKE_IS_TARGET_SERVICE_SERVICE24': 'false', 'SLOWPOKE_DELAY_MICROS_SERVICE25': '0.0', 'SLOWPOKE_POKER_BATCH_THRESHOLD_SERVICE25': '100', 'SLOWPOKE_IS_TARGET_SERVICE_SERVICE25': 'false', 'SLOWPOKE_DELAY_MICROS_SERVICE26': '0.0', 'SLOWPOKE_POKER_BATCH_THRESHOLD_SERVICE26': '100', 'SLOWPOKE_IS_TARGET_SERVICE_SERVICE26': 'false', 'SLOWPOKE_DELAY_MICROS_SERVICE27': '0.0', 'SLOWPOKE_POKER_BATCH_THRESHOLD_SERVICE27': '100', 'SLOWPOKE_IS_TARGET_SERVICE_SERVICE27': 'false', 'SLOWPOKE_DELAY_MICROS_SERVICE28': '0.0', 'SLOWPOKE_POKER_BATCH_THRESHOLD_SERVICE28': '100', 'SLOWPOKE_IS_TARGET_SERVICE_SERVICE28': 'false', 'SLOWPOKE_DELAY_MICROS_SERVICE29': '0.0', 'SLOWPOKE_POKER_BATCH_THRESHOLD_SERVICE29': '100', 'SLOWPOKE_IS_TARGET_SERVICE_SERVICE29': 'false', 'SLOWPOKE_DELAY_MICROS_SERVICE30': '0.0', 'SLOWPOKE_POKER_BATCH_THRESHOLD_SERVICE30': '100', 'SLOWPOKE_IS_TARGET_SERVICE_SERVICE30': 'false', 'SLOWPOKE_DELAY_MICROS_SERVICE31': '0.0', 'SLOWPOKE_POKER_BATCH_THRESHOLD_SERVICE31': '100', 'SLOWPOKE_IS_TARGET_SERVICE_SERVICE31': 'false', 'SLOWPOKE_DELAY_MICROS_SERVICE32': '0.0', 'SLOWPOKE_POKER_BATCH_THRESHOLD_SERVICE32': '100', 'SLOWPOKE_IS_TARGET_SERVICE_SERVICE32': 'false', 'SLOWPOKE_DELAY_MICROS_SERVICE33': '0.0', 'SLOWPOKE_POKER_BATCH_THRESHOLD_SERVICE33': '100', 'SLOWPOKE_IS_TARGET_SERVICE_SERVICE33': 'false', 'SLOWPOKE_DELAY_MICROS_SERVICE34': '0.0', 'SLOWPOKE_POKER_BATCH_THRESHOLD_SERVICE34': '100', 'SLOWPOKE_IS_TARGET_SERVICE_SERVICE34': 'false', 'SLOWPOKE_DELAY_MICROS_SERVICE35': '0.0', 'SLOWPOKE_POKER_BATCH_THRESHOLD_SERVICE35': '100', 'SLOWPOKE_IS_TARGET_SERVICE_SERVICE35': 'false', 'SLOWPOKE_DELAY_MICROS_SERVICE36': '0.0', 'SLOWPOKE_POKER_BATCH_THRESHOLD_SERVICE36': '100', 'SLOWPOKE_IS_TARGET_SERVICE_SERVICE36': 'false', 'SLOWPOKE_DELAY_MICROS_SERVICE37': '0.0', 'SLOWPOKE_POKER_BATCH_THRESHOLD_SERVICE37': '100', 'SLOWPOKE_IS_TARGET_SERVICE_SERVICE37': 'false', 'SLOWPOKE_DELAY_MICROS_SERVICE38': '0.0', 'SLOWPOKE_POKER_BATCH_THRESHOLD_SERVICE38': '100', 'SLOWPOKE_IS_TARGET_SERVICE_SERVICE38': 'false', 'SLOWPOKE_DELAY_MICROS_SERVICE39': '0.0', 'SLOWPOKE_POKER_BATCH_THRESHOLD_SERVICE39': '100', 'SLOWPOKE_IS_TARGET_SERVICE_SERVICE39': 'false', 'SLOWPOKE_DELAY_MICROS_SERVICE40': '0.0', 'SLOWPOKE_POKER_BATCH_THRESHOLD_SERVICE40': '100', 'SLOWPOKE_IS_TARGET_SERVICE_SERVICE40': 'false', 'SLOWPOKE_DELAY_MICROS_SERVICE41': '0.0', 'SLOWPOKE_POKER_BATCH_THRESHOLD_SERVICE41': '100', 'SLOWPOKE_IS_TARGET_SERVICE_SERVICE41': 'false', 'SLOWPOKE_DELAY_MICROS_SERVICE42': '0.0', 'SLOWPOKE_POKER_BATCH_THRESHOLD_SERVICE42': '100', 'SLOWPOKE_IS_TARGET_SERVICE_SERVICE42': 'false'}
    [exp] Executing cmd `bash run.sh synthetic large-scale 8 64 10000`:
        [run.sh] Running benchmark synthetic with request large-scale, thread 8, conn 64, duration 60
        [run.sh] Deleting all services
        configmap "config-service0" deleted
        deployment.apps "service0" deleted
        service "service0" deleted
        configmap "config-service1" deleted
        deployment.apps "service1" deleted
        service "service1" deleted
        configmap "config-service10" deleted
        deployment.apps "service10" deleted
        service "service10" deleted
        configmap "config-service11" deleted
        deployment.apps "service11" deleted
        service "service11" deleted
        configmap "config-service12" deleted
        deployment.apps "service12" deleted
        service "service12" deleted
        configmap "config-service13" deleted
        deployment.apps "service13" deleted
        service "service13" deleted
        configmap "config-service14" deleted
        deployment.apps "service14" deleted
        service "service14" deleted
        configmap "config-service15" deleted
        deployment.apps "service15" deleted
        service "service15" deleted
        configmap "config-service16" deleted
        deployment.apps "service16" deleted
        service "service16" deleted
        configmap "config-service17" deleted
        deployment.apps "service17" deleted
        service "service17" deleted
        configmap "config-service18" deleted
        deployment.apps "service18" deleted
        service "service18" deleted
        configmap "config-service19" deleted
        deployment.apps "service19" deleted
        service "service19" deleted
        configmap "config-service2" deleted
        deployment.apps "service2" deleted
        service "service2" deleted
        configmap "config-service20" deleted
        deployment.apps "service20" deleted
        service "service20" deleted
        configmap "config-service21" deleted
        deployment.apps "service21" deleted
        service "service21" deleted
        configmap "config-service22" deleted
        deployment.apps "service22" deleted
        service "service22" deleted
        configmap "config-service23" deleted
        deployment.apps "service23" deleted
        service "service23" deleted
        configmap "config-service24" deleted
        deployment.apps "service24" deleted
        service "service24" deleted
        configmap "config-service25" deleted
        deployment.apps "service25" deleted
        service "service25" deleted
        configmap "config-service26" deleted
        deployment.apps "service26" deleted
        service "service26" deleted
        configmap "config-service27" deleted
        deployment.apps "service27" deleted
        service "service27" deleted
        configmap "config-service28" deleted
        deployment.apps "service28" deleted
        service "service28" deleted
        configmap "config-service29" deleted
        deployment.apps "service29" deleted
        service "service29" deleted
        configmap "config-service3" deleted
        deployment.apps "service3" deleted
        service "service3" deleted
        configmap "config-service30" deleted
        deployment.apps "service30" deleted
        service "service30" deleted
        configmap "config-service31" deleted
        deployment.apps "service31" deleted
        service "service31" deleted
        configmap "config-service32" deleted
        deployment.apps "service32" deleted
        service "service32" deleted
        configmap "config-service33" deleted
        deployment.apps "service33" deleted
        service "service33" deleted
        configmap "config-service34" deleted
        deployment.apps "service34" deleted
        service "service34" deleted
        configmap "config-service35" deleted
        deployment.apps "service35" deleted
        service "service35" deleted
        configmap "config-service36" deleted
        deployment.apps "service36" deleted
        service "service36" deleted
        configmap "config-service37" deleted
        deployment.apps "service37" deleted
        service "service37" deleted
        configmap "config-service38" deleted
        deployment.apps "service38" deleted
        service "service38" deleted
        configmap "config-service39" deleted
        deployment.apps "service39" deleted
        service "service39" deleted
        configmap "config-service4" deleted
        deployment.apps "service4" deleted
        service "service4" deleted
        configmap "config-service40" deleted
        deployment.apps "service40" deleted
        service "service40" deleted
        configmap "config-service41" deleted
        deployment.apps "service41" deleted
        service "service41" deleted
        configmap "config-service42" deleted
        deployment.apps "service42" deleted
        service "service42" deleted
        configmap "config-service5" deleted
        deployment.apps "service5" deleted
        service "service5" deleted
        configmap "config-service6" deleted
        deployment.apps "service6" deleted
        service "service6" deleted
        configmap "config-service7" deleted
        deployment.apps "service7" deleted
        service "service7" deleted
        configmap "config-service8" deleted
        deployment.apps "service8" deleted
        service "service8" deleted
        configmap "config-service9" deleted
        deployment.apps "service9" deleted
        service "service9" deleted
        deployment.apps "ubuntu-client" deleted
        [run.sh] Waiting for all pods to be deleted
        [run.sh] Deploying all services
        configmap/config-service0 created
        deployment.apps/service0 created
        service/service0 created
        configmap/config-service1 created
        deployment.apps/service1 created
        service/service1 created
        configmap/config-service10 created
        deployment.apps/service10 created
        service/service10 created
        configmap/config-service11 created
        deployment.apps/service11 created
        service/service11 created
        configmap/config-service12 created
        deployment.apps/service12 created
        service/service12 created
        configmap/config-service13 created
        deployment.apps/service13 created
        service/service13 created
        configmap/config-service14 created
        deployment.apps/service14 created
        service/service14 created
        configmap/config-service15 created
        deployment.apps/service15 created
        service/service15 created
        configmap/config-service16 created
        deployment.apps/service16 created
        service/service16 created
        configmap/config-service17 created
        deployment.apps/service17 created
        service/service17 created
        configmap/config-service18 created
        deployment.apps/service18 created
        service/service18 created
        configmap/config-service19 created
        deployment.apps/service19 created
        service/service19 created
        configmap/config-service2 created
        deployment.apps/service2 created
        service/service2 created
        configmap/config-service20 created
        deployment.apps/service20 created
        service/service20 created
        configmap/config-service21 created
        deployment.apps/service21 created
        service/service21 created
        configmap/config-service22 created
        deployment.apps/service22 created
        service/service22 created
        configmap/config-service23 created
        deployment.apps/service23 created
        service/service23 created
        configmap/config-service24 created
        deployment.apps/service24 created
        service/service24 created
        configmap/config-service25 created
        deployment.apps/service25 created
        service/service25 created
        configmap/config-service26 created
        deployment.apps/service26 created
        service/service26 created
        configmap/config-service27 created
        deployment.apps/service27 created
        service/service27 created
        configmap/config-service28 created
        deployment.apps/service28 created
        service/service28 created
        configmap/config-service29 created
        deployment.apps/service29 created
        service/service29 created
        configmap/config-service3 created
        deployment.apps/service3 created
        service/service3 created
        configmap/config-service30 created
        deployment.apps/service30 created
        service/service30 created
        configmap/config-service31 created
        deployment.apps/service31 created
        service/service31 created
        configmap/config-service32 created
        deployment.apps/service32 created
        service/service32 created
        configmap/config-service33 created
        deployment.apps/service33 created
        service/service33 created
        configmap/config-service34 created
        deployment.apps/service34 created
        service/service34 created
        configmap/config-service35 created
        deployment.apps/service35 created
        service/service35 created
        configmap/config-service36 created
        deployment.apps/service36 created
        service/service36 created
        configmap/config-service37 created
        deployment.apps/service37 created
        service/service37 created
        configmap/config-service38 created
        deployment.apps/service38 created
        service/service38 created
        configmap/config-service39 created
        deployment.apps/service39 created
        service/service39 created
        configmap/config-service4 created
        deployment.apps/service4 created
        service/service4 created
        configmap/config-service40 created
        deployment.apps/service40 created
        service/service40 created
        configmap/config-service41 created
        deployment.apps/service41 created
        service/service41 created
        configmap/config-service42 created
        deployment.apps/service42 created
        service/service42 created
        configmap/config-service5 created
        deployment.apps/service5 created
        service/service5 created
        configmap/config-service6 created
        deployment.apps/service6 created
        service/service6 created
        configmap/config-service7 created
        deployment.apps/service7 created
        service/service7 created
        configmap/config-service8 created
        deployment.apps/service8 created
        service/service8 created
        configmap/config-service9 created
        deployment.apps/service9 created
        service/service9 created
        [run.sh] Client pod not found, deploying client
        deployment.apps/ubuntu-client created
        [run.sh] Waiting for all pods to be running
        [run.sh] All pods are running
        [run.sh] Running warmup test
        [run.sh] /wrk/wrk -t8 -c64 --timeout 10s -d10s -L http://service0:80/endpoint1
        Running 10s test @ http://service0:80/endpoint1
        8 threads and 64 connections
        Thread Stats   Avg      Stdev     Max   +/- Stdev
        Latency   108.39ms   55.68ms 428.68ms   71.95%
        Req/Sec    76.33     24.87   150.00     68.37%
        Latency Distribution
        50%   99.59ms
        75%  136.21ms
        90%  183.23ms
        99%  290.01ms
        6005 requests in 10.02s, 0.91MB read
        Requests/sec:    599.21
        Transfer/sec:     93.04KB
        [run.sh] Speed is 599.21, duration is 25
        [run.sh] Fix the request number.
        [run.sh] Running the actual test
        [run.sh] /wrk/wrk --timeout 20s -t8 -c64 -d25s -L -s /wrk/fix_req_n.lua http://service0:80/endpoint1
        Running 25s test @ http://service0:80/endpoint1
        8 threads and 64 connections
        Thread Stats   Avg      Stdev     Max   +/- Stdev
        Latency   103.68ms   50.17ms 414.74ms   71.82%
        Req/Sec    77.11     23.70   160.00     66.36%
        Latency Distribution
        50%   96.30ms
        75%  129.83ms
        90%  169.77ms
        99%  253.96ms
        10000 requests in 25.00s, 1.52MB read
        Requests/sec:    400.00
        Transfer/sec:     62.11KB
        ------------------------------
        stop time: 16.186976
        stop time: 16.157263
        stop time: 16.263057
        stop time: 16.022739
        stop time: 16.305437
        stop time: 16.281835
        stop time: 16.266760
        stop time: 16.149326
        [run.sh] Checking the resource usage
        NAME                             CPU(cores)   MEMORY(bytes)
        service0-69955d4677-b7llm        1266m        29Mi
        service1-58c95cb96-gz5fq         258m         24Mi
        service10-9549b4cd-qlg2v         172m         10Mi
        service11-b76846c44-dwjq5        309m         9Mi
        service12-8ddc6874b-hls9q        330m         9Mi
        service13-6dc48cb75b-t84sj       289m         10Mi
        service14-6fdd479dcd-mg4mr       192m         9Mi
        service15-6bc59bd7d4-94gzw       339m         10Mi
        service16-7886b6b8d6-q2c79       176m         9Mi
        service17-7b5f6467b8-kxhfm       197m         9Mi
        service18-65595ccfd6-9vntq       240m         9Mi
        service19-55c65f57c6-f44gh       257m         9Mi
        service2-5d59c5bd5d-9qw92        1243m        23Mi
        service20-58b86cfc4d-bjbsp       187m         9Mi
        service21-8d587d69d-gptn5        167m         10Mi
        service22-55796dcf9b-qd997       207m         9Mi
        service23-599c6478cd-pq8hl       180m         9Mi
        service24-655749d78d-8wfsj       266m         8Mi
        service25-656bf89c8b-dr9m9       186m         9Mi
        service26-5fcc5669d4-m76l9       218m         9Mi
        service27-8687746986-b4lh5       279m         10Mi
        service28-6bbbb998d8-pl567       182m         10Mi
        service29-655dfdfd6b-mndzg       150m         10Mi
        service3-564487d7d8-n99qg        1230m        21Mi
        service30-6d966bbbcd-q64vc       187m         9Mi
        service31-9476bd9bd-r7jk9        160m         8Mi
        service32-64b88b58b-rkfhw        178m         9Mi
        service33-69bdf8b97b-cfsdc       150m         8Mi
        service34-9d9487db6-bbhmk        148m         9Mi
        service35-575bf5bbb8-b7brj       142m         10Mi
        service36-765d6cd758-c7nds       203m         8Mi
        service37-66f4568564-mtv8f       142m         8Mi
        service38-56fc9c9b7d-7hm7q       110m         8Mi
        service39-5b478bd9b-s9bqw        95m          9Mi
        service4-6bfbd6d59c-kp9fr        1915m        26Mi
        service40-7c5d878d8d-46947       159m         9Mi
        service41-567cc54974-qc4n6       113m         8Mi
        service42-6c5db85bd-9wnjs        100m         9Mi
        service5-ffd8ccc6-qd9rj          1127m        21Mi
        service6-6b89db49b6-kjhfl        1152m        21Mi
        service7-845b5b8588-2nrsq        158m         11Mi
        service8-7c9f97fd46-srmcx        180m         9Mi
        service9-7cb9cf658d-5gxlk        237m         10Mi
        ubuntu-client-76886f6bbd-rnkj8   22m          6Mi
        [run.sh] Test finished with status 0
        > STDERR
        > No resources found in default namespace.
    [exp] Times: [16.186976, 16.157263, 16.263057, 16.022739, 16.305437, 16.281835, 16.26676, 16.149326]
    [exp] Throughput: 617.1249409478929
[test.py] Baseline throughput: 617.1249409478929
[test.py] Running 0th optmization experiment
[test.py] Running 0th groundtruth exp
    [exp] Running (pre_run: False) workload synthetic/large-scale request with the following configuration: {'CLIENT_CPU_QUOTA': '2', 'SLOWPOKE_POKER_BATCH_THRESHOLD': '20000000', 'PROCESSING_TIME_SERVICE4': '0.0', 'PROCESSING_TIME_SERVICE0': '0.00114823', 'PROCESSING_TIME_SERVICE1': '0.00112713', 'PROCESSING_TIME_SERVICE2': '0.00112567', 'PROCESSING_TIME_SERVICE3': '0.00108198', 'PROCESSING_TIME_SERVICE5': '0.00092397', 'PROCESSING_TIME_SERVICE6': '0.00091663', 'PROCESSING_TIME_SERVICE7': '0.0008445', 'PROCESSING_TIME_SERVICE8': '0.00082763', 'PROCESSING_TIME_SERVICE9': '0.00082746', 'PROCESSING_TIME_SERVICE10': '0.00081339', 'PROCESSING_TIME_SERVICE11': '0.00079052', 'PROCESSING_TIME_SERVICE12': '0.00076379', 'PROCESSING_TIME_SERVICE13': '0.00073892', 'PROCESSING_TIME_SERVICE14': '0.00071725', 'PROCESSING_TIME_SERVICE15': '0.0007103', 'PROCESSING_TIME_SERVICE16': '0.00064814', 'PROCESSING_TIME_SERVICE17': '0.00063596', 'PROCESSING_TIME_SERVICE18': '0.00063485', 'PROCESSING_TIME_SERVICE19': '0.00062251', 'PROCESSING_TIME_SERVICE20': '0.0006121', 'PROCESSING_TIME_SERVICE21': '0.00060493', 'PROCESSING_TIME_SERVICE22': '0.00059362', 'PROCESSING_TIME_SERVICE23': '0.00058652', 'PROCESSING_TIME_SERVICE24': '0.00058578', 'PROCESSING_TIME_SERVICE25': '0.00055957', 'PROCESSING_TIME_SERVICE26': '0.00054507', 'PROCESSING_TIME_SERVICE27': '0.00050763', 'PROCESSING_TIME_SERVICE28': '0.00045135', 'PROCESSING_TIME_SERVICE29': '0.00044947', 'PROCESSING_TIME_SERVICE30': '0.00043772', 'PROCESSING_TIME_SERVICE31': '0.00040844', 'PROCESSING_TIME_SERVICE32': '0.00039446', 'PROCESSING_TIME_SERVICE33': '0.00037979', 'PROCESSING_TIME_SERVICE34': '0.00033094', 'PROCESSING_TIME_SERVICE35': '0.00032007', 'PROCESSING_TIME_SERVICE36': '0.00031273', 'PROCESSING_TIME_SERVICE37': '0.00027061', 'PROCESSING_TIME_SERVICE38': '0.00026683', 'PROCESSING_TIME_SERVICE39': '0.00023522', 'PROCESSING_TIME_SERVICE40': '0.00023345', 'PROCESSING_TIME_SERVICE41': '0.00015364', 'PROCESSING_TIME_SERVICE42': '9.551e-05', 'SLOWPOKE_DELAY_MICROS_SERVICE4': '0.0', 'SLOWPOKE_POKER_BATCH_THRESHOLD_SERVICE4': '100', 'SLOWPOKE_IS_TARGET_SERVICE_SERVICE4': 'true', 'SLOWPOKE_DELAY_MICROS_SERVICE0': '0.0', 'SLOWPOKE_POKER_BATCH_THRESHOLD_SERVICE0': '100', 'SLOWPOKE_IS_TARGET_SERVICE_SERVICE0': 'false', 'SLOWPOKE_DELAY_MICROS_SERVICE1': '0.0', 'SLOWPOKE_POKER_BATCH_THRESHOLD_SERVICE1': '100', 'SLOWPOKE_IS_TARGET_SERVICE_SERVICE1': 'false', 'SLOWPOKE_DELAY_MICROS_SERVICE2': '0.0', 'SLOWPOKE_POKER_BATCH_THRESHOLD_SERVICE2': '100', 'SLOWPOKE_IS_TARGET_SERVICE_SERVICE2': 'false', 'SLOWPOKE_DELAY_MICROS_SERVICE3': '0.0', 'SLOWPOKE_POKER_BATCH_THRESHOLD_SERVICE3': '100', 'SLOWPOKE_IS_TARGET_SERVICE_SERVICE3': 'false', 'SLOWPOKE_DELAY_MICROS_SERVICE5': '0.0', 'SLOWPOKE_POKER_BATCH_THRESHOLD_SERVICE5': '100', 'SLOWPOKE_IS_TARGET_SERVICE_SERVICE5': 'false', 'SLOWPOKE_DELAY_MICROS_SERVICE6': '0.0', 'SLOWPOKE_POKER_BATCH_THRESHOLD_SERVICE6': '100', 'SLOWPOKE_IS_TARGET_SERVICE_SERVICE6': 'false', 'SLOWPOKE_DELAY_MICROS_SERVICE7': '0.0', 'SLOWPOKE_POKER_BATCH_THRESHOLD_SERVICE7': '100', 'SLOWPOKE_IS_TARGET_SERVICE_SERVICE7': 'false', 'SLOWPOKE_DELAY_MICROS_SERVICE8': '0.0', 'SLOWPOKE_POKER_BATCH_THRESHOLD_SERVICE8': '100', 'SLOWPOKE_IS_TARGET_SERVICE_SERVICE8': 'false', 'SLOWPOKE_DELAY_MICROS_SERVICE9': '0.0', 'SLOWPOKE_POKER_BATCH_THRESHOLD_SERVICE9': '100', 'SLOWPOKE_IS_TARGET_SERVICE_SERVICE9': 'false', 'SLOWPOKE_DELAY_MICROS_SERVICE10': '0.0', 'SLOWPOKE_POKER_BATCH_THRESHOLD_SERVICE10': '100', 'SLOWPOKE_IS_TARGET_SERVICE_SERVICE10': 'false', 'SLOWPOKE_DELAY_MICROS_SERVICE11': '0.0', 'SLOWPOKE_POKER_BATCH_THRESHOLD_SERVICE11': '100', 'SLOWPOKE_IS_TARGET_SERVICE_SERVICE11': 'false', 'SLOWPOKE_DELAY_MICROS_SERVICE12': '0.0', 'SLOWPOKE_POKER_BATCH_THRESHOLD_SERVICE12': '100', 'SLOWPOKE_IS_TARGET_SERVICE_SERVICE12': 'false', 'SLOWPOKE_DELAY_MICROS_SERVICE13': '0.0', 'SLOWPOKE_POKER_BATCH_THRESHOLD_SERVICE13': '100', 'SLOWPOKE_IS_TARGET_SERVICE_SERVICE13': 'false', 'SLOWPOKE_DELAY_MICROS_SERVICE14': '0.0', 'SLOWPOKE_POKER_BATCH_THRESHOLD_SERVICE14': '100', 'SLOWPOKE_IS_TARGET_SERVICE_SERVICE14': 'false', 'SLOWPOKE_DELAY_MICROS_SERVICE15': '0.0', 'SLOWPOKE_POKER_BATCH_THRESHOLD_SERVICE15': '100', 'SLOWPOKE_IS_TARGET_SERVICE_SERVICE15': 'false', 'SLOWPOKE_DELAY_MICROS_SERVICE16': '0.0', 'SLOWPOKE_POKER_BATCH_THRESHOLD_SERVICE16': '100', 'SLOWPOKE_IS_TARGET_SERVICE_SERVICE16': 'false', 'SLOWPOKE_DELAY_MICROS_SERVICE17': '0.0', 'SLOWPOKE_POKER_BATCH_THRESHOLD_SERVICE17': '100', 'SLOWPOKE_IS_TARGET_SERVICE_SERVICE17': 'false', 'SLOWPOKE_DELAY_MICROS_SERVICE18': '0.0', 'SLOWPOKE_POKER_BATCH_THRESHOLD_SERVICE18': '100', 'SLOWPOKE_IS_TARGET_SERVICE_SERVICE18': 'false', 'SLOWPOKE_DELAY_MICROS_SERVICE19': '0.0', 'SLOWPOKE_POKER_BATCH_THRESHOLD_SERVICE19': '100', 'SLOWPOKE_IS_TARGET_SERVICE_SERVICE19': 'false', 'SLOWPOKE_DELAY_MICROS_SERVICE20': '0.0', 'SLOWPOKE_POKER_BATCH_THRESHOLD_SERVICE20': '100', 'SLOWPOKE_IS_TARGET_SERVICE_SERVICE20': 'false', 'SLOWPOKE_DELAY_MICROS_SERVICE21': '0.0', 'SLOWPOKE_POKER_BATCH_THRESHOLD_SERVICE21': '100', 'SLOWPOKE_IS_TARGET_SERVICE_SERVICE21': 'false', 'SLOWPOKE_DELAY_MICROS_SERVICE22': '0.0', 'SLOWPOKE_POKER_BATCH_THRESHOLD_SERVICE22': '100', 'SLOWPOKE_IS_TARGET_SERVICE_SERVICE22': 'false', 'SLOWPOKE_DELAY_MICROS_SERVICE23': '0.0', 'SLOWPOKE_POKER_BATCH_THRESHOLD_SERVICE23': '100', 'SLOWPOKE_IS_TARGET_SERVICE_SERVICE23': 'false', 'SLOWPOKE_DELAY_MICROS_SERVICE24': '0.0', 'SLOWPOKE_POKER_BATCH_THRESHOLD_SERVICE24': '100', 'SLOWPOKE_IS_TARGET_SERVICE_SERVICE24': 'false', 'SLOWPOKE_DELAY_MICROS_SERVICE25': '0.0', 'SLOWPOKE_POKER_BATCH_THRESHOLD_SERVICE25': '100', 'SLOWPOKE_IS_TARGET_SERVICE_SERVICE25': 'false', 'SLOWPOKE_DELAY_MICROS_SERVICE26': '0.0', 'SLOWPOKE_POKER_BATCH_THRESHOLD_SERVICE26': '100', 'SLOWPOKE_IS_TARGET_SERVICE_SERVICE26': 'false', 'SLOWPOKE_DELAY_MICROS_SERVICE27': '0.0', 'SLOWPOKE_POKER_BATCH_THRESHOLD_SERVICE27': '100', 'SLOWPOKE_IS_TARGET_SERVICE_SERVICE27': 'false', 'SLOWPOKE_DELAY_MICROS_SERVICE28': '0.0', 'SLOWPOKE_POKER_BATCH_THRESHOLD_SERVICE28': '100', 'SLOWPOKE_IS_TARGET_SERVICE_SERVICE28': 'false', 'SLOWPOKE_DELAY_MICROS_SERVICE29': '0.0', 'SLOWPOKE_POKER_BATCH_THRESHOLD_SERVICE29': '100', 'SLOWPOKE_IS_TARGET_SERVICE_SERVICE29': 'false', 'SLOWPOKE_DELAY_MICROS_SERVICE30': '0.0', 'SLOWPOKE_POKER_BATCH_THRESHOLD_SERVICE30': '100', 'SLOWPOKE_IS_TARGET_SERVICE_SERVICE30': 'false', 'SLOWPOKE_DELAY_MICROS_SERVICE31': '0.0', 'SLOWPOKE_POKER_BATCH_THRESHOLD_SERVICE31': '100', 'SLOWPOKE_IS_TARGET_SERVICE_SERVICE31': 'false', 'SLOWPOKE_DELAY_MICROS_SERVICE32': '0.0', 'SLOWPOKE_POKER_BATCH_THRESHOLD_SERVICE32': '100', 'SLOWPOKE_IS_TARGET_SERVICE_SERVICE32': 'false', 'SLOWPOKE_DELAY_MICROS_SERVICE33': '0.0', 'SLOWPOKE_POKER_BATCH_THRESHOLD_SERVICE33': '100', 'SLOWPOKE_IS_TARGET_SERVICE_SERVICE33': 'false', 'SLOWPOKE_DELAY_MICROS_SERVICE34': '0.0', 'SLOWPOKE_POKER_BATCH_THRESHOLD_SERVICE34': '100', 'SLOWPOKE_IS_TARGET_SERVICE_SERVICE34': 'false', 'SLOWPOKE_DELAY_MICROS_SERVICE35': '0.0', 'SLOWPOKE_POKER_BATCH_THRESHOLD_SERVICE35': '100', 'SLOWPOKE_IS_TARGET_SERVICE_SERVICE35': 'false', 'SLOWPOKE_DELAY_MICROS_SERVICE36': '0.0', 'SLOWPOKE_POKER_BATCH_THRESHOLD_SERVICE36': '100', 'SLOWPOKE_IS_TARGET_SERVICE_SERVICE36': 'false', 'SLOWPOKE_DELAY_MICROS_SERVICE37': '0.0', 'SLOWPOKE_POKER_BATCH_THRESHOLD_SERVICE37': '100', 'SLOWPOKE_IS_TARGET_SERVICE_SERVICE37': 'false', 'SLOWPOKE_DELAY_MICROS_SERVICE38': '0.0', 'SLOWPOKE_POKER_BATCH_THRESHOLD_SERVICE38': '100', 'SLOWPOKE_IS_TARGET_SERVICE_SERVICE38': 'false', 'SLOWPOKE_DELAY_MICROS_SERVICE39': '0.0', 'SLOWPOKE_POKER_BATCH_THRESHOLD_SERVICE39': '100', 'SLOWPOKE_IS_TARGET_SERVICE_SERVICE39': 'false', 'SLOWPOKE_DELAY_MICROS_SERVICE40': '0.0', 'SLOWPOKE_POKER_BATCH_THRESHOLD_SERVICE40': '100', 'SLOWPOKE_IS_TARGET_SERVICE_SERVICE40': 'false', 'SLOWPOKE_DELAY_MICROS_SERVICE41': '0.0', 'SLOWPOKE_POKER_BATCH_THRESHOLD_SERVICE41': '100', 'SLOWPOKE_IS_TARGET_SERVICE_SERVICE41': 'false', 'SLOWPOKE_DELAY_MICROS_SERVICE42': '0.0', 'SLOWPOKE_POKER_BATCH_THRESHOLD_SERVICE42': '100', 'SLOWPOKE_IS_TARGET_SERVICE_SERVICE42': 'false'}
    [exp] Executing cmd `bash run.sh synthetic large-scale 8 64 10000`:
        [run.sh] Running benchmark synthetic with request large-scale, thread 8, conn 64, duration 60
        [run.sh] Deleting all services
        configmap "config-service0" deleted
        deployment.apps "service0" deleted
        service "service0" deleted
        configmap "config-service1" deleted
        deployment.apps "service1" deleted
        service "service1" deleted
        configmap "config-service10" deleted
        deployment.apps "service10" deleted
        service "service10" deleted
        configmap "config-service11" deleted
        deployment.apps "service11" deleted
        service "service11" deleted
        configmap "config-service12" deleted
        deployment.apps "service12" deleted
        service "service12" deleted
        configmap "config-service13" deleted
        deployment.apps "service13" deleted
        service "service13" deleted
        configmap "config-service14" deleted
        deployment.apps "service14" deleted
        service "service14" deleted
        configmap "config-service15" deleted
        deployment.apps "service15" deleted
        service "service15" deleted
        configmap "config-service16" deleted
        deployment.apps "service16" deleted
        service "service16" deleted
        configmap "config-service17" deleted
        deployment.apps "service17" deleted
        service "service17" deleted
        configmap "config-service18" deleted
        deployment.apps "service18" deleted
        service "service18" deleted
        configmap "config-service19" deleted
        deployment.apps "service19" deleted
        service "service19" deleted
        configmap "config-service2" deleted
        deployment.apps "service2" deleted
        service "service2" deleted
        configmap "config-service20" deleted
        deployment.apps "service20" deleted
        service "service20" deleted
        configmap "config-service21" deleted
        deployment.apps "service21" deleted
        service "service21" deleted
        configmap "config-service22" deleted
        deployment.apps "service22" deleted
        service "service22" deleted
        configmap "config-service23" deleted
        deployment.apps "service23" deleted
        service "service23" deleted
        configmap "config-service24" deleted
        deployment.apps "service24" deleted
        service "service24" deleted
        configmap "config-service25" deleted
        deployment.apps "service25" deleted
        service "service25" deleted
        configmap "config-service26" deleted
        deployment.apps "service26" deleted
        service "service26" deleted
        configmap "config-service27" deleted
        deployment.apps "service27" deleted
        service "service27" deleted
        configmap "config-service28" deleted
        deployment.apps "service28" deleted
        service "service28" deleted
        configmap "config-service29" deleted
        deployment.apps "service29" deleted
        service "service29" deleted
        configmap "config-service3" deleted
        deployment.apps "service3" deleted
        service "service3" deleted
        configmap "config-service30" deleted
        deployment.apps "service30" deleted
        service "service30" deleted
        configmap "config-service31" deleted
        deployment.apps "service31" deleted
        service "service31" deleted
        configmap "config-service32" deleted
        deployment.apps "service32" deleted
        service "service32" deleted
        configmap "config-service33" deleted
        deployment.apps "service33" deleted
        service "service33" deleted
        configmap "config-service34" deleted
        deployment.apps "service34" deleted
        service "service34" deleted
        configmap "config-service35" deleted
        deployment.apps "service35" deleted
        service "service35" deleted
        configmap "config-service36" deleted
        deployment.apps "service36" deleted
        service "service36" deleted
        configmap "config-service37" deleted
        deployment.apps "service37" deleted
        service "service37" deleted
        configmap "config-service38" deleted
        deployment.apps "service38" deleted
        service "service38" deleted
        configmap "config-service39" deleted
        deployment.apps "service39" deleted
        service "service39" deleted
        configmap "config-service4" deleted
        deployment.apps "service4" deleted
        service "service4" deleted
        configmap "config-service40" deleted
        deployment.apps "service40" deleted
        service "service40" deleted
        configmap "config-service41" deleted
        deployment.apps "service41" deleted
        service "service41" deleted
        configmap "config-service42" deleted
        deployment.apps "service42" deleted
        service "service42" deleted
        configmap "config-service5" deleted
        deployment.apps "service5" deleted
        service "service5" deleted
        configmap "config-service6" deleted
        deployment.apps "service6" deleted
        service "service6" deleted
        configmap "config-service7" deleted
        deployment.apps "service7" deleted
        service "service7" deleted
        configmap "config-service8" deleted
        deployment.apps "service8" deleted
        service "service8" deleted
        configmap "config-service9" deleted
        deployment.apps "service9" deleted
        service "service9" deleted
        deployment.apps "ubuntu-client" deleted
        [run.sh] Waiting for all pods to be deleted
        [run.sh] Deploying all services
        configmap/config-service0 created
        deployment.apps/service0 created
        service/service0 created
        configmap/config-service1 created
        deployment.apps/service1 created
        service/service1 created
        configmap/config-service10 created
        deployment.apps/service10 created
        service/service10 created
        configmap/config-service11 created
        deployment.apps/service11 created
        service/service11 created
        configmap/config-service12 created
        deployment.apps/service12 created
        service/service12 created
        configmap/config-service13 created
        deployment.apps/service13 created
        service/service13 created
        configmap/config-service14 created
        deployment.apps/service14 created
        service/service14 created
        configmap/config-service15 created
        deployment.apps/service15 created
        service/service15 created
        configmap/config-service16 created
        deployment.apps/service16 created
        service/service16 created
        configmap/config-service17 created
        deployment.apps/service17 created
        service/service17 created
        configmap/config-service18 created
        deployment.apps/service18 created
        service/service18 created
        configmap/config-service19 created
        deployment.apps/service19 created
        service/service19 created
        configmap/config-service2 created
        deployment.apps/service2 created
        service/service2 created
        configmap/config-service20 created
        deployment.apps/service20 created
        service/service20 created
        configmap/config-service21 created
        deployment.apps/service21 created
        service/service21 created
        configmap/config-service22 created
        deployment.apps/service22 created
        service/service22 created
        configmap/config-service23 created
        deployment.apps/service23 created
        service/service23 created
        configmap/config-service24 created
        deployment.apps/service24 created
        service/service24 created
        configmap/config-service25 created
        deployment.apps/service25 created
        service/service25 created
        configmap/config-service26 created
        deployment.apps/service26 created
        service/service26 created
        configmap/config-service27 created
        deployment.apps/service27 created
        service/service27 created
        configmap/config-service28 created
        deployment.apps/service28 created
        service/service28 created
        configmap/config-service29 created
        deployment.apps/service29 created
        service/service29 created
        configmap/config-service3 created
        deployment.apps/service3 created
        service/service3 created
        configmap/config-service30 created
        deployment.apps/service30 created
        service/service30 created
        configmap/config-service31 created
        deployment.apps/service31 created
        service/service31 created
        configmap/config-service32 created
        deployment.apps/service32 created
        service/service32 created
        configmap/config-service33 created
        deployment.apps/service33 created
        service/service33 created
        configmap/config-service34 created
        deployment.apps/service34 created
        service/service34 created
        configmap/config-service35 created
        deployment.apps/service35 created
        service/service35 created
        configmap/config-service36 created
        deployment.apps/service36 created
        service/service36 created
        configmap/config-service37 created
        deployment.apps/service37 created
        service/service37 created
        configmap/config-service38 created
        deployment.apps/service38 created
        service/service38 created
        configmap/config-service39 created
        deployment.apps/service39 created
        service/service39 created
        configmap/config-service4 created
        deployment.apps/service4 created
        service/service4 created
        configmap/config-service40 created
        deployment.apps/service40 created
        service/service40 created
        configmap/config-service41 created
        deployment.apps/service41 created
        service/service41 created
        configmap/config-service42 created
        deployment.apps/service42 created
        service/service42 created
        configmap/config-service5 created
        deployment.apps/service5 created
        service/service5 created
        configmap/config-service6 created
        deployment.apps/service6 created
        service/service6 created
        configmap/config-service7 created
        deployment.apps/service7 created
        service/service7 created
        configmap/config-service8 created
        deployment.apps/service8 created
        service/service8 created
        configmap/config-service9 created
        deployment.apps/service9 created
        service/service9 created
        [run.sh] Client pod not found, deploying client
        deployment.apps/ubuntu-client created
        [run.sh] Waiting for all pods to be running
        [run.sh] All pods are running
        [run.sh] Running warmup test
        [run.sh] /wrk/wrk -t8 -c64 --timeout 10s -d10s -L http://service0:80/endpoint1
        Running 10s test @ http://service0:80/endpoint1
        8 threads and 64 connections
        Thread Stats   Avg      Stdev     Max   +/- Stdev
        Latency    73.61ms   35.95ms 352.55ms   77.65%
        Req/Sec   112.96     26.22   180.00     67.86%
        Latency Distribution
        50%   67.70ms
        75%   89.56ms
        90%  112.95ms
        99%  212.14ms
        8870 requests in 10.01s, 1.34MB read
        Requests/sec:    885.78
        Transfer/sec:    137.54KB
        [run.sh] Speed is 885.78, duration is 16
        [run.sh] Fix the request number.
        [run.sh] Running the actual test
        [run.sh] /wrk/wrk --timeout 20s -t8 -c64 -d16s -L -s /wrk/fix_req_n.lua http://service0:80/endpoint1
        Running 16s test @ http://service0:80/endpoint1
        8 threads and 64 connections
        Thread Stats   Avg      Stdev     Max   +/- Stdev
        Latency    69.45ms   28.38ms 234.22ms   69.83%
        Req/Sec   114.88     27.39   202.00     73.64%
        Latency Distribution
        50%   65.29ms
        75%   85.93ms
        90%  107.87ms
        99%  152.48ms
        10000 requests in 16.00s, 1.52MB read
        Requests/sec:    624.99
        Transfer/sec:     97.05KB
        ------------------------------
        stop time: 10.858878
        stop time: 10.908979
        stop time: 10.877450
        stop time: 10.938382
        stop time: 10.828323
        stop time: 10.856331
        stop time: 10.812323
        stop time: 10.914357
        [run.sh] Checking the resource usage
        NAME                             CPU(cores)   MEMORY(bytes)
        service0-69955d4677-ljxh5        1073m        30Mi
        service1-58c95cb96-8d8mj         1406m        25Mi
        service10-9549b4cd-t88zl         98m          9Mi
        service11-b76846c44-bqkmv        103m         11Mi
        service12-8ddc6874b-dcm55        133m         10Mi
        service13-6dc48cb75b-pc4sh       85m          9Mi
        service14-6fdd479dcd-tmgpc       44m          10Mi
        service15-6bc59bd7d4-wj6sd       172m         10Mi
        service16-7886b6b8d6-8ccvn       34m          10Mi
        service17-7b5f6467b8-smrsq       1m           9Mi
        service18-65595ccfd6-wxfns       49m          9Mi
        service19-55c65f57c6-c8rbd       81m          9Mi
        service2-5d59c5bd5d-2bkd7        1248m        25Mi
        service20-58b86cfc4d-8g9nw       5m           9Mi
        service21-8d587d69d-p692g        36m          10Mi
        service22-55796dcf9b-8nx46       17m          10Mi
        service23-599c6478cd-xbplp       1m           10Mi
        service24-655749d78d-9c7df       112m         9Mi
        service25-656bf89c8b-8bcdl       5m           9Mi
        service26-5fcc5669d4-l9b9m       58m          8Mi
        service27-8687746986-gjz8s       164m         8Mi
        service28-6bbbb998d8-qwmpf       42m          8Mi
        service29-655dfdfd6b-glwwh       1m           10Mi
        service3-564487d7d8-55njm        1228m        25Mi
        service30-6d966bbbcd-cqcqd       48m          9Mi
        service31-9476bd9bd-kqhmc        16m          9Mi
        service32-64b88b58b-8x482        54m          8Mi
        service33-69bdf8b97b-zhrs9       17m          9Mi
        service34-9d9487db6-h4hc2        31m          9Mi
        service35-575bf5bbb8-bjtpd       26m          10Mi
        service36-765d6cd758-wsjg8       118m         9Mi
        service37-66f4568564-wzdzq       47m          9Mi
        service38-56fc9c9b7d-xq4fq       1m           9Mi
        service39-5b478bd9b-6m8tk        9m           9Mi
        service4-6bfbd6d59c-mmkth        541m         18Mi
        service40-7c5d878d8d-vcbbv       89m          9Mi
        service41-567cc54974-9c97c       48m          9Mi
        service42-6c5db85bd-5sw8t        52m          10Mi
        service5-ffd8ccc6-vrdqt          1011m        25Mi
        service6-6b89db49b6-j25ww        1214m        26Mi
        service7-845b5b8588-2k45k        141m         10Mi
        service8-7c9f97fd46-x95qv        96m          11Mi
        service9-7cb9cf658d-2n74k        6m           10Mi
        ubuntu-client-76886f6bbd-dxqx8   20m          4Mi
        [run.sh] Test finished with status 0
        > STDERR
        > No resources found in default namespace.
    [exp] Times: [10.858878, 10.908979, 10.87745, 10.938382, 10.828323, 10.856331, 10.812323, 10.914357]
    [exp] Throughput: 919.5928369373498
[test.py] Running 0th slowdown exp
    [exp] Running (pre_run: False) workload synthetic/large-scale request with the following configuration: {'CLIENT_CPU_QUOTA': '2', 'SLOWPOKE_POKER_BATCH_THRESHOLD': '20000000', 'PROCESSING_TIME_SERVICE4': '0.00234975', 'PROCESSING_TIME_SERVICE0': '0.00114823', 'PROCESSING_TIME_SERVICE1': '0.00112713', 'PROCESSING_TIME_SERVICE2': '0.00112567', 'PROCESSING_TIME_SERVICE3': '0.00108198', 'PROCESSING_TIME_SERVICE5': '0.00092397', 'PROCESSING_TIME_SERVICE6': '0.00091663', 'PROCESSING_TIME_SERVICE7': '0.0008445', 'PROCESSING_TIME_SERVICE8': '0.00082763', 'PROCESSING_TIME_SERVICE9': '0.00082746', 'PROCESSING_TIME_SERVICE10': '0.00081339', 'PROCESSING_TIME_SERVICE11': '0.00079052', 'PROCESSING_TIME_SERVICE12': '0.00076379', 'PROCESSING_TIME_SERVICE13': '0.00073892', 'PROCESSING_TIME_SERVICE14': '0.00071725', 'PROCESSING_TIME_SERVICE15': '0.0007103', 'PROCESSING_TIME_SERVICE16': '0.00064814', 'PROCESSING_TIME_SERVICE17': '0.00063596', 'PROCESSING_TIME_SERVICE18': '0.00063485', 'PROCESSING_TIME_SERVICE19': '0.00062251', 'PROCESSING_TIME_SERVICE20': '0.0006121', 'PROCESSING_TIME_SERVICE21': '0.00060493', 'PROCESSING_TIME_SERVICE22': '0.00059362', 'PROCESSING_TIME_SERVICE23': '0.00058652', 'PROCESSING_TIME_SERVICE24': '0.00058578', 'PROCESSING_TIME_SERVICE25': '0.00055957', 'PROCESSING_TIME_SERVICE26': '0.00054507', 'PROCESSING_TIME_SERVICE27': '0.00050763', 'PROCESSING_TIME_SERVICE28': '0.00045135', 'PROCESSING_TIME_SERVICE29': '0.00044947', 'PROCESSING_TIME_SERVICE30': '0.00043772', 'PROCESSING_TIME_SERVICE31': '0.00040844', 'PROCESSING_TIME_SERVICE32': '0.00039446', 'PROCESSING_TIME_SERVICE33': '0.00037979', 'PROCESSING_TIME_SERVICE34': '0.00033094', 'PROCESSING_TIME_SERVICE35': '0.00032007', 'PROCESSING_TIME_SERVICE36': '0.00031273', 'PROCESSING_TIME_SERVICE37': '0.00027061', 'PROCESSING_TIME_SERVICE38': '0.00026683', 'PROCESSING_TIME_SERVICE39': '0.00023522', 'PROCESSING_TIME_SERVICE40': '0.00023345', 'PROCESSING_TIME_SERVICE41': '0.00015364', 'PROCESSING_TIME_SERVICE42': '9.551e-05', 'SLOWPOKE_DELAY_MICROS_SERVICE4': '0.0', 'SLOWPOKE_POKER_BATCH_THRESHOLD_SERVICE4': '100', 'SLOWPOKE_IS_TARGET_SERVICE_SERVICE4': 'true', 'SLOWPOKE_DELAY_MICROS_SERVICE0': '1174.5', 'SLOWPOKE_POKER_BATCH_THRESHOLD_SERVICE0': '100', 'SLOWPOKE_IS_TARGET_SERVICE_SERVICE0': 'false', 'SLOWPOKE_DELAY_MICROS_SERVICE1': '1174.5', 'SLOWPOKE_POKER_BATCH_THRESHOLD_SERVICE1': '100', 'SLOWPOKE_IS_TARGET_SERVICE_SERVICE1': 'false', 'SLOWPOKE_DELAY_MICROS_SERVICE2': '1174.5', 'SLOWPOKE_POKER_BATCH_THRESHOLD_SERVICE2': '100', 'SLOWPOKE_IS_TARGET_SERVICE_SERVICE2': 'false', 'SLOWPOKE_DELAY_MICROS_SERVICE3': '1174.5', 'SLOWPOKE_POKER_BATCH_THRESHOLD_SERVICE3': '100', 'SLOWPOKE_IS_TARGET_SERVICE_SERVICE3': 'false', 'SLOWPOKE_DELAY_MICROS_SERVICE5': '1174.5', 'SLOWPOKE_POKER_BATCH_THRESHOLD_SERVICE5': '100', 'SLOWPOKE_IS_TARGET_SERVICE_SERVICE5': 'false', 'SLOWPOKE_DELAY_MICROS_SERVICE6': '1174.5', 'SLOWPOKE_POKER_BATCH_THRESHOLD_SERVICE6': '100', 'SLOWPOKE_IS_TARGET_SERVICE_SERVICE6': 'false', 'SLOWPOKE_DELAY_MICROS_SERVICE7': '1174.5', 'SLOWPOKE_POKER_BATCH_THRESHOLD_SERVICE7': '100', 'SLOWPOKE_IS_TARGET_SERVICE_SERVICE7': 'false', 'SLOWPOKE_DELAY_MICROS_SERVICE8': '1174.5', 'SLOWPOKE_POKER_BATCH_THRESHOLD_SERVICE8': '100', 'SLOWPOKE_IS_TARGET_SERVICE_SERVICE8': 'false', 'SLOWPOKE_DELAY_MICROS_SERVICE9': '1174.5', 'SLOWPOKE_POKER_BATCH_THRESHOLD_SERVICE9': '100', 'SLOWPOKE_IS_TARGET_SERVICE_SERVICE9': 'false', 'SLOWPOKE_DELAY_MICROS_SERVICE10': '1174.5', 'SLOWPOKE_POKER_BATCH_THRESHOLD_SERVICE10': '100', 'SLOWPOKE_IS_TARGET_SERVICE_SERVICE10': 'false', 'SLOWPOKE_DELAY_MICROS_SERVICE11': '1174.5', 'SLOWPOKE_POKER_BATCH_THRESHOLD_SERVICE11': '100', 'SLOWPOKE_IS_TARGET_SERVICE_SERVICE11': 'false', 'SLOWPOKE_DELAY_MICROS_SERVICE12': '1174.5', 'SLOWPOKE_POKER_BATCH_THRESHOLD_SERVICE12': '100', 'SLOWPOKE_IS_TARGET_SERVICE_SERVICE12': 'false', 'SLOWPOKE_DELAY_MICROS_SERVICE13': '1174.5', 'SLOWPOKE_POKER_BATCH_THRESHOLD_SERVICE13': '100', 'SLOWPOKE_IS_TARGET_SERVICE_SERVICE13': 'false', 'SLOWPOKE_DELAY_MICROS_SERVICE14': '1174.5', 'SLOWPOKE_POKER_BATCH_THRESHOLD_SERVICE14': '100', 'SLOWPOKE_IS_TARGET_SERVICE_SERVICE14': 'false', 'SLOWPOKE_DELAY_MICROS_SERVICE15': '1174.5', 'SLOWPOKE_POKER_BATCH_THRESHOLD_SERVICE15': '100', 'SLOWPOKE_IS_TARGET_SERVICE_SERVICE15': 'false', 'SLOWPOKE_DELAY_MICROS_SERVICE16': '1174.5', 'SLOWPOKE_POKER_BATCH_THRESHOLD_SERVICE16': '100', 'SLOWPOKE_IS_TARGET_SERVICE_SERVICE16': 'false', 'SLOWPOKE_DELAY_MICROS_SERVICE17': '1174.5', 'SLOWPOKE_POKER_BATCH_THRESHOLD_SERVICE17': '100', 'SLOWPOKE_IS_TARGET_SERVICE_SERVICE17': 'false', 'SLOWPOKE_DELAY_MICROS_SERVICE18': '1174.5', 'SLOWPOKE_POKER_BATCH_THRESHOLD_SERVICE18': '100', 'SLOWPOKE_IS_TARGET_SERVICE_SERVICE18': 'false', 'SLOWPOKE_DELAY_MICROS_SERVICE19': '1174.5', 'SLOWPOKE_POKER_BATCH_THRESHOLD_SERVICE19': '100', 'SLOWPOKE_IS_TARGET_SERVICE_SERVICE19': 'false', 'SLOWPOKE_DELAY_MICROS_SERVICE20': '1174.5', 'SLOWPOKE_POKER_BATCH_THRESHOLD_SERVICE20': '100', 'SLOWPOKE_IS_TARGET_SERVICE_SERVICE20': 'false', 'SLOWPOKE_DELAY_MICROS_SERVICE21': '1174.5', 'SLOWPOKE_POKER_BATCH_THRESHOLD_SERVICE21': '100', 'SLOWPOKE_IS_TARGET_SERVICE_SERVICE21': 'false', 'SLOWPOKE_DELAY_MICROS_SERVICE22': '1174.5', 'SLOWPOKE_POKER_BATCH_THRESHOLD_SERVICE22': '100', 'SLOWPOKE_IS_TARGET_SERVICE_SERVICE22': 'false', 'SLOWPOKE_DELAY_MICROS_SERVICE23': '1174.5', 'SLOWPOKE_POKER_BATCH_THRESHOLD_SERVICE23': '100', 'SLOWPOKE_IS_TARGET_SERVICE_SERVICE23': 'false', 'SLOWPOKE_DELAY_MICROS_SERVICE24': '1174.5', 'SLOWPOKE_POKER_BATCH_THRESHOLD_SERVICE24': '100', 'SLOWPOKE_IS_TARGET_SERVICE_SERVICE24': 'false', 'SLOWPOKE_DELAY_MICROS_SERVICE25': '1174.5', 'SLOWPOKE_POKER_BATCH_THRESHOLD_SERVICE25': '100', 'SLOWPOKE_IS_TARGET_SERVICE_SERVICE25': 'false', 'SLOWPOKE_DELAY_MICROS_SERVICE26': '1174.5', 'SLOWPOKE_POKER_BATCH_THRESHOLD_SERVICE26': '100', 'SLOWPOKE_IS_TARGET_SERVICE_SERVICE26': 'false', 'SLOWPOKE_DELAY_MICROS_SERVICE27': '1174.5', 'SLOWPOKE_POKER_BATCH_THRESHOLD_SERVICE27': '100', 'SLOWPOKE_IS_TARGET_SERVICE_SERVICE27': 'false', 'SLOWPOKE_DELAY_MICROS_SERVICE28': '1174.5', 'SLOWPOKE_POKER_BATCH_THRESHOLD_SERVICE28': '100', 'SLOWPOKE_IS_TARGET_SERVICE_SERVICE28': 'false', 'SLOWPOKE_DELAY_MICROS_SERVICE29': '1174.5', 'SLOWPOKE_POKER_BATCH_THRESHOLD_SERVICE29': '100', 'SLOWPOKE_IS_TARGET_SERVICE_SERVICE29': 'false', 'SLOWPOKE_DELAY_MICROS_SERVICE30': '1174.5', 'SLOWPOKE_POKER_BATCH_THRESHOLD_SERVICE30': '100', 'SLOWPOKE_IS_TARGET_SERVICE_SERVICE30': 'false', 'SLOWPOKE_DELAY_MICROS_SERVICE31': '1174.5', 'SLOWPOKE_POKER_BATCH_THRESHOLD_SERVICE31': '100', 'SLOWPOKE_IS_TARGET_SERVICE_SERVICE31': 'false', 'SLOWPOKE_DELAY_MICROS_SERVICE32': '1174.5', 'SLOWPOKE_POKER_BATCH_THRESHOLD_SERVICE32': '100', 'SLOWPOKE_IS_TARGET_SERVICE_SERVICE32': 'false', 'SLOWPOKE_DELAY_MICROS_SERVICE33': '1174.5', 'SLOWPOKE_POKER_BATCH_THRESHOLD_SERVICE33': '100', 'SLOWPOKE_IS_TARGET_SERVICE_SERVICE33': 'false', 'SLOWPOKE_DELAY_MICROS_SERVICE34': '1174.5', 'SLOWPOKE_POKER_BATCH_THRESHOLD_SERVICE34': '100', 'SLOWPOKE_IS_TARGET_SERVICE_SERVICE34': 'false', 'SLOWPOKE_DELAY_MICROS_SERVICE35': '1174.5', 'SLOWPOKE_POKER_BATCH_THRESHOLD_SERVICE35': '100', 'SLOWPOKE_IS_TARGET_SERVICE_SERVICE35': 'false', 'SLOWPOKE_DELAY_MICROS_SERVICE36': '1174.5', 'SLOWPOKE_POKER_BATCH_THRESHOLD_SERVICE36': '100', 'SLOWPOKE_IS_TARGET_SERVICE_SERVICE36': 'false', 'SLOWPOKE_DELAY_MICROS_SERVICE37': '1174.5', 'SLOWPOKE_POKER_BATCH_THRESHOLD_SERVICE37': '100', 'SLOWPOKE_IS_TARGET_SERVICE_SERVICE37': 'false', 'SLOWPOKE_DELAY_MICROS_SERVICE38': '1174.5', 'SLOWPOKE_POKER_BATCH_THRESHOLD_SERVICE38': '100', 'SLOWPOKE_IS_TARGET_SERVICE_SERVICE38': 'false', 'SLOWPOKE_DELAY_MICROS_SERVICE39': '1174.5', 'SLOWPOKE_POKER_BATCH_THRESHOLD_SERVICE39': '100', 'SLOWPOKE_IS_TARGET_SERVICE_SERVICE39': 'false', 'SLOWPOKE_DELAY_MICROS_SERVICE40': '1174.5', 'SLOWPOKE_POKER_BATCH_THRESHOLD_SERVICE40': '100', 'SLOWPOKE_IS_TARGET_SERVICE_SERVICE40': 'false', 'SLOWPOKE_DELAY_MICROS_SERVICE41': '1174.5', 'SLOWPOKE_POKER_BATCH_THRESHOLD_SERVICE41': '100', 'SLOWPOKE_IS_TARGET_SERVICE_SERVICE41': 'false', 'SLOWPOKE_DELAY_MICROS_SERVICE42': '1174.5', 'SLOWPOKE_POKER_BATCH_THRESHOLD_SERVICE42': '100', 'SLOWPOKE_IS_TARGET_SERVICE_SERVICE42': 'false'}
    [exp] Executing cmd `bash run.sh synthetic large-scale 8 64 10000`:
        [run.sh] Running benchmark synthetic with request large-scale, thread 8, conn 64, duration 60
        [run.sh] Deleting all services
        configmap "config-service0" deleted
        deployment.apps "service0" deleted
        service "service0" deleted
        configmap "config-service1" deleted
        deployment.apps "service1" deleted
        service "service1" deleted
        configmap "config-service10" deleted
        deployment.apps "service10" deleted
        service "service10" deleted
        configmap "config-service11" deleted
        deployment.apps "service11" deleted
        service "service11" deleted
        configmap "config-service12" deleted
        deployment.apps "service12" deleted
        service "service12" deleted
        configmap "config-service13" deleted
        deployment.apps "service13" deleted
        service "service13" deleted
        configmap "config-service14" deleted
        deployment.apps "service14" deleted
        service "service14" deleted
        configmap "config-service15" deleted
        deployment.apps "service15" deleted
        service "service15" deleted
        configmap "config-service16" deleted
        deployment.apps "service16" deleted
        service "service16" deleted
        configmap "config-service17" deleted
        deployment.apps "service17" deleted
        service "service17" deleted
        configmap "config-service18" deleted
        deployment.apps "service18" deleted
        service "service18" deleted
        configmap "config-service19" deleted
        deployment.apps "service19" deleted
        service "service19" deleted
        configmap "config-service2" deleted
        deployment.apps "service2" deleted
        service "service2" deleted
        configmap "config-service20" deleted
        deployment.apps "service20" deleted
        service "service20" deleted
        configmap "config-service21" deleted
        deployment.apps "service21" deleted
        service "service21" deleted
        configmap "config-service22" deleted
        deployment.apps "service22" deleted
        service "service22" deleted
        configmap "config-service23" deleted
        deployment.apps "service23" deleted
        service "service23" deleted
        configmap "config-service24" deleted
        deployment.apps "service24" deleted
        service "service24" deleted
        configmap "config-service25" deleted
        deployment.apps "service25" deleted
        service "service25" deleted
        configmap "config-service26" deleted
        deployment.apps "service26" deleted
        service "service26" deleted
        configmap "config-service27" deleted
        deployment.apps "service27" deleted
        service "service27" deleted
        configmap "config-service28" deleted
        deployment.apps "service28" deleted
        service "service28" deleted
        configmap "config-service29" deleted
        deployment.apps "service29" deleted
        service "service29" deleted
        configmap "config-service3" deleted
        deployment.apps "service3" deleted
        service "service3" deleted
        configmap "config-service30" deleted
        deployment.apps "service30" deleted
        service "service30" deleted
        configmap "config-service31" deleted
        deployment.apps "service31" deleted
        service "service31" deleted
        configmap "config-service32" deleted
        deployment.apps "service32" deleted
        service "service32" deleted
        configmap "config-service33" deleted
        deployment.apps "service33" deleted
        service "service33" deleted
        configmap "config-service34" deleted
        deployment.apps "service34" deleted
        service "service34" deleted
        configmap "config-service35" deleted
        deployment.apps "service35" deleted
        service "service35" deleted
        configmap "config-service36" deleted
        deployment.apps "service36" deleted
        service "service36" deleted
        configmap "config-service37" deleted
        deployment.apps "service37" deleted
        service "service37" deleted
        configmap "config-service38" deleted
        deployment.apps "service38" deleted
        service "service38" deleted
        configmap "config-service39" deleted
        deployment.apps "service39" deleted
        service "service39" deleted
        configmap "config-service4" deleted
        deployment.apps "service4" deleted
        service "service4" deleted
        configmap "config-service40" deleted
        deployment.apps "service40" deleted
        service "service40" deleted
        configmap "config-service41" deleted
        deployment.apps "service41" deleted
        service "service41" deleted
        configmap "config-service42" deleted
        deployment.apps "service42" deleted
        service "service42" deleted
        configmap "config-service5" deleted
        deployment.apps "service5" deleted
        service "service5" deleted
        configmap "config-service6" deleted
        deployment.apps "service6" deleted
        service "service6" deleted
        configmap "config-service7" deleted
        deployment.apps "service7" deleted
        service "service7" deleted
        configmap "config-service8" deleted
        deployment.apps "service8" deleted
        service "service8" deleted
        configmap "config-service9" deleted
        deployment.apps "service9" deleted
        service "service9" deleted
        deployment.apps "ubuntu-client" deleted
        [run.sh] Waiting for all pods to be deleted
        [run.sh] Deploying all services
        configmap/config-service0 created
        deployment.apps/service0 created
        service/service0 created
        configmap/config-service1 created
        deployment.apps/service1 created
        service/service1 created
        configmap/config-service10 created
        deployment.apps/service10 created
        service/service10 created
        configmap/config-service11 created
        deployment.apps/service11 created
        service/service11 created
        configmap/config-service12 created
        deployment.apps/service12 created
        service/service12 created
        configmap/config-service13 created
        deployment.apps/service13 created
        service/service13 created
        configmap/config-service14 created
        deployment.apps/service14 created
        service/service14 created
        configmap/config-service15 created
        deployment.apps/service15 created
        service/service15 created
        configmap/config-service16 created
        deployment.apps/service16 created
        service/service16 created
        configmap/config-service17 created
        deployment.apps/service17 created
        service/service17 created
        configmap/config-service18 created
        deployment.apps/service18 created
        service/service18 created
        configmap/config-service19 created
        deployment.apps/service19 created
        service/service19 created
        configmap/config-service2 created
        deployment.apps/service2 created
        service/service2 created
        configmap/config-service20 created
        deployment.apps/service20 created
        service/service20 created
        configmap/config-service21 created
        deployment.apps/service21 created
        service/service21 created
        configmap/config-service22 created
        deployment.apps/service22 created
        service/service22 created
        configmap/config-service23 created
        deployment.apps/service23 created
        service/service23 created
        configmap/config-service24 created
        deployment.apps/service24 created
        service/service24 created
        configmap/config-service25 created
        deployment.apps/service25 created
        service/service25 created
        configmap/config-service26 created
        deployment.apps/service26 created
        service/service26 created
        configmap/config-service27 created
        deployment.apps/service27 created
        service/service27 created
        configmap/config-service28 created
        deployment.apps/service28 created
        service/service28 created
        configmap/config-service29 created
        deployment.apps/service29 created
        service/service29 created
        configmap/config-service3 created
        deployment.apps/service3 created
        service/service3 created
        configmap/config-service30 created
        deployment.apps/service30 created
        service/service30 created
        configmap/config-service31 created
        deployment.apps/service31 created
        service/service31 created
        configmap/config-service32 created
        deployment.apps/service32 created
        service/service32 created
        configmap/config-service33 created
        deployment.apps/service33 created
        service/service33 created
        configmap/config-service34 created
        deployment.apps/service34 created
        service/service34 created
        configmap/config-service35 created
        deployment.apps/service35 created
        service/service35 created
        configmap/config-service36 created
        deployment.apps/service36 created
        service/service36 created
        configmap/config-service37 created
        deployment.apps/service37 created
        service/service37 created
        configmap/config-service38 created
        deployment.apps/service38 created
        service/service38 created
        configmap/config-service39 created
        deployment.apps/service39 created
        service/service39 created
        configmap/config-service4 created
        deployment.apps/service4 created
        service/service4 created
        configmap/config-service40 created
        deployment.apps/service40 created
        service/service40 created
        configmap/config-service41 created
        deployment.apps/service41 created
        service/service41 created
        configmap/config-service42 created
        deployment.apps/service42 created
        service/service42 created
        configmap/config-service5 created
        deployment.apps/service5 created
        service/service5 created
        configmap/config-service6 created
        deployment.apps/service6 created
        service/service6 created
        configmap/config-service7 created
        deployment.apps/service7 created
        service/service7 created
        configmap/config-service8 created
        deployment.apps/service8 created
        service/service8 created
        configmap/config-service9 created
        deployment.apps/service9 created
        service/service9 created
        [run.sh] Client pod not found, deploying client
        deployment.apps/ubuntu-client created
        [run.sh] Waiting for all pods to be running
        [run.sh] All pods are running
        [run.sh] Running warmup test
        [run.sh] /wrk/wrk -t8 -c64 --timeout 10s -d10s -L http://service0:80/endpoint1
        Running 10s test @ http://service0:80/endpoint1
        8 threads and 64 connections
        Thread Stats   Avg      Stdev     Max   +/- Stdev
        Latency   158.42ms   82.90ms 493.86ms   58.92%
        Req/Sec    51.67     31.00   141.00     60.55%
        Latency Distribution
        50%  181.57ms
        75%  216.90ms
        90%  248.25ms
        99%  332.04ms
        4004 requests in 10.02s, 621.71KB read
        Requests/sec:    399.78
        Transfer/sec:     62.08KB
        [run.sh] Speed is 399.78, duration is 37
        [run.sh] Fix the request number.
        [run.sh] Running the actual test
        [run.sh] /wrk/wrk --timeout 20s -t8 -c64 -d37s -L -s /wrk/fix_req_n.lua http://service0:80/endpoint1
