[config.py] Random numbers for execution time: [1.4982307366133512, 45.07405053772126, 84.547851137428, 111.15093606121883, 122.27529682787242, 123.53713068625285, 137.57632694794088, 140.02456669188422, 143.64694795959622, 159.93085477990863, 164.82120049787684, 169.47889935761006, 179.2397206258016, 183.15655474111793, 183.78391700205214, 202.54422377491457, 215.0217934891449, 219.85579195041086, 228.59222249486552, 228.84136685893588, 231.20510461862733, 234.9753008029765, 237.36688043666078, 240.83775653081855, 244.9483690095892, 245.31850509685793, 249.38117980091317, 270.0991660316329, 272.41617110783477, 279.63958486494323, 287.92942587874217, 296.8396258125911, 304.46316716295036, 309.1528156372825, 309.21007016183677, 314.8317858288721, 338.87630484809995, 341.3219417473599, 393.9929473941181, 408.55678010864733, 409.0437201053827, 416.0773640291592, 424.95759198689143]
benchmark                        : synthetic
num_threads                      : 8
num_conns                        : 64
target_service                   : service0
request_type                     : large-scale
repetitions                      : 5
target_num_exp                   : 10
pre_run                          : False
num_req                          : 10000
groundtruths                     : []
slowdowns                        : []
predicteds                       : []
errs                             : []
poker_batch_req                  : 100
client_cpu_quota                 : 2
random_seed                      : 29796
request_ratio                    : {'service0': 1, 'service1': 1, 'service2': 1, 'service3': 1, 'service4': 1, 'service5': 1, 'service6': 1, 'service7': 1, 'service8': 1, 'service9': 1, 'service10': 1, 'service11': 1, 'service12': 1, 'service13': 1, 'service14': 1, 'service15': 1, 'service16': 1, 'service17': 1, 'service18': 1, 'service19': 1, 'service20': 1, 'service21': 1, 'service22': 1, 'service23': 1, 'service24': 1, 'service25': 1, 'service26': 1, 'service27': 1, 'service28': 1, 'service29': 1, 'service30': 1, 'service31': 1, 'service32': 1, 'service33': 1, 'service34': 1, 'service35': 1, 'service36': 1, 'service37': 1, 'service38': 1, 'service39': 1, 'service40': 1, 'service41': 1, 'service42': 1}
baseline_service_processing_time : {'service0': 849.92, 'service1': 416.08, 'service2': 409.04, 'service3': 408.56, 'service4': 393.99, 'service5': 341.32, 'service6': 338.88, 'service7': 314.83, 'service8': 309.21, 'service9': 309.15, 'service10': 304.46, 'service11': 296.84, 'service12': 287.93, 'service13': 279.64, 'service14': 272.42, 'service15': 270.1, 'service16': 249.38, 'service17': 245.32, 'service18': 244.95, 'service19': 240.84, 'service20': 237.37, 'service21': 234.98, 'service22': 231.21, 'service23': 228.84, 'service24': 228.59, 'service25': 219.86, 'service26': 215.02, 'service27': 202.54, 'service28': 183.78, 'service29': 183.16, 'service30': 179.24, 'service31': 169.48, 'service32': 164.82, 'service33': 159.93, 'service34': 143.65, 'service35': 140.02, 'service36': 137.58, 'service37': 123.54, 'service38': 122.28, 'service39': 111.15, 'service40': 84.55, 'service41': 45.07, 'service42': 1.5}
cpu_quota                        : {'service0': 2, 'service1': 2, 'service2': 2, 'service3': 2, 'service4': 2, 'service5': 2, 'service6': 2, 'service7': 2, 'service8': 2, 'service9': 2, 'service10': 2, 'service11': 2, 'service12': 2, 'service13': 2, 'service14': 2, 'service15': 2, 'service16': 2, 'service17': 2, 'service18': 2, 'service19': 2, 'service20': 2, 'service21': 2, 'service22': 2, 'service23': 2, 'service24': 2, 'service25': 2, 'service26': 2, 'service27': 2, 'service28': 2, 'service29': 2, 'service30': 2, 'service31': 2, 'service32': 2, 'service33': 2, 'service34': 2, 'service35': 2, 'service36': 2, 'service37': 2, 'service38': 2, 'service39': 2, 'service40': 2, 'service41': 2, 'service42': 2}
target_processing_time_range     : [0, 849.92]
baseline_throughputs             : []
poker_batch                      : 20000000
[test.py] Starting experiment...
[test.py] >>>>>>>>>>>>>>>>>>>>>>>>>>>>> Running experiment 0...
[test.py] Actual processing time range: [0, 84, 168, 252, 336, 420, 504, 588, 672, 756]
[test.py] Running baseline experiment
    [exp] Running (pre_run: False) workload synthetic/large-scale request with the following configuration: {'CLIENT_CPU_QUOTA': '2', 'SLOWPOKE_POKER_BATCH_THRESHOLD': '20000000', 'PROCESSING_TIME_SERVICE0': '0.00084992', 'PROCESSING_TIME_SERVICE1': '0.00041608', 'PROCESSING_TIME_SERVICE2': '0.00040904', 'PROCESSING_TIME_SERVICE3': '0.00040856', 'PROCESSING_TIME_SERVICE4': '0.00039399', 'PROCESSING_TIME_SERVICE5': '0.00034132', 'PROCESSING_TIME_SERVICE6': '0.00033888', 'PROCESSING_TIME_SERVICE7': '0.00031483', 'PROCESSING_TIME_SERVICE8': '0.00030921', 'PROCESSING_TIME_SERVICE9': '0.00030915', 'PROCESSING_TIME_SERVICE10': '0.00030446', 'PROCESSING_TIME_SERVICE11': '0.00029684', 'PROCESSING_TIME_SERVICE12': '0.00028793', 'PROCESSING_TIME_SERVICE13': '0.00027964', 'PROCESSING_TIME_SERVICE14': '0.00027242', 'PROCESSING_TIME_SERVICE15': '0.0002701', 'PROCESSING_TIME_SERVICE16': '0.00024938', 'PROCESSING_TIME_SERVICE17': '0.00024532', 'PROCESSING_TIME_SERVICE18': '0.00024495', 'PROCESSING_TIME_SERVICE19': '0.00024084', 'PROCESSING_TIME_SERVICE20': '0.00023737', 'PROCESSING_TIME_SERVICE21': '0.00023498', 'PROCESSING_TIME_SERVICE22': '0.00023121', 'PROCESSING_TIME_SERVICE23': '0.00022884', 'PROCESSING_TIME_SERVICE24': '0.00022859', 'PROCESSING_TIME_SERVICE25': '0.00021986', 'PROCESSING_TIME_SERVICE26': '0.00021502', 'PROCESSING_TIME_SERVICE27': '0.00020254', 'PROCESSING_TIME_SERVICE28': '0.00018378', 'PROCESSING_TIME_SERVICE29': '0.00018316', 'PROCESSING_TIME_SERVICE30': '0.00017924', 'PROCESSING_TIME_SERVICE31': '0.00016948', 'PROCESSING_TIME_SERVICE32': '0.00016482', 'PROCESSING_TIME_SERVICE33': '0.00015993', 'PROCESSING_TIME_SERVICE34': '0.00014365', 'PROCESSING_TIME_SERVICE35': '0.00014002', 'PROCESSING_TIME_SERVICE36': '0.00013758', 'PROCESSING_TIME_SERVICE37': '0.00012354', 'PROCESSING_TIME_SERVICE38': '0.00012228', 'PROCESSING_TIME_SERVICE39': '0.00011115', 'PROCESSING_TIME_SERVICE40': '8.455e-05', 'PROCESSING_TIME_SERVICE41': '4.507e-05', 'PROCESSING_TIME_SERVICE42': '1.5e-06', 'SLOWPOKE_DELAY_MICROS_SERVICE0': '0.0', 'SLOWPOKE_POKER_BATCH_THRESHOLD_SERVICE0': '100', 'SLOWPOKE_IS_TARGET_SERVICE_SERVICE0': 'true', 'SLOWPOKE_DELAY_MICROS_SERVICE1': '0.0', 'SLOWPOKE_POKER_BATCH_THRESHOLD_SERVICE1': '100', 'SLOWPOKE_IS_TARGET_SERVICE_SERVICE1': 'false', 'SLOWPOKE_DELAY_MICROS_SERVICE2': '0.0', 'SLOWPOKE_POKER_BATCH_THRESHOLD_SERVICE2': '100', 'SLOWPOKE_IS_TARGET_SERVICE_SERVICE2': 'false', 'SLOWPOKE_DELAY_MICROS_SERVICE3': '0.0', 'SLOWPOKE_POKER_BATCH_THRESHOLD_SERVICE3': '100', 'SLOWPOKE_IS_TARGET_SERVICE_SERVICE3': 'false', 'SLOWPOKE_DELAY_MICROS_SERVICE4': '0.0', 'SLOWPOKE_POKER_BATCH_THRESHOLD_SERVICE4': '100', 'SLOWPOKE_IS_TARGET_SERVICE_SERVICE4': 'false', 'SLOWPOKE_DELAY_MICROS_SERVICE5': '0.0', 'SLOWPOKE_POKER_BATCH_THRESHOLD_SERVICE5': '100', 'SLOWPOKE_IS_TARGET_SERVICE_SERVICE5': 'false', 'SLOWPOKE_DELAY_MICROS_SERVICE6': '0.0', 'SLOWPOKE_POKER_BATCH_THRESHOLD_SERVICE6': '100', 'SLOWPOKE_IS_TARGET_SERVICE_SERVICE6': 'false', 'SLOWPOKE_DELAY_MICROS_SERVICE7': '0.0', 'SLOWPOKE_POKER_BATCH_THRESHOLD_SERVICE7': '100', 'SLOWPOKE_IS_TARGET_SERVICE_SERVICE7': 'false', 'SLOWPOKE_DELAY_MICROS_SERVICE8': '0.0', 'SLOWPOKE_POKER_BATCH_THRESHOLD_SERVICE8': '100', 'SLOWPOKE_IS_TARGET_SERVICE_SERVICE8': 'false', 'SLOWPOKE_DELAY_MICROS_SERVICE9': '0.0', 'SLOWPOKE_POKER_BATCH_THRESHOLD_SERVICE9': '100', 'SLOWPOKE_IS_TARGET_SERVICE_SERVICE9': 'false', 'SLOWPOKE_DELAY_MICROS_SERVICE10': '0.0', 'SLOWPOKE_POKER_BATCH_THRESHOLD_SERVICE10': '100', 'SLOWPOKE_IS_TARGET_SERVICE_SERVICE10': 'false', 'SLOWPOKE_DELAY_MICROS_SERVICE11': '0.0', 'SLOWPOKE_POKER_BATCH_THRESHOLD_SERVICE11': '100', 'SLOWPOKE_IS_TARGET_SERVICE_SERVICE11': 'false', 'SLOWPOKE_DELAY_MICROS_SERVICE12': '0.0', 'SLOWPOKE_POKER_BATCH_THRESHOLD_SERVICE12': '100', 'SLOWPOKE_IS_TARGET_SERVICE_SERVICE12': 'false', 'SLOWPOKE_DELAY_MICROS_SERVICE13': '0.0', 'SLOWPOKE_POKER_BATCH_THRESHOLD_SERVICE13': '100', 'SLOWPOKE_IS_TARGET_SERVICE_SERVICE13': 'false', 'SLOWPOKE_DELAY_MICROS_SERVICE14': '0.0', 'SLOWPOKE_POKER_BATCH_THRESHOLD_SERVICE14': '100', 'SLOWPOKE_IS_TARGET_SERVICE_SERVICE14': 'false', 'SLOWPOKE_DELAY_MICROS_SERVICE15': '0.0', 'SLOWPOKE_POKER_BATCH_THRESHOLD_SERVICE15': '100', 'SLOWPOKE_IS_TARGET_SERVICE_SERVICE15': 'false', 'SLOWPOKE_DELAY_MICROS_SERVICE16': '0.0', 'SLOWPOKE_POKER_BATCH_THRESHOLD_SERVICE16': '100', 'SLOWPOKE_IS_TARGET_SERVICE_SERVICE16': 'false', 'SLOWPOKE_DELAY_MICROS_SERVICE17': '0.0', 'SLOWPOKE_POKER_BATCH_THRESHOLD_SERVICE17': '100', 'SLOWPOKE_IS_TARGET_SERVICE_SERVICE17': 'false', 'SLOWPOKE_DELAY_MICROS_SERVICE18': '0.0', 'SLOWPOKE_POKER_BATCH_THRESHOLD_SERVICE18': '100', 'SLOWPOKE_IS_TARGET_SERVICE_SERVICE18': 'false', 'SLOWPOKE_DELAY_MICROS_SERVICE19': '0.0', 'SLOWPOKE_POKER_BATCH_THRESHOLD_SERVICE19': '100', 'SLOWPOKE_IS_TARGET_SERVICE_SERVICE19': 'false', 'SLOWPOKE_DELAY_MICROS_SERVICE20': '0.0', 'SLOWPOKE_POKER_BATCH_THRESHOLD_SERVICE20': '100', 'SLOWPOKE_IS_TARGET_SERVICE_SERVICE20': 'false', 'SLOWPOKE_DELAY_MICROS_SERVICE21': '0.0', 'SLOWPOKE_POKER_BATCH_THRESHOLD_SERVICE21': '100', 'SLOWPOKE_IS_TARGET_SERVICE_SERVICE21': 'false', 'SLOWPOKE_DELAY_MICROS_SERVICE22': '0.0', 'SLOWPOKE_POKER_BATCH_THRESHOLD_SERVICE22': '100', 'SLOWPOKE_IS_TARGET_SERVICE_SERVICE22': 'false', 'SLOWPOKE_DELAY_MICROS_SERVICE23': '0.0', 'SLOWPOKE_POKER_BATCH_THRESHOLD_SERVICE23': '100', 'SLOWPOKE_IS_TARGET_SERVICE_SERVICE23': 'false', 'SLOWPOKE_DELAY_MICROS_SERVICE24': '0.0', 'SLOWPOKE_POKER_BATCH_THRESHOLD_SERVICE24': '100', 'SLOWPOKE_IS_TARGET_SERVICE_SERVICE24': 'false', 'SLOWPOKE_DELAY_MICROS_SERVICE25': '0.0', 'SLOWPOKE_POKER_BATCH_THRESHOLD_SERVICE25': '100', 'SLOWPOKE_IS_TARGET_SERVICE_SERVICE25': 'false', 'SLOWPOKE_DELAY_MICROS_SERVICE26': '0.0', 'SLOWPOKE_POKER_BATCH_THRESHOLD_SERVICE26': '100', 'SLOWPOKE_IS_TARGET_SERVICE_SERVICE26': 'false', 'SLOWPOKE_DELAY_MICROS_SERVICE27': '0.0', 'SLOWPOKE_POKER_BATCH_THRESHOLD_SERVICE27': '100', 'SLOWPOKE_IS_TARGET_SERVICE_SERVICE27': 'false', 'SLOWPOKE_DELAY_MICROS_SERVICE28': '0.0', 'SLOWPOKE_POKER_BATCH_THRESHOLD_SERVICE28': '100', 'SLOWPOKE_IS_TARGET_SERVICE_SERVICE28': 'false', 'SLOWPOKE_DELAY_MICROS_SERVICE29': '0.0', 'SLOWPOKE_POKER_BATCH_THRESHOLD_SERVICE29': '100', 'SLOWPOKE_IS_TARGET_SERVICE_SERVICE29': 'false', 'SLOWPOKE_DELAY_MICROS_SERVICE30': '0.0', 'SLOWPOKE_POKER_BATCH_THRESHOLD_SERVICE30': '100', 'SLOWPOKE_IS_TARGET_SERVICE_SERVICE30': 'false', 'SLOWPOKE_DELAY_MICROS_SERVICE31': '0.0', 'SLOWPOKE_POKER_BATCH_THRESHOLD_SERVICE31': '100', 'SLOWPOKE_IS_TARGET_SERVICE_SERVICE31': 'false', 'SLOWPOKE_DELAY_MICROS_SERVICE32': '0.0', 'SLOWPOKE_POKER_BATCH_THRESHOLD_SERVICE32': '100', 'SLOWPOKE_IS_TARGET_SERVICE_SERVICE32': 'false', 'SLOWPOKE_DELAY_MICROS_SERVICE33': '0.0', 'SLOWPOKE_POKER_BATCH_THRESHOLD_SERVICE33': '100', 'SLOWPOKE_IS_TARGET_SERVICE_SERVICE33': 'false', 'SLOWPOKE_DELAY_MICROS_SERVICE34': '0.0', 'SLOWPOKE_POKER_BATCH_THRESHOLD_SERVICE34': '100', 'SLOWPOKE_IS_TARGET_SERVICE_SERVICE34': 'false', 'SLOWPOKE_DELAY_MICROS_SERVICE35': '0.0', 'SLOWPOKE_POKER_BATCH_THRESHOLD_SERVICE35': '100', 'SLOWPOKE_IS_TARGET_SERVICE_SERVICE35': 'false', 'SLOWPOKE_DELAY_MICROS_SERVICE36': '0.0', 'SLOWPOKE_POKER_BATCH_THRESHOLD_SERVICE36': '100', 'SLOWPOKE_IS_TARGET_SERVICE_SERVICE36': 'false', 'SLOWPOKE_DELAY_MICROS_SERVICE37': '0.0', 'SLOWPOKE_POKER_BATCH_THRESHOLD_SERVICE37': '100', 'SLOWPOKE_IS_TARGET_SERVICE_SERVICE37': 'false', 'SLOWPOKE_DELAY_MICROS_SERVICE38': '0.0', 'SLOWPOKE_POKER_BATCH_THRESHOLD_SERVICE38': '100', 'SLOWPOKE_IS_TARGET_SERVICE_SERVICE38': 'false', 'SLOWPOKE_DELAY_MICROS_SERVICE39': '0.0', 'SLOWPOKE_POKER_BATCH_THRESHOLD_SERVICE39': '100', 'SLOWPOKE_IS_TARGET_SERVICE_SERVICE39': 'false', 'SLOWPOKE_DELAY_MICROS_SERVICE40': '0.0', 'SLOWPOKE_POKER_BATCH_THRESHOLD_SERVICE40': '100', 'SLOWPOKE_IS_TARGET_SERVICE_SERVICE40': 'false', 'SLOWPOKE_DELAY_MICROS_SERVICE41': '0.0', 'SLOWPOKE_POKER_BATCH_THRESHOLD_SERVICE41': '100', 'SLOWPOKE_IS_TARGET_SERVICE_SERVICE41': 'false', 'SLOWPOKE_DELAY_MICROS_SERVICE42': '0.0', 'SLOWPOKE_POKER_BATCH_THRESHOLD_SERVICE42': '100', 'SLOWPOKE_IS_TARGET_SERVICE_SERVICE42': 'false'}
    [exp] Executing cmd `bash run.sh synthetic large-scale 8 64 10000`:
        [run.sh] Running benchmark synthetic with request large-scale, thread 8, conn 64, duration 60
        [run.sh] Deleting all services
        configmap "config-service0" deleted
        deployment.apps "service0" deleted
        service "service0" deleted
        configmap "config-service1" deleted
        deployment.apps "service1" deleted
        service "service1" deleted
        configmap "config-service10" deleted
        deployment.apps "service10" deleted
        service "service10" deleted
        configmap "config-service11" deleted
        deployment.apps "service11" deleted
        service "service11" deleted
        configmap "config-service12" deleted
        deployment.apps "service12" deleted
        service "service12" deleted
        configmap "config-service13" deleted
        deployment.apps "service13" deleted
        service "service13" deleted
        configmap "config-service14" deleted
        deployment.apps "service14" deleted
        service "service14" deleted
        configmap "config-service15" deleted
        deployment.apps "service15" deleted
        service "service15" deleted
        configmap "config-service16" deleted
        deployment.apps "service16" deleted
        service "service16" deleted
        configmap "config-service17" deleted
        deployment.apps "service17" deleted
        service "service17" deleted
        configmap "config-service18" deleted
        deployment.apps "service18" deleted
        service "service18" deleted
        configmap "config-service19" deleted
        deployment.apps "service19" deleted
        service "service19" deleted
        configmap "config-service2" deleted
        deployment.apps "service2" deleted
        service "service2" deleted
        configmap "config-service20" deleted
        deployment.apps "service20" deleted
        service "service20" deleted
        configmap "config-service21" deleted
        deployment.apps "service21" deleted
        service "service21" deleted
        configmap "config-service22" deleted
        deployment.apps "service22" deleted
        service "service22" deleted
        configmap "config-service23" deleted
        deployment.apps "service23" deleted
        service "service23" deleted
        configmap "config-service24" deleted
        deployment.apps "service24" deleted
        service "service24" deleted
        configmap "config-service25" deleted
        deployment.apps "service25" deleted
        service "service25" deleted
        configmap "config-service26" deleted
        deployment.apps "service26" deleted
        service "service26" deleted
        configmap "config-service27" deleted
        deployment.apps "service27" deleted
        service "service27" deleted
        configmap "config-service28" deleted
        deployment.apps "service28" deleted
        service "service28" deleted
        configmap "config-service29" deleted
        deployment.apps "service29" deleted
        service "service29" deleted
        configmap "config-service3" deleted
        deployment.apps "service3" deleted
        service "service3" deleted
        configmap "config-service30" deleted
        deployment.apps "service30" deleted
        service "service30" deleted
        configmap "config-service31" deleted
        deployment.apps "service31" deleted
        service "service31" deleted
        configmap "config-service32" deleted
        deployment.apps "service32" deleted
        service "service32" deleted
        configmap "config-service33" deleted
        deployment.apps "service33" deleted
        service "service33" deleted
        configmap "config-service34" deleted
        deployment.apps "service34" deleted
        service "service34" deleted
        configmap "config-service35" deleted
        deployment.apps "service35" deleted
        service "service35" deleted
        configmap "config-service36" deleted
        deployment.apps "service36" deleted
        service "service36" deleted
        configmap "config-service37" deleted
        deployment.apps "service37" deleted
        service "service37" deleted
        configmap "config-service38" deleted
        deployment.apps "service38" deleted
        service "service38" deleted
        configmap "config-service39" deleted
        deployment.apps "service39" deleted
        service "service39" deleted
        configmap "config-service4" deleted
        deployment.apps "service4" deleted
        service "service4" deleted
        configmap "config-service40" deleted
        deployment.apps "service40" deleted
        service "service40" deleted
        configmap "config-service41" deleted
        deployment.apps "service41" deleted
        service "service41" deleted
        configmap "config-service42" deleted
        deployment.apps "service42" deleted
        service "service42" deleted
        configmap "config-service5" deleted
        deployment.apps "service5" deleted
        service "service5" deleted
        configmap "config-service6" deleted
        deployment.apps "service6" deleted
        service "service6" deleted
        configmap "config-service7" deleted
        deployment.apps "service7" deleted
        service "service7" deleted
        configmap "config-service8" deleted
        deployment.apps "service8" deleted
        service "service8" deleted
        configmap "config-service9" deleted
        deployment.apps "service9" deleted
        service "service9" deleted
        deployment.apps "ubuntu-client" deleted
        [run.sh] Waiting for all pods to be deleted
        [run.sh] Deploying all services
        configmap/config-service0 created
        deployment.apps/service0 created
        service/service0 created
        configmap/config-service1 created
        deployment.apps/service1 created
        service/service1 created
        configmap/config-service10 created
        deployment.apps/service10 created
        service/service10 created
        configmap/config-service11 created
        deployment.apps/service11 created
        service/service11 created
        configmap/config-service12 created
        deployment.apps/service12 created
        service/service12 created
        configmap/config-service13 created
        deployment.apps/service13 created
        service/service13 created
        configmap/config-service14 created
        deployment.apps/service14 created
        service/service14 created
        configmap/config-service15 created
        deployment.apps/service15 created
        service/service15 created
        configmap/config-service16 created
        deployment.apps/service16 created
        service/service16 created
        configmap/config-service17 created
        deployment.apps/service17 created
        service/service17 created
        configmap/config-service18 created
        deployment.apps/service18 created
        service/service18 created
        configmap/config-service19 created
        deployment.apps/service19 created
        service/service19 created
        configmap/config-service2 created
        deployment.apps/service2 created
        service/service2 created
        configmap/config-service20 created
        deployment.apps/service20 created
        service/service20 created
        configmap/config-service21 created
        deployment.apps/service21 created
        service/service21 created
        configmap/config-service22 created
        deployment.apps/service22 created
        service/service22 created
        configmap/config-service23 created
        deployment.apps/service23 created
        service/service23 created
        configmap/config-service24 created
        deployment.apps/service24 created
        service/service24 created
        configmap/config-service25 created
        deployment.apps/service25 created
        service/service25 created
        configmap/config-service26 created
        deployment.apps/service26 created
        service/service26 created
        configmap/config-service27 created
        deployment.apps/service27 created
        service/service27 created
        configmap/config-service28 created
        deployment.apps/service28 created
        service/service28 created
        configmap/config-service29 created
        deployment.apps/service29 created
        service/service29 created
        configmap/config-service3 created
        deployment.apps/service3 created
        service/service3 created
        configmap/config-service30 created
        deployment.apps/service30 created
        service/service30 created
        configmap/config-service31 created
        deployment.apps/service31 created
        service/service31 created
        configmap/config-service32 created
        deployment.apps/service32 created
        service/service32 created
        configmap/config-service33 created
        deployment.apps/service33 created
        service/service33 created
        configmap/config-service34 created
        deployment.apps/service34 created
        service/service34 created
        configmap/config-service35 created
        deployment.apps/service35 created
        service/service35 created
        configmap/config-service36 created
        deployment.apps/service36 created
        service/service36 created
        configmap/config-service37 created
        deployment.apps/service37 created
        service/service37 created
        configmap/config-service38 created
        deployment.apps/service38 created
        service/service38 created
        configmap/config-service39 created
        deployment.apps/service39 created
        service/service39 created
        configmap/config-service4 created
        deployment.apps/service4 created
        service/service4 created
        configmap/config-service40 created
        deployment.apps/service40 created
        service/service40 created
        configmap/config-service41 created
        deployment.apps/service41 created
        service/service41 created
        configmap/config-service42 created
        deployment.apps/service42 created
        service/service42 created
        configmap/config-service5 created
        deployment.apps/service5 created
        service/service5 created
        configmap/config-service6 created
        deployment.apps/service6 created
        service/service6 created
        configmap/config-service7 created
        deployment.apps/service7 created
        service/service7 created
        configmap/config-service8 created
        deployment.apps/service8 created
        service/service8 created
        configmap/config-service9 created
        deployment.apps/service9 created
        service/service9 created
        [run.sh] Client pod not found, deploying client
        deployment.apps/ubuntu-client created
        [run.sh] Waiting for all pods to be running
        [run.sh] All pods are running
        [run.sh] Running warmup test
        [run.sh] /wrk/wrk -t8 -c64 --timeout 10s -d10s -L http://service0:80/endpoint1
        Running 10s test @ http://service0:80/endpoint1
        8 threads and 64 connections
        Thread Stats   Avg      Stdev     Max   +/- Stdev
        Latency   527.92ms  412.77ms   2.63s    77.88%
        Req/Sec    18.77      9.99    50.00     69.65%
        Latency Distribution
        50%  395.65ms
        75%  704.20ms
        90%    1.14s
        99%    1.87s
        1296 requests in 10.02s, 201.23KB read
        Requests/sec:    129.38
        Transfer/sec:     20.09KB
        [run.sh] Speed is 129.38, duration is 115
        [run.sh] Fix the request number.
        [run.sh] Running the actual test
        [run.sh] /wrk/wrk --timeout 20s -t8 -c64 -d115s -L -s /wrk/fix_req_n.lua http://service0:80/endpoint1
        [run.sh] Checking the resource usage
        NAME                             CPU(cores)   MEMORY(bytes)
        service0-566d797889-wl5zz        144m         28Mi
        service1-58c95cb96-xjjzq         65m          25Mi
        service10-779f75db9b-p8thz       1m           9Mi
        service11-77694fd499-2wfcx       1m           9Mi
        service12-6447457dc8-xm4jh       1m           9Mi
        service13-5c69f55c57-7h9v6       1m           9Mi
        service14-797f758f8d-lqvbt       1m           9Mi
        service15-5c6b49dff-k2p4v        1m           9Mi
        service16-65bcd889bb-6qq9k       1m           8Mi
        service17-79bdf7c489-572ht       1m           9Mi
        service18-74f94764c6-zgj2z       1m           9Mi
        service19-688657cfff-zg5v7       1m           9Mi
        service2-5d59c5bd5d-gg84c        96m          26Mi
        service20-5f7ddcb587-tpbjq       1m           9Mi
        service21-7c46b45c64-mszpk       1m           9Mi
        service22-65dbcdbf85-wskvr       1m           9Mi
        service23-57bd5f778-sblkh        1m           8Mi
        service24-65c5d55855-h24zv       1m           9Mi
        service25-6478854456-v7969       1m           9Mi
        service26-7f84bd9597-j5jx5       1m           9Mi
        service27-5b7f877d5d-5nfls       1m           8Mi
        service28-5b86874899-kt8br       1m           8Mi
        service29-9cd757cf6-9j9n6        1m           8Mi
        service3-564487d7d8-s9hql        1m           25Mi
        service30-64595bbffd-lnxq8       1m           8Mi
        service31-566f99bb5c-vgjhr       1m           8Mi
        service32-7ccf7d4d7b-8xrtn       1m           8Mi
        service33-b75d875f5-74l9v        1m           9Mi
        service34-5dd485f758-rtfnf       1m           8Mi
        service35-7f9587457-gddqz        1m           8Mi
        service36-6b8dccfd4d-jk4wj       1m           8Mi
        service37-666cbff6bc-p8f4h       1m           8Mi
        service38-6468b7674-vx22j        1m           8Mi
        service39-7557f4fddf-675g5       1m           8Mi
        service4-5f75c4bf98-gtpnr        107m         24Mi
        service40-84d95c8665-phlfx       1m           8Mi
        service41-997449d5d-4bxxl        1m           8Mi
        service42-6c5db85bd-f5248        4m           8Mi
        service5-ffd8ccc6-42nnp          87m          25Mi
        service6-6b89db49b6-qr94r        1m           25Mi
        service7-845b5b8588-gmwfn        7m           7Mi
        service8-7c9f97fd46-8hkm6        25m          8Mi
        service9-7cb9cf658d-58mmb        1m           10Mi
        ubuntu-client-76886f6bbd-5shhh   6m           4Mi
        Running 2m test @ http://service0:80/endpoint1
        8 threads and 64 connections
        Thread Stats   Avg      Stdev     Max   +/- Stdev
        Latency   427.57ms  287.44ms   2.58s    77.78%
        Req/Sec    20.07     10.85    90.00     86.50%
        Latency Distribution
        50%  354.88ms
        75%  538.69ms
        90%  795.02ms
        99%    1.46s
        10000 requests in 1.92m, 1.52MB read
        Requests/sec:     86.96
        Transfer/sec:     13.50KB
        ------------------------------
        stop time: 66.464922
        stop time: 66.360314
        stop time: 65.983864
        stop time: 66.887359
        stop time: 64.110048
        stop time: 66.946261
        stop time: 66.569139
        stop time: 66.070419
        [run.sh] Test finished with status 0
        > STDERR
        > No resources found in default namespace.
    [exp] Times: [66.464922, 66.360314, 65.983864, 66.887359, 64.110048, 66.946261, 66.569139, 66.070419]
    [exp] Throughput: 151.11665974546068
[test.py] Baseline throughput: 151.11665974546068
[test.py] Running 0th optmization experiment
[test.py] Running 0th groundtruth exp
    [exp] Running (pre_run: False) workload synthetic/large-scale request with the following configuration: {'CLIENT_CPU_QUOTA': '2', 'SLOWPOKE_POKER_BATCH_THRESHOLD': '20000000', 'PROCESSING_TIME_SERVICE0': '0.0', 'PROCESSING_TIME_SERVICE1': '0.00041608', 'PROCESSING_TIME_SERVICE2': '0.00040904', 'PROCESSING_TIME_SERVICE3': '0.00040856', 'PROCESSING_TIME_SERVICE4': '0.00039399', 'PROCESSING_TIME_SERVICE5': '0.00034132', 'PROCESSING_TIME_SERVICE6': '0.00033888', 'PROCESSING_TIME_SERVICE7': '0.00031483', 'PROCESSING_TIME_SERVICE8': '0.00030921', 'PROCESSING_TIME_SERVICE9': '0.00030915', 'PROCESSING_TIME_SERVICE10': '0.00030446', 'PROCESSING_TIME_SERVICE11': '0.00029684', 'PROCESSING_TIME_SERVICE12': '0.00028793', 'PROCESSING_TIME_SERVICE13': '0.00027964', 'PROCESSING_TIME_SERVICE14': '0.00027242', 'PROCESSING_TIME_SERVICE15': '0.0002701', 'PROCESSING_TIME_SERVICE16': '0.00024938', 'PROCESSING_TIME_SERVICE17': '0.00024532', 'PROCESSING_TIME_SERVICE18': '0.00024495', 'PROCESSING_TIME_SERVICE19': '0.00024084', 'PROCESSING_TIME_SERVICE20': '0.00023737', 'PROCESSING_TIME_SERVICE21': '0.00023498', 'PROCESSING_TIME_SERVICE22': '0.00023121', 'PROCESSING_TIME_SERVICE23': '0.00022884', 'PROCESSING_TIME_SERVICE24': '0.00022859', 'PROCESSING_TIME_SERVICE25': '0.00021986', 'PROCESSING_TIME_SERVICE26': '0.00021502', 'PROCESSING_TIME_SERVICE27': '0.00020254', 'PROCESSING_TIME_SERVICE28': '0.00018378', 'PROCESSING_TIME_SERVICE29': '0.00018316', 'PROCESSING_TIME_SERVICE30': '0.00017924', 'PROCESSING_TIME_SERVICE31': '0.00016948', 'PROCESSING_TIME_SERVICE32': '0.00016482', 'PROCESSING_TIME_SERVICE33': '0.00015993', 'PROCESSING_TIME_SERVICE34': '0.00014365', 'PROCESSING_TIME_SERVICE35': '0.00014002', 'PROCESSING_TIME_SERVICE36': '0.00013758', 'PROCESSING_TIME_SERVICE37': '0.00012354', 'PROCESSING_TIME_SERVICE38': '0.00012228', 'PROCESSING_TIME_SERVICE39': '0.00011115', 'PROCESSING_TIME_SERVICE40': '8.455e-05', 'PROCESSING_TIME_SERVICE41': '4.507e-05', 'PROCESSING_TIME_SERVICE42': '1.5e-06', 'SLOWPOKE_DELAY_MICROS_SERVICE0': '0.0', 'SLOWPOKE_POKER_BATCH_THRESHOLD_SERVICE0': '100', 'SLOWPOKE_IS_TARGET_SERVICE_SERVICE0': 'true', 'SLOWPOKE_DELAY_MICROS_SERVICE1': '0.0', 'SLOWPOKE_POKER_BATCH_THRESHOLD_SERVICE1': '100', 'SLOWPOKE_IS_TARGET_SERVICE_SERVICE1': 'false', 'SLOWPOKE_DELAY_MICROS_SERVICE2': '0.0', 'SLOWPOKE_POKER_BATCH_THRESHOLD_SERVICE2': '100', 'SLOWPOKE_IS_TARGET_SERVICE_SERVICE2': 'false', 'SLOWPOKE_DELAY_MICROS_SERVICE3': '0.0', 'SLOWPOKE_POKER_BATCH_THRESHOLD_SERVICE3': '100', 'SLOWPOKE_IS_TARGET_SERVICE_SERVICE3': 'false', 'SLOWPOKE_DELAY_MICROS_SERVICE4': '0.0', 'SLOWPOKE_POKER_BATCH_THRESHOLD_SERVICE4': '100', 'SLOWPOKE_IS_TARGET_SERVICE_SERVICE4': 'false', 'SLOWPOKE_DELAY_MICROS_SERVICE5': '0.0', 'SLOWPOKE_POKER_BATCH_THRESHOLD_SERVICE5': '100', 'SLOWPOKE_IS_TARGET_SERVICE_SERVICE5': 'false', 'SLOWPOKE_DELAY_MICROS_SERVICE6': '0.0', 'SLOWPOKE_POKER_BATCH_THRESHOLD_SERVICE6': '100', 'SLOWPOKE_IS_TARGET_SERVICE_SERVICE6': 'false', 'SLOWPOKE_DELAY_MICROS_SERVICE7': '0.0', 'SLOWPOKE_POKER_BATCH_THRESHOLD_SERVICE7': '100', 'SLOWPOKE_IS_TARGET_SERVICE_SERVICE7': 'false', 'SLOWPOKE_DELAY_MICROS_SERVICE8': '0.0', 'SLOWPOKE_POKER_BATCH_THRESHOLD_SERVICE8': '100', 'SLOWPOKE_IS_TARGET_SERVICE_SERVICE8': 'false', 'SLOWPOKE_DELAY_MICROS_SERVICE9': '0.0', 'SLOWPOKE_POKER_BATCH_THRESHOLD_SERVICE9': '100', 'SLOWPOKE_IS_TARGET_SERVICE_SERVICE9': 'false', 'SLOWPOKE_DELAY_MICROS_SERVICE10': '0.0', 'SLOWPOKE_POKER_BATCH_THRESHOLD_SERVICE10': '100', 'SLOWPOKE_IS_TARGET_SERVICE_SERVICE10': 'false', 'SLOWPOKE_DELAY_MICROS_SERVICE11': '0.0', 'SLOWPOKE_POKER_BATCH_THRESHOLD_SERVICE11': '100', 'SLOWPOKE_IS_TARGET_SERVICE_SERVICE11': 'false', 'SLOWPOKE_DELAY_MICROS_SERVICE12': '0.0', 'SLOWPOKE_POKER_BATCH_THRESHOLD_SERVICE12': '100', 'SLOWPOKE_IS_TARGET_SERVICE_SERVICE12': 'false', 'SLOWPOKE_DELAY_MICROS_SERVICE13': '0.0', 'SLOWPOKE_POKER_BATCH_THRESHOLD_SERVICE13': '100', 'SLOWPOKE_IS_TARGET_SERVICE_SERVICE13': 'false', 'SLOWPOKE_DELAY_MICROS_SERVICE14': '0.0', 'SLOWPOKE_POKER_BATCH_THRESHOLD_SERVICE14': '100', 'SLOWPOKE_IS_TARGET_SERVICE_SERVICE14': 'false', 'SLOWPOKE_DELAY_MICROS_SERVICE15': '0.0', 'SLOWPOKE_POKER_BATCH_THRESHOLD_SERVICE15': '100', 'SLOWPOKE_IS_TARGET_SERVICE_SERVICE15': 'false', 'SLOWPOKE_DELAY_MICROS_SERVICE16': '0.0', 'SLOWPOKE_POKER_BATCH_THRESHOLD_SERVICE16': '100', 'SLOWPOKE_IS_TARGET_SERVICE_SERVICE16': 'false', 'SLOWPOKE_DELAY_MICROS_SERVICE17': '0.0', 'SLOWPOKE_POKER_BATCH_THRESHOLD_SERVICE17': '100', 'SLOWPOKE_IS_TARGET_SERVICE_SERVICE17': 'false', 'SLOWPOKE_DELAY_MICROS_SERVICE18': '0.0', 'SLOWPOKE_POKER_BATCH_THRESHOLD_SERVICE18': '100', 'SLOWPOKE_IS_TARGET_SERVICE_SERVICE18': 'false', 'SLOWPOKE_DELAY_MICROS_SERVICE19': '0.0', 'SLOWPOKE_POKER_BATCH_THRESHOLD_SERVICE19': '100', 'SLOWPOKE_IS_TARGET_SERVICE_SERVICE19': 'false', 'SLOWPOKE_DELAY_MICROS_SERVICE20': '0.0', 'SLOWPOKE_POKER_BATCH_THRESHOLD_SERVICE20': '100', 'SLOWPOKE_IS_TARGET_SERVICE_SERVICE20': 'false', 'SLOWPOKE_DELAY_MICROS_SERVICE21': '0.0', 'SLOWPOKE_POKER_BATCH_THRESHOLD_SERVICE21': '100', 'SLOWPOKE_IS_TARGET_SERVICE_SERVICE21': 'false', 'SLOWPOKE_DELAY_MICROS_SERVICE22': '0.0', 'SLOWPOKE_POKER_BATCH_THRESHOLD_SERVICE22': '100', 'SLOWPOKE_IS_TARGET_SERVICE_SERVICE22': 'false', 'SLOWPOKE_DELAY_MICROS_SERVICE23': '0.0', 'SLOWPOKE_POKER_BATCH_THRESHOLD_SERVICE23': '100', 'SLOWPOKE_IS_TARGET_SERVICE_SERVICE23': 'false', 'SLOWPOKE_DELAY_MICROS_SERVICE24': '0.0', 'SLOWPOKE_POKER_BATCH_THRESHOLD_SERVICE24': '100', 'SLOWPOKE_IS_TARGET_SERVICE_SERVICE24': 'false', 'SLOWPOKE_DELAY_MICROS_SERVICE25': '0.0', 'SLOWPOKE_POKER_BATCH_THRESHOLD_SERVICE25': '100', 'SLOWPOKE_IS_TARGET_SERVICE_SERVICE25': 'false', 'SLOWPOKE_DELAY_MICROS_SERVICE26': '0.0', 'SLOWPOKE_POKER_BATCH_THRESHOLD_SERVICE26': '100', 'SLOWPOKE_IS_TARGET_SERVICE_SERVICE26': 'false', 'SLOWPOKE_DELAY_MICROS_SERVICE27': '0.0', 'SLOWPOKE_POKER_BATCH_THRESHOLD_SERVICE27': '100', 'SLOWPOKE_IS_TARGET_SERVICE_SERVICE27': 'false', 'SLOWPOKE_DELAY_MICROS_SERVICE28': '0.0', 'SLOWPOKE_POKER_BATCH_THRESHOLD_SERVICE28': '100', 'SLOWPOKE_IS_TARGET_SERVICE_SERVICE28': 'false', 'SLOWPOKE_DELAY_MICROS_SERVICE29': '0.0', 'SLOWPOKE_POKER_BATCH_THRESHOLD_SERVICE29': '100', 'SLOWPOKE_IS_TARGET_SERVICE_SERVICE29': 'false', 'SLOWPOKE_DELAY_MICROS_SERVICE30': '0.0', 'SLOWPOKE_POKER_BATCH_THRESHOLD_SERVICE30': '100', 'SLOWPOKE_IS_TARGET_SERVICE_SERVICE30': 'false', 'SLOWPOKE_DELAY_MICROS_SERVICE31': '0.0', 'SLOWPOKE_POKER_BATCH_THRESHOLD_SERVICE31': '100', 'SLOWPOKE_IS_TARGET_SERVICE_SERVICE31': 'false', 'SLOWPOKE_DELAY_MICROS_SERVICE32': '0.0', 'SLOWPOKE_POKER_BATCH_THRESHOLD_SERVICE32': '100', 'SLOWPOKE_IS_TARGET_SERVICE_SERVICE32': 'false', 'SLOWPOKE_DELAY_MICROS_SERVICE33': '0.0', 'SLOWPOKE_POKER_BATCH_THRESHOLD_SERVICE33': '100', 'SLOWPOKE_IS_TARGET_SERVICE_SERVICE33': 'false', 'SLOWPOKE_DELAY_MICROS_SERVICE34': '0.0', 'SLOWPOKE_POKER_BATCH_THRESHOLD_SERVICE34': '100', 'SLOWPOKE_IS_TARGET_SERVICE_SERVICE34': 'false', 'SLOWPOKE_DELAY_MICROS_SERVICE35': '0.0', 'SLOWPOKE_POKER_BATCH_THRESHOLD_SERVICE35': '100', 'SLOWPOKE_IS_TARGET_SERVICE_SERVICE35': 'false', 'SLOWPOKE_DELAY_MICROS_SERVICE36': '0.0', 'SLOWPOKE_POKER_BATCH_THRESHOLD_SERVICE36': '100', 'SLOWPOKE_IS_TARGET_SERVICE_SERVICE36': 'false', 'SLOWPOKE_DELAY_MICROS_SERVICE37': '0.0', 'SLOWPOKE_POKER_BATCH_THRESHOLD_SERVICE37': '100', 'SLOWPOKE_IS_TARGET_SERVICE_SERVICE37': 'false', 'SLOWPOKE_DELAY_MICROS_SERVICE38': '0.0', 'SLOWPOKE_POKER_BATCH_THRESHOLD_SERVICE38': '100', 'SLOWPOKE_IS_TARGET_SERVICE_SERVICE38': 'false', 'SLOWPOKE_DELAY_MICROS_SERVICE39': '0.0', 'SLOWPOKE_POKER_BATCH_THRESHOLD_SERVICE39': '100', 'SLOWPOKE_IS_TARGET_SERVICE_SERVICE39': 'false', 'SLOWPOKE_DELAY_MICROS_SERVICE40': '0.0', 'SLOWPOKE_POKER_BATCH_THRESHOLD_SERVICE40': '100', 'SLOWPOKE_IS_TARGET_SERVICE_SERVICE40': 'false', 'SLOWPOKE_DELAY_MICROS_SERVICE41': '0.0', 'SLOWPOKE_POKER_BATCH_THRESHOLD_SERVICE41': '100', 'SLOWPOKE_IS_TARGET_SERVICE_SERVICE41': 'false', 'SLOWPOKE_DELAY_MICROS_SERVICE42': '0.0', 'SLOWPOKE_POKER_BATCH_THRESHOLD_SERVICE42': '100', 'SLOWPOKE_IS_TARGET_SERVICE_SERVICE42': 'false'}
    [exp] Executing cmd `bash run.sh synthetic large-scale 8 64 10000`:
        [run.sh] Running benchmark synthetic with request large-scale, thread 8, conn 64, duration 60
        [run.sh] Deleting all services
        configmap "config-service0" deleted
        deployment.apps "service0" deleted
        service "service0" deleted
        configmap "config-service1" deleted
        deployment.apps "service1" deleted
        service "service1" deleted
        configmap "config-service10" deleted
        deployment.apps "service10" deleted
        service "service10" deleted
        configmap "config-service11" deleted
        deployment.apps "service11" deleted
        service "service11" deleted
        configmap "config-service12" deleted
        deployment.apps "service12" deleted
        service "service12" deleted
        configmap "config-service13" deleted
        deployment.apps "service13" deleted
        service "service13" deleted
        configmap "config-service14" deleted
        deployment.apps "service14" deleted
        service "service14" deleted
        configmap "config-service15" deleted
        deployment.apps "service15" deleted
        service "service15" deleted
        configmap "config-service16" deleted
        deployment.apps "service16" deleted
        service "service16" deleted
        configmap "config-service17" deleted
        deployment.apps "service17" deleted
        service "service17" deleted
        configmap "config-service18" deleted
        deployment.apps "service18" deleted
        service "service18" deleted
        configmap "config-service19" deleted
        deployment.apps "service19" deleted
        service "service19" deleted
        configmap "config-service2" deleted
        deployment.apps "service2" deleted
        service "service2" deleted
        configmap "config-service20" deleted
        deployment.apps "service20" deleted
        service "service20" deleted
        configmap "config-service21" deleted
        deployment.apps "service21" deleted
        service "service21" deleted
        configmap "config-service22" deleted
        deployment.apps "service22" deleted
        service "service22" deleted
        configmap "config-service23" deleted
        deployment.apps "service23" deleted
        service "service23" deleted
        configmap "config-service24" deleted
        deployment.apps "service24" deleted
        service "service24" deleted
        configmap "config-service25" deleted
        deployment.apps "service25" deleted
        service "service25" deleted
        configmap "config-service26" deleted
        deployment.apps "service26" deleted
        service "service26" deleted
        configmap "config-service27" deleted
        deployment.apps "service27" deleted
        service "service27" deleted
        configmap "config-service28" deleted
        deployment.apps "service28" deleted
        service "service28" deleted
        configmap "config-service29" deleted
        deployment.apps "service29" deleted
        service "service29" deleted
        configmap "config-service3" deleted
        deployment.apps "service3" deleted
        service "service3" deleted
        configmap "config-service30" deleted
        deployment.apps "service30" deleted
        service "service30" deleted
        configmap "config-service31" deleted
        deployment.apps "service31" deleted
        service "service31" deleted
        configmap "config-service32" deleted
        deployment.apps "service32" deleted
        service "service32" deleted
        configmap "config-service33" deleted
        deployment.apps "service33" deleted
        service "service33" deleted
        configmap "config-service34" deleted
        deployment.apps "service34" deleted
        service "service34" deleted
        configmap "config-service35" deleted
        deployment.apps "service35" deleted
        service "service35" deleted
        configmap "config-service36" deleted
        deployment.apps "service36" deleted
        service "service36" deleted
        configmap "config-service37" deleted
        deployment.apps "service37" deleted
        service "service37" deleted
        configmap "config-service38" deleted
        deployment.apps "service38" deleted
        service "service38" deleted
        configmap "config-service39" deleted
        deployment.apps "service39" deleted
        service "service39" deleted
        configmap "config-service4" deleted
        deployment.apps "service4" deleted
        service "service4" deleted
        configmap "config-service40" deleted
        deployment.apps "service40" deleted
        service "service40" deleted
        configmap "config-service41" deleted
        deployment.apps "service41" deleted
        service "service41" deleted
        configmap "config-service42" deleted
        deployment.apps "service42" deleted
        service "service42" deleted
        configmap "config-service5" deleted
        deployment.apps "service5" deleted
        service "service5" deleted
        configmap "config-service6" deleted
        deployment.apps "service6" deleted
        service "service6" deleted
        configmap "config-service7" deleted
        deployment.apps "service7" deleted
        service "service7" deleted
        configmap "config-service8" deleted
        deployment.apps "service8" deleted
        service "service8" deleted
        configmap "config-service9" deleted
        deployment.apps "service9" deleted
        service "service9" deleted
        deployment.apps "ubuntu-client" deleted
        [run.sh] Waiting for all pods to be deleted
        [run.sh] Deploying all services
        configmap/config-service0 created
        deployment.apps/service0 created
        service/service0 created
        configmap/config-service1 created
        deployment.apps/service1 created
        service/service1 created
        configmap/config-service10 created
        deployment.apps/service10 created
        service/service10 created
        configmap/config-service11 created
        deployment.apps/service11 created
        service/service11 created
        configmap/config-service12 created
        deployment.apps/service12 created
        service/service12 created
        configmap/config-service13 created
        deployment.apps/service13 created
        service/service13 created
        configmap/config-service14 created
        deployment.apps/service14 created
        service/service14 created
        configmap/config-service15 created
        deployment.apps/service15 created
        service/service15 created
        configmap/config-service16 created
        deployment.apps/service16 created
        service/service16 created
        configmap/config-service17 created
        deployment.apps/service17 created
        service/service17 created
        configmap/config-service18 created
        deployment.apps/service18 created
        service/service18 created
        configmap/config-service19 created
        deployment.apps/service19 created
        service/service19 created
        configmap/config-service2 created
        deployment.apps/service2 created
        service/service2 created
        configmap/config-service20 created
        deployment.apps/service20 created
        service/service20 created
        configmap/config-service21 created
        deployment.apps/service21 created
        service/service21 created
        configmap/config-service22 created
        deployment.apps/service22 created
        service/service22 created
        configmap/config-service23 created
        deployment.apps/service23 created
        service/service23 created
        configmap/config-service24 created
        deployment.apps/service24 created
        service/service24 created
        configmap/config-service25 created
        deployment.apps/service25 created
        service/service25 created
        configmap/config-service26 created
        deployment.apps/service26 created
        service/service26 created
        configmap/config-service27 created
        deployment.apps/service27 created
        service/service27 created
        configmap/config-service28 created
        deployment.apps/service28 created
        service/service28 created
        configmap/config-service29 created
        deployment.apps/service29 created
        service/service29 created
        configmap/config-service3 created
        deployment.apps/service3 created
        service/service3 created
        configmap/config-service30 created
        deployment.apps/service30 created
        service/service30 created
        configmap/config-service31 created
        deployment.apps/service31 created
        service/service31 created
        configmap/config-service32 created
        deployment.apps/service32 created
        service/service32 created
        configmap/config-service33 created
        deployment.apps/service33 created
        service/service33 created
        configmap/config-service34 created
        deployment.apps/service34 created
        service/service34 created
        configmap/config-service35 created
        deployment.apps/service35 created
        service/service35 created
        configmap/config-service36 created
        deployment.apps/service36 created
        service/service36 created
        configmap/config-service37 created
        deployment.apps/service37 created
        service/service37 created
        configmap/config-service38 created
        deployment.apps/service38 created
        service/service38 created
        configmap/config-service39 created
        deployment.apps/service39 created
        service/service39 created
        configmap/config-service4 created
        deployment.apps/service4 created
        service/service4 created
        configmap/config-service40 created
        deployment.apps/service40 created
        service/service40 created
        configmap/config-service41 created
        deployment.apps/service41 created
        service/service41 created
        configmap/config-service42 created
        deployment.apps/service42 created
        service/service42 created
        configmap/config-service5 created
        deployment.apps/service5 created
        service/service5 created
        configmap/config-service6 created
        deployment.apps/service6 created
        service/service6 created
        configmap/config-service7 created
        deployment.apps/service7 created
        service/service7 created
        configmap/config-service8 created
        deployment.apps/service8 created
        service/service8 created
        configmap/config-service9 created
        deployment.apps/service9 created
        service/service9 created
        [run.sh] Client pod not found, deploying client
        deployment.apps/ubuntu-client created
        [run.sh] Waiting for all pods to be running
        [run.sh] All pods are running
        [run.sh] Running warmup test
        [run.sh] /wrk/wrk -t8 -c64 --timeout 10s -d10s -L http://service0:80/endpoint1
        Running 10s test @ http://service0:80/endpoint1
        8 threads and 64 connections
        Thread Stats   Avg      Stdev     Max   +/- Stdev
        Latency   500.36ms  350.42ms   2.41s    77.47%
        Req/Sec    19.29     10.96    60.00     84.75%
        Latency Distribution
        50%  394.17ms
        75%  645.69ms
        90%  990.10ms
        99%    1.68s
        1335 requests in 10.02s, 207.29KB read
        Requests/sec:    133.24
        Transfer/sec:     20.69KB
        [run.sh] Speed is 133.24, duration is 112
        [run.sh] Fix the request number.
        [run.sh] Running the actual test
        [run.sh] /wrk/wrk --timeout 20s -t8 -c64 -d112s -L -s /wrk/fix_req_n.lua http://service0:80/endpoint1
        [run.sh] Checking the resource usage
        NAME                             CPU(cores)   MEMORY(bytes)
        service0-566d797889-ffhtj        91m          28Mi
        service1-58c95cb96-wsvdd         174m         25Mi
        service10-779f75db9b-9t2jd       38m          10Mi
        service11-77694fd499-ltvsb       37m          9Mi
        service12-6447457dc8-scqp2       38m          9Mi
        service13-5c69f55c57-f4875       38m          10Mi
        service14-797f758f8d-r2n88       38m          9Mi
        service15-5c6b49dff-nfgsj        38m          9Mi
        service16-65bcd889bb-cjp5p       35m          9Mi
        service17-79bdf7c489-vprf5       36m          9Mi
        service18-74f94764c6-4hnwv       38m          9Mi
        service19-688657cfff-wdhrh       35m          9Mi
        service2-5d59c5bd5d-tblg8        129m         25Mi
        service20-5f7ddcb587-5q75j       35m          9Mi
        service21-7c46b45c64-kr69t       35m          9Mi
        service22-65dbcdbf85-pwrj8       34m          9Mi
        service23-57bd5f778-h84wd        34m          9Mi
        service24-65c5d55855-pd22t       34m          9Mi
        service25-6478854456-ddlrz       34m          9Mi
        service26-7f84bd9597-v66hf       34m          9Mi
        service27-5b7f877d5d-cgfjk       32m          9Mi
        service28-5b86874899-dtn79       31m          9Mi
        service29-9cd757cf6-kct9x        32m          8Mi
        service3-564487d7d8-2lcb4        245m         27Mi
        service30-64595bbffd-gsjs7       31m          9Mi
        service31-566f99bb5c-49hdk       31m          9Mi
        service32-7ccf7d4d7b-25nwq       30m          8Mi
        service33-b75d875f5-9qqgh        30m          8Mi
        service34-5dd485f758-8tt78       28m          9Mi
        service35-7f9587457-fhgms        28m          9Mi
        service36-6b8dccfd4d-bmlbd       28m          8Mi
        service37-666cbff6bc-8sjj7       28m          8Mi
        service38-6468b7674-9pwjv        27m          9Mi
        service39-7557f4fddf-2654s       26m          9Mi
        service4-5f75c4bf98-wmnhv        129m         26Mi
        service40-84d95c8665-2bqp5       24m          8Mi
        service41-997449d5d-w6hqd        22m          9Mi
        service42-6c5db85bd-jc2td        28m          8Mi
        service5-ffd8ccc6-lqrj8          132m         25Mi
        service6-6b89db49b6-b4b8w        183m         25Mi
        service7-845b5b8588-bjhxf        67m          7Mi
        service8-7c9f97fd46-jzskr        44m          8Mi
        service9-7cb9cf658d-sktkk        40m          10Mi
        ubuntu-client-76886f6bbd-v5svd   8m           0Mi
        Running 2m test @ http://service0:80/endpoint1
        8 threads and 64 connections
        Thread Stats   Avg      Stdev     Max   +/- Stdev
        Latency   428.29ms  276.12ms   2.24s    75.38%
        Req/Sec    20.08     10.90   160.00     85.97%
        Latency Distribution
        50%  359.30ms
        75%  552.12ms
        90%  800.94ms
        99%    1.35s
        10000 requests in 1.87m, 1.52MB read
        Requests/sec:     89.29
        Transfer/sec:     13.86KB
        ------------------------------
        stop time: 66.578189
        stop time: 65.493287
        stop time: 65.974326
        stop time: 66.910428
        stop time: 66.680627
        stop time: 66.518028
        stop time: 66.938123
        stop time: 67.078210
        [run.sh] Test finished with status 0
        > STDERR
        > No resources found in default namespace.
    [exp] Times: [66.578189, 65.493287, 65.974326, 66.910428, 66.680627, 66.518028, 66.938123, 67.07821]
    [exp] Throughput: 150.32755867680163
[test.py] Running 0th slowdown exp
    [exp] Running (pre_run: False) workload synthetic/large-scale request with the following configuration: {'CLIENT_CPU_QUOTA': '2', 'SLOWPOKE_POKER_BATCH_THRESHOLD': '20000000', 'PROCESSING_TIME_SERVICE0': '0.00084992', 'PROCESSING_TIME_SERVICE1': '0.00041608', 'PROCESSING_TIME_SERVICE2': '0.00040904', 'PROCESSING_TIME_SERVICE3': '0.00040856', 'PROCESSING_TIME_SERVICE4': '0.00039399', 'PROCESSING_TIME_SERVICE5': '0.00034132', 'PROCESSING_TIME_SERVICE6': '0.00033888', 'PROCESSING_TIME_SERVICE7': '0.00031483', 'PROCESSING_TIME_SERVICE8': '0.00030921', 'PROCESSING_TIME_SERVICE9': '0.00030915', 'PROCESSING_TIME_SERVICE10': '0.00030446', 'PROCESSING_TIME_SERVICE11': '0.00029684', 'PROCESSING_TIME_SERVICE12': '0.00028793', 'PROCESSING_TIME_SERVICE13': '0.00027964', 'PROCESSING_TIME_SERVICE14': '0.00027242', 'PROCESSING_TIME_SERVICE15': '0.0002701', 'PROCESSING_TIME_SERVICE16': '0.00024938', 'PROCESSING_TIME_SERVICE17': '0.00024532', 'PROCESSING_TIME_SERVICE18': '0.00024495', 'PROCESSING_TIME_SERVICE19': '0.00024084', 'PROCESSING_TIME_SERVICE20': '0.00023737', 'PROCESSING_TIME_SERVICE21': '0.00023498', 'PROCESSING_TIME_SERVICE22': '0.00023121', 'PROCESSING_TIME_SERVICE23': '0.00022884', 'PROCESSING_TIME_SERVICE24': '0.00022859', 'PROCESSING_TIME_SERVICE25': '0.00021986', 'PROCESSING_TIME_SERVICE26': '0.00021502', 'PROCESSING_TIME_SERVICE27': '0.00020254', 'PROCESSING_TIME_SERVICE28': '0.00018378', 'PROCESSING_TIME_SERVICE29': '0.00018316', 'PROCESSING_TIME_SERVICE30': '0.00017924', 'PROCESSING_TIME_SERVICE31': '0.00016948', 'PROCESSING_TIME_SERVICE32': '0.00016482', 'PROCESSING_TIME_SERVICE33': '0.00015993', 'PROCESSING_TIME_SERVICE34': '0.00014365', 'PROCESSING_TIME_SERVICE35': '0.00014002', 'PROCESSING_TIME_SERVICE36': '0.00013758', 'PROCESSING_TIME_SERVICE37': '0.00012354', 'PROCESSING_TIME_SERVICE38': '0.00012228', 'PROCESSING_TIME_SERVICE39': '0.00011115', 'PROCESSING_TIME_SERVICE40': '8.455e-05', 'PROCESSING_TIME_SERVICE41': '4.507e-05', 'PROCESSING_TIME_SERVICE42': '1.5e-06', 'SLOWPOKE_DELAY_MICROS_SERVICE0': '0.0', 'SLOWPOKE_POKER_BATCH_THRESHOLD_SERVICE0': '100', 'SLOWPOKE_IS_TARGET_SERVICE_SERVICE0': 'true', 'SLOWPOKE_DELAY_MICROS_SERVICE1': '424.5', 'SLOWPOKE_POKER_BATCH_THRESHOLD_SERVICE1': '100', 'SLOWPOKE_IS_TARGET_SERVICE_SERVICE1': 'false', 'SLOWPOKE_DELAY_MICROS_SERVICE2': '424.5', 'SLOWPOKE_POKER_BATCH_THRESHOLD_SERVICE2': '100', 'SLOWPOKE_IS_TARGET_SERVICE_SERVICE2': 'false', 'SLOWPOKE_DELAY_MICROS_SERVICE3': '424.5', 'SLOWPOKE_POKER_BATCH_THRESHOLD_SERVICE3': '100', 'SLOWPOKE_IS_TARGET_SERVICE_SERVICE3': 'false', 'SLOWPOKE_DELAY_MICROS_SERVICE4': '424.5', 'SLOWPOKE_POKER_BATCH_THRESHOLD_SERVICE4': '100', 'SLOWPOKE_IS_TARGET_SERVICE_SERVICE4': 'false', 'SLOWPOKE_DELAY_MICROS_SERVICE5': '424.5', 'SLOWPOKE_POKER_BATCH_THRESHOLD_SERVICE5': '100', 'SLOWPOKE_IS_TARGET_SERVICE_SERVICE5': 'false', 'SLOWPOKE_DELAY_MICROS_SERVICE6': '424.5', 'SLOWPOKE_POKER_BATCH_THRESHOLD_SERVICE6': '100', 'SLOWPOKE_IS_TARGET_SERVICE_SERVICE6': 'false', 'SLOWPOKE_DELAY_MICROS_SERVICE7': '424.5', 'SLOWPOKE_POKER_BATCH_THRESHOLD_SERVICE7': '100', 'SLOWPOKE_IS_TARGET_SERVICE_SERVICE7': 'false', 'SLOWPOKE_DELAY_MICROS_SERVICE8': '424.5', 'SLOWPOKE_POKER_BATCH_THRESHOLD_SERVICE8': '100', 'SLOWPOKE_IS_TARGET_SERVICE_SERVICE8': 'false', 'SLOWPOKE_DELAY_MICROS_SERVICE9': '424.5', 'SLOWPOKE_POKER_BATCH_THRESHOLD_SERVICE9': '100', 'SLOWPOKE_IS_TARGET_SERVICE_SERVICE9': 'false', 'SLOWPOKE_DELAY_MICROS_SERVICE10': '424.5', 'SLOWPOKE_POKER_BATCH_THRESHOLD_SERVICE10': '100', 'SLOWPOKE_IS_TARGET_SERVICE_SERVICE10': 'false', 'SLOWPOKE_DELAY_MICROS_SERVICE11': '424.5', 'SLOWPOKE_POKER_BATCH_THRESHOLD_SERVICE11': '100', 'SLOWPOKE_IS_TARGET_SERVICE_SERVICE11': 'false', 'SLOWPOKE_DELAY_MICROS_SERVICE12': '424.5', 'SLOWPOKE_POKER_BATCH_THRESHOLD_SERVICE12': '100', 'SLOWPOKE_IS_TARGET_SERVICE_SERVICE12': 'false', 'SLOWPOKE_DELAY_MICROS_SERVICE13': '424.5', 'SLOWPOKE_POKER_BATCH_THRESHOLD_SERVICE13': '100', 'SLOWPOKE_IS_TARGET_SERVICE_SERVICE13': 'false', 'SLOWPOKE_DELAY_MICROS_SERVICE14': '424.5', 'SLOWPOKE_POKER_BATCH_THRESHOLD_SERVICE14': '100', 'SLOWPOKE_IS_TARGET_SERVICE_SERVICE14': 'false', 'SLOWPOKE_DELAY_MICROS_SERVICE15': '424.5', 'SLOWPOKE_POKER_BATCH_THRESHOLD_SERVICE15': '100', 'SLOWPOKE_IS_TARGET_SERVICE_SERVICE15': 'false', 'SLOWPOKE_DELAY_MICROS_SERVICE16': '424.5', 'SLOWPOKE_POKER_BATCH_THRESHOLD_SERVICE16': '100', 'SLOWPOKE_IS_TARGET_SERVICE_SERVICE16': 'false', 'SLOWPOKE_DELAY_MICROS_SERVICE17': '424.5', 'SLOWPOKE_POKER_BATCH_THRESHOLD_SERVICE17': '100', 'SLOWPOKE_IS_TARGET_SERVICE_SERVICE17': 'false', 'SLOWPOKE_DELAY_MICROS_SERVICE18': '424.5', 'SLOWPOKE_POKER_BATCH_THRESHOLD_SERVICE18': '100', 'SLOWPOKE_IS_TARGET_SERVICE_SERVICE18': 'false', 'SLOWPOKE_DELAY_MICROS_SERVICE19': '424.5', 'SLOWPOKE_POKER_BATCH_THRESHOLD_SERVICE19': '100', 'SLOWPOKE_IS_TARGET_SERVICE_SERVICE19': 'false', 'SLOWPOKE_DELAY_MICROS_SERVICE20': '424.5', 'SLOWPOKE_POKER_BATCH_THRESHOLD_SERVICE20': '100', 'SLOWPOKE_IS_TARGET_SERVICE_SERVICE20': 'false', 'SLOWPOKE_DELAY_MICROS_SERVICE21': '424.5', 'SLOWPOKE_POKER_BATCH_THRESHOLD_SERVICE21': '100', 'SLOWPOKE_IS_TARGET_SERVICE_SERVICE21': 'false', 'SLOWPOKE_DELAY_MICROS_SERVICE22': '424.5', 'SLOWPOKE_POKER_BATCH_THRESHOLD_SERVICE22': '100', 'SLOWPOKE_IS_TARGET_SERVICE_SERVICE22': 'false', 'SLOWPOKE_DELAY_MICROS_SERVICE23': '424.5', 'SLOWPOKE_POKER_BATCH_THRESHOLD_SERVICE23': '100', 'SLOWPOKE_IS_TARGET_SERVICE_SERVICE23': 'false', 'SLOWPOKE_DELAY_MICROS_SERVICE24': '424.5', 'SLOWPOKE_POKER_BATCH_THRESHOLD_SERVICE24': '100', 'SLOWPOKE_IS_TARGET_SERVICE_SERVICE24': 'false', 'SLOWPOKE_DELAY_MICROS_SERVICE25': '424.5', 'SLOWPOKE_POKER_BATCH_THRESHOLD_SERVICE25': '100', 'SLOWPOKE_IS_TARGET_SERVICE_SERVICE25': 'false', 'SLOWPOKE_DELAY_MICROS_SERVICE26': '424.5', 'SLOWPOKE_POKER_BATCH_THRESHOLD_SERVICE26': '100', 'SLOWPOKE_IS_TARGET_SERVICE_SERVICE26': 'false', 'SLOWPOKE_DELAY_MICROS_SERVICE27': '424.5', 'SLOWPOKE_POKER_BATCH_THRESHOLD_SERVICE27': '100', 'SLOWPOKE_IS_TARGET_SERVICE_SERVICE27': 'false', 'SLOWPOKE_DELAY_MICROS_SERVICE28': '424.5', 'SLOWPOKE_POKER_BATCH_THRESHOLD_SERVICE28': '100', 'SLOWPOKE_IS_TARGET_SERVICE_SERVICE28': 'false', 'SLOWPOKE_DELAY_MICROS_SERVICE29': '424.5', 'SLOWPOKE_POKER_BATCH_THRESHOLD_SERVICE29': '100', 'SLOWPOKE_IS_TARGET_SERVICE_SERVICE29': 'false', 'SLOWPOKE_DELAY_MICROS_SERVICE30': '424.5', 'SLOWPOKE_POKER_BATCH_THRESHOLD_SERVICE30': '100', 'SLOWPOKE_IS_TARGET_SERVICE_SERVICE30': 'false', 'SLOWPOKE_DELAY_MICROS_SERVICE31': '424.5', 'SLOWPOKE_POKER_BATCH_THRESHOLD_SERVICE31': '100', 'SLOWPOKE_IS_TARGET_SERVICE_SERVICE31': 'false', 'SLOWPOKE_DELAY_MICROS_SERVICE32': '424.5', 'SLOWPOKE_POKER_BATCH_THRESHOLD_SERVICE32': '100', 'SLOWPOKE_IS_TARGET_SERVICE_SERVICE32': 'false', 'SLOWPOKE_DELAY_MICROS_SERVICE33': '424.5', 'SLOWPOKE_POKER_BATCH_THRESHOLD_SERVICE33': '100', 'SLOWPOKE_IS_TARGET_SERVICE_SERVICE33': 'false', 'SLOWPOKE_DELAY_MICROS_SERVICE34': '424.5', 'SLOWPOKE_POKER_BATCH_THRESHOLD_SERVICE34': '100', 'SLOWPOKE_IS_TARGET_SERVICE_SERVICE34': 'false', 'SLOWPOKE_DELAY_MICROS_SERVICE35': '424.5', 'SLOWPOKE_POKER_BATCH_THRESHOLD_SERVICE35': '100', 'SLOWPOKE_IS_TARGET_SERVICE_SERVICE35': 'false', 'SLOWPOKE_DELAY_MICROS_SERVICE36': '424.5', 'SLOWPOKE_POKER_BATCH_THRESHOLD_SERVICE36': '100', 'SLOWPOKE_IS_TARGET_SERVICE_SERVICE36': 'false', 'SLOWPOKE_DELAY_MICROS_SERVICE37': '424.5', 'SLOWPOKE_POKER_BATCH_THRESHOLD_SERVICE37': '100', 'SLOWPOKE_IS_TARGET_SERVICE_SERVICE37': 'false', 'SLOWPOKE_DELAY_MICROS_SERVICE38': '424.5', 'SLOWPOKE_POKER_BATCH_THRESHOLD_SERVICE38': '100', 'SLOWPOKE_IS_TARGET_SERVICE_SERVICE38': 'false', 'SLOWPOKE_DELAY_MICROS_SERVICE39': '424.5', 'SLOWPOKE_POKER_BATCH_THRESHOLD_SERVICE39': '100', 'SLOWPOKE_IS_TARGET_SERVICE_SERVICE39': 'false', 'SLOWPOKE_DELAY_MICROS_SERVICE40': '424.5', 'SLOWPOKE_POKER_BATCH_THRESHOLD_SERVICE40': '100', 'SLOWPOKE_IS_TARGET_SERVICE_SERVICE40': 'false', 'SLOWPOKE_DELAY_MICROS_SERVICE41': '424.5', 'SLOWPOKE_POKER_BATCH_THRESHOLD_SERVICE41': '100', 'SLOWPOKE_IS_TARGET_SERVICE_SERVICE41': 'false', 'SLOWPOKE_DELAY_MICROS_SERVICE42': '424.5', 'SLOWPOKE_POKER_BATCH_THRESHOLD_SERVICE42': '100', 'SLOWPOKE_IS_TARGET_SERVICE_SERVICE42': 'false'}
    [exp] Executing cmd `bash run.sh synthetic large-scale 8 64 10000`:
        [run.sh] Running benchmark synthetic with request large-scale, thread 8, conn 64, duration 60
        [run.sh] Deleting all services
        configmap "config-service0" deleted
        deployment.apps "service0" deleted
        service "service0" deleted
        configmap "config-service1" deleted
        deployment.apps "service1" deleted
        service "service1" deleted
        configmap "config-service10" deleted
        deployment.apps "service10" deleted
        service "service10" deleted
        configmap "config-service11" deleted
        deployment.apps "service11" deleted
        service "service11" deleted
        configmap "config-service12" deleted
        deployment.apps "service12" deleted
        service "service12" deleted
        configmap "config-service13" deleted
        deployment.apps "service13" deleted
        service "service13" deleted
        configmap "config-service14" deleted
        deployment.apps "service14" deleted
        service "service14" deleted
        configmap "config-service15" deleted
        deployment.apps "service15" deleted
        service "service15" deleted
        configmap "config-service16" deleted
        deployment.apps "service16" deleted
        service "service16" deleted
        configmap "config-service17" deleted
        deployment.apps "service17" deleted
        service "service17" deleted
        configmap "config-service18" deleted
        deployment.apps "service18" deleted
        service "service18" deleted
        configmap "config-service19" deleted
        deployment.apps "service19" deleted
        service "service19" deleted
        configmap "config-service2" deleted
        deployment.apps "service2" deleted
        service "service2" deleted
        configmap "config-service20" deleted
        deployment.apps "service20" deleted
        service "service20" deleted
        configmap "config-service21" deleted
        deployment.apps "service21" deleted
        service "service21" deleted
        configmap "config-service22" deleted
        deployment.apps "service22" deleted
        service "service22" deleted
        configmap "config-service23" deleted
        deployment.apps "service23" deleted
        service "service23" deleted
        configmap "config-service24" deleted
        deployment.apps "service24" deleted
        service "service24" deleted
        configmap "config-service25" deleted
        deployment.apps "service25" deleted
        service "service25" deleted
        configmap "config-service26" deleted
        deployment.apps "service26" deleted
        service "service26" deleted
        configmap "config-service27" deleted
        deployment.apps "service27" deleted
        service "service27" deleted
        configmap "config-service28" deleted
        deployment.apps "service28" deleted
        service "service28" deleted
        configmap "config-service29" deleted
        deployment.apps "service29" deleted
        service "service29" deleted
        configmap "config-service3" deleted
        deployment.apps "service3" deleted
        service "service3" deleted
        configmap "config-service30" deleted
        deployment.apps "service30" deleted
        service "service30" deleted
        configmap "config-service31" deleted
        deployment.apps "service31" deleted
        service "service31" deleted
        configmap "config-service32" deleted
        deployment.apps "service32" deleted
        service "service32" deleted
        configmap "config-service33" deleted
        deployment.apps "service33" deleted
        service "service33" deleted
        configmap "config-service34" deleted
        deployment.apps "service34" deleted
        service "service34" deleted
        configmap "config-service35" deleted
        deployment.apps "service35" deleted
        service "service35" deleted
        configmap "config-service36" deleted
        deployment.apps "service36" deleted
        service "service36" deleted
        configmap "config-service37" deleted
        deployment.apps "service37" deleted
        service "service37" deleted
        configmap "config-service38" deleted
        deployment.apps "service38" deleted
        service "service38" deleted
        configmap "config-service39" deleted
        deployment.apps "service39" deleted
        service "service39" deleted
        configmap "config-service4" deleted
        deployment.apps "service4" deleted
        service "service4" deleted
        configmap "config-service40" deleted
        deployment.apps "service40" deleted
        service "service40" deleted
        configmap "config-service41" deleted
        deployment.apps "service41" deleted
        service "service41" deleted
        configmap "config-service42" deleted
        deployment.apps "service42" deleted
        service "service42" deleted
        configmap "config-service5" deleted
        deployment.apps "service5" deleted
        service "service5" deleted
        configmap "config-service6" deleted
        deployment.apps "service6" deleted
        service "service6" deleted
        configmap "config-service7" deleted
        deployment.apps "service7" deleted
        service "service7" deleted
        configmap "config-service8" deleted
        deployment.apps "service8" deleted
        service "service8" deleted
        configmap "config-service9" deleted
        deployment.apps "service9" deleted
        service "service9" deleted
        deployment.apps "ubuntu-client" deleted
        [run.sh] Waiting for all pods to be deleted
        [run.sh] Deploying all services
        configmap/config-service0 created
        deployment.apps/service0 created
        service/service0 created
        configmap/config-service1 created
        deployment.apps/service1 created
        service/service1 created
        configmap/config-service10 created
        deployment.apps/service10 created
        service/service10 created
        configmap/config-service11 created
        deployment.apps/service11 created
        service/service11 created
        configmap/config-service12 created
        deployment.apps/service12 created
        service/service12 created
        configmap/config-service13 created
        deployment.apps/service13 created
        service/service13 created
        configmap/config-service14 created
        deployment.apps/service14 created
        service/service14 created
        configmap/config-service15 created
        deployment.apps/service15 created
        service/service15 created
        configmap/config-service16 created
        deployment.apps/service16 created
        service/service16 created
        configmap/config-service17 created
        deployment.apps/service17 created
        service/service17 created
        configmap/config-service18 created
        deployment.apps/service18 created
        service/service18 created
        configmap/config-service19 created
        deployment.apps/service19 created
        service/service19 created
        configmap/config-service2 created
        deployment.apps/service2 created
        service/service2 created
        configmap/config-service20 created
        deployment.apps/service20 created
        service/service20 created
        configmap/config-service21 created
        deployment.apps/service21 created
        service/service21 created
        configmap/config-service22 created
        deployment.apps/service22 created
        service/service22 created
        configmap/config-service23 created
        deployment.apps/service23 created
        service/service23 created
        configmap/config-service24 created
        deployment.apps/service24 created
        service/service24 created
        configmap/config-service25 created
        deployment.apps/service25 created
        service/service25 created
        configmap/config-service26 created
        deployment.apps/service26 created
        service/service26 created
        configmap/config-service27 created
        deployment.apps/service27 created
        service/service27 created
        configmap/config-service28 created
        deployment.apps/service28 created
        service/service28 created
        configmap/config-service29 created
        deployment.apps/service29 created
        service/service29 created
        configmap/config-service3 created
        deployment.apps/service3 created
        service/service3 created
        configmap/config-service30 created
        deployment.apps/service30 created
        service/service30 created
        configmap/config-service31 created
        deployment.apps/service31 created
        service/service31 created
        configmap/config-service32 created
        deployment.apps/service32 created
        service/service32 created
        configmap/config-service33 created
        deployment.apps/service33 created
        service/service33 created
        configmap/config-service34 created
        deployment.apps/service34 created
        service/service34 created
        configmap/config-service35 created
        deployment.apps/service35 created
        service/service35 created
        configmap/config-service36 created
        deployment.apps/service36 created
        service/service36 created
        configmap/config-service37 created
        deployment.apps/service37 created
        service/service37 created
        configmap/config-service38 created
        deployment.apps/service38 created
        service/service38 created
        configmap/config-service39 created
        deployment.apps/service39 created
        service/service39 created
        configmap/config-service4 created
        deployment.apps/service4 created
        service/service4 created
        configmap/config-service40 created
        deployment.apps/service40 created
        service/service40 created
        configmap/config-service41 created
        deployment.apps/service41 created
        service/service41 created
        configmap/config-service42 created
        deployment.apps/service42 created
        service/service42 created
        configmap/config-service5 created
        deployment.apps/service5 created
        service/service5 created
        configmap/config-service6 created
        deployment.apps/service6 created
        service/service6 created
        configmap/config-service7 created
        deployment.apps/service7 created
        service/service7 created
        configmap/config-service8 created
        deployment.apps/service8 created
        service/service8 created
        configmap/config-service9 created
        deployment.apps/service9 created
        service/service9 created
        [run.sh] Client pod not found, deploying client
        deployment.apps/ubuntu-client created
        [run.sh] Waiting for all pods to be running
        [run.sh] All pods are running
        [run.sh] Running warmup test
        [run.sh] /wrk/wrk -t8 -c64 --timeout 10s -d10s -L http://service0:80/endpoint1
        Running 10s test @ http://service0:80/endpoint1
        8 threads and 64 connections
        Thread Stats   Avg      Stdev     Max   +/- Stdev
        Latency   478.73ms  264.61ms   1.61s    72.44%
        Req/Sec    20.21     13.96    70.00     75.81%
        Latency Distribution
        50%  435.58ms
        75%  634.80ms
        90%  798.22ms
        99%    1.29s
        1329 requests in 10.02s, 206.36KB read
        Requests/sec:    132.66
        Transfer/sec:     20.60KB
        [run.sh] Speed is 132.66, duration is 113
        [run.sh] Fix the request number.
        [run.sh] Running the actual test
        [run.sh] /wrk/wrk --timeout 20s -t8 -c64 -d113s -L -s /wrk/fix_req_n.lua http://service0:80/endpoint1
        [run.sh] Checking the resource usage
        NAME                             CPU(cores)   MEMORY(bytes)
        service0-566d797889-8rbsf        82m          29Mi
        service1-6cdf765d59-82w99        138m         29Mi
        service10-cbbb8dbfc-pqhdb        29m          10Mi
        service11-54568896d6-th77j       29m          10Mi
        service12-5cf584967f-2rbzk       30m          10Mi
        service13-68f58c9cd8-9w56k       29m          10Mi
        service14-7967785745-f7c5g       28m          10Mi
        service15-6bdfd6bff4-jp6jd       29m          10Mi
        service16-6f747bd687-b4d2d       28m          10Mi
        service17-59f44847b-nmjvk        27m          10Mi
        service18-6559fc87d9-xsnrq       27m          10Mi
        service19-66d9859ff8-nmj2k       26m          10Mi
        service2-6c5988c757-t7m75        158m         26Mi
        service20-65fb77955d-tpr5j       26m          10Mi
        service21-8467bdb7c7-fbh8f       26m          10Mi
        service22-746c7c984d-8st4b       26m          10Mi
        service23-b68bfb5bc-6cs2s        26m          10Mi
        service24-65774f477d-vdcz8       26m          9Mi
        service25-5f6c5b4c7-zp8kq        25m          10Mi
        service26-64b9fb6768-ghv8s       25m          11Mi
        service27-b4d6dd4c9-ntkmj        25m          10Mi
        service28-755bcc9794-pxwc6       23m          10Mi
        service29-74456db889-ml6cv       23m          10Mi
        service3-696d94f5f9-k729x        52m          27Mi
        service30-7bd8d58d4c-f99mn       23m          10Mi
        service31-6cb77bc68-vg7ph        22m          10Mi
        service32-5fbb6f977c-khbgq       23m          10Mi
        service33-6467d777bb-mvpvw       21m          10Mi
        service34-5c57645695-787h5       21m          10Mi
        service35-d4686476-n4clj         21m          10Mi
        service36-67995d6dd9-4vvwj       21m          10Mi
        service37-5fd5fffcf8-xqdrv       20m          9Mi
        service38-5bc8b8f499-bfpst       20m          9Mi
        service39-79b98d99b8-mjsz9       19m          9Mi
        service4-589d77f469-2vjn4        61m          26Mi
        service40-69675f8976-c4k99       17m          10Mi
        service41-65dd4bbcc9-sldbr       15m          9Mi
        service42-c8ff89787-zt2nn        10m          8Mi
        service5-d6bc7b755-4jfx9         154m         26Mi
        service6-769cc4db77-8gd9b        4m           27Mi
        service7-6459c447dc-ts5gw        37m          8Mi
        service8-6bcd9fd4df-btf6t        48m          8Mi
        service9-8575684787-gmrdf        31m          10Mi
        ubuntu-client-76886f6bbd-z6vbv   6m           5Mi
        Running 2m test @ http://service0:80/endpoint1
        8 threads and 64 connections
        Thread Stats   Avg      Stdev     Max   +/- Stdev
        Latency   427.24ms  242.02ms   2.23s    74.27%
        Req/Sec    20.61     12.98    80.00     79.83%
        Latency Distribution
        50%  381.86ms
        75%  550.57ms
        90%  717.04ms
        99%    1.27s
        10000 requests in 1.88m, 1.52MB read
        Requests/sec:     88.50
        Transfer/sec:     13.74KB
        ------------------------------
        stop time: 66.760235
        stop time: 66.675476
        stop time: 65.023285
        stop time: 66.632785
        stop time: 67.005922
        stop time: 67.088733
        stop time: 66.394475
        stop time: 67.279242
        [run.sh] Test finished with status 0
        > STDERR
        > No resources found in default namespace.
    [exp] Times: [66.760235, 66.675476, 65.023285, 66.632785, 67.005922, 67.088733, 66.394475, 67.279242]
    [exp] Throughput: 150.1332001456675
[test.py] Finished running 0th optmization experiment: groundtruth->150.32755867680163, slowdown->150.1332001456675, predicted->160.364555782473, err->6.676751218484505
[test.py] Running 1th optmization experiment
[test.py] Running 1th groundtruth exp
    [exp] Running (pre_run: False) workload synthetic/large-scale request with the following configuration: {'CLIENT_CPU_QUOTA': '2', 'SLOWPOKE_POKER_BATCH_THRESHOLD': '20000000', 'PROCESSING_TIME_SERVICE0': '8.4e-05', 'PROCESSING_TIME_SERVICE1': '0.00041608', 'PROCESSING_TIME_SERVICE2': '0.00040904', 'PROCESSING_TIME_SERVICE3': '0.00040856', 'PROCESSING_TIME_SERVICE4': '0.00039399', 'PROCESSING_TIME_SERVICE5': '0.00034132', 'PROCESSING_TIME_SERVICE6': '0.00033888', 'PROCESSING_TIME_SERVICE7': '0.00031483', 'PROCESSING_TIME_SERVICE8': '0.00030921', 'PROCESSING_TIME_SERVICE9': '0.00030915', 'PROCESSING_TIME_SERVICE10': '0.00030446', 'PROCESSING_TIME_SERVICE11': '0.00029684', 'PROCESSING_TIME_SERVICE12': '0.00028793', 'PROCESSING_TIME_SERVICE13': '0.00027964', 'PROCESSING_TIME_SERVICE14': '0.00027242', 'PROCESSING_TIME_SERVICE15': '0.0002701', 'PROCESSING_TIME_SERVICE16': '0.00024938', 'PROCESSING_TIME_SERVICE17': '0.00024532', 'PROCESSING_TIME_SERVICE18': '0.00024495', 'PROCESSING_TIME_SERVICE19': '0.00024084', 'PROCESSING_TIME_SERVICE20': '0.00023737', 'PROCESSING_TIME_SERVICE21': '0.00023498', 'PROCESSING_TIME_SERVICE22': '0.00023121', 'PROCESSING_TIME_SERVICE23': '0.00022884', 'PROCESSING_TIME_SERVICE24': '0.00022859', 'PROCESSING_TIME_SERVICE25': '0.00021986', 'PROCESSING_TIME_SERVICE26': '0.00021502', 'PROCESSING_TIME_SERVICE27': '0.00020254', 'PROCESSING_TIME_SERVICE28': '0.00018378', 'PROCESSING_TIME_SERVICE29': '0.00018316', 'PROCESSING_TIME_SERVICE30': '0.00017924', 'PROCESSING_TIME_SERVICE31': '0.00016948', 'PROCESSING_TIME_SERVICE32': '0.00016482', 'PROCESSING_TIME_SERVICE33': '0.00015993', 'PROCESSING_TIME_SERVICE34': '0.00014365', 'PROCESSING_TIME_SERVICE35': '0.00014002', 'PROCESSING_TIME_SERVICE36': '0.00013758', 'PROCESSING_TIME_SERVICE37': '0.00012354', 'PROCESSING_TIME_SERVICE38': '0.00012228', 'PROCESSING_TIME_SERVICE39': '0.00011115', 'PROCESSING_TIME_SERVICE40': '8.455e-05', 'PROCESSING_TIME_SERVICE41': '4.507e-05', 'PROCESSING_TIME_SERVICE42': '1.5e-06', 'SLOWPOKE_DELAY_MICROS_SERVICE0': '0.0', 'SLOWPOKE_POKER_BATCH_THRESHOLD_SERVICE0': '100', 'SLOWPOKE_IS_TARGET_SERVICE_SERVICE0': 'true', 'SLOWPOKE_DELAY_MICROS_SERVICE1': '0.0', 'SLOWPOKE_POKER_BATCH_THRESHOLD_SERVICE1': '100', 'SLOWPOKE_IS_TARGET_SERVICE_SERVICE1': 'false', 'SLOWPOKE_DELAY_MICROS_SERVICE2': '0.0', 'SLOWPOKE_POKER_BATCH_THRESHOLD_SERVICE2': '100', 'SLOWPOKE_IS_TARGET_SERVICE_SERVICE2': 'false', 'SLOWPOKE_DELAY_MICROS_SERVICE3': '0.0', 'SLOWPOKE_POKER_BATCH_THRESHOLD_SERVICE3': '100', 'SLOWPOKE_IS_TARGET_SERVICE_SERVICE3': 'false', 'SLOWPOKE_DELAY_MICROS_SERVICE4': '0.0', 'SLOWPOKE_POKER_BATCH_THRESHOLD_SERVICE4': '100', 'SLOWPOKE_IS_TARGET_SERVICE_SERVICE4': 'false', 'SLOWPOKE_DELAY_MICROS_SERVICE5': '0.0', 'SLOWPOKE_POKER_BATCH_THRESHOLD_SERVICE5': '100', 'SLOWPOKE_IS_TARGET_SERVICE_SERVICE5': 'false', 'SLOWPOKE_DELAY_MICROS_SERVICE6': '0.0', 'SLOWPOKE_POKER_BATCH_THRESHOLD_SERVICE6': '100', 'SLOWPOKE_IS_TARGET_SERVICE_SERVICE6': 'false', 'SLOWPOKE_DELAY_MICROS_SERVICE7': '0.0', 'SLOWPOKE_POKER_BATCH_THRESHOLD_SERVICE7': '100', 'SLOWPOKE_IS_TARGET_SERVICE_SERVICE7': 'false', 'SLOWPOKE_DELAY_MICROS_SERVICE8': '0.0', 'SLOWPOKE_POKER_BATCH_THRESHOLD_SERVICE8': '100', 'SLOWPOKE_IS_TARGET_SERVICE_SERVICE8': 'false', 'SLOWPOKE_DELAY_MICROS_SERVICE9': '0.0', 'SLOWPOKE_POKER_BATCH_THRESHOLD_SERVICE9': '100', 'SLOWPOKE_IS_TARGET_SERVICE_SERVICE9': 'false', 'SLOWPOKE_DELAY_MICROS_SERVICE10': '0.0', 'SLOWPOKE_POKER_BATCH_THRESHOLD_SERVICE10': '100', 'SLOWPOKE_IS_TARGET_SERVICE_SERVICE10': 'false', 'SLOWPOKE_DELAY_MICROS_SERVICE11': '0.0', 'SLOWPOKE_POKER_BATCH_THRESHOLD_SERVICE11': '100', 'SLOWPOKE_IS_TARGET_SERVICE_SERVICE11': 'false', 'SLOWPOKE_DELAY_MICROS_SERVICE12': '0.0', 'SLOWPOKE_POKER_BATCH_THRESHOLD_SERVICE12': '100', 'SLOWPOKE_IS_TARGET_SERVICE_SERVICE12': 'false', 'SLOWPOKE_DELAY_MICROS_SERVICE13': '0.0', 'SLOWPOKE_POKER_BATCH_THRESHOLD_SERVICE13': '100', 'SLOWPOKE_IS_TARGET_SERVICE_SERVICE13': 'false', 'SLOWPOKE_DELAY_MICROS_SERVICE14': '0.0', 'SLOWPOKE_POKER_BATCH_THRESHOLD_SERVICE14': '100', 'SLOWPOKE_IS_TARGET_SERVICE_SERVICE14': 'false', 'SLOWPOKE_DELAY_MICROS_SERVICE15': '0.0', 'SLOWPOKE_POKER_BATCH_THRESHOLD_SERVICE15': '100', 'SLOWPOKE_IS_TARGET_SERVICE_SERVICE15': 'false', 'SLOWPOKE_DELAY_MICROS_SERVICE16': '0.0', 'SLOWPOKE_POKER_BATCH_THRESHOLD_SERVICE16': '100', 'SLOWPOKE_IS_TARGET_SERVICE_SERVICE16': 'false', 'SLOWPOKE_DELAY_MICROS_SERVICE17': '0.0', 'SLOWPOKE_POKER_BATCH_THRESHOLD_SERVICE17': '100', 'SLOWPOKE_IS_TARGET_SERVICE_SERVICE17': 'false', 'SLOWPOKE_DELAY_MICROS_SERVICE18': '0.0', 'SLOWPOKE_POKER_BATCH_THRESHOLD_SERVICE18': '100', 'SLOWPOKE_IS_TARGET_SERVICE_SERVICE18': 'false', 'SLOWPOKE_DELAY_MICROS_SERVICE19': '0.0', 'SLOWPOKE_POKER_BATCH_THRESHOLD_SERVICE19': '100', 'SLOWPOKE_IS_TARGET_SERVICE_SERVICE19': 'false', 'SLOWPOKE_DELAY_MICROS_SERVICE20': '0.0', 'SLOWPOKE_POKER_BATCH_THRESHOLD_SERVICE20': '100', 'SLOWPOKE_IS_TARGET_SERVICE_SERVICE20': 'false', 'SLOWPOKE_DELAY_MICROS_SERVICE21': '0.0', 'SLOWPOKE_POKER_BATCH_THRESHOLD_SERVICE21': '100', 'SLOWPOKE_IS_TARGET_SERVICE_SERVICE21': 'false', 'SLOWPOKE_DELAY_MICROS_SERVICE22': '0.0', 'SLOWPOKE_POKER_BATCH_THRESHOLD_SERVICE22': '100', 'SLOWPOKE_IS_TARGET_SERVICE_SERVICE22': 'false', 'SLOWPOKE_DELAY_MICROS_SERVICE23': '0.0', 'SLOWPOKE_POKER_BATCH_THRESHOLD_SERVICE23': '100', 'SLOWPOKE_IS_TARGET_SERVICE_SERVICE23': 'false', 'SLOWPOKE_DELAY_MICROS_SERVICE24': '0.0', 'SLOWPOKE_POKER_BATCH_THRESHOLD_SERVICE24': '100', 'SLOWPOKE_IS_TARGET_SERVICE_SERVICE24': 'false', 'SLOWPOKE_DELAY_MICROS_SERVICE25': '0.0', 'SLOWPOKE_POKER_BATCH_THRESHOLD_SERVICE25': '100', 'SLOWPOKE_IS_TARGET_SERVICE_SERVICE25': 'false', 'SLOWPOKE_DELAY_MICROS_SERVICE26': '0.0', 'SLOWPOKE_POKER_BATCH_THRESHOLD_SERVICE26': '100', 'SLOWPOKE_IS_TARGET_SERVICE_SERVICE26': 'false', 'SLOWPOKE_DELAY_MICROS_SERVICE27': '0.0', 'SLOWPOKE_POKER_BATCH_THRESHOLD_SERVICE27': '100', 'SLOWPOKE_IS_TARGET_SERVICE_SERVICE27': 'false', 'SLOWPOKE_DELAY_MICROS_SERVICE28': '0.0', 'SLOWPOKE_POKER_BATCH_THRESHOLD_SERVICE28': '100', 'SLOWPOKE_IS_TARGET_SERVICE_SERVICE28': 'false', 'SLOWPOKE_DELAY_MICROS_SERVICE29': '0.0', 'SLOWPOKE_POKER_BATCH_THRESHOLD_SERVICE29': '100', 'SLOWPOKE_IS_TARGET_SERVICE_SERVICE29': 'false', 'SLOWPOKE_DELAY_MICROS_SERVICE30': '0.0', 'SLOWPOKE_POKER_BATCH_THRESHOLD_SERVICE30': '100', 'SLOWPOKE_IS_TARGET_SERVICE_SERVICE30': 'false', 'SLOWPOKE_DELAY_MICROS_SERVICE31': '0.0', 'SLOWPOKE_POKER_BATCH_THRESHOLD_SERVICE31': '100', 'SLOWPOKE_IS_TARGET_SERVICE_SERVICE31': 'false', 'SLOWPOKE_DELAY_MICROS_SERVICE32': '0.0', 'SLOWPOKE_POKER_BATCH_THRESHOLD_SERVICE32': '100', 'SLOWPOKE_IS_TARGET_SERVICE_SERVICE32': 'false', 'SLOWPOKE_DELAY_MICROS_SERVICE33': '0.0', 'SLOWPOKE_POKER_BATCH_THRESHOLD_SERVICE33': '100', 'SLOWPOKE_IS_TARGET_SERVICE_SERVICE33': 'false', 'SLOWPOKE_DELAY_MICROS_SERVICE34': '0.0', 'SLOWPOKE_POKER_BATCH_THRESHOLD_SERVICE34': '100', 'SLOWPOKE_IS_TARGET_SERVICE_SERVICE34': 'false', 'SLOWPOKE_DELAY_MICROS_SERVICE35': '0.0', 'SLOWPOKE_POKER_BATCH_THRESHOLD_SERVICE35': '100', 'SLOWPOKE_IS_TARGET_SERVICE_SERVICE35': 'false', 'SLOWPOKE_DELAY_MICROS_SERVICE36': '0.0', 'SLOWPOKE_POKER_BATCH_THRESHOLD_SERVICE36': '100', 'SLOWPOKE_IS_TARGET_SERVICE_SERVICE36': 'false', 'SLOWPOKE_DELAY_MICROS_SERVICE37': '0.0', 'SLOWPOKE_POKER_BATCH_THRESHOLD_SERVICE37': '100', 'SLOWPOKE_IS_TARGET_SERVICE_SERVICE37': 'false', 'SLOWPOKE_DELAY_MICROS_SERVICE38': '0.0', 'SLOWPOKE_POKER_BATCH_THRESHOLD_SERVICE38': '100', 'SLOWPOKE_IS_TARGET_SERVICE_SERVICE38': 'false', 'SLOWPOKE_DELAY_MICROS_SERVICE39': '0.0', 'SLOWPOKE_POKER_BATCH_THRESHOLD_SERVICE39': '100', 'SLOWPOKE_IS_TARGET_SERVICE_SERVICE39': 'false', 'SLOWPOKE_DELAY_MICROS_SERVICE40': '0.0', 'SLOWPOKE_POKER_BATCH_THRESHOLD_SERVICE40': '100', 'SLOWPOKE_IS_TARGET_SERVICE_SERVICE40': 'false', 'SLOWPOKE_DELAY_MICROS_SERVICE41': '0.0', 'SLOWPOKE_POKER_BATCH_THRESHOLD_SERVICE41': '100', 'SLOWPOKE_IS_TARGET_SERVICE_SERVICE41': 'false', 'SLOWPOKE_DELAY_MICROS_SERVICE42': '0.0', 'SLOWPOKE_POKER_BATCH_THRESHOLD_SERVICE42': '100', 'SLOWPOKE_IS_TARGET_SERVICE_SERVICE42': 'false'}
    [exp] Executing cmd `bash run.sh synthetic large-scale 8 64 10000`:
        [run.sh] Running benchmark synthetic with request large-scale, thread 8, conn 64, duration 60
        [run.sh] Deleting all services
        configmap "config-service0" deleted
        deployment.apps "service0" deleted
        service "service0" deleted
        configmap "config-service1" deleted
        deployment.apps "service1" deleted
        service "service1" deleted
        configmap "config-service10" deleted
        deployment.apps "service10" deleted
        service "service10" deleted
        configmap "config-service11" deleted
        deployment.apps "service11" deleted
        service "service11" deleted
        configmap "config-service12" deleted
        deployment.apps "service12" deleted
        service "service12" deleted
        configmap "config-service13" deleted
        deployment.apps "service13" deleted
        service "service13" deleted
        configmap "config-service14" deleted
        deployment.apps "service14" deleted
        service "service14" deleted
        configmap "config-service15" deleted
        deployment.apps "service15" deleted
        service "service15" deleted
        configmap "config-service16" deleted
        deployment.apps "service16" deleted
        service "service16" deleted
        configmap "config-service17" deleted
        deployment.apps "service17" deleted
        service "service17" deleted
        configmap "config-service18" deleted
        deployment.apps "service18" deleted
        service "service18" deleted
        configmap "config-service19" deleted
        deployment.apps "service19" deleted
        service "service19" deleted
        configmap "config-service2" deleted
        deployment.apps "service2" deleted
        service "service2" deleted
        configmap "config-service20" deleted
        deployment.apps "service20" deleted
        service "service20" deleted
        configmap "config-service21" deleted
        deployment.apps "service21" deleted
        service "service21" deleted
        configmap "config-service22" deleted
        deployment.apps "service22" deleted
        service "service22" deleted
        configmap "config-service23" deleted
        deployment.apps "service23" deleted
        service "service23" deleted
        configmap "config-service24" deleted
        deployment.apps "service24" deleted
        service "service24" deleted
        configmap "config-service25" deleted
        deployment.apps "service25" deleted
        service "service25" deleted
        configmap "config-service26" deleted
        deployment.apps "service26" deleted
        service "service26" deleted
        configmap "config-service27" deleted
        deployment.apps "service27" deleted
        service "service27" deleted
        configmap "config-service28" deleted
        deployment.apps "service28" deleted
        service "service28" deleted
        configmap "config-service29" deleted
        deployment.apps "service29" deleted
        service "service29" deleted
        configmap "config-service3" deleted
        deployment.apps "service3" deleted
        service "service3" deleted
        configmap "config-service30" deleted
        deployment.apps "service30" deleted
        service "service30" deleted
        configmap "config-service31" deleted
        deployment.apps "service31" deleted
        service "service31" deleted
        configmap "config-service32" deleted
        deployment.apps "service32" deleted
        service "service32" deleted
        configmap "config-service33" deleted
        deployment.apps "service33" deleted
        service "service33" deleted
        configmap "config-service34" deleted
        deployment.apps "service34" deleted
        service "service34" deleted
        configmap "config-service35" deleted
        deployment.apps "service35" deleted
        service "service35" deleted
        configmap "config-service36" deleted
        deployment.apps "service36" deleted
        service "service36" deleted
        configmap "config-service37" deleted
        deployment.apps "service37" deleted
        service "service37" deleted
        configmap "config-service38" deleted
        deployment.apps "service38" deleted
        service "service38" deleted
        configmap "config-service39" deleted
        deployment.apps "service39" deleted
        service "service39" deleted
        configmap "config-service4" deleted
        deployment.apps "service4" deleted
        service "service4" deleted
        configmap "config-service40" deleted
        deployment.apps "service40" deleted
        service "service40" deleted
        configmap "config-service41" deleted
        deployment.apps "service41" deleted
        service "service41" deleted
        configmap "config-service42" deleted
        deployment.apps "service42" deleted
        service "service42" deleted
        configmap "config-service5" deleted
        deployment.apps "service5" deleted
        service "service5" deleted
        configmap "config-service6" deleted
        deployment.apps "service6" deleted
        service "service6" deleted
        configmap "config-service7" deleted
        deployment.apps "service7" deleted
        service "service7" deleted
        configmap "config-service8" deleted
        deployment.apps "service8" deleted
        service "service8" deleted
        configmap "config-service9" deleted
        deployment.apps "service9" deleted
        service "service9" deleted
        deployment.apps "ubuntu-client" deleted
        [run.sh] Waiting for all pods to be deleted
        [run.sh] Deploying all services
        configmap/config-service0 created
        deployment.apps/service0 created
        service/service0 created
        configmap/config-service1 created
        deployment.apps/service1 created
        service/service1 created
        configmap/config-service10 created
        deployment.apps/service10 created
        service/service10 created
        configmap/config-service11 created
        deployment.apps/service11 created
        service/service11 created
        configmap/config-service12 created
        deployment.apps/service12 created
        service/service12 created
        configmap/config-service13 created
        deployment.apps/service13 created
        service/service13 created
        configmap/config-service14 created
        deployment.apps/service14 created
        service/service14 created
        configmap/config-service15 created
        deployment.apps/service15 created
        service/service15 created
        configmap/config-service16 created
        deployment.apps/service16 created
        service/service16 created
        configmap/config-service17 created
        deployment.apps/service17 created
        service/service17 created
        configmap/config-service18 created
        deployment.apps/service18 created
        service/service18 created
        configmap/config-service19 created
        deployment.apps/service19 created
        service/service19 created
        configmap/config-service2 created
        deployment.apps/service2 created
        service/service2 created
        configmap/config-service20 created
        deployment.apps/service20 created
        service/service20 created
        configmap/config-service21 created
        deployment.apps/service21 created
        service/service21 created
        configmap/config-service22 created
        deployment.apps/service22 created
        service/service22 created
        configmap/config-service23 created
        deployment.apps/service23 created
        service/service23 created
        configmap/config-service24 created
        deployment.apps/service24 created
        service/service24 created
        configmap/config-service25 created
        deployment.apps/service25 created
        service/service25 created
        configmap/config-service26 created
        deployment.apps/service26 created
        service/service26 created
        configmap/config-service27 created
        deployment.apps/service27 created
        service/service27 created
        configmap/config-service28 created
        deployment.apps/service28 created
        service/service28 created
        configmap/config-service29 created
        deployment.apps/service29 created
        service/service29 created
        configmap/config-service3 created
        deployment.apps/service3 created
        service/service3 created
        configmap/config-service30 created
        deployment.apps/service30 created
        service/service30 created
        configmap/config-service31 created
        deployment.apps/service31 created
        service/service31 created
        configmap/config-service32 created
        deployment.apps/service32 created
        service/service32 created
        configmap/config-service33 created
        deployment.apps/service33 created
        service/service33 created
        configmap/config-service34 created
        deployment.apps/service34 created
        service/service34 created
        configmap/config-service35 created
        deployment.apps/service35 created
        service/service35 created
        configmap/config-service36 created
        deployment.apps/service36 created
        service/service36 created
        configmap/config-service37 created
        deployment.apps/service37 created
        service/service37 created
        configmap/config-service38 created
        deployment.apps/service38 created
        service/service38 created
        configmap/config-service39 created
        deployment.apps/service39 created
        service/service39 created
        configmap/config-service4 created
        deployment.apps/service4 created
        service/service4 created
        configmap/config-service40 created
        deployment.apps/service40 created
        service/service40 created
        configmap/config-service41 created
        deployment.apps/service41 created
        service/service41 created
        configmap/config-service42 created
        deployment.apps/service42 created
        service/service42 created
        configmap/config-service5 created
        deployment.apps/service5 created
        service/service5 created
        configmap/config-service6 created
        deployment.apps/service6 created
        service/service6 created
        configmap/config-service7 created
        deployment.apps/service7 created
        service/service7 created
        configmap/config-service8 created
        deployment.apps/service8 created
        service/service8 created
        configmap/config-service9 created
        deployment.apps/service9 created
        service/service9 created
        [run.sh] Client pod not found, deploying client
        deployment.apps/ubuntu-client created
        [run.sh] Waiting for all pods to be running
        [run.sh] All pods are running
        [run.sh] Running warmup test
        [run.sh] /wrk/wrk -t8 -c64 --timeout 10s -d10s -L http://service0:80/endpoint1
        Running 10s test @ http://service0:80/endpoint1
        8 threads and 64 connections
        Thread Stats   Avg      Stdev     Max   +/- Stdev
        Latency   901.13ms  950.82ms   4.28s    83.76%
        Req/Sec    18.65     10.28    50.00     71.03%
        Latency Distribution
        50%  489.41ms
        75%    1.01s
        90%    2.64s
        99%    3.68s
        965 requests in 10.02s, 149.84KB read
        Requests/sec:     96.32
        Transfer/sec:     14.96KB
        [run.sh] Speed is 96.32, duration is 155
        [run.sh] Fix the request number.
        [run.sh] Running the actual test
        [run.sh] /wrk/wrk --timeout 20s -t8 -c64 -d155s -L -s /wrk/fix_req_n.lua http://service0:80/endpoint1
        [run.sh] Checking the resource usage
        NAME                             CPU(cores)   MEMORY(bytes)
        service0-566d797889-nzfvz        182m         28Mi
        service1-58c95cb96-849nt         209m         27Mi
        service10-779f75db9b-gzlsm       66m          11Mi
        service11-77694fd499-vbgfc       66m          10Mi
        service12-6447457dc8-57phn       63m          11Mi
        service13-5c69f55c57-k4pfz       63m          10Mi
        service14-797f758f8d-bbpjk       60m          10Mi
        service15-5c6b49dff-xb6tk        61m          10Mi
        service16-65bcd889bb-2nfh9       60m          10Mi
        service17-79bdf7c489-9w5jf       58m          10Mi
        service18-74f94764c6-bgjsk       58m          10Mi
        service19-688657cfff-md9cd       57m          10Mi
        service2-5d59c5bd5d-v2c6d        221m         27Mi
        service20-5f7ddcb587-nhnst       58m          10Mi
        service21-7c46b45c64-stdg6       57m          10Mi
        service22-65dbcdbf85-l6fnr       58m          10Mi
        service23-57bd5f778-m264p        58m          10Mi
        service24-65c5d55855-fdszs       58m          10Mi
        service25-6478854456-qhm8z       56m          10Mi
        service26-7f84bd9597-pwg52       56m          10Mi
        service27-5b7f877d5d-q2mxz       54m          10Mi
        service28-5b86874899-bkskx       53m          10Mi
        service29-9cd757cf6-tmjhz        53m          10Mi
        service3-564487d7d8-n9ggj        262m         26Mi
        service30-64595bbffd-q5cx5       52m          10Mi
        service31-566f99bb5c-8kv5c       51m          10Mi
        service32-7ccf7d4d7b-vvj4j       51m          10Mi
        service33-b75d875f5-2px89        49m          10Mi
        service34-5dd485f758-7b4gc       48m          10Mi
        service35-7f9587457-thd5d        46m          10Mi
        service36-6b8dccfd4d-clq4l       46m          9Mi
        service37-666cbff6bc-z2bk8       44m          10Mi
        service38-6468b7674-v8mzl        45m          9Mi
        service39-7557f4fddf-mh7l7       43m          10Mi
        service4-5f75c4bf98-xkbhb        241m         26Mi
        service40-84d95c8665-jxq7h       39m          10Mi
        service41-997449d5d-r8cbx        33m          9Mi
        service42-6c5db85bd-586jd        27m          9Mi
        service5-ffd8ccc6-l9hb4          212m         25Mi
        service6-6b89db49b6-bfddx        234m         24Mi
        service7-845b5b8588-wf64q        80m          8Mi
        service8-7c9f97fd46-2n5q6        66m          8Mi
        service9-7cb9cf658d-slsv8        66m          11Mi
        ubuntu-client-76886f6bbd-tb4fc   12m          8Mi
        Running 3m test @ http://service0:80/endpoint1
        8 threads and 64 connections
        Thread Stats   Avg      Stdev     Max   +/- Stdev
        Latency   429.92ms  296.69ms   2.63s    79.13%
        Req/Sec    19.87     10.48    60.00     86.80%
        Latency Distribution
        50%  355.86ms
        75%  531.91ms
        90%  805.42ms
        99%    1.53s
        10000 requests in 2.58m, 1.52MB read
        Requests/sec:     64.52
        Transfer/sec:     10.02KB
        ------------------------------
        stop time: 67.373614
        stop time: 67.281447
        stop time: 66.703082
        stop time: 67.409985
        stop time: 67.316925
        stop time: 66.898380
        stop time: 67.248701
        stop time: 67.296810
        [run.sh] Test finished with status 0
        > STDERR
        > No resources found in default namespace.
    [exp] Times: [67.373614, 67.281447, 66.703082, 67.409985, 67.316925, 66.89838, 67.248701, 67.29681]
    [exp] Throughput: 148.82919495401165
[test.py] Running 1th slowdown exp
    [exp] Running (pre_run: False) workload synthetic/large-scale request with the following configuration: {'CLIENT_CPU_QUOTA': '2', 'SLOWPOKE_POKER_BATCH_THRESHOLD': '20000000', 'PROCESSING_TIME_SERVICE0': '0.00084992', 'PROCESSING_TIME_SERVICE1': '0.00041608', 'PROCESSING_TIME_SERVICE2': '0.00040904', 'PROCESSING_TIME_SERVICE3': '0.00040856', 'PROCESSING_TIME_SERVICE4': '0.00039399', 'PROCESSING_TIME_SERVICE5': '0.00034132', 'PROCESSING_TIME_SERVICE6': '0.00033888', 'PROCESSING_TIME_SERVICE7': '0.00031483', 'PROCESSING_TIME_SERVICE8': '0.00030921', 'PROCESSING_TIME_SERVICE9': '0.00030915', 'PROCESSING_TIME_SERVICE10': '0.00030446', 'PROCESSING_TIME_SERVICE11': '0.00029684', 'PROCESSING_TIME_SERVICE12': '0.00028793', 'PROCESSING_TIME_SERVICE13': '0.00027964', 'PROCESSING_TIME_SERVICE14': '0.00027242', 'PROCESSING_TIME_SERVICE15': '0.0002701', 'PROCESSING_TIME_SERVICE16': '0.00024938', 'PROCESSING_TIME_SERVICE17': '0.00024532', 'PROCESSING_TIME_SERVICE18': '0.00024495', 'PROCESSING_TIME_SERVICE19': '0.00024084', 'PROCESSING_TIME_SERVICE20': '0.00023737', 'PROCESSING_TIME_SERVICE21': '0.00023498', 'PROCESSING_TIME_SERVICE22': '0.00023121', 'PROCESSING_TIME_SERVICE23': '0.00022884', 'PROCESSING_TIME_SERVICE24': '0.00022859', 'PROCESSING_TIME_SERVICE25': '0.00021986', 'PROCESSING_TIME_SERVICE26': '0.00021502', 'PROCESSING_TIME_SERVICE27': '0.00020254', 'PROCESSING_TIME_SERVICE28': '0.00018378', 'PROCESSING_TIME_SERVICE29': '0.00018316', 'PROCESSING_TIME_SERVICE30': '0.00017924', 'PROCESSING_TIME_SERVICE31': '0.00016948', 'PROCESSING_TIME_SERVICE32': '0.00016482', 'PROCESSING_TIME_SERVICE33': '0.00015993', 'PROCESSING_TIME_SERVICE34': '0.00014365', 'PROCESSING_TIME_SERVICE35': '0.00014002', 'PROCESSING_TIME_SERVICE36': '0.00013758', 'PROCESSING_TIME_SERVICE37': '0.00012354', 'PROCESSING_TIME_SERVICE38': '0.00012228', 'PROCESSING_TIME_SERVICE39': '0.00011115', 'PROCESSING_TIME_SERVICE40': '8.455e-05', 'PROCESSING_TIME_SERVICE41': '4.507e-05', 'PROCESSING_TIME_SERVICE42': '1.5e-06', 'SLOWPOKE_DELAY_MICROS_SERVICE0': '0.0', 'SLOWPOKE_POKER_BATCH_THRESHOLD_SERVICE0': '100', 'SLOWPOKE_IS_TARGET_SERVICE_SERVICE0': 'true', 'SLOWPOKE_DELAY_MICROS_SERVICE1': '382.5', 'SLOWPOKE_POKER_BATCH_THRESHOLD_SERVICE1': '100', 'SLOWPOKE_IS_TARGET_SERVICE_SERVICE1': 'false', 'SLOWPOKE_DELAY_MICROS_SERVICE2': '382.5', 'SLOWPOKE_POKER_BATCH_THRESHOLD_SERVICE2': '100', 'SLOWPOKE_IS_TARGET_SERVICE_SERVICE2': 'false', 'SLOWPOKE_DELAY_MICROS_SERVICE3': '382.5', 'SLOWPOKE_POKER_BATCH_THRESHOLD_SERVICE3': '100', 'SLOWPOKE_IS_TARGET_SERVICE_SERVICE3': 'false', 'SLOWPOKE_DELAY_MICROS_SERVICE4': '382.5', 'SLOWPOKE_POKER_BATCH_THRESHOLD_SERVICE4': '100', 'SLOWPOKE_IS_TARGET_SERVICE_SERVICE4': 'false', 'SLOWPOKE_DELAY_MICROS_SERVICE5': '382.5', 'SLOWPOKE_POKER_BATCH_THRESHOLD_SERVICE5': '100', 'SLOWPOKE_IS_TARGET_SERVICE_SERVICE5': 'false', 'SLOWPOKE_DELAY_MICROS_SERVICE6': '382.5', 'SLOWPOKE_POKER_BATCH_THRESHOLD_SERVICE6': '100', 'SLOWPOKE_IS_TARGET_SERVICE_SERVICE6': 'false', 'SLOWPOKE_DELAY_MICROS_SERVICE7': '382.5', 'SLOWPOKE_POKER_BATCH_THRESHOLD_SERVICE7': '100', 'SLOWPOKE_IS_TARGET_SERVICE_SERVICE7': 'false', 'SLOWPOKE_DELAY_MICROS_SERVICE8': '382.5', 'SLOWPOKE_POKER_BATCH_THRESHOLD_SERVICE8': '100', 'SLOWPOKE_IS_TARGET_SERVICE_SERVICE8': 'false', 'SLOWPOKE_DELAY_MICROS_SERVICE9': '382.5', 'SLOWPOKE_POKER_BATCH_THRESHOLD_SERVICE9': '100', 'SLOWPOKE_IS_TARGET_SERVICE_SERVICE9': 'false', 'SLOWPOKE_DELAY_MICROS_SERVICE10': '382.5', 'SLOWPOKE_POKER_BATCH_THRESHOLD_SERVICE10': '100', 'SLOWPOKE_IS_TARGET_SERVICE_SERVICE10': 'false', 'SLOWPOKE_DELAY_MICROS_SERVICE11': '382.5', 'SLOWPOKE_POKER_BATCH_THRESHOLD_SERVICE11': '100', 'SLOWPOKE_IS_TARGET_SERVICE_SERVICE11': 'false', 'SLOWPOKE_DELAY_MICROS_SERVICE12': '382.5', 'SLOWPOKE_POKER_BATCH_THRESHOLD_SERVICE12': '100', 'SLOWPOKE_IS_TARGET_SERVICE_SERVICE12': 'false', 'SLOWPOKE_DELAY_MICROS_SERVICE13': '382.5', 'SLOWPOKE_POKER_BATCH_THRESHOLD_SERVICE13': '100', 'SLOWPOKE_IS_TARGET_SERVICE_SERVICE13': 'false', 'SLOWPOKE_DELAY_MICROS_SERVICE14': '382.5', 'SLOWPOKE_POKER_BATCH_THRESHOLD_SERVICE14': '100', 'SLOWPOKE_IS_TARGET_SERVICE_SERVICE14': 'false', 'SLOWPOKE_DELAY_MICROS_SERVICE15': '382.5', 'SLOWPOKE_POKER_BATCH_THRESHOLD_SERVICE15': '100', 'SLOWPOKE_IS_TARGET_SERVICE_SERVICE15': 'false', 'SLOWPOKE_DELAY_MICROS_SERVICE16': '382.5', 'SLOWPOKE_POKER_BATCH_THRESHOLD_SERVICE16': '100', 'SLOWPOKE_IS_TARGET_SERVICE_SERVICE16': 'false', 'SLOWPOKE_DELAY_MICROS_SERVICE17': '382.5', 'SLOWPOKE_POKER_BATCH_THRESHOLD_SERVICE17': '100', 'SLOWPOKE_IS_TARGET_SERVICE_SERVICE17': 'false', 'SLOWPOKE_DELAY_MICROS_SERVICE18': '382.5', 'SLOWPOKE_POKER_BATCH_THRESHOLD_SERVICE18': '100', 'SLOWPOKE_IS_TARGET_SERVICE_SERVICE18': 'false', 'SLOWPOKE_DELAY_MICROS_SERVICE19': '382.5', 'SLOWPOKE_POKER_BATCH_THRESHOLD_SERVICE19': '100', 'SLOWPOKE_IS_TARGET_SERVICE_SERVICE19': 'false', 'SLOWPOKE_DELAY_MICROS_SERVICE20': '382.5', 'SLOWPOKE_POKER_BATCH_THRESHOLD_SERVICE20': '100', 'SLOWPOKE_IS_TARGET_SERVICE_SERVICE20': 'false', 'SLOWPOKE_DELAY_MICROS_SERVICE21': '382.5', 'SLOWPOKE_POKER_BATCH_THRESHOLD_SERVICE21': '100', 'SLOWPOKE_IS_TARGET_SERVICE_SERVICE21': 'false', 'SLOWPOKE_DELAY_MICROS_SERVICE22': '382.5', 'SLOWPOKE_POKER_BATCH_THRESHOLD_SERVICE22': '100', 'SLOWPOKE_IS_TARGET_SERVICE_SERVICE22': 'false', 'SLOWPOKE_DELAY_MICROS_SERVICE23': '382.5', 'SLOWPOKE_POKER_BATCH_THRESHOLD_SERVICE23': '100', 'SLOWPOKE_IS_TARGET_SERVICE_SERVICE23': 'false', 'SLOWPOKE_DELAY_MICROS_SERVICE24': '382.5', 'SLOWPOKE_POKER_BATCH_THRESHOLD_SERVICE24': '100', 'SLOWPOKE_IS_TARGET_SERVICE_SERVICE24': 'false', 'SLOWPOKE_DELAY_MICROS_SERVICE25': '382.5', 'SLOWPOKE_POKER_BATCH_THRESHOLD_SERVICE25': '100', 'SLOWPOKE_IS_TARGET_SERVICE_SERVICE25': 'false', 'SLOWPOKE_DELAY_MICROS_SERVICE26': '382.5', 'SLOWPOKE_POKER_BATCH_THRESHOLD_SERVICE26': '100', 'SLOWPOKE_IS_TARGET_SERVICE_SERVICE26': 'false', 'SLOWPOKE_DELAY_MICROS_SERVICE27': '382.5', 'SLOWPOKE_POKER_BATCH_THRESHOLD_SERVICE27': '100', 'SLOWPOKE_IS_TARGET_SERVICE_SERVICE27': 'false', 'SLOWPOKE_DELAY_MICROS_SERVICE28': '382.5', 'SLOWPOKE_POKER_BATCH_THRESHOLD_SERVICE28': '100', 'SLOWPOKE_IS_TARGET_SERVICE_SERVICE28': 'false', 'SLOWPOKE_DELAY_MICROS_SERVICE29': '382.5', 'SLOWPOKE_POKER_BATCH_THRESHOLD_SERVICE29': '100', 'SLOWPOKE_IS_TARGET_SERVICE_SERVICE29': 'false', 'SLOWPOKE_DELAY_MICROS_SERVICE30': '382.5', 'SLOWPOKE_POKER_BATCH_THRESHOLD_SERVICE30': '100', 'SLOWPOKE_IS_TARGET_SERVICE_SERVICE30': 'false', 'SLOWPOKE_DELAY_MICROS_SERVICE31': '382.5', 'SLOWPOKE_POKER_BATCH_THRESHOLD_SERVICE31': '100', 'SLOWPOKE_IS_TARGET_SERVICE_SERVICE31': 'false', 'SLOWPOKE_DELAY_MICROS_SERVICE32': '382.5', 'SLOWPOKE_POKER_BATCH_THRESHOLD_SERVICE32': '100', 'SLOWPOKE_IS_TARGET_SERVICE_SERVICE32': 'false', 'SLOWPOKE_DELAY_MICROS_SERVICE33': '382.5', 'SLOWPOKE_POKER_BATCH_THRESHOLD_SERVICE33': '100', 'SLOWPOKE_IS_TARGET_SERVICE_SERVICE33': 'false', 'SLOWPOKE_DELAY_MICROS_SERVICE34': '382.5', 'SLOWPOKE_POKER_BATCH_THRESHOLD_SERVICE34': '100', 'SLOWPOKE_IS_TARGET_SERVICE_SERVICE34': 'false', 'SLOWPOKE_DELAY_MICROS_SERVICE35': '382.5', 'SLOWPOKE_POKER_BATCH_THRESHOLD_SERVICE35': '100', 'SLOWPOKE_IS_TARGET_SERVICE_SERVICE35': 'false', 'SLOWPOKE_DELAY_MICROS_SERVICE36': '382.5', 'SLOWPOKE_POKER_BATCH_THRESHOLD_SERVICE36': '100', 'SLOWPOKE_IS_TARGET_SERVICE_SERVICE36': 'false', 'SLOWPOKE_DELAY_MICROS_SERVICE37': '382.5', 'SLOWPOKE_POKER_BATCH_THRESHOLD_SERVICE37': '100', 'SLOWPOKE_IS_TARGET_SERVICE_SERVICE37': 'false', 'SLOWPOKE_DELAY_MICROS_SERVICE38': '382.5', 'SLOWPOKE_POKER_BATCH_THRESHOLD_SERVICE38': '100', 'SLOWPOKE_IS_TARGET_SERVICE_SERVICE38': 'false', 'SLOWPOKE_DELAY_MICROS_SERVICE39': '382.5', 'SLOWPOKE_POKER_BATCH_THRESHOLD_SERVICE39': '100', 'SLOWPOKE_IS_TARGET_SERVICE_SERVICE39': 'false', 'SLOWPOKE_DELAY_MICROS_SERVICE40': '382.5', 'SLOWPOKE_POKER_BATCH_THRESHOLD_SERVICE40': '100', 'SLOWPOKE_IS_TARGET_SERVICE_SERVICE40': 'false', 'SLOWPOKE_DELAY_MICROS_SERVICE41': '382.5', 'SLOWPOKE_POKER_BATCH_THRESHOLD_SERVICE41': '100', 'SLOWPOKE_IS_TARGET_SERVICE_SERVICE41': 'false', 'SLOWPOKE_DELAY_MICROS_SERVICE42': '382.5', 'SLOWPOKE_POKER_BATCH_THRESHOLD_SERVICE42': '100', 'SLOWPOKE_IS_TARGET_SERVICE_SERVICE42': 'false'}
    [exp] Executing cmd `bash run.sh synthetic large-scale 8 64 10000`:
        [run.sh] Running benchmark synthetic with request large-scale, thread 8, conn 64, duration 60
        [run.sh] Deleting all services
        configmap "config-service0" deleted
        deployment.apps "service0" deleted
        service "service0" deleted
        configmap "config-service1" deleted
        deployment.apps "service1" deleted
        service "service1" deleted
        configmap "config-service10" deleted
        deployment.apps "service10" deleted
        service "service10" deleted
        configmap "config-service11" deleted
        deployment.apps "service11" deleted
        service "service11" deleted
        configmap "config-service12" deleted
        deployment.apps "service12" deleted
        service "service12" deleted
        configmap "config-service13" deleted
        deployment.apps "service13" deleted
        service "service13" deleted
        configmap "config-service14" deleted
        deployment.apps "service14" deleted
        service "service14" deleted
        configmap "config-service15" deleted
        deployment.apps "service15" deleted
        service "service15" deleted
        configmap "config-service16" deleted
        deployment.apps "service16" deleted
        service "service16" deleted
        configmap "config-service17" deleted
        deployment.apps "service17" deleted
        service "service17" deleted
        configmap "config-service18" deleted
        deployment.apps "service18" deleted
        service "service18" deleted
        configmap "config-service19" deleted
        deployment.apps "service19" deleted
        service "service19" deleted
        configmap "config-service2" deleted
        deployment.apps "service2" deleted
        service "service2" deleted
        configmap "config-service20" deleted
        deployment.apps "service20" deleted
        service "service20" deleted
        configmap "config-service21" deleted
        deployment.apps "service21" deleted
        service "service21" deleted
        configmap "config-service22" deleted
        deployment.apps "service22" deleted
        service "service22" deleted
        configmap "config-service23" deleted
        deployment.apps "service23" deleted
        service "service23" deleted
        configmap "config-service24" deleted
        deployment.apps "service24" deleted
        service "service24" deleted
        configmap "config-service25" deleted
        deployment.apps "service25" deleted
        service "service25" deleted
        configmap "config-service26" deleted
        deployment.apps "service26" deleted
        service "service26" deleted
        configmap "config-service27" deleted
        deployment.apps "service27" deleted
        service "service27" deleted
        configmap "config-service28" deleted
        deployment.apps "service28" deleted
        service "service28" deleted
        configmap "config-service29" deleted
        deployment.apps "service29" deleted
        service "service29" deleted
        configmap "config-service3" deleted
        deployment.apps "service3" deleted
        service "service3" deleted
        configmap "config-service30" deleted
        deployment.apps "service30" deleted
        service "service30" deleted
        configmap "config-service31" deleted
        deployment.apps "service31" deleted
        service "service31" deleted
        configmap "config-service32" deleted
        deployment.apps "service32" deleted
        service "service32" deleted
        configmap "config-service33" deleted
        deployment.apps "service33" deleted
        service "service33" deleted
        configmap "config-service34" deleted
        deployment.apps "service34" deleted
        service "service34" deleted
        configmap "config-service35" deleted
        deployment.apps "service35" deleted
        service "service35" deleted
        configmap "config-service36" deleted
        deployment.apps "service36" deleted
        service "service36" deleted
        configmap "config-service37" deleted
        deployment.apps "service37" deleted
        service "service37" deleted
        configmap "config-service38" deleted
        deployment.apps "service38" deleted
        service "service38" deleted
        configmap "config-service39" deleted
        deployment.apps "service39" deleted
        service "service39" deleted
        configmap "config-service4" deleted
        deployment.apps "service4" deleted
        service "service4" deleted
        configmap "config-service40" deleted
        deployment.apps "service40" deleted
        service "service40" deleted
        configmap "config-service41" deleted
        deployment.apps "service41" deleted
        service "service41" deleted
        configmap "config-service42" deleted
        deployment.apps "service42" deleted
        service "service42" deleted
        configmap "config-service5" deleted
        deployment.apps "service5" deleted
        service "service5" deleted
        configmap "config-service6" deleted
        deployment.apps "service6" deleted
        service "service6" deleted
        configmap "config-service7" deleted
        deployment.apps "service7" deleted
        service "service7" deleted
        configmap "config-service8" deleted
        deployment.apps "service8" deleted
        service "service8" deleted
        configmap "config-service9" deleted
        deployment.apps "service9" deleted
        service "service9" deleted
        deployment.apps "ubuntu-client" deleted
        [run.sh] Waiting for all pods to be deleted
        [run.sh] Deploying all services
        configmap/config-service0 created
        deployment.apps/service0 created
        service/service0 created
        configmap/config-service1 created
        deployment.apps/service1 created
        service/service1 created
        configmap/config-service10 created
        deployment.apps/service10 created
        service/service10 created
        configmap/config-service11 created
        deployment.apps/service11 created
        service/service11 created
        configmap/config-service12 created
        deployment.apps/service12 created
        service/service12 created
        configmap/config-service13 created
        deployment.apps/service13 created
        service/service13 created
        configmap/config-service14 created
        deployment.apps/service14 created
        service/service14 created
        configmap/config-service15 created
        deployment.apps/service15 created
        service/service15 created
        configmap/config-service16 created
        deployment.apps/service16 created
        service/service16 created
        configmap/config-service17 created
        deployment.apps/service17 created
        service/service17 created
        configmap/config-service18 created
        deployment.apps/service18 created
        service/service18 created
        configmap/config-service19 created
        deployment.apps/service19 created
        service/service19 created
        configmap/config-service2 created
        deployment.apps/service2 created
        service/service2 created
        configmap/config-service20 created
        deployment.apps/service20 created
        service/service20 created
        configmap/config-service21 created
        deployment.apps/service21 created
        service/service21 created
        configmap/config-service22 created
        deployment.apps/service22 created
        service/service22 created
        configmap/config-service23 created
        deployment.apps/service23 created
        service/service23 created
        configmap/config-service24 created
        deployment.apps/service24 created
        service/service24 created
        configmap/config-service25 created
        deployment.apps/service25 created
        service/service25 created
        configmap/config-service26 created
        deployment.apps/service26 created
        service/service26 created
        configmap/config-service27 created
        deployment.apps/service27 created
        service/service27 created
        configmap/config-service28 created
        deployment.apps/service28 created
        service/service28 created
        configmap/config-service29 created
        deployment.apps/service29 created
        service/service29 created
        configmap/config-service3 created
        deployment.apps/service3 created
        service/service3 created
        configmap/config-service30 created
        deployment.apps/service30 created
        service/service30 created
        configmap/config-service31 created
        deployment.apps/service31 created
        service/service31 created
        configmap/config-service32 created
        deployment.apps/service32 created
        service/service32 created
        configmap/config-service33 created
        deployment.apps/service33 created
        service/service33 created
        configmap/config-service34 created
        deployment.apps/service34 created
        service/service34 created
        configmap/config-service35 created
        deployment.apps/service35 created
        service/service35 created
        configmap/config-service36 created
        deployment.apps/service36 created
        service/service36 created
        configmap/config-service37 created
        deployment.apps/service37 created
        service/service37 created
        configmap/config-service38 created
        deployment.apps/service38 created
        service/service38 created
        configmap/config-service39 created
        deployment.apps/service39 created
        service/service39 created
        configmap/config-service4 created
        deployment.apps/service4 created
        service/service4 created
        configmap/config-service40 created
        deployment.apps/service40 created
        service/service40 created
        configmap/config-service41 created
        deployment.apps/service41 created
        service/service41 created
        configmap/config-service42 created
        deployment.apps/service42 created
        service/service42 created
        configmap/config-service5 created
        deployment.apps/service5 created
        service/service5 created
        configmap/config-service6 created
        deployment.apps/service6 created
        service/service6 created
        configmap/config-service7 created
        deployment.apps/service7 created
        service/service7 created
        configmap/config-service8 created
        deployment.apps/service8 created
        service/service8 created
        configmap/config-service9 created
        deployment.apps/service9 created
        service/service9 created
        [run.sh] Client pod not found, deploying client
        deployment.apps/ubuntu-client created
        [run.sh] Waiting for all pods to be running
        [run.sh] All pods are running
        [run.sh] Running warmup test
        [run.sh] /wrk/wrk -t8 -c64 --timeout 10s -d10s -L http://service0:80/endpoint1
        Running 10s test @ http://service0:80/endpoint1
        8 threads and 64 connections
        Thread Stats   Avg      Stdev     Max   +/- Stdev
        Latency   492.95ms  299.64ms   2.45s    75.89%
        Req/Sec    19.73     12.83    70.00     75.68%
        Latency Distribution
        50%  424.78ms
        75%  633.76ms
        90%  901.15ms
        99%    1.47s
        1314 requests in 10.02s, 204.03KB read
        Requests/sec:    131.11
        Transfer/sec:     20.36KB
        [run.sh] Speed is 131.11, duration is 114
        [run.sh] Fix the request number.
        [run.sh] Running the actual test
        [run.sh] /wrk/wrk --timeout 20s -t8 -c64 -d114s -L -s /wrk/fix_req_n.lua http://service0:80/endpoint1
        [run.sh] Checking the resource usage
        NAME                             CPU(cores)   MEMORY(bytes)
        service0-566d797889-4zfn6        24m          31Mi
        service1-748f66746d-v6njj        1m           25Mi
        service10-85f7668d76-rhqj8       24m          10Mi
        service11-7f669c88c5-9vj7l       24m          9Mi
        service12-7f56b87cdb-fjx4p       23m          10Mi
        service13-6674c4b65c-kxjr2       23m          9Mi
        service14-78b6996c4d-gl2fm       23m          10Mi
        service15-54cbb7559-jlv55        23m          9Mi
        service16-7b9bddc898-gpmng       22m          9Mi
        service17-744869bc8f-kdp4x       22m          9Mi
        service18-7465b8d57b-xk8nc       22m          10Mi
        service19-668f45d7f-bwlf6        21m          9Mi
        service2-5ffdf5946b-tmbp8        22m          27Mi
        service20-67f889c5ff-gnqbq       21m          10Mi
        service21-7547f69684-7k6sd       22m          9Mi
        service22-778cffc449-d4w6g       21m          10Mi
        service23-fc6bbdbf8-h6c6n        21m          9Mi
        service24-6dc555cf4c-ss4h5       21m          9Mi
        service25-6f6668c4bd-8qfrd       21m          9Mi
        service26-7945cbbd77-ptpvc       20m          9Mi
        service27-77d8fd8dc8-q4qf8       20m          9Mi
        service28-678dd89555-ccd5l       19m          9Mi
        service29-7fdcbf5b8d-rbwqx       19m          9Mi
        service3-59544954d4-mn5m6        149m         28Mi
        service30-cf59b4866-7rndf        19m          9Mi
        service31-7b9cdc9b45-4zvxj       19m          9Mi
        service32-7ccb8b8664-z55p5       19m          9Mi
        service33-d844f4bf9-8xqrh        19m          9Mi
        service34-745766b98b-w6mkb       17m          9Mi
        service35-9bbfcc95c-f9wbn        18m          9Mi
        service36-7d995dfb68-bfqmf       17m          9Mi
        service37-86bc749b7-knmbb        17m          8Mi
        service38-5479895cf4-mqpqb       17m          9Mi
        service39-7847767c7c-vv5pl       16m          9Mi
        service4-784cfc6566-qnpp7        26m          27Mi
        service40-5cbbbf4cd5-j7tbk       15m          9Mi
        service41-688b6cb798-m2f65       13m          9Mi
        service42-7785b9644d-55fx5       19m          8Mi
        service5-799db78f9b-c8tbn        23m          27Mi
        service6-6d7d99fccd-lq84h        96m          27Mi
        service7-9fd77f684-vjf4x         58m          7Mi
        service8-6bcccdd86-tpgz6         1m           7Mi
        service9-6bb96bfc8d-hxhnd        25m          10Mi
        ubuntu-client-76886f6bbd-s9mvh   2m           5Mi
        Running 2m test @ http://service0:80/endpoint1
        8 threads and 64 connections
        Thread Stats   Avg      Stdev     Max   +/- Stdev
        Latency   423.17ms  229.15ms   1.89s    72.68%
        Req/Sec    20.76     13.34    80.00     79.59%
        Latency Distribution
        50%  380.30ms
        75%  543.73ms
        90%  711.03ms
        99%    1.18s
        10000 requests in 1.90m, 1.52MB read
        Requests/sec:     87.72
        Transfer/sec:     13.62KB
        ------------------------------
        stop time: 64.923956
        stop time: 66.390663
        stop time: 66.754788
        stop time: 66.620380
        stop time: 65.249957
        stop time: 66.740056
        stop time: 65.580866
        stop time: 66.768515
        [run.sh] Test finished with status 0
        > STDERR
        > No resources found in default namespace.
    [exp] Times: [64.923956, 66.390663, 66.754788, 66.62038, 65.249957, 66.740056, 65.580866, 66.768515]
    [exp] Throughput: 151.2203917537774
[test.py] Finished running 1th optmization experiment: groundtruth->148.82919495401165, slowdown->151.2203917537774, predicted->160.51609745615275, err->7.852560450758574
[test.py] Running 2th optmization experiment
[test.py] Running 2th groundtruth exp
    [exp] Running (pre_run: False) workload synthetic/large-scale request with the following configuration: {'CLIENT_CPU_QUOTA': '2', 'SLOWPOKE_POKER_BATCH_THRESHOLD': '20000000', 'PROCESSING_TIME_SERVICE0': '0.000168', 'PROCESSING_TIME_SERVICE1': '0.00041608', 'PROCESSING_TIME_SERVICE2': '0.00040904', 'PROCESSING_TIME_SERVICE3': '0.00040856', 'PROCESSING_TIME_SERVICE4': '0.00039399', 'PROCESSING_TIME_SERVICE5': '0.00034132', 'PROCESSING_TIME_SERVICE6': '0.00033888', 'PROCESSING_TIME_SERVICE7': '0.00031483', 'PROCESSING_TIME_SERVICE8': '0.00030921', 'PROCESSING_TIME_SERVICE9': '0.00030915', 'PROCESSING_TIME_SERVICE10': '0.00030446', 'PROCESSING_TIME_SERVICE11': '0.00029684', 'PROCESSING_TIME_SERVICE12': '0.00028793', 'PROCESSING_TIME_SERVICE13': '0.00027964', 'PROCESSING_TIME_SERVICE14': '0.00027242', 'PROCESSING_TIME_SERVICE15': '0.0002701', 'PROCESSING_TIME_SERVICE16': '0.00024938', 'PROCESSING_TIME_SERVICE17': '0.00024532', 'PROCESSING_TIME_SERVICE18': '0.00024495', 'PROCESSING_TIME_SERVICE19': '0.00024084', 'PROCESSING_TIME_SERVICE20': '0.00023737', 'PROCESSING_TIME_SERVICE21': '0.00023498', 'PROCESSING_TIME_SERVICE22': '0.00023121', 'PROCESSING_TIME_SERVICE23': '0.00022884', 'PROCESSING_TIME_SERVICE24': '0.00022859', 'PROCESSING_TIME_SERVICE25': '0.00021986', 'PROCESSING_TIME_SERVICE26': '0.00021502', 'PROCESSING_TIME_SERVICE27': '0.00020254', 'PROCESSING_TIME_SERVICE28': '0.00018378', 'PROCESSING_TIME_SERVICE29': '0.00018316', 'PROCESSING_TIME_SERVICE30': '0.00017924', 'PROCESSING_TIME_SERVICE31': '0.00016948', 'PROCESSING_TIME_SERVICE32': '0.00016482', 'PROCESSING_TIME_SERVICE33': '0.00015993', 'PROCESSING_TIME_SERVICE34': '0.00014365', 'PROCESSING_TIME_SERVICE35': '0.00014002', 'PROCESSING_TIME_SERVICE36': '0.00013758', 'PROCESSING_TIME_SERVICE37': '0.00012354', 'PROCESSING_TIME_SERVICE38': '0.00012228', 'PROCESSING_TIME_SERVICE39': '0.00011115', 'PROCESSING_TIME_SERVICE40': '8.455e-05', 'PROCESSING_TIME_SERVICE41': '4.507e-05', 'PROCESSING_TIME_SERVICE42': '1.5e-06', 'SLOWPOKE_DELAY_MICROS_SERVICE0': '0.0', 'SLOWPOKE_POKER_BATCH_THRESHOLD_SERVICE0': '100', 'SLOWPOKE_IS_TARGET_SERVICE_SERVICE0': 'true', 'SLOWPOKE_DELAY_MICROS_SERVICE1': '0.0', 'SLOWPOKE_POKER_BATCH_THRESHOLD_SERVICE1': '100', 'SLOWPOKE_IS_TARGET_SERVICE_SERVICE1': 'false', 'SLOWPOKE_DELAY_MICROS_SERVICE2': '0.0', 'SLOWPOKE_POKER_BATCH_THRESHOLD_SERVICE2': '100', 'SLOWPOKE_IS_TARGET_SERVICE_SERVICE2': 'false', 'SLOWPOKE_DELAY_MICROS_SERVICE3': '0.0', 'SLOWPOKE_POKER_BATCH_THRESHOLD_SERVICE3': '100', 'SLOWPOKE_IS_TARGET_SERVICE_SERVICE3': 'false', 'SLOWPOKE_DELAY_MICROS_SERVICE4': '0.0', 'SLOWPOKE_POKER_BATCH_THRESHOLD_SERVICE4': '100', 'SLOWPOKE_IS_TARGET_SERVICE_SERVICE4': 'false', 'SLOWPOKE_DELAY_MICROS_SERVICE5': '0.0', 'SLOWPOKE_POKER_BATCH_THRESHOLD_SERVICE5': '100', 'SLOWPOKE_IS_TARGET_SERVICE_SERVICE5': 'false', 'SLOWPOKE_DELAY_MICROS_SERVICE6': '0.0', 'SLOWPOKE_POKER_BATCH_THRESHOLD_SERVICE6': '100', 'SLOWPOKE_IS_TARGET_SERVICE_SERVICE6': 'false', 'SLOWPOKE_DELAY_MICROS_SERVICE7': '0.0', 'SLOWPOKE_POKER_BATCH_THRESHOLD_SERVICE7': '100', 'SLOWPOKE_IS_TARGET_SERVICE_SERVICE7': 'false', 'SLOWPOKE_DELAY_MICROS_SERVICE8': '0.0', 'SLOWPOKE_POKER_BATCH_THRESHOLD_SERVICE8': '100', 'SLOWPOKE_IS_TARGET_SERVICE_SERVICE8': 'false', 'SLOWPOKE_DELAY_MICROS_SERVICE9': '0.0', 'SLOWPOKE_POKER_BATCH_THRESHOLD_SERVICE9': '100', 'SLOWPOKE_IS_TARGET_SERVICE_SERVICE9': 'false', 'SLOWPOKE_DELAY_MICROS_SERVICE10': '0.0', 'SLOWPOKE_POKER_BATCH_THRESHOLD_SERVICE10': '100', 'SLOWPOKE_IS_TARGET_SERVICE_SERVICE10': 'false', 'SLOWPOKE_DELAY_MICROS_SERVICE11': '0.0', 'SLOWPOKE_POKER_BATCH_THRESHOLD_SERVICE11': '100', 'SLOWPOKE_IS_TARGET_SERVICE_SERVICE11': 'false', 'SLOWPOKE_DELAY_MICROS_SERVICE12': '0.0', 'SLOWPOKE_POKER_BATCH_THRESHOLD_SERVICE12': '100', 'SLOWPOKE_IS_TARGET_SERVICE_SERVICE12': 'false', 'SLOWPOKE_DELAY_MICROS_SERVICE13': '0.0', 'SLOWPOKE_POKER_BATCH_THRESHOLD_SERVICE13': '100', 'SLOWPOKE_IS_TARGET_SERVICE_SERVICE13': 'false', 'SLOWPOKE_DELAY_MICROS_SERVICE14': '0.0', 'SLOWPOKE_POKER_BATCH_THRESHOLD_SERVICE14': '100', 'SLOWPOKE_IS_TARGET_SERVICE_SERVICE14': 'false', 'SLOWPOKE_DELAY_MICROS_SERVICE15': '0.0', 'SLOWPOKE_POKER_BATCH_THRESHOLD_SERVICE15': '100', 'SLOWPOKE_IS_TARGET_SERVICE_SERVICE15': 'false', 'SLOWPOKE_DELAY_MICROS_SERVICE16': '0.0', 'SLOWPOKE_POKER_BATCH_THRESHOLD_SERVICE16': '100', 'SLOWPOKE_IS_TARGET_SERVICE_SERVICE16': 'false', 'SLOWPOKE_DELAY_MICROS_SERVICE17': '0.0', 'SLOWPOKE_POKER_BATCH_THRESHOLD_SERVICE17': '100', 'SLOWPOKE_IS_TARGET_SERVICE_SERVICE17': 'false', 'SLOWPOKE_DELAY_MICROS_SERVICE18': '0.0', 'SLOWPOKE_POKER_BATCH_THRESHOLD_SERVICE18': '100', 'SLOWPOKE_IS_TARGET_SERVICE_SERVICE18': 'false', 'SLOWPOKE_DELAY_MICROS_SERVICE19': '0.0', 'SLOWPOKE_POKER_BATCH_THRESHOLD_SERVICE19': '100', 'SLOWPOKE_IS_TARGET_SERVICE_SERVICE19': 'false', 'SLOWPOKE_DELAY_MICROS_SERVICE20': '0.0', 'SLOWPOKE_POKER_BATCH_THRESHOLD_SERVICE20': '100', 'SLOWPOKE_IS_TARGET_SERVICE_SERVICE20': 'false', 'SLOWPOKE_DELAY_MICROS_SERVICE21': '0.0', 'SLOWPOKE_POKER_BATCH_THRESHOLD_SERVICE21': '100', 'SLOWPOKE_IS_TARGET_SERVICE_SERVICE21': 'false', 'SLOWPOKE_DELAY_MICROS_SERVICE22': '0.0', 'SLOWPOKE_POKER_BATCH_THRESHOLD_SERVICE22': '100', 'SLOWPOKE_IS_TARGET_SERVICE_SERVICE22': 'false', 'SLOWPOKE_DELAY_MICROS_SERVICE23': '0.0', 'SLOWPOKE_POKER_BATCH_THRESHOLD_SERVICE23': '100', 'SLOWPOKE_IS_TARGET_SERVICE_SERVICE23': 'false', 'SLOWPOKE_DELAY_MICROS_SERVICE24': '0.0', 'SLOWPOKE_POKER_BATCH_THRESHOLD_SERVICE24': '100', 'SLOWPOKE_IS_TARGET_SERVICE_SERVICE24': 'false', 'SLOWPOKE_DELAY_MICROS_SERVICE25': '0.0', 'SLOWPOKE_POKER_BATCH_THRESHOLD_SERVICE25': '100', 'SLOWPOKE_IS_TARGET_SERVICE_SERVICE25': 'false', 'SLOWPOKE_DELAY_MICROS_SERVICE26': '0.0', 'SLOWPOKE_POKER_BATCH_THRESHOLD_SERVICE26': '100', 'SLOWPOKE_IS_TARGET_SERVICE_SERVICE26': 'false', 'SLOWPOKE_DELAY_MICROS_SERVICE27': '0.0', 'SLOWPOKE_POKER_BATCH_THRESHOLD_SERVICE27': '100', 'SLOWPOKE_IS_TARGET_SERVICE_SERVICE27': 'false', 'SLOWPOKE_DELAY_MICROS_SERVICE28': '0.0', 'SLOWPOKE_POKER_BATCH_THRESHOLD_SERVICE28': '100', 'SLOWPOKE_IS_TARGET_SERVICE_SERVICE28': 'false', 'SLOWPOKE_DELAY_MICROS_SERVICE29': '0.0', 'SLOWPOKE_POKER_BATCH_THRESHOLD_SERVICE29': '100', 'SLOWPOKE_IS_TARGET_SERVICE_SERVICE29': 'false', 'SLOWPOKE_DELAY_MICROS_SERVICE30': '0.0', 'SLOWPOKE_POKER_BATCH_THRESHOLD_SERVICE30': '100', 'SLOWPOKE_IS_TARGET_SERVICE_SERVICE30': 'false', 'SLOWPOKE_DELAY_MICROS_SERVICE31': '0.0', 'SLOWPOKE_POKER_BATCH_THRESHOLD_SERVICE31': '100', 'SLOWPOKE_IS_TARGET_SERVICE_SERVICE31': 'false', 'SLOWPOKE_DELAY_MICROS_SERVICE32': '0.0', 'SLOWPOKE_POKER_BATCH_THRESHOLD_SERVICE32': '100', 'SLOWPOKE_IS_TARGET_SERVICE_SERVICE32': 'false', 'SLOWPOKE_DELAY_MICROS_SERVICE33': '0.0', 'SLOWPOKE_POKER_BATCH_THRESHOLD_SERVICE33': '100', 'SLOWPOKE_IS_TARGET_SERVICE_SERVICE33': 'false', 'SLOWPOKE_DELAY_MICROS_SERVICE34': '0.0', 'SLOWPOKE_POKER_BATCH_THRESHOLD_SERVICE34': '100', 'SLOWPOKE_IS_TARGET_SERVICE_SERVICE34': 'false', 'SLOWPOKE_DELAY_MICROS_SERVICE35': '0.0', 'SLOWPOKE_POKER_BATCH_THRESHOLD_SERVICE35': '100', 'SLOWPOKE_IS_TARGET_SERVICE_SERVICE35': 'false', 'SLOWPOKE_DELAY_MICROS_SERVICE36': '0.0', 'SLOWPOKE_POKER_BATCH_THRESHOLD_SERVICE36': '100', 'SLOWPOKE_IS_TARGET_SERVICE_SERVICE36': 'false', 'SLOWPOKE_DELAY_MICROS_SERVICE37': '0.0', 'SLOWPOKE_POKER_BATCH_THRESHOLD_SERVICE37': '100', 'SLOWPOKE_IS_TARGET_SERVICE_SERVICE37': 'false', 'SLOWPOKE_DELAY_MICROS_SERVICE38': '0.0', 'SLOWPOKE_POKER_BATCH_THRESHOLD_SERVICE38': '100', 'SLOWPOKE_IS_TARGET_SERVICE_SERVICE38': 'false', 'SLOWPOKE_DELAY_MICROS_SERVICE39': '0.0', 'SLOWPOKE_POKER_BATCH_THRESHOLD_SERVICE39': '100', 'SLOWPOKE_IS_TARGET_SERVICE_SERVICE39': 'false', 'SLOWPOKE_DELAY_MICROS_SERVICE40': '0.0', 'SLOWPOKE_POKER_BATCH_THRESHOLD_SERVICE40': '100', 'SLOWPOKE_IS_TARGET_SERVICE_SERVICE40': 'false', 'SLOWPOKE_DELAY_MICROS_SERVICE41': '0.0', 'SLOWPOKE_POKER_BATCH_THRESHOLD_SERVICE41': '100', 'SLOWPOKE_IS_TARGET_SERVICE_SERVICE41': 'false', 'SLOWPOKE_DELAY_MICROS_SERVICE42': '0.0', 'SLOWPOKE_POKER_BATCH_THRESHOLD_SERVICE42': '100', 'SLOWPOKE_IS_TARGET_SERVICE_SERVICE42': 'false'}
    [exp] Executing cmd `bash run.sh synthetic large-scale 8 64 10000`:
        [run.sh] Running benchmark synthetic with request large-scale, thread 8, conn 64, duration 60
        [run.sh] Deleting all services
        configmap "config-service0" deleted
        deployment.apps "service0" deleted
        service "service0" deleted
        configmap "config-service1" deleted
        deployment.apps "service1" deleted
        service "service1" deleted
        configmap "config-service10" deleted
        deployment.apps "service10" deleted
        service "service10" deleted
        configmap "config-service11" deleted
        deployment.apps "service11" deleted
        service "service11" deleted
        configmap "config-service12" deleted
        deployment.apps "service12" deleted
        service "service12" deleted
        configmap "config-service13" deleted
        deployment.apps "service13" deleted
        service "service13" deleted
        configmap "config-service14" deleted
        deployment.apps "service14" deleted
        service "service14" deleted
        configmap "config-service15" deleted
        deployment.apps "service15" deleted
        service "service15" deleted
        configmap "config-service16" deleted
        deployment.apps "service16" deleted
        service "service16" deleted
        configmap "config-service17" deleted
        deployment.apps "service17" deleted
        service "service17" deleted
        configmap "config-service18" deleted
        deployment.apps "service18" deleted
        service "service18" deleted
        configmap "config-service19" deleted
        deployment.apps "service19" deleted
        service "service19" deleted
        configmap "config-service2" deleted
        deployment.apps "service2" deleted
        service "service2" deleted
        configmap "config-service20" deleted
        deployment.apps "service20" deleted
        service "service20" deleted
        configmap "config-service21" deleted
        deployment.apps "service21" deleted
        service "service21" deleted
        configmap "config-service22" deleted
        deployment.apps "service22" deleted
        service "service22" deleted
        configmap "config-service23" deleted
        deployment.apps "service23" deleted
        service "service23" deleted
        configmap "config-service24" deleted
        deployment.apps "service24" deleted
        service "service24" deleted
        configmap "config-service25" deleted
        deployment.apps "service25" deleted
        service "service25" deleted
        configmap "config-service26" deleted
        deployment.apps "service26" deleted
        service "service26" deleted
        configmap "config-service27" deleted
        deployment.apps "service27" deleted
        service "service27" deleted
        configmap "config-service28" deleted
        deployment.apps "service28" deleted
        service "service28" deleted
        configmap "config-service29" deleted
        deployment.apps "service29" deleted
        service "service29" deleted
        configmap "config-service3" deleted
        deployment.apps "service3" deleted
        service "service3" deleted
        configmap "config-service30" deleted
        deployment.apps "service30" deleted
        service "service30" deleted
        configmap "config-service31" deleted
        deployment.apps "service31" deleted
        service "service31" deleted
        configmap "config-service32" deleted
        deployment.apps "service32" deleted
        service "service32" deleted
        configmap "config-service33" deleted
        deployment.apps "service33" deleted
        service "service33" deleted
        configmap "config-service34" deleted
        deployment.apps "service34" deleted
        service "service34" deleted
        configmap "config-service35" deleted
        deployment.apps "service35" deleted
        service "service35" deleted
        configmap "config-service36" deleted
        deployment.apps "service36" deleted
        service "service36" deleted
        configmap "config-service37" deleted
        deployment.apps "service37" deleted
        service "service37" deleted
        configmap "config-service38" deleted
        deployment.apps "service38" deleted
        service "service38" deleted
        configmap "config-service39" deleted
        deployment.apps "service39" deleted
        service "service39" deleted
        configmap "config-service4" deleted
        deployment.apps "service4" deleted
        service "service4" deleted
        configmap "config-service40" deleted
        deployment.apps "service40" deleted
        service "service40" deleted
        configmap "config-service41" deleted
        deployment.apps "service41" deleted
        service "service41" deleted
        configmap "config-service42" deleted
        deployment.apps "service42" deleted
        service "service42" deleted
        configmap "config-service5" deleted
        deployment.apps "service5" deleted
        service "service5" deleted
        configmap "config-service6" deleted
        deployment.apps "service6" deleted
        service "service6" deleted
        configmap "config-service7" deleted
        deployment.apps "service7" deleted
        service "service7" deleted
        configmap "config-service8" deleted
        deployment.apps "service8" deleted
        service "service8" deleted
        configmap "config-service9" deleted
        deployment.apps "service9" deleted
        service "service9" deleted
        deployment.apps "ubuntu-client" deleted
        [run.sh] Waiting for all pods to be deleted
        [run.sh] Deploying all services
        configmap/config-service0 created
        deployment.apps/service0 created
        service/service0 created
        configmap/config-service1 created
        deployment.apps/service1 created
        service/service1 created
        configmap/config-service10 created
        deployment.apps/service10 created
        service/service10 created
        configmap/config-service11 created
        deployment.apps/service11 created
        service/service11 created
        configmap/config-service12 created
        deployment.apps/service12 created
        service/service12 created
        configmap/config-service13 created
        deployment.apps/service13 created
        service/service13 created
        configmap/config-service14 created
        deployment.apps/service14 created
        service/service14 created
        configmap/config-service15 created
        deployment.apps/service15 created
        service/service15 created
        configmap/config-service16 created
        deployment.apps/service16 created
        service/service16 created
        configmap/config-service17 created
        deployment.apps/service17 created
        service/service17 created
        configmap/config-service18 created
        deployment.apps/service18 created
        service/service18 created
        configmap/config-service19 created
        deployment.apps/service19 created
        service/service19 created
        configmap/config-service2 created
        deployment.apps/service2 created
        service/service2 created
        configmap/config-service20 created
        deployment.apps/service20 created
        service/service20 created
        configmap/config-service21 created
        deployment.apps/service21 created
        service/service21 created
        configmap/config-service22 created
        deployment.apps/service22 created
        service/service22 created
        configmap/config-service23 created
        deployment.apps/service23 created
        service/service23 created
        configmap/config-service24 created
        deployment.apps/service24 created
        service/service24 created
        configmap/config-service25 created
        deployment.apps/service25 created
        service/service25 created
        configmap/config-service26 created
        deployment.apps/service26 created
        service/service26 created
        configmap/config-service27 created
        deployment.apps/service27 created
        service/service27 created
        configmap/config-service28 created
        deployment.apps/service28 created
        service/service28 created
        configmap/config-service29 created
        deployment.apps/service29 created
        service/service29 created
        configmap/config-service3 created
        deployment.apps/service3 created
        service/service3 created
        configmap/config-service30 created
        deployment.apps/service30 created
        service/service30 created
        configmap/config-service31 created
        deployment.apps/service31 created
        service/service31 created
        configmap/config-service32 created
        deployment.apps/service32 created
        service/service32 created
        configmap/config-service33 created
        deployment.apps/service33 created
        service/service33 created
        configmap/config-service34 created
        deployment.apps/service34 created
        service/service34 created
        configmap/config-service35 created
        deployment.apps/service35 created
        service/service35 created
        configmap/config-service36 created
        deployment.apps/service36 created
        service/service36 created
        configmap/config-service37 created
        deployment.apps/service37 created
        service/service37 created
        configmap/config-service38 created
        deployment.apps/service38 created
        service/service38 created
        configmap/config-service39 created
        deployment.apps/service39 created
        service/service39 created
        configmap/config-service4 created
        deployment.apps/service4 created
        service/service4 created
        configmap/config-service40 created
        deployment.apps/service40 created
        service/service40 created
        configmap/config-service41 created
        deployment.apps/service41 created
        service/service41 created
        configmap/config-service42 created
        deployment.apps/service42 created
        service/service42 created
        configmap/config-service5 created
        deployment.apps/service5 created
        service/service5 created
        configmap/config-service6 created
        deployment.apps/service6 created
        service/service6 created
        configmap/config-service7 created
        deployment.apps/service7 created
        service/service7 created
        configmap/config-service8 created
        deployment.apps/service8 created
        service/service8 created
        configmap/config-service9 created
        deployment.apps/service9 created
        service/service9 created
        [run.sh] Client pod not found, deploying client
        deployment.apps/ubuntu-client created
        [run.sh] Waiting for all pods to be running
        [run.sh] All pods are running
        [run.sh] Running warmup test
        [run.sh] /wrk/wrk -t8 -c64 --timeout 10s -d10s -L http://service0:80/endpoint1
        Running 10s test @ http://service0:80/endpoint1
        8 threads and 64 connections
        Thread Stats   Avg      Stdev     Max   +/- Stdev
        Latency   484.69ms  307.49ms   1.96s    72.20%
        Req/Sec    19.35     10.53    70.00     67.44%
        Latency Distribution
        50%  406.06ms
        75%  630.85ms
        90%  953.19ms
        99%    1.46s
        1345 requests in 10.02s, 208.84KB read
        Requests/sec:    134.30
        Transfer/sec:     20.85KB
        [run.sh] Speed is 134.30, duration is 111
        [run.sh] Fix the request number.
        [run.sh] Running the actual test
        [run.sh] /wrk/wrk --timeout 20s -t8 -c64 -d111s -L -s /wrk/fix_req_n.lua http://service0:80/endpoint1
        [run.sh] Checking the resource usage
        NAME                             CPU(cores)   MEMORY(bytes)
        service0-566d797889-s8j4t        177m         29Mi
        service1-58c95cb96-78cvz         222m         25Mi
        service10-779f75db9b-tklmv       40m          10Mi
        service11-77694fd499-xnstk       39m          10Mi
        service12-6447457dc8-d658c       38m          9Mi
        service13-5c69f55c57-vhh2n       37m          10Mi
        service14-797f758f8d-d2kfs       37m          9Mi
        service15-5c6b49dff-6fnpx        38m          9Mi
        service16-65bcd889bb-xr8z8       36m          8Mi
        service17-79bdf7c489-gr44m       35m          9Mi
        service18-74f94764c6-vxt5v       36m          8Mi
        service19-688657cfff-jdvqv       35m          9Mi
        service2-5d59c5bd5d-d2smn        188m         27Mi
        service20-5f7ddcb587-28wkm       35m          8Mi
        service21-7c46b45c64-fjxdj       34m          9Mi
        service22-65dbcdbf85-sq6t7       34m          9Mi
        service23-57bd5f778-94fjb        33m          9Mi
        service24-65c5d55855-8bh74       35m          9Mi
        service25-6478854456-h49s5       33m          9Mi
        service26-7f84bd9597-gzt47       33m          9Mi
        service27-5b7f877d5d-sk5tx       32m          9Mi
        service28-5b86874899-vjr6v       31m          9Mi
        service29-9cd757cf6-fz74r        31m          9Mi
        service3-564487d7d8-wj5qv        62m          25Mi
        service30-64595bbffd-2qt88       32m          8Mi
        service31-566f99bb5c-trqr2       30m          9Mi
        service32-7ccf7d4d7b-q68bj       30m          8Mi
        service33-b75d875f5-545mj        29m          9Mi
        service34-5dd485f758-kj9sb       30m          8Mi
        service35-7f9587457-qp7gd        27m          8Mi
        service36-6b8dccfd4d-spwqc       28m          8Mi
        service37-666cbff6bc-prqfc       26m          9Mi
        service38-6468b7674-2xn4r        27m          8Mi
        service39-7557f4fddf-ds6p2       26m          8Mi
        service4-5f75c4bf98-vhqk4        185m         25Mi
        service40-84d95c8665-dg5pk       23m          8Mi
        service41-997449d5d-gk46j        20m          8Mi
        service42-6c5db85bd-lp7tk        5m           8Mi
        service5-ffd8ccc6-xnc22          186m         25Mi
        service6-6b89db49b6-p7f8q        116m         25Mi
        service7-845b5b8588-gtq9b        75m          7Mi
        service8-7c9f97fd46-5q6nx        63m          7Mi
        service9-7cb9cf658d-rc86n        40m          10Mi
        ubuntu-client-76886f6bbd-r6v6c   11m          0Mi
        Running 2m test @ http://service0:80/endpoint1
        8 threads and 64 connections
        Thread Stats   Avg      Stdev     Max   +/- Stdev
        Latency   432.97ms  292.38ms   2.38s    76.80%
        Req/Sec    19.93     10.62    80.00     86.20%
        Latency Distribution
        50%  356.08ms
        75%  543.88ms
        90%  830.86ms
        99%    1.44s
        10000 requests in 1.85m, 1.52MB read
        Requests/sec:     90.09
        Transfer/sec:     13.99KB
        ------------------------------
        stop time: 66.918244
        stop time: 67.064798
        stop time: 67.200372
        stop time: 67.209005
        stop time: 66.708074
        stop time: 66.415162
        stop time: 66.939671
        stop time: 66.890019
        [run.sh] Test finished with status 0
        > STDERR
        > No resources found in default namespace.
    [exp] Times: [66.918244, 67.064798, 67.200372, 67.209005, 66.708074, 66.415162, 66.939671, 66.890019]
    [exp] Throughput: 149.43624848367742
[test.py] Running 2th slowdown exp
    [exp] Running (pre_run: False) workload synthetic/large-scale request with the following configuration: {'CLIENT_CPU_QUOTA': '2', 'SLOWPOKE_POKER_BATCH_THRESHOLD': '20000000', 'PROCESSING_TIME_SERVICE0': '0.00084992', 'PROCESSING_TIME_SERVICE1': '0.00041608', 'PROCESSING_TIME_SERVICE2': '0.00040904', 'PROCESSING_TIME_SERVICE3': '0.00040856', 'PROCESSING_TIME_SERVICE4': '0.00039399', 'PROCESSING_TIME_SERVICE5': '0.00034132', 'PROCESSING_TIME_SERVICE6': '0.00033888', 'PROCESSING_TIME_SERVICE7': '0.00031483', 'PROCESSING_TIME_SERVICE8': '0.00030921', 'PROCESSING_TIME_SERVICE9': '0.00030915', 'PROCESSING_TIME_SERVICE10': '0.00030446', 'PROCESSING_TIME_SERVICE11': '0.00029684', 'PROCESSING_TIME_SERVICE12': '0.00028793', 'PROCESSING_TIME_SERVICE13': '0.00027964', 'PROCESSING_TIME_SERVICE14': '0.00027242', 'PROCESSING_TIME_SERVICE15': '0.0002701', 'PROCESSING_TIME_SERVICE16': '0.00024938', 'PROCESSING_TIME_SERVICE17': '0.00024532', 'PROCESSING_TIME_SERVICE18': '0.00024495', 'PROCESSING_TIME_SERVICE19': '0.00024084', 'PROCESSING_TIME_SERVICE20': '0.00023737', 'PROCESSING_TIME_SERVICE21': '0.00023498', 'PROCESSING_TIME_SERVICE22': '0.00023121', 'PROCESSING_TIME_SERVICE23': '0.00022884', 'PROCESSING_TIME_SERVICE24': '0.00022859', 'PROCESSING_TIME_SERVICE25': '0.00021986', 'PROCESSING_TIME_SERVICE26': '0.00021502', 'PROCESSING_TIME_SERVICE27': '0.00020254', 'PROCESSING_TIME_SERVICE28': '0.00018378', 'PROCESSING_TIME_SERVICE29': '0.00018316', 'PROCESSING_TIME_SERVICE30': '0.00017924', 'PROCESSING_TIME_SERVICE31': '0.00016948', 'PROCESSING_TIME_SERVICE32': '0.00016482', 'PROCESSING_TIME_SERVICE33': '0.00015993', 'PROCESSING_TIME_SERVICE34': '0.00014365', 'PROCESSING_TIME_SERVICE35': '0.00014002', 'PROCESSING_TIME_SERVICE36': '0.00013758', 'PROCESSING_TIME_SERVICE37': '0.00012354', 'PROCESSING_TIME_SERVICE38': '0.00012228', 'PROCESSING_TIME_SERVICE39': '0.00011115', 'PROCESSING_TIME_SERVICE40': '8.455e-05', 'PROCESSING_TIME_SERVICE41': '4.507e-05', 'PROCESSING_TIME_SERVICE42': '1.5e-06', 'SLOWPOKE_DELAY_MICROS_SERVICE0': '0.0', 'SLOWPOKE_POKER_BATCH_THRESHOLD_SERVICE0': '100', 'SLOWPOKE_IS_TARGET_SERVICE_SERVICE0': 'true', 'SLOWPOKE_DELAY_MICROS_SERVICE1': '340.5', 'SLOWPOKE_POKER_BATCH_THRESHOLD_SERVICE1': '100', 'SLOWPOKE_IS_TARGET_SERVICE_SERVICE1': 'false', 'SLOWPOKE_DELAY_MICROS_SERVICE2': '340.5', 'SLOWPOKE_POKER_BATCH_THRESHOLD_SERVICE2': '100', 'SLOWPOKE_IS_TARGET_SERVICE_SERVICE2': 'false', 'SLOWPOKE_DELAY_MICROS_SERVICE3': '340.5', 'SLOWPOKE_POKER_BATCH_THRESHOLD_SERVICE3': '100', 'SLOWPOKE_IS_TARGET_SERVICE_SERVICE3': 'false', 'SLOWPOKE_DELAY_MICROS_SERVICE4': '340.5', 'SLOWPOKE_POKER_BATCH_THRESHOLD_SERVICE4': '100', 'SLOWPOKE_IS_TARGET_SERVICE_SERVICE4': 'false', 'SLOWPOKE_DELAY_MICROS_SERVICE5': '340.5', 'SLOWPOKE_POKER_BATCH_THRESHOLD_SERVICE5': '100', 'SLOWPOKE_IS_TARGET_SERVICE_SERVICE5': 'false', 'SLOWPOKE_DELAY_MICROS_SERVICE6': '340.5', 'SLOWPOKE_POKER_BATCH_THRESHOLD_SERVICE6': '100', 'SLOWPOKE_IS_TARGET_SERVICE_SERVICE6': 'false', 'SLOWPOKE_DELAY_MICROS_SERVICE7': '340.5', 'SLOWPOKE_POKER_BATCH_THRESHOLD_SERVICE7': '100', 'SLOWPOKE_IS_TARGET_SERVICE_SERVICE7': 'false', 'SLOWPOKE_DELAY_MICROS_SERVICE8': '340.5', 'SLOWPOKE_POKER_BATCH_THRESHOLD_SERVICE8': '100', 'SLOWPOKE_IS_TARGET_SERVICE_SERVICE8': 'false', 'SLOWPOKE_DELAY_MICROS_SERVICE9': '340.5', 'SLOWPOKE_POKER_BATCH_THRESHOLD_SERVICE9': '100', 'SLOWPOKE_IS_TARGET_SERVICE_SERVICE9': 'false', 'SLOWPOKE_DELAY_MICROS_SERVICE10': '340.5', 'SLOWPOKE_POKER_BATCH_THRESHOLD_SERVICE10': '100', 'SLOWPOKE_IS_TARGET_SERVICE_SERVICE10': 'false', 'SLOWPOKE_DELAY_MICROS_SERVICE11': '340.5', 'SLOWPOKE_POKER_BATCH_THRESHOLD_SERVICE11': '100', 'SLOWPOKE_IS_TARGET_SERVICE_SERVICE11': 'false', 'SLOWPOKE_DELAY_MICROS_SERVICE12': '340.5', 'SLOWPOKE_POKER_BATCH_THRESHOLD_SERVICE12': '100', 'SLOWPOKE_IS_TARGET_SERVICE_SERVICE12': 'false', 'SLOWPOKE_DELAY_MICROS_SERVICE13': '340.5', 'SLOWPOKE_POKER_BATCH_THRESHOLD_SERVICE13': '100', 'SLOWPOKE_IS_TARGET_SERVICE_SERVICE13': 'false', 'SLOWPOKE_DELAY_MICROS_SERVICE14': '340.5', 'SLOWPOKE_POKER_BATCH_THRESHOLD_SERVICE14': '100', 'SLOWPOKE_IS_TARGET_SERVICE_SERVICE14': 'false', 'SLOWPOKE_DELAY_MICROS_SERVICE15': '340.5', 'SLOWPOKE_POKER_BATCH_THRESHOLD_SERVICE15': '100', 'SLOWPOKE_IS_TARGET_SERVICE_SERVICE15': 'false', 'SLOWPOKE_DELAY_MICROS_SERVICE16': '340.5', 'SLOWPOKE_POKER_BATCH_THRESHOLD_SERVICE16': '100', 'SLOWPOKE_IS_TARGET_SERVICE_SERVICE16': 'false', 'SLOWPOKE_DELAY_MICROS_SERVICE17': '340.5', 'SLOWPOKE_POKER_BATCH_THRESHOLD_SERVICE17': '100', 'SLOWPOKE_IS_TARGET_SERVICE_SERVICE17': 'false', 'SLOWPOKE_DELAY_MICROS_SERVICE18': '340.5', 'SLOWPOKE_POKER_BATCH_THRESHOLD_SERVICE18': '100', 'SLOWPOKE_IS_TARGET_SERVICE_SERVICE18': 'false', 'SLOWPOKE_DELAY_MICROS_SERVICE19': '340.5', 'SLOWPOKE_POKER_BATCH_THRESHOLD_SERVICE19': '100', 'SLOWPOKE_IS_TARGET_SERVICE_SERVICE19': 'false', 'SLOWPOKE_DELAY_MICROS_SERVICE20': '340.5', 'SLOWPOKE_POKER_BATCH_THRESHOLD_SERVICE20': '100', 'SLOWPOKE_IS_TARGET_SERVICE_SERVICE20': 'false', 'SLOWPOKE_DELAY_MICROS_SERVICE21': '340.5', 'SLOWPOKE_POKER_BATCH_THRESHOLD_SERVICE21': '100', 'SLOWPOKE_IS_TARGET_SERVICE_SERVICE21': 'false', 'SLOWPOKE_DELAY_MICROS_SERVICE22': '340.5', 'SLOWPOKE_POKER_BATCH_THRESHOLD_SERVICE22': '100', 'SLOWPOKE_IS_TARGET_SERVICE_SERVICE22': 'false', 'SLOWPOKE_DELAY_MICROS_SERVICE23': '340.5', 'SLOWPOKE_POKER_BATCH_THRESHOLD_SERVICE23': '100', 'SLOWPOKE_IS_TARGET_SERVICE_SERVICE23': 'false', 'SLOWPOKE_DELAY_MICROS_SERVICE24': '340.5', 'SLOWPOKE_POKER_BATCH_THRESHOLD_SERVICE24': '100', 'SLOWPOKE_IS_TARGET_SERVICE_SERVICE24': 'false', 'SLOWPOKE_DELAY_MICROS_SERVICE25': '340.5', 'SLOWPOKE_POKER_BATCH_THRESHOLD_SERVICE25': '100', 'SLOWPOKE_IS_TARGET_SERVICE_SERVICE25': 'false', 'SLOWPOKE_DELAY_MICROS_SERVICE26': '340.5', 'SLOWPOKE_POKER_BATCH_THRESHOLD_SERVICE26': '100', 'SLOWPOKE_IS_TARGET_SERVICE_SERVICE26': 'false', 'SLOWPOKE_DELAY_MICROS_SERVICE27': '340.5', 'SLOWPOKE_POKER_BATCH_THRESHOLD_SERVICE27': '100', 'SLOWPOKE_IS_TARGET_SERVICE_SERVICE27': 'false', 'SLOWPOKE_DELAY_MICROS_SERVICE28': '340.5', 'SLOWPOKE_POKER_BATCH_THRESHOLD_SERVICE28': '100', 'SLOWPOKE_IS_TARGET_SERVICE_SERVICE28': 'false', 'SLOWPOKE_DELAY_MICROS_SERVICE29': '340.5', 'SLOWPOKE_POKER_BATCH_THRESHOLD_SERVICE29': '100', 'SLOWPOKE_IS_TARGET_SERVICE_SERVICE29': 'false', 'SLOWPOKE_DELAY_MICROS_SERVICE30': '340.5', 'SLOWPOKE_POKER_BATCH_THRESHOLD_SERVICE30': '100', 'SLOWPOKE_IS_TARGET_SERVICE_SERVICE30': 'false', 'SLOWPOKE_DELAY_MICROS_SERVICE31': '340.5', 'SLOWPOKE_POKER_BATCH_THRESHOLD_SERVICE31': '100', 'SLOWPOKE_IS_TARGET_SERVICE_SERVICE31': 'false', 'SLOWPOKE_DELAY_MICROS_SERVICE32': '340.5', 'SLOWPOKE_POKER_BATCH_THRESHOLD_SERVICE32': '100', 'SLOWPOKE_IS_TARGET_SERVICE_SERVICE32': 'false', 'SLOWPOKE_DELAY_MICROS_SERVICE33': '340.5', 'SLOWPOKE_POKER_BATCH_THRESHOLD_SERVICE33': '100', 'SLOWPOKE_IS_TARGET_SERVICE_SERVICE33': 'false', 'SLOWPOKE_DELAY_MICROS_SERVICE34': '340.5', 'SLOWPOKE_POKER_BATCH_THRESHOLD_SERVICE34': '100', 'SLOWPOKE_IS_TARGET_SERVICE_SERVICE34': 'false', 'SLOWPOKE_DELAY_MICROS_SERVICE35': '340.5', 'SLOWPOKE_POKER_BATCH_THRESHOLD_SERVICE35': '100', 'SLOWPOKE_IS_TARGET_SERVICE_SERVICE35': 'false', 'SLOWPOKE_DELAY_MICROS_SERVICE36': '340.5', 'SLOWPOKE_POKER_BATCH_THRESHOLD_SERVICE36': '100', 'SLOWPOKE_IS_TARGET_SERVICE_SERVICE36': 'false', 'SLOWPOKE_DELAY_MICROS_SERVICE37': '340.5', 'SLOWPOKE_POKER_BATCH_THRESHOLD_SERVICE37': '100', 'SLOWPOKE_IS_TARGET_SERVICE_SERVICE37': 'false', 'SLOWPOKE_DELAY_MICROS_SERVICE38': '340.5', 'SLOWPOKE_POKER_BATCH_THRESHOLD_SERVICE38': '100', 'SLOWPOKE_IS_TARGET_SERVICE_SERVICE38': 'false', 'SLOWPOKE_DELAY_MICROS_SERVICE39': '340.5', 'SLOWPOKE_POKER_BATCH_THRESHOLD_SERVICE39': '100', 'SLOWPOKE_IS_TARGET_SERVICE_SERVICE39': 'false', 'SLOWPOKE_DELAY_MICROS_SERVICE40': '340.5', 'SLOWPOKE_POKER_BATCH_THRESHOLD_SERVICE40': '100', 'SLOWPOKE_IS_TARGET_SERVICE_SERVICE40': 'false', 'SLOWPOKE_DELAY_MICROS_SERVICE41': '340.5', 'SLOWPOKE_POKER_BATCH_THRESHOLD_SERVICE41': '100', 'SLOWPOKE_IS_TARGET_SERVICE_SERVICE41': 'false', 'SLOWPOKE_DELAY_MICROS_SERVICE42': '340.5', 'SLOWPOKE_POKER_BATCH_THRESHOLD_SERVICE42': '100', 'SLOWPOKE_IS_TARGET_SERVICE_SERVICE42': 'false'}
    [exp] Executing cmd `bash run.sh synthetic large-scale 8 64 10000`:
        [run.sh] Running benchmark synthetic with request large-scale, thread 8, conn 64, duration 60
        [run.sh] Deleting all services
        configmap "config-service0" deleted
        deployment.apps "service0" deleted
        service "service0" deleted
        configmap "config-service1" deleted
        deployment.apps "service1" deleted
        service "service1" deleted
        configmap "config-service10" deleted
        deployment.apps "service10" deleted
        service "service10" deleted
        configmap "config-service11" deleted
        deployment.apps "service11" deleted
        service "service11" deleted
        configmap "config-service12" deleted
        deployment.apps "service12" deleted
        service "service12" deleted
        configmap "config-service13" deleted
        deployment.apps "service13" deleted
        service "service13" deleted
        configmap "config-service14" deleted
        deployment.apps "service14" deleted
        service "service14" deleted
        configmap "config-service15" deleted
        deployment.apps "service15" deleted
        service "service15" deleted
        configmap "config-service16" deleted
        deployment.apps "service16" deleted
        service "service16" deleted
        configmap "config-service17" deleted
        deployment.apps "service17" deleted
        service "service17" deleted
        configmap "config-service18" deleted
        deployment.apps "service18" deleted
        service "service18" deleted
        configmap "config-service19" deleted
        deployment.apps "service19" deleted
        service "service19" deleted
        configmap "config-service2" deleted
        deployment.apps "service2" deleted
        service "service2" deleted
        configmap "config-service20" deleted
        deployment.apps "service20" deleted
        service "service20" deleted
        configmap "config-service21" deleted
        deployment.apps "service21" deleted
        service "service21" deleted
        configmap "config-service22" deleted
        deployment.apps "service22" deleted
        service "service22" deleted
        configmap "config-service23" deleted
        deployment.apps "service23" deleted
        service "service23" deleted
        configmap "config-service24" deleted
        deployment.apps "service24" deleted
        service "service24" deleted
        configmap "config-service25" deleted
        deployment.apps "service25" deleted
        service "service25" deleted
        configmap "config-service26" deleted
        deployment.apps "service26" deleted
        service "service26" deleted
        configmap "config-service27" deleted
        deployment.apps "service27" deleted
        service "service27" deleted
        configmap "config-service28" deleted
        deployment.apps "service28" deleted
        service "service28" deleted
        configmap "config-service29" deleted
        deployment.apps "service29" deleted
        service "service29" deleted
        configmap "config-service3" deleted
        deployment.apps "service3" deleted
        service "service3" deleted
        configmap "config-service30" deleted
        deployment.apps "service30" deleted
        service "service30" deleted
        configmap "config-service31" deleted
        deployment.apps "service31" deleted
        service "service31" deleted
        configmap "config-service32" deleted
        deployment.apps "service32" deleted
        service "service32" deleted
        configmap "config-service33" deleted
        deployment.apps "service33" deleted
        service "service33" deleted
        configmap "config-service34" deleted
        deployment.apps "service34" deleted
        service "service34" deleted
        configmap "config-service35" deleted
        deployment.apps "service35" deleted
        service "service35" deleted
        configmap "config-service36" deleted
        deployment.apps "service36" deleted
        service "service36" deleted
        configmap "config-service37" deleted
        deployment.apps "service37" deleted
        service "service37" deleted
        configmap "config-service38" deleted
        deployment.apps "service38" deleted
        service "service38" deleted
        configmap "config-service39" deleted
        deployment.apps "service39" deleted
        service "service39" deleted
        configmap "config-service4" deleted
        deployment.apps "service4" deleted
        service "service4" deleted
        configmap "config-service40" deleted
        deployment.apps "service40" deleted
        service "service40" deleted
        configmap "config-service41" deleted
        deployment.apps "service41" deleted
        service "service41" deleted
        configmap "config-service42" deleted
        deployment.apps "service42" deleted
        service "service42" deleted
        configmap "config-service5" deleted
        deployment.apps "service5" deleted
        service "service5" deleted
        configmap "config-service6" deleted
        deployment.apps "service6" deleted
        service "service6" deleted
        configmap "config-service7" deleted
        deployment.apps "service7" deleted
        service "service7" deleted
        configmap "config-service8" deleted
        deployment.apps "service8" deleted
        service "service8" deleted
        configmap "config-service9" deleted
        deployment.apps "service9" deleted
        service "service9" deleted
        deployment.apps "ubuntu-client" deleted
        [run.sh] Waiting for all pods to be deleted
        [run.sh] Deploying all services
        configmap/config-service0 created
        deployment.apps/service0 created
        service/service0 created
        configmap/config-service1 created
        deployment.apps/service1 created
        service/service1 created
        configmap/config-service10 created
        deployment.apps/service10 created
        service/service10 created
        configmap/config-service11 created
        deployment.apps/service11 created
        service/service11 created
        configmap/config-service12 created
        deployment.apps/service12 created
        service/service12 created
        configmap/config-service13 created
        deployment.apps/service13 created
        service/service13 created
        configmap/config-service14 created
        deployment.apps/service14 created
        service/service14 created
        configmap/config-service15 created
        deployment.apps/service15 created
        service/service15 created
        configmap/config-service16 created
        deployment.apps/service16 created
        service/service16 created
        configmap/config-service17 created
        deployment.apps/service17 created
        service/service17 created
        configmap/config-service18 created
        deployment.apps/service18 created
        service/service18 created
        configmap/config-service19 created
        deployment.apps/service19 created
        service/service19 created
        configmap/config-service2 created
        deployment.apps/service2 created
        service/service2 created
        configmap/config-service20 created
        deployment.apps/service20 created
        service/service20 created
        configmap/config-service21 created
        deployment.apps/service21 created
        service/service21 created
        configmap/config-service22 created
        deployment.apps/service22 created
        service/service22 created
        configmap/config-service23 created
        deployment.apps/service23 created
        service/service23 created
        configmap/config-service24 created
        deployment.apps/service24 created
        service/service24 created
        configmap/config-service25 created
        deployment.apps/service25 created
        service/service25 created
        configmap/config-service26 created
        deployment.apps/service26 created
        service/service26 created
        configmap/config-service27 created
        deployment.apps/service27 created
        service/service27 created
        configmap/config-service28 created
        deployment.apps/service28 created
        service/service28 created
        configmap/config-service29 created
        deployment.apps/service29 created
        service/service29 created
        configmap/config-service3 created
        deployment.apps/service3 created
        service/service3 created
        configmap/config-service30 created
        deployment.apps/service30 created
        service/service30 created
        configmap/config-service31 created
        deployment.apps/service31 created
        service/service31 created
        configmap/config-service32 created
        deployment.apps/service32 created
        service/service32 created
        configmap/config-service33 created
        deployment.apps/service33 created
        service/service33 created
        configmap/config-service34 created
        deployment.apps/service34 created
        service/service34 created
        configmap/config-service35 created
        deployment.apps/service35 created
        service/service35 created
        configmap/config-service36 created
        deployment.apps/service36 created
        service/service36 created
        configmap/config-service37 created
        deployment.apps/service37 created
        service/service37 created
        configmap/config-service38 created
        deployment.apps/service38 created
        service/service38 created
        configmap/config-service39 created
        deployment.apps/service39 created
        service/service39 created
        configmap/config-service4 created
        deployment.apps/service4 created
        service/service4 created
        configmap/config-service40 created
        deployment.apps/service40 created
        service/service40 created
        configmap/config-service41 created
        deployment.apps/service41 created
        service/service41 created
        configmap/config-service42 created
        deployment.apps/service42 created
        service/service42 created
        configmap/config-service5 created
        deployment.apps/service5 created
        service/service5 created
        configmap/config-service6 created
        deployment.apps/service6 created
        service/service6 created
        configmap/config-service7 created
        deployment.apps/service7 created
        service/service7 created
        configmap/config-service8 created
        deployment.apps/service8 created
        service/service8 created
        configmap/config-service9 created
        deployment.apps/service9 created
        service/service9 created
        [run.sh] Client pod not found, deploying client
        deployment.apps/ubuntu-client created
        [run.sh] Waiting for all pods to be running
        [run.sh] All pods are running
        [run.sh] Running warmup test
        [run.sh] /wrk/wrk -t8 -c64 --timeout 10s -d10s -L http://service0:80/endpoint1
        Running 10s test @ http://service0:80/endpoint1
        8 threads and 64 connections
        Thread Stats   Avg      Stdev     Max   +/- Stdev
        Latency   482.67ms  282.93ms   1.65s    75.61%
        Req/Sec    20.05     13.26    70.00     77.70%
        Latency Distribution
        50%  416.21ms
        75%  611.23ms
        90%  908.60ms
        99%    1.44s
        1346 requests in 10.02s, 209.00KB read
        Requests/sec:    134.30
        Transfer/sec:     20.85KB
        [run.sh] Speed is 134.30, duration is 111
        [run.sh] Fix the request number.
        [run.sh] Running the actual test
        [run.sh] /wrk/wrk --timeout 20s -t8 -c64 -d111s -L -s /wrk/fix_req_n.lua http://service0:80/endpoint1
        [run.sh] Checking the resource usage
        NAME                             CPU(cores)   MEMORY(bytes)
        service0-566d797889-bjtl5        140m         30Mi
        service1-9fd85958-52pf7          111m         27Mi
        service10-bd99dbbf8-mnxgr        28m          10Mi
        service11-7647499dd9-xtnzz       27m          11Mi
        service12-696697b7fb-7dvpb       26m          11Mi
        service13-79fdc6df4c-kn9qx       27m          10Mi
        service14-b9f87d5c4-frb5q        27m          10Mi
        service15-668cf56877-f6qwg       26m          10Mi
        service16-697fd46588-vcx89       25m          10Mi
        service17-74989d99-4tjxg         25m          10Mi
        service18-7cc9b49f46-xmn9h       25m          11Mi
        service19-649cc5ffdf-5qbcn       26m          10Mi
        service2-595979f776-5dwfq        120m         29Mi
        service20-87d8d6c7c-4tc7w        26m          10Mi
        service21-cdb8548c8-lwnz9        26m          10Mi
        service22-7f9c7b4d5f-dg6bs       26m          10Mi
        service23-66578fbf68-tbbc4       25m          10Mi
        service24-fc5f57449-dc7rq        25m          10Mi
        service25-5cd857bfd6-l556f       24m          10Mi
        service26-788c4cb6c5-wnj45       24m          10Mi
        service27-67b7fbff56-d5ww9       24m          10Mi
        service28-845c5db6d5-bm7vb       22m          10Mi
        service29-7bf8ff4b9d-v2wck       23m          10Mi
        service3-5cfcc56658-4829h        251m         26Mi
        service30-6559bb74c6-7lskd       22m          10Mi
        service31-596d88597f-4fhjr       22m          10Mi
        service32-77457679cd-k9652       21m          10Mi
        service33-7bb5c66df7-nz4l8       21m          10Mi
        service34-588f7f6744-xlzwh       20m          10Mi
        service35-7b4d96f4dc-d4gt9       20m          10Mi
        service36-5684c46b74-4z5q8       20m          10Mi
        service37-59bd6fc64f-zqjfs       19m          10Mi
        service38-6dfd664dd-tcgwj        19m          10Mi
        service39-759ddb5975-cxlck       18m          10Mi
        service4-5bd9d4bbd-ffvtj         139m         27Mi
        service40-68bccc9b9f-cg567       17m          10Mi
        service41-7976c8ddc6-rnx5r       15m          10Mi
        service42-55fcf475cd-zwxng       6m           9Mi
        service5-5ff64788d6-5bwf7        118m         28Mi
        service6-bcbb64cdd-4qq7p         211m         26Mi
        service7-b69cbbdc4-mvp4v         24m          8Mi
        service8-679f85766d-nc5lk        35m          8Mi
        service9-b9569fbc8-28ccm         28m          10Mi
        ubuntu-client-76886f6bbd-bhvf4   7m           7Mi
        Running 2m test @ http://service0:80/endpoint1
        8 threads and 64 connections
        Thread Stats   Avg      Stdev     Max   +/- Stdev
        Latency   424.41ms  238.65ms   2.27s    74.18%
        Req/Sec    20.66     12.59    80.00     81.27%
        Latency Distribution
        50%  382.44ms
        75%  544.64ms
        90%  713.48ms
        99%    1.24s
        10000 requests in 1.85m, 1.52MB read
        Requests/sec:     90.09
        Transfer/sec:     13.99KB
        ------------------------------
        stop time: 66.182882
        stop time: 65.468694
        stop time: 66.467365
        stop time: 66.690335
        stop time: 66.671427
        stop time: 66.275390
        stop time: 66.052345
        stop time: 64.989302
        [run.sh] Test finished with status 0
        > STDERR
        > No resources found in default namespace.
    [exp] Times: [66.182882, 65.468694, 66.467365, 66.690335, 66.671427, 66.27539, 66.052345, 64.989302]
    [exp] Throughput: 151.28657698121026
[test.py] Finished running 2th optmization experiment: groundtruth->149.43624848367742, slowdown->151.28657698121026, predicted->159.51477519562792, err->6.744365449626071
[test.py] Running 3th optmization experiment
[test.py] Running 3th groundtruth exp
    [exp] Running (pre_run: False) workload synthetic/large-scale request with the following configuration: {'CLIENT_CPU_QUOTA': '2', 'SLOWPOKE_POKER_BATCH_THRESHOLD': '20000000', 'PROCESSING_TIME_SERVICE0': '0.000252', 'PROCESSING_TIME_SERVICE1': '0.00041608', 'PROCESSING_TIME_SERVICE2': '0.00040904', 'PROCESSING_TIME_SERVICE3': '0.00040856', 'PROCESSING_TIME_SERVICE4': '0.00039399', 'PROCESSING_TIME_SERVICE5': '0.00034132', 'PROCESSING_TIME_SERVICE6': '0.00033888', 'PROCESSING_TIME_SERVICE7': '0.00031483', 'PROCESSING_TIME_SERVICE8': '0.00030921', 'PROCESSING_TIME_SERVICE9': '0.00030915', 'PROCESSING_TIME_SERVICE10': '0.00030446', 'PROCESSING_TIME_SERVICE11': '0.00029684', 'PROCESSING_TIME_SERVICE12': '0.00028793', 'PROCESSING_TIME_SERVICE13': '0.00027964', 'PROCESSING_TIME_SERVICE14': '0.00027242', 'PROCESSING_TIME_SERVICE15': '0.0002701', 'PROCESSING_TIME_SERVICE16': '0.00024938', 'PROCESSING_TIME_SERVICE17': '0.00024532', 'PROCESSING_TIME_SERVICE18': '0.00024495', 'PROCESSING_TIME_SERVICE19': '0.00024084', 'PROCESSING_TIME_SERVICE20': '0.00023737', 'PROCESSING_TIME_SERVICE21': '0.00023498', 'PROCESSING_TIME_SERVICE22': '0.00023121', 'PROCESSING_TIME_SERVICE23': '0.00022884', 'PROCESSING_TIME_SERVICE24': '0.00022859', 'PROCESSING_TIME_SERVICE25': '0.00021986', 'PROCESSING_TIME_SERVICE26': '0.00021502', 'PROCESSING_TIME_SERVICE27': '0.00020254', 'PROCESSING_TIME_SERVICE28': '0.00018378', 'PROCESSING_TIME_SERVICE29': '0.00018316', 'PROCESSING_TIME_SERVICE30': '0.00017924', 'PROCESSING_TIME_SERVICE31': '0.00016948', 'PROCESSING_TIME_SERVICE32': '0.00016482', 'PROCESSING_TIME_SERVICE33': '0.00015993', 'PROCESSING_TIME_SERVICE34': '0.00014365', 'PROCESSING_TIME_SERVICE35': '0.00014002', 'PROCESSING_TIME_SERVICE36': '0.00013758', 'PROCESSING_TIME_SERVICE37': '0.00012354', 'PROCESSING_TIME_SERVICE38': '0.00012228', 'PROCESSING_TIME_SERVICE39': '0.00011115', 'PROCESSING_TIME_SERVICE40': '8.455e-05', 'PROCESSING_TIME_SERVICE41': '4.507e-05', 'PROCESSING_TIME_SERVICE42': '1.5e-06', 'SLOWPOKE_DELAY_MICROS_SERVICE0': '0.0', 'SLOWPOKE_POKER_BATCH_THRESHOLD_SERVICE0': '100', 'SLOWPOKE_IS_TARGET_SERVICE_SERVICE0': 'true', 'SLOWPOKE_DELAY_MICROS_SERVICE1': '0.0', 'SLOWPOKE_POKER_BATCH_THRESHOLD_SERVICE1': '100', 'SLOWPOKE_IS_TARGET_SERVICE_SERVICE1': 'false', 'SLOWPOKE_DELAY_MICROS_SERVICE2': '0.0', 'SLOWPOKE_POKER_BATCH_THRESHOLD_SERVICE2': '100', 'SLOWPOKE_IS_TARGET_SERVICE_SERVICE2': 'false', 'SLOWPOKE_DELAY_MICROS_SERVICE3': '0.0', 'SLOWPOKE_POKER_BATCH_THRESHOLD_SERVICE3': '100', 'SLOWPOKE_IS_TARGET_SERVICE_SERVICE3': 'false', 'SLOWPOKE_DELAY_MICROS_SERVICE4': '0.0', 'SLOWPOKE_POKER_BATCH_THRESHOLD_SERVICE4': '100', 'SLOWPOKE_IS_TARGET_SERVICE_SERVICE4': 'false', 'SLOWPOKE_DELAY_MICROS_SERVICE5': '0.0', 'SLOWPOKE_POKER_BATCH_THRESHOLD_SERVICE5': '100', 'SLOWPOKE_IS_TARGET_SERVICE_SERVICE5': 'false', 'SLOWPOKE_DELAY_MICROS_SERVICE6': '0.0', 'SLOWPOKE_POKER_BATCH_THRESHOLD_SERVICE6': '100', 'SLOWPOKE_IS_TARGET_SERVICE_SERVICE6': 'false', 'SLOWPOKE_DELAY_MICROS_SERVICE7': '0.0', 'SLOWPOKE_POKER_BATCH_THRESHOLD_SERVICE7': '100', 'SLOWPOKE_IS_TARGET_SERVICE_SERVICE7': 'false', 'SLOWPOKE_DELAY_MICROS_SERVICE8': '0.0', 'SLOWPOKE_POKER_BATCH_THRESHOLD_SERVICE8': '100', 'SLOWPOKE_IS_TARGET_SERVICE_SERVICE8': 'false', 'SLOWPOKE_DELAY_MICROS_SERVICE9': '0.0', 'SLOWPOKE_POKER_BATCH_THRESHOLD_SERVICE9': '100', 'SLOWPOKE_IS_TARGET_SERVICE_SERVICE9': 'false', 'SLOWPOKE_DELAY_MICROS_SERVICE10': '0.0', 'SLOWPOKE_POKER_BATCH_THRESHOLD_SERVICE10': '100', 'SLOWPOKE_IS_TARGET_SERVICE_SERVICE10': 'false', 'SLOWPOKE_DELAY_MICROS_SERVICE11': '0.0', 'SLOWPOKE_POKER_BATCH_THRESHOLD_SERVICE11': '100', 'SLOWPOKE_IS_TARGET_SERVICE_SERVICE11': 'false', 'SLOWPOKE_DELAY_MICROS_SERVICE12': '0.0', 'SLOWPOKE_POKER_BATCH_THRESHOLD_SERVICE12': '100', 'SLOWPOKE_IS_TARGET_SERVICE_SERVICE12': 'false', 'SLOWPOKE_DELAY_MICROS_SERVICE13': '0.0', 'SLOWPOKE_POKER_BATCH_THRESHOLD_SERVICE13': '100', 'SLOWPOKE_IS_TARGET_SERVICE_SERVICE13': 'false', 'SLOWPOKE_DELAY_MICROS_SERVICE14': '0.0', 'SLOWPOKE_POKER_BATCH_THRESHOLD_SERVICE14': '100', 'SLOWPOKE_IS_TARGET_SERVICE_SERVICE14': 'false', 'SLOWPOKE_DELAY_MICROS_SERVICE15': '0.0', 'SLOWPOKE_POKER_BATCH_THRESHOLD_SERVICE15': '100', 'SLOWPOKE_IS_TARGET_SERVICE_SERVICE15': 'false', 'SLOWPOKE_DELAY_MICROS_SERVICE16': '0.0', 'SLOWPOKE_POKER_BATCH_THRESHOLD_SERVICE16': '100', 'SLOWPOKE_IS_TARGET_SERVICE_SERVICE16': 'false', 'SLOWPOKE_DELAY_MICROS_SERVICE17': '0.0', 'SLOWPOKE_POKER_BATCH_THRESHOLD_SERVICE17': '100', 'SLOWPOKE_IS_TARGET_SERVICE_SERVICE17': 'false', 'SLOWPOKE_DELAY_MICROS_SERVICE18': '0.0', 'SLOWPOKE_POKER_BATCH_THRESHOLD_SERVICE18': '100', 'SLOWPOKE_IS_TARGET_SERVICE_SERVICE18': 'false', 'SLOWPOKE_DELAY_MICROS_SERVICE19': '0.0', 'SLOWPOKE_POKER_BATCH_THRESHOLD_SERVICE19': '100', 'SLOWPOKE_IS_TARGET_SERVICE_SERVICE19': 'false', 'SLOWPOKE_DELAY_MICROS_SERVICE20': '0.0', 'SLOWPOKE_POKER_BATCH_THRESHOLD_SERVICE20': '100', 'SLOWPOKE_IS_TARGET_SERVICE_SERVICE20': 'false', 'SLOWPOKE_DELAY_MICROS_SERVICE21': '0.0', 'SLOWPOKE_POKER_BATCH_THRESHOLD_SERVICE21': '100', 'SLOWPOKE_IS_TARGET_SERVICE_SERVICE21': 'false', 'SLOWPOKE_DELAY_MICROS_SERVICE22': '0.0', 'SLOWPOKE_POKER_BATCH_THRESHOLD_SERVICE22': '100', 'SLOWPOKE_IS_TARGET_SERVICE_SERVICE22': 'false', 'SLOWPOKE_DELAY_MICROS_SERVICE23': '0.0', 'SLOWPOKE_POKER_BATCH_THRESHOLD_SERVICE23': '100', 'SLOWPOKE_IS_TARGET_SERVICE_SERVICE23': 'false', 'SLOWPOKE_DELAY_MICROS_SERVICE24': '0.0', 'SLOWPOKE_POKER_BATCH_THRESHOLD_SERVICE24': '100', 'SLOWPOKE_IS_TARGET_SERVICE_SERVICE24': 'false', 'SLOWPOKE_DELAY_MICROS_SERVICE25': '0.0', 'SLOWPOKE_POKER_BATCH_THRESHOLD_SERVICE25': '100', 'SLOWPOKE_IS_TARGET_SERVICE_SERVICE25': 'false', 'SLOWPOKE_DELAY_MICROS_SERVICE26': '0.0', 'SLOWPOKE_POKER_BATCH_THRESHOLD_SERVICE26': '100', 'SLOWPOKE_IS_TARGET_SERVICE_SERVICE26': 'false', 'SLOWPOKE_DELAY_MICROS_SERVICE27': '0.0', 'SLOWPOKE_POKER_BATCH_THRESHOLD_SERVICE27': '100', 'SLOWPOKE_IS_TARGET_SERVICE_SERVICE27': 'false', 'SLOWPOKE_DELAY_MICROS_SERVICE28': '0.0', 'SLOWPOKE_POKER_BATCH_THRESHOLD_SERVICE28': '100', 'SLOWPOKE_IS_TARGET_SERVICE_SERVICE28': 'false', 'SLOWPOKE_DELAY_MICROS_SERVICE29': '0.0', 'SLOWPOKE_POKER_BATCH_THRESHOLD_SERVICE29': '100', 'SLOWPOKE_IS_TARGET_SERVICE_SERVICE29': 'false', 'SLOWPOKE_DELAY_MICROS_SERVICE30': '0.0', 'SLOWPOKE_POKER_BATCH_THRESHOLD_SERVICE30': '100', 'SLOWPOKE_IS_TARGET_SERVICE_SERVICE30': 'false', 'SLOWPOKE_DELAY_MICROS_SERVICE31': '0.0', 'SLOWPOKE_POKER_BATCH_THRESHOLD_SERVICE31': '100', 'SLOWPOKE_IS_TARGET_SERVICE_SERVICE31': 'false', 'SLOWPOKE_DELAY_MICROS_SERVICE32': '0.0', 'SLOWPOKE_POKER_BATCH_THRESHOLD_SERVICE32': '100', 'SLOWPOKE_IS_TARGET_SERVICE_SERVICE32': 'false', 'SLOWPOKE_DELAY_MICROS_SERVICE33': '0.0', 'SLOWPOKE_POKER_BATCH_THRESHOLD_SERVICE33': '100', 'SLOWPOKE_IS_TARGET_SERVICE_SERVICE33': 'false', 'SLOWPOKE_DELAY_MICROS_SERVICE34': '0.0', 'SLOWPOKE_POKER_BATCH_THRESHOLD_SERVICE34': '100', 'SLOWPOKE_IS_TARGET_SERVICE_SERVICE34': 'false', 'SLOWPOKE_DELAY_MICROS_SERVICE35': '0.0', 'SLOWPOKE_POKER_BATCH_THRESHOLD_SERVICE35': '100', 'SLOWPOKE_IS_TARGET_SERVICE_SERVICE35': 'false', 'SLOWPOKE_DELAY_MICROS_SERVICE36': '0.0', 'SLOWPOKE_POKER_BATCH_THRESHOLD_SERVICE36': '100', 'SLOWPOKE_IS_TARGET_SERVICE_SERVICE36': 'false', 'SLOWPOKE_DELAY_MICROS_SERVICE37': '0.0', 'SLOWPOKE_POKER_BATCH_THRESHOLD_SERVICE37': '100', 'SLOWPOKE_IS_TARGET_SERVICE_SERVICE37': 'false', 'SLOWPOKE_DELAY_MICROS_SERVICE38': '0.0', 'SLOWPOKE_POKER_BATCH_THRESHOLD_SERVICE38': '100', 'SLOWPOKE_IS_TARGET_SERVICE_SERVICE38': 'false', 'SLOWPOKE_DELAY_MICROS_SERVICE39': '0.0', 'SLOWPOKE_POKER_BATCH_THRESHOLD_SERVICE39': '100', 'SLOWPOKE_IS_TARGET_SERVICE_SERVICE39': 'false', 'SLOWPOKE_DELAY_MICROS_SERVICE40': '0.0', 'SLOWPOKE_POKER_BATCH_THRESHOLD_SERVICE40': '100', 'SLOWPOKE_IS_TARGET_SERVICE_SERVICE40': 'false', 'SLOWPOKE_DELAY_MICROS_SERVICE41': '0.0', 'SLOWPOKE_POKER_BATCH_THRESHOLD_SERVICE41': '100', 'SLOWPOKE_IS_TARGET_SERVICE_SERVICE41': 'false', 'SLOWPOKE_DELAY_MICROS_SERVICE42': '0.0', 'SLOWPOKE_POKER_BATCH_THRESHOLD_SERVICE42': '100', 'SLOWPOKE_IS_TARGET_SERVICE_SERVICE42': 'false'}
    [exp] Executing cmd `bash run.sh synthetic large-scale 8 64 10000`:
        [run.sh] Running benchmark synthetic with request large-scale, thread 8, conn 64, duration 60
        [run.sh] Deleting all services
        configmap "config-service0" deleted
        deployment.apps "service0" deleted
        service "service0" deleted
        configmap "config-service1" deleted
        deployment.apps "service1" deleted
        service "service1" deleted
        configmap "config-service10" deleted
        deployment.apps "service10" deleted
        service "service10" deleted
        configmap "config-service11" deleted
        deployment.apps "service11" deleted
        service "service11" deleted
        configmap "config-service12" deleted
        deployment.apps "service12" deleted
        service "service12" deleted
        configmap "config-service13" deleted
        deployment.apps "service13" deleted
        service "service13" deleted
        configmap "config-service14" deleted
        deployment.apps "service14" deleted
        service "service14" deleted
        configmap "config-service15" deleted
        deployment.apps "service15" deleted
        service "service15" deleted
        configmap "config-service16" deleted
        deployment.apps "service16" deleted
        service "service16" deleted
        configmap "config-service17" deleted
        deployment.apps "service17" deleted
        service "service17" deleted
        configmap "config-service18" deleted
        deployment.apps "service18" deleted
        service "service18" deleted
        configmap "config-service19" deleted
        deployment.apps "service19" deleted
        service "service19" deleted
        configmap "config-service2" deleted
        deployment.apps "service2" deleted
        service "service2" deleted
        configmap "config-service20" deleted
        deployment.apps "service20" deleted
        service "service20" deleted
        configmap "config-service21" deleted
        deployment.apps "service21" deleted
        service "service21" deleted
        configmap "config-service22" deleted
        deployment.apps "service22" deleted
        service "service22" deleted
        configmap "config-service23" deleted
        deployment.apps "service23" deleted
        service "service23" deleted
        configmap "config-service24" deleted
        deployment.apps "service24" deleted
        service "service24" deleted
        configmap "config-service25" deleted
        deployment.apps "service25" deleted
        service "service25" deleted
        configmap "config-service26" deleted
        deployment.apps "service26" deleted
        service "service26" deleted
        configmap "config-service27" deleted
        deployment.apps "service27" deleted
        service "service27" deleted
        configmap "config-service28" deleted
        deployment.apps "service28" deleted
        service "service28" deleted
        configmap "config-service29" deleted
        deployment.apps "service29" deleted
        service "service29" deleted
        configmap "config-service3" deleted
        deployment.apps "service3" deleted
        service "service3" deleted
        configmap "config-service30" deleted
        deployment.apps "service30" deleted
        service "service30" deleted
        configmap "config-service31" deleted
        deployment.apps "service31" deleted
        service "service31" deleted
        configmap "config-service32" deleted
        deployment.apps "service32" deleted
        service "service32" deleted
        configmap "config-service33" deleted
        deployment.apps "service33" deleted
        service "service33" deleted
        configmap "config-service34" deleted
        deployment.apps "service34" deleted
        service "service34" deleted
        configmap "config-service35" deleted
        deployment.apps "service35" deleted
        service "service35" deleted
        configmap "config-service36" deleted
        deployment.apps "service36" deleted
        service "service36" deleted
        configmap "config-service37" deleted
        deployment.apps "service37" deleted
        service "service37" deleted
        configmap "config-service38" deleted
        deployment.apps "service38" deleted
        service "service38" deleted
        configmap "config-service39" deleted
        deployment.apps "service39" deleted
        service "service39" deleted
        configmap "config-service4" deleted
        deployment.apps "service4" deleted
        service "service4" deleted
        configmap "config-service40" deleted
        deployment.apps "service40" deleted
        service "service40" deleted
        configmap "config-service41" deleted
        deployment.apps "service41" deleted
        service "service41" deleted
        configmap "config-service42" deleted
        deployment.apps "service42" deleted
        service "service42" deleted
        configmap "config-service5" deleted
        deployment.apps "service5" deleted
        service "service5" deleted
        configmap "config-service6" deleted
        deployment.apps "service6" deleted
        service "service6" deleted
        configmap "config-service7" deleted
        deployment.apps "service7" deleted
        service "service7" deleted
        configmap "config-service8" deleted
        deployment.apps "service8" deleted
        service "service8" deleted
        configmap "config-service9" deleted
        deployment.apps "service9" deleted
        service "service9" deleted
        deployment.apps "ubuntu-client" deleted
        [run.sh] Waiting for all pods to be deleted
        [run.sh] Deploying all services
        configmap/config-service0 created
        deployment.apps/service0 created
        service/service0 created
        configmap/config-service1 created
        deployment.apps/service1 created
        service/service1 created
        configmap/config-service10 created
        deployment.apps/service10 created
        service/service10 created
        configmap/config-service11 created
        deployment.apps/service11 created
        service/service11 created
        configmap/config-service12 created
        deployment.apps/service12 created
        service/service12 created
        configmap/config-service13 created
        deployment.apps/service13 created
        service/service13 created
        configmap/config-service14 created
        deployment.apps/service14 created
        service/service14 created
        configmap/config-service15 created
        deployment.apps/service15 created
        service/service15 created
        configmap/config-service16 created
        deployment.apps/service16 created
        service/service16 created
        configmap/config-service17 created
        deployment.apps/service17 created
        service/service17 created
        configmap/config-service18 created
        deployment.apps/service18 created
        service/service18 created
        configmap/config-service19 created
        deployment.apps/service19 created
        service/service19 created
        configmap/config-service2 created
        deployment.apps/service2 created
        service/service2 created
        configmap/config-service20 created
        deployment.apps/service20 created
        service/service20 created
        configmap/config-service21 created
        deployment.apps/service21 created
        service/service21 created
        configmap/config-service22 created
        deployment.apps/service22 created
        service/service22 created
        configmap/config-service23 created
        deployment.apps/service23 created
        service/service23 created
        configmap/config-service24 created
        deployment.apps/service24 created
        service/service24 created
        configmap/config-service25 created
        deployment.apps/service25 created
        service/service25 created
        configmap/config-service26 created
        deployment.apps/service26 created
        service/service26 created
        configmap/config-service27 created
        deployment.apps/service27 created
        service/service27 created
        configmap/config-service28 created
        deployment.apps/service28 created
        service/service28 created
        configmap/config-service29 created
        deployment.apps/service29 created
        service/service29 created
        configmap/config-service3 created
        deployment.apps/service3 created
        service/service3 created
        configmap/config-service30 created
        deployment.apps/service30 created
        service/service30 created
        configmap/config-service31 created
        deployment.apps/service31 created
        service/service31 created
        configmap/config-service32 created
        deployment.apps/service32 created
        service/service32 created
        configmap/config-service33 created
        deployment.apps/service33 created
        service/service33 created
        configmap/config-service34 created
        deployment.apps/service34 created
        service/service34 created
        configmap/config-service35 created
        deployment.apps/service35 created
        service/service35 created
        configmap/config-service36 created
        deployment.apps/service36 created
        service/service36 created
        configmap/config-service37 created
        deployment.apps/service37 created
        service/service37 created
        configmap/config-service38 created
        deployment.apps/service38 created
        service/service38 created
        configmap/config-service39 created
        deployment.apps/service39 created
        service/service39 created
        configmap/config-service4 created
        deployment.apps/service4 created
        service/service4 created
        configmap/config-service40 created
        deployment.apps/service40 created
        service/service40 created
        configmap/config-service41 created
        deployment.apps/service41 created
        service/service41 created
        configmap/config-service42 created
        deployment.apps/service42 created
        service/service42 created
        configmap/config-service5 created
        deployment.apps/service5 created
        service/service5 created
        configmap/config-service6 created
        deployment.apps/service6 created
        service/service6 created
        configmap/config-service7 created
        deployment.apps/service7 created
        service/service7 created
        configmap/config-service8 created
        deployment.apps/service8 created
        service/service8 created
        configmap/config-service9 created
        deployment.apps/service9 created
        service/service9 created
        [run.sh] Client pod not found, deploying client
        deployment.apps/ubuntu-client created
        [run.sh] Waiting for all pods to be running
        [run.sh] All pods are running
        [run.sh] Running warmup test
        [run.sh] /wrk/wrk -t8 -c64 --timeout 10s -d10s -L http://service0:80/endpoint1
        Running 10s test @ http://service0:80/endpoint1
        8 threads and 64 connections
        Thread Stats   Avg      Stdev     Max   +/- Stdev
        Latency   499.22ms  355.50ms   2.50s    77.25%
        Req/Sec    19.45     11.37    70.00     82.69%
        Latency Distribution
        50%  393.92ms
        75%  649.05ms
        90%  998.07ms
        99%    1.76s
        1325 requests in 10.03s, 205.74KB read
        Requests/sec:    132.12
        Transfer/sec:     20.51KB
        [run.sh] Speed is 132.12, duration is 113
        [run.sh] Fix the request number.
        [run.sh] Running the actual test
        [run.sh] /wrk/wrk --timeout 20s -t8 -c64 -d113s -L -s /wrk/fix_req_n.lua http://service0:80/endpoint1
        [run.sh] Checking the resource usage
        NAME                             CPU(cores)   MEMORY(bytes)
        service0-566d797889-xqqv9        224m         27Mi
        service1-58c95cb96-ztlbt         254m         28Mi
        service10-779f75db9b-t28pt       65m          11Mi
        service11-77694fd499-trcg2       64m          11Mi
        service12-6447457dc8-nh4w8       64m          10Mi
        service13-5c69f55c57-ql4xt       62m          11Mi
        service14-797f758f8d-kcls9       62m          10Mi
        service15-5c6b49dff-nhqlf        61m          10Mi
        service16-65bcd889bb-7msgp       61m          10Mi
        service17-79bdf7c489-6r7tm       59m          11Mi
        service18-74f94764c6-df5wg       60m          10Mi
        service19-688657cfff-t9x42       59m          10Mi
        service2-5d59c5bd5d-zmg5g        238m         26Mi
        service20-5f7ddcb587-4tsvt       58m          10Mi
        service21-7c46b45c64-8nfvp       58m          10Mi
        service22-65dbcdbf85-vrf9c       57m          10Mi
        service23-57bd5f778-wz9p5        57m          10Mi
        service24-65c5d55855-pn526       57m          10Mi
        service25-6478854456-vfwh6       56m          10Mi
        service26-7f84bd9597-p2bgl       55m          10Mi
        service27-5b7f877d5d-94bbv       54m          10Mi
        service28-5b86874899-2m589       52m          10Mi
        service29-9cd757cf6-fchqg        52m          10Mi
        service3-564487d7d8-rl7hc        252m         26Mi
        service30-64595bbffd-gnzdg       51m          10Mi
        service31-566f99bb5c-6xplb       50m          10Mi
        service32-7ccf7d4d7b-qwmv7       50m          10Mi
        service33-b75d875f5-p78c6        49m          10Mi
        service34-5dd485f758-v2qt7       47m          10Mi
        service35-7f9587457-c4lnw        47m          10Mi
        service36-6b8dccfd4d-kn5hl       46m          10Mi
        service37-666cbff6bc-zcrkt       45m          10Mi
        service38-6468b7674-kjh4k        45m          10Mi
        service39-7557f4fddf-9vd8q       43m          10Mi
        service4-5f75c4bf98-49cwr        249m         26Mi
        service40-84d95c8665-wmhmq       38m          10Mi
        service41-997449d5d-4jktx        33m          10Mi
        service42-6c5db85bd-g8gdp        26m          8Mi
        service5-ffd8ccc6-n959x          233m         26Mi
        service6-6b89db49b6-tcc8j        241m         24Mi
        service7-845b5b8588-4fs4b        82m          8Mi
        service8-7c9f97fd46-4dwwp        75m          9Mi
        service9-7cb9cf658d-l8c4q        66m          11Mi
        ubuntu-client-76886f6bbd-dp6ln   11m          9Mi
        Running 2m test @ http://service0:80/endpoint1
        8 threads and 64 connections
        Thread Stats   Avg      Stdev     Max   +/- Stdev
        Latency   433.82ms  294.38ms   2.65s    78.65%
        Req/Sec    19.83     10.47   141.00     87.85%
        Latency Distribution
        50%  356.18ms
        75%  543.75ms
        90%  805.25ms
        99%    1.51s
        10000 requests in 1.88m, 1.52MB read
        Requests/sec:     88.50
        Transfer/sec:     13.74KB
        ------------------------------
        stop time: 67.105536
        stop time: 66.894163
        stop time: 66.770948
        stop time: 67.225796
        stop time: 67.186059
        stop time: 67.394361
        stop time: 65.883431
        stop time: 66.309532
        [run.sh] Test finished with status 0
        > STDERR
        > No resources found in default namespace.
    [exp] Times: [67.105536, 66.894163, 66.770948, 67.225796, 67.186059, 67.394361, 65.883431, 66.309532]
    [exp] Throughput: 149.59707169416848
[test.py] Running 3th slowdown exp
    [exp] Running (pre_run: False) workload synthetic/large-scale request with the following configuration: {'CLIENT_CPU_QUOTA': '2', 'SLOWPOKE_POKER_BATCH_THRESHOLD': '20000000', 'PROCESSING_TIME_SERVICE0': '0.00084992', 'PROCESSING_TIME_SERVICE1': '0.00041608', 'PROCESSING_TIME_SERVICE2': '0.00040904', 'PROCESSING_TIME_SERVICE3': '0.00040856', 'PROCESSING_TIME_SERVICE4': '0.00039399', 'PROCESSING_TIME_SERVICE5': '0.00034132', 'PROCESSING_TIME_SERVICE6': '0.00033888', 'PROCESSING_TIME_SERVICE7': '0.00031483', 'PROCESSING_TIME_SERVICE8': '0.00030921', 'PROCESSING_TIME_SERVICE9': '0.00030915', 'PROCESSING_TIME_SERVICE10': '0.00030446', 'PROCESSING_TIME_SERVICE11': '0.00029684', 'PROCESSING_TIME_SERVICE12': '0.00028793', 'PROCESSING_TIME_SERVICE13': '0.00027964', 'PROCESSING_TIME_SERVICE14': '0.00027242', 'PROCESSING_TIME_SERVICE15': '0.0002701', 'PROCESSING_TIME_SERVICE16': '0.00024938', 'PROCESSING_TIME_SERVICE17': '0.00024532', 'PROCESSING_TIME_SERVICE18': '0.00024495', 'PROCESSING_TIME_SERVICE19': '0.00024084', 'PROCESSING_TIME_SERVICE20': '0.00023737', 'PROCESSING_TIME_SERVICE21': '0.00023498', 'PROCESSING_TIME_SERVICE22': '0.00023121', 'PROCESSING_TIME_SERVICE23': '0.00022884', 'PROCESSING_TIME_SERVICE24': '0.00022859', 'PROCESSING_TIME_SERVICE25': '0.00021986', 'PROCESSING_TIME_SERVICE26': '0.00021502', 'PROCESSING_TIME_SERVICE27': '0.00020254', 'PROCESSING_TIME_SERVICE28': '0.00018378', 'PROCESSING_TIME_SERVICE29': '0.00018316', 'PROCESSING_TIME_SERVICE30': '0.00017924', 'PROCESSING_TIME_SERVICE31': '0.00016948', 'PROCESSING_TIME_SERVICE32': '0.00016482', 'PROCESSING_TIME_SERVICE33': '0.00015993', 'PROCESSING_TIME_SERVICE34': '0.00014365', 'PROCESSING_TIME_SERVICE35': '0.00014002', 'PROCESSING_TIME_SERVICE36': '0.00013758', 'PROCESSING_TIME_SERVICE37': '0.00012354', 'PROCESSING_TIME_SERVICE38': '0.00012228', 'PROCESSING_TIME_SERVICE39': '0.00011115', 'PROCESSING_TIME_SERVICE40': '8.455e-05', 'PROCESSING_TIME_SERVICE41': '4.507e-05', 'PROCESSING_TIME_SERVICE42': '1.5e-06', 'SLOWPOKE_DELAY_MICROS_SERVICE0': '0.0', 'SLOWPOKE_POKER_BATCH_THRESHOLD_SERVICE0': '100', 'SLOWPOKE_IS_TARGET_SERVICE_SERVICE0': 'true', 'SLOWPOKE_DELAY_MICROS_SERVICE1': '298.5', 'SLOWPOKE_POKER_BATCH_THRESHOLD_SERVICE1': '100', 'SLOWPOKE_IS_TARGET_SERVICE_SERVICE1': 'false', 'SLOWPOKE_DELAY_MICROS_SERVICE2': '298.5', 'SLOWPOKE_POKER_BATCH_THRESHOLD_SERVICE2': '100', 'SLOWPOKE_IS_TARGET_SERVICE_SERVICE2': 'false', 'SLOWPOKE_DELAY_MICROS_SERVICE3': '298.5', 'SLOWPOKE_POKER_BATCH_THRESHOLD_SERVICE3': '100', 'SLOWPOKE_IS_TARGET_SERVICE_SERVICE3': 'false', 'SLOWPOKE_DELAY_MICROS_SERVICE4': '298.5', 'SLOWPOKE_POKER_BATCH_THRESHOLD_SERVICE4': '100', 'SLOWPOKE_IS_TARGET_SERVICE_SERVICE4': 'false', 'SLOWPOKE_DELAY_MICROS_SERVICE5': '298.5', 'SLOWPOKE_POKER_BATCH_THRESHOLD_SERVICE5': '100', 'SLOWPOKE_IS_TARGET_SERVICE_SERVICE5': 'false', 'SLOWPOKE_DELAY_MICROS_SERVICE6': '298.5', 'SLOWPOKE_POKER_BATCH_THRESHOLD_SERVICE6': '100', 'SLOWPOKE_IS_TARGET_SERVICE_SERVICE6': 'false', 'SLOWPOKE_DELAY_MICROS_SERVICE7': '298.5', 'SLOWPOKE_POKER_BATCH_THRESHOLD_SERVICE7': '100', 'SLOWPOKE_IS_TARGET_SERVICE_SERVICE7': 'false', 'SLOWPOKE_DELAY_MICROS_SERVICE8': '298.5', 'SLOWPOKE_POKER_BATCH_THRESHOLD_SERVICE8': '100', 'SLOWPOKE_IS_TARGET_SERVICE_SERVICE8': 'false', 'SLOWPOKE_DELAY_MICROS_SERVICE9': '298.5', 'SLOWPOKE_POKER_BATCH_THRESHOLD_SERVICE9': '100', 'SLOWPOKE_IS_TARGET_SERVICE_SERVICE9': 'false', 'SLOWPOKE_DELAY_MICROS_SERVICE10': '298.5', 'SLOWPOKE_POKER_BATCH_THRESHOLD_SERVICE10': '100', 'SLOWPOKE_IS_TARGET_SERVICE_SERVICE10': 'false', 'SLOWPOKE_DELAY_MICROS_SERVICE11': '298.5', 'SLOWPOKE_POKER_BATCH_THRESHOLD_SERVICE11': '100', 'SLOWPOKE_IS_TARGET_SERVICE_SERVICE11': 'false', 'SLOWPOKE_DELAY_MICROS_SERVICE12': '298.5', 'SLOWPOKE_POKER_BATCH_THRESHOLD_SERVICE12': '100', 'SLOWPOKE_IS_TARGET_SERVICE_SERVICE12': 'false', 'SLOWPOKE_DELAY_MICROS_SERVICE13': '298.5', 'SLOWPOKE_POKER_BATCH_THRESHOLD_SERVICE13': '100', 'SLOWPOKE_IS_TARGET_SERVICE_SERVICE13': 'false', 'SLOWPOKE_DELAY_MICROS_SERVICE14': '298.5', 'SLOWPOKE_POKER_BATCH_THRESHOLD_SERVICE14': '100', 'SLOWPOKE_IS_TARGET_SERVICE_SERVICE14': 'false', 'SLOWPOKE_DELAY_MICROS_SERVICE15': '298.5', 'SLOWPOKE_POKER_BATCH_THRESHOLD_SERVICE15': '100', 'SLOWPOKE_IS_TARGET_SERVICE_SERVICE15': 'false', 'SLOWPOKE_DELAY_MICROS_SERVICE16': '298.5', 'SLOWPOKE_POKER_BATCH_THRESHOLD_SERVICE16': '100', 'SLOWPOKE_IS_TARGET_SERVICE_SERVICE16': 'false', 'SLOWPOKE_DELAY_MICROS_SERVICE17': '298.5', 'SLOWPOKE_POKER_BATCH_THRESHOLD_SERVICE17': '100', 'SLOWPOKE_IS_TARGET_SERVICE_SERVICE17': 'false', 'SLOWPOKE_DELAY_MICROS_SERVICE18': '298.5', 'SLOWPOKE_POKER_BATCH_THRESHOLD_SERVICE18': '100', 'SLOWPOKE_IS_TARGET_SERVICE_SERVICE18': 'false', 'SLOWPOKE_DELAY_MICROS_SERVICE19': '298.5', 'SLOWPOKE_POKER_BATCH_THRESHOLD_SERVICE19': '100', 'SLOWPOKE_IS_TARGET_SERVICE_SERVICE19': 'false', 'SLOWPOKE_DELAY_MICROS_SERVICE20': '298.5', 'SLOWPOKE_POKER_BATCH_THRESHOLD_SERVICE20': '100', 'SLOWPOKE_IS_TARGET_SERVICE_SERVICE20': 'false', 'SLOWPOKE_DELAY_MICROS_SERVICE21': '298.5', 'SLOWPOKE_POKER_BATCH_THRESHOLD_SERVICE21': '100', 'SLOWPOKE_IS_TARGET_SERVICE_SERVICE21': 'false', 'SLOWPOKE_DELAY_MICROS_SERVICE22': '298.5', 'SLOWPOKE_POKER_BATCH_THRESHOLD_SERVICE22': '100', 'SLOWPOKE_IS_TARGET_SERVICE_SERVICE22': 'false', 'SLOWPOKE_DELAY_MICROS_SERVICE23': '298.5', 'SLOWPOKE_POKER_BATCH_THRESHOLD_SERVICE23': '100', 'SLOWPOKE_IS_TARGET_SERVICE_SERVICE23': 'false', 'SLOWPOKE_DELAY_MICROS_SERVICE24': '298.5', 'SLOWPOKE_POKER_BATCH_THRESHOLD_SERVICE24': '100', 'SLOWPOKE_IS_TARGET_SERVICE_SERVICE24': 'false', 'SLOWPOKE_DELAY_MICROS_SERVICE25': '298.5', 'SLOWPOKE_POKER_BATCH_THRESHOLD_SERVICE25': '100', 'SLOWPOKE_IS_TARGET_SERVICE_SERVICE25': 'false', 'SLOWPOKE_DELAY_MICROS_SERVICE26': '298.5', 'SLOWPOKE_POKER_BATCH_THRESHOLD_SERVICE26': '100', 'SLOWPOKE_IS_TARGET_SERVICE_SERVICE26': 'false', 'SLOWPOKE_DELAY_MICROS_SERVICE27': '298.5', 'SLOWPOKE_POKER_BATCH_THRESHOLD_SERVICE27': '100', 'SLOWPOKE_IS_TARGET_SERVICE_SERVICE27': 'false', 'SLOWPOKE_DELAY_MICROS_SERVICE28': '298.5', 'SLOWPOKE_POKER_BATCH_THRESHOLD_SERVICE28': '100', 'SLOWPOKE_IS_TARGET_SERVICE_SERVICE28': 'false', 'SLOWPOKE_DELAY_MICROS_SERVICE29': '298.5', 'SLOWPOKE_POKER_BATCH_THRESHOLD_SERVICE29': '100', 'SLOWPOKE_IS_TARGET_SERVICE_SERVICE29': 'false', 'SLOWPOKE_DELAY_MICROS_SERVICE30': '298.5', 'SLOWPOKE_POKER_BATCH_THRESHOLD_SERVICE30': '100', 'SLOWPOKE_IS_TARGET_SERVICE_SERVICE30': 'false', 'SLOWPOKE_DELAY_MICROS_SERVICE31': '298.5', 'SLOWPOKE_POKER_BATCH_THRESHOLD_SERVICE31': '100', 'SLOWPOKE_IS_TARGET_SERVICE_SERVICE31': 'false', 'SLOWPOKE_DELAY_MICROS_SERVICE32': '298.5', 'SLOWPOKE_POKER_BATCH_THRESHOLD_SERVICE32': '100', 'SLOWPOKE_IS_TARGET_SERVICE_SERVICE32': 'false', 'SLOWPOKE_DELAY_MICROS_SERVICE33': '298.5', 'SLOWPOKE_POKER_BATCH_THRESHOLD_SERVICE33': '100', 'SLOWPOKE_IS_TARGET_SERVICE_SERVICE33': 'false', 'SLOWPOKE_DELAY_MICROS_SERVICE34': '298.5', 'SLOWPOKE_POKER_BATCH_THRESHOLD_SERVICE34': '100', 'SLOWPOKE_IS_TARGET_SERVICE_SERVICE34': 'false', 'SLOWPOKE_DELAY_MICROS_SERVICE35': '298.5', 'SLOWPOKE_POKER_BATCH_THRESHOLD_SERVICE35': '100', 'SLOWPOKE_IS_TARGET_SERVICE_SERVICE35': 'false', 'SLOWPOKE_DELAY_MICROS_SERVICE36': '298.5', 'SLOWPOKE_POKER_BATCH_THRESHOLD_SERVICE36': '100', 'SLOWPOKE_IS_TARGET_SERVICE_SERVICE36': 'false', 'SLOWPOKE_DELAY_MICROS_SERVICE37': '298.5', 'SLOWPOKE_POKER_BATCH_THRESHOLD_SERVICE37': '100', 'SLOWPOKE_IS_TARGET_SERVICE_SERVICE37': 'false', 'SLOWPOKE_DELAY_MICROS_SERVICE38': '298.5', 'SLOWPOKE_POKER_BATCH_THRESHOLD_SERVICE38': '100', 'SLOWPOKE_IS_TARGET_SERVICE_SERVICE38': 'false', 'SLOWPOKE_DELAY_MICROS_SERVICE39': '298.5', 'SLOWPOKE_POKER_BATCH_THRESHOLD_SERVICE39': '100', 'SLOWPOKE_IS_TARGET_SERVICE_SERVICE39': 'false', 'SLOWPOKE_DELAY_MICROS_SERVICE40': '298.5', 'SLOWPOKE_POKER_BATCH_THRESHOLD_SERVICE40': '100', 'SLOWPOKE_IS_TARGET_SERVICE_SERVICE40': 'false', 'SLOWPOKE_DELAY_MICROS_SERVICE41': '298.5', 'SLOWPOKE_POKER_BATCH_THRESHOLD_SERVICE41': '100', 'SLOWPOKE_IS_TARGET_SERVICE_SERVICE41': 'false', 'SLOWPOKE_DELAY_MICROS_SERVICE42': '298.5', 'SLOWPOKE_POKER_BATCH_THRESHOLD_SERVICE42': '100', 'SLOWPOKE_IS_TARGET_SERVICE_SERVICE42': 'false'}
    [exp] Executing cmd `bash run.sh synthetic large-scale 8 64 10000`:
        [run.sh] Running benchmark synthetic with request large-scale, thread 8, conn 64, duration 60
        [run.sh] Deleting all services
        configmap "config-service0" deleted
        deployment.apps "service0" deleted
        service "service0" deleted
        configmap "config-service1" deleted
        deployment.apps "service1" deleted
        service "service1" deleted
        configmap "config-service10" deleted
        deployment.apps "service10" deleted
        service "service10" deleted
        configmap "config-service11" deleted
        deployment.apps "service11" deleted
        service "service11" deleted
        configmap "config-service12" deleted
        deployment.apps "service12" deleted
        service "service12" deleted
        configmap "config-service13" deleted
        deployment.apps "service13" deleted
        service "service13" deleted
        configmap "config-service14" deleted
        deployment.apps "service14" deleted
        service "service14" deleted
        configmap "config-service15" deleted
        deployment.apps "service15" deleted
        service "service15" deleted
        configmap "config-service16" deleted
        deployment.apps "service16" deleted
        service "service16" deleted
        configmap "config-service17" deleted
        deployment.apps "service17" deleted
        service "service17" deleted
        configmap "config-service18" deleted
        deployment.apps "service18" deleted
        service "service18" deleted
        configmap "config-service19" deleted
        deployment.apps "service19" deleted
        service "service19" deleted
        configmap "config-service2" deleted
        deployment.apps "service2" deleted
        service "service2" deleted
        configmap "config-service20" deleted
        deployment.apps "service20" deleted
        service "service20" deleted
        configmap "config-service21" deleted
        deployment.apps "service21" deleted
        service "service21" deleted
        configmap "config-service22" deleted
        deployment.apps "service22" deleted
        service "service22" deleted
        configmap "config-service23" deleted
        deployment.apps "service23" deleted
        service "service23" deleted
        configmap "config-service24" deleted
        deployment.apps "service24" deleted
        service "service24" deleted
        configmap "config-service25" deleted
        deployment.apps "service25" deleted
        service "service25" deleted
        configmap "config-service26" deleted
        deployment.apps "service26" deleted
        service "service26" deleted
        configmap "config-service27" deleted
        deployment.apps "service27" deleted
        service "service27" deleted
        configmap "config-service28" deleted
        deployment.apps "service28" deleted
        service "service28" deleted
        configmap "config-service29" deleted
        deployment.apps "service29" deleted
        service "service29" deleted
        configmap "config-service3" deleted
        deployment.apps "service3" deleted
        service "service3" deleted
        configmap "config-service30" deleted
        deployment.apps "service30" deleted
        service "service30" deleted
        configmap "config-service31" deleted
        deployment.apps "service31" deleted
        service "service31" deleted
        configmap "config-service32" deleted
        deployment.apps "service32" deleted
        service "service32" deleted
        configmap "config-service33" deleted
        deployment.apps "service33" deleted
        service "service33" deleted
        configmap "config-service34" deleted
        deployment.apps "service34" deleted
        service "service34" deleted
        configmap "config-service35" deleted
        deployment.apps "service35" deleted
        service "service35" deleted
        configmap "config-service36" deleted
        deployment.apps "service36" deleted
        service "service36" deleted
        configmap "config-service37" deleted
        deployment.apps "service37" deleted
        service "service37" deleted
        configmap "config-service38" deleted
        deployment.apps "service38" deleted
        service "service38" deleted
        configmap "config-service39" deleted
        deployment.apps "service39" deleted
        service "service39" deleted
        configmap "config-service4" deleted
        deployment.apps "service4" deleted
        service "service4" deleted
        configmap "config-service40" deleted
        deployment.apps "service40" deleted
        service "service40" deleted
        configmap "config-service41" deleted
        deployment.apps "service41" deleted
        service "service41" deleted
        configmap "config-service42" deleted
        deployment.apps "service42" deleted
        service "service42" deleted
        configmap "config-service5" deleted
        deployment.apps "service5" deleted
        service "service5" deleted
        configmap "config-service6" deleted
        deployment.apps "service6" deleted
        service "service6" deleted
        configmap "config-service7" deleted
        deployment.apps "service7" deleted
        service "service7" deleted
        configmap "config-service8" deleted
        deployment.apps "service8" deleted
        service "service8" deleted
        configmap "config-service9" deleted
        deployment.apps "service9" deleted
        service "service9" deleted
        deployment.apps "ubuntu-client" deleted
        [run.sh] Waiting for all pods to be deleted
        [run.sh] Deploying all services
        configmap/config-service0 created
        deployment.apps/service0 created
        service/service0 created
        configmap/config-service1 created
        deployment.apps/service1 created
        service/service1 created
        configmap/config-service10 created
        deployment.apps/service10 created
        service/service10 created
        configmap/config-service11 created
        deployment.apps/service11 created
        service/service11 created
        configmap/config-service12 created
        deployment.apps/service12 created
        service/service12 created
        configmap/config-service13 created
        deployment.apps/service13 created
        service/service13 created
        configmap/config-service14 created
        deployment.apps/service14 created
        service/service14 created
        configmap/config-service15 created
        deployment.apps/service15 created
        service/service15 created
        configmap/config-service16 created
        deployment.apps/service16 created
        service/service16 created
        configmap/config-service17 created
        deployment.apps/service17 created
        service/service17 created
        configmap/config-service18 created
        deployment.apps/service18 created
        service/service18 created
        configmap/config-service19 created
        deployment.apps/service19 created
        service/service19 created
        configmap/config-service2 created
        deployment.apps/service2 created
        service/service2 created
        configmap/config-service20 created
        deployment.apps/service20 created
        service/service20 created
        configmap/config-service21 created
        deployment.apps/service21 created
        service/service21 created
        configmap/config-service22 created
        deployment.apps/service22 created
        service/service22 created
        configmap/config-service23 created
        deployment.apps/service23 created
        service/service23 created
        configmap/config-service24 created
        deployment.apps/service24 created
        service/service24 created
        configmap/config-service25 created
        deployment.apps/service25 created
        service/service25 created
        configmap/config-service26 created
        deployment.apps/service26 created
        service/service26 created
        configmap/config-service27 created
        deployment.apps/service27 created
        service/service27 created
        configmap/config-service28 created
        deployment.apps/service28 created
        service/service28 created
        configmap/config-service29 created
        deployment.apps/service29 created
        service/service29 created
        configmap/config-service3 created
        deployment.apps/service3 created
        service/service3 created
        configmap/config-service30 created
        deployment.apps/service30 created
        service/service30 created
        configmap/config-service31 created
        deployment.apps/service31 created
        service/service31 created
        configmap/config-service32 created
        deployment.apps/service32 created
        service/service32 created
        configmap/config-service33 created
        deployment.apps/service33 created
        service/service33 created
        configmap/config-service34 created
        deployment.apps/service34 created
        service/service34 created
        configmap/config-service35 created
        deployment.apps/service35 created
        service/service35 created
        configmap/config-service36 created
        deployment.apps/service36 created
        service/service36 created
        configmap/config-service37 created
        deployment.apps/service37 created
        service/service37 created
        configmap/config-service38 created
        deployment.apps/service38 created
        service/service38 created
        configmap/config-service39 created
        deployment.apps/service39 created
        service/service39 created
        configmap/config-service4 created
        deployment.apps/service4 created
        service/service4 created
        configmap/config-service40 created
        deployment.apps/service40 created
        service/service40 created
        configmap/config-service41 created
        deployment.apps/service41 created
        service/service41 created
        configmap/config-service42 created
        deployment.apps/service42 created
        service/service42 created
        configmap/config-service5 created
        deployment.apps/service5 created
        service/service5 created
        configmap/config-service6 created
        deployment.apps/service6 created
        service/service6 created
        configmap/config-service7 created
        deployment.apps/service7 created
        service/service7 created
        configmap/config-service8 created
        deployment.apps/service8 created
        service/service8 created
        configmap/config-service9 created
        deployment.apps/service9 created
        service/service9 created
        [run.sh] Client pod not found, deploying client
        deployment.apps/ubuntu-client created
        [run.sh] Waiting for all pods to be running
        [run.sh] All pods are running
        [run.sh] Running warmup test
        [run.sh] /wrk/wrk -t8 -c64 --timeout 10s -d10s -L http://service0:80/endpoint1
        Running 10s test @ http://service0:80/endpoint1
        8 threads and 64 connections
        Thread Stats   Avg      Stdev     Max   +/- Stdev
        Latency   478.50ms  276.31ms   1.83s    73.78%
        Req/Sec    19.82     11.94    80.00     83.58%
        Latency Distribution
        50%  419.36ms
        75%  611.73ms
        90%  849.43ms
        99%    1.34s
        1350 requests in 10.02s, 209.62KB read
        Requests/sec:    134.75
        Transfer/sec:     20.92KB
        [run.sh] Speed is 134.75, duration is 111
        [run.sh] Fix the request number.
        [run.sh] Running the actual test
        [run.sh] /wrk/wrk --timeout 20s -t8 -c64 -d111s -L -s /wrk/fix_req_n.lua http://service0:80/endpoint1
        [run.sh] Checking the resource usage
        NAME                             CPU(cores)   MEMORY(bytes)
        service0-566d797889-lv75z        1m           3Mi
        service1-7685879cb4-69l7v        1m           3Mi
        service10-86c4685484-cz7lg       1m           3Mi
        service11-6bb99bcf9f-t2lbx       1m           3Mi
        service12-69fc4f8b46-qjt4j       1m           3Mi
        service13-769dffcb69-d922k       1m           3Mi
        service14-6bd55bb79b-9jlvg       1m           3Mi
        service15-d64bf5479-kdbjs        1m           3Mi
        service16-5d797fbb98-6hgdr       1m           3Mi
        service17-5d74c94d6f-tdffv       1m           3Mi
        service18-76bfcf78fb-gdxnm       1m           3Mi
        service19-8584d7cc6c-zqhdk       1m           3Mi
        service2-6b594c9d54-mzcjf        1m           3Mi
        service20-654f4b9467-j4ckk       1m           3Mi
        service21-545db76fbd-zxc54       1m           3Mi
        service22-65c88f54d9-pzvkw       1m           3Mi
        service23-84f85744c4-9hd7f       1m           3Mi
        service24-58c6db789f-kdwpd       1m           3Mi
        service25-856bf4c55b-np5t9       1m           3Mi
        service26-676d6b4f57-7shh2       1m           3Mi
        service27-64bf879bf4-wvbsx       1m           3Mi
        service28-85555974f9-tgqh4       1m           3Mi
        service29-546b8c9c6d-dwdnp       1m           3Mi
        service3-66bb94b66d-794t2        1m           3Mi
        service30-7cc4fcd978-7vtv2       1m           3Mi
        service31-6fd77774df-tv6pp       1m           3Mi
        service32-6b46f9d744-5tjg8       1m           3Mi
        service33-7fb59964c5-xzrtz       1m           3Mi
        service34-56b4746d94-4mnmt       1m           3Mi
        service35-8bb78587c-wp8dh        1m           3Mi
        service36-697fb84884-drk9j       1m           3Mi
        service37-7c4cf55f99-vbxp8       1m           3Mi
        service38-859bf575bb-npwlb       1m           3Mi
        service39-796ddf98b9-dtw5t       1m           3Mi
        service4-86bcfb85db-57vzp        1m           3Mi
        service40-9f75d8db5-mf645        1m           3Mi
        service41-6fc7fd4f8b-kqwbf       1m           3Mi
        service42-b86bfd484-kzb7d        1m           3Mi
        service5-6d5c87c4d4-t2gsv        1m           3Mi
        service6-7d44594878-7zz9m        1m           3Mi
        service7-7475998f44-mjvz8        1m           3Mi
        service8-57b7fbddc8-hzhql        1m           3Mi
        service9-5db8775cf6-x7vdh        1m           3Mi
        ubuntu-client-76886f6bbd-7zq4c   0m           0Mi
        Running 2m test @ http://service0:80/endpoint1
        8 threads and 64 connections
        Thread Stats   Avg      Stdev     Max   +/- Stdev
        Latency   431.22ms  253.70ms   2.58s    73.43%
        Req/Sec    20.40     12.87   131.00     81.32%
        Latency Distribution
        50%  383.30ms
        75%  562.77ms
        90%  740.95ms
        99%    1.28s
        10000 requests in 1.85m, 1.52MB read
        Requests/sec:     90.09
        Transfer/sec:     13.99KB
        ------------------------------
        stop time: 67.349601
        stop time: 66.489123
        stop time: 67.139742
        stop time: 67.427845
        stop time: 67.569778
        stop time: 66.870065
        stop time: 66.937577
        stop time: 67.269296
        [run.sh] Test finished with status 0
        > STDERR
        > No resources found in default namespace.
    [exp] Times: [67.349601, 66.489123, 67.139742, 67.427845, 67.569778, 66.870065, 66.937577, 67.269296]
    [exp] Throughput: 148.9610820124844
[test.py] Finished running 3th optmization experiment: groundtruth->149.59707169416848, slowdown->148.9610820124844, predicted->155.90401883669773, err->4.215956282501957
[test.py] Running 4th optmization experiment
[test.py] Running 4th groundtruth exp
    [exp] Running (pre_run: False) workload synthetic/large-scale request with the following configuration: {'CLIENT_CPU_QUOTA': '2', 'SLOWPOKE_POKER_BATCH_THRESHOLD': '20000000', 'PROCESSING_TIME_SERVICE0': '0.000336', 'PROCESSING_TIME_SERVICE1': '0.00041608', 'PROCESSING_TIME_SERVICE2': '0.00040904', 'PROCESSING_TIME_SERVICE3': '0.00040856', 'PROCESSING_TIME_SERVICE4': '0.00039399', 'PROCESSING_TIME_SERVICE5': '0.00034132', 'PROCESSING_TIME_SERVICE6': '0.00033888', 'PROCESSING_TIME_SERVICE7': '0.00031483', 'PROCESSING_TIME_SERVICE8': '0.00030921', 'PROCESSING_TIME_SERVICE9': '0.00030915', 'PROCESSING_TIME_SERVICE10': '0.00030446', 'PROCESSING_TIME_SERVICE11': '0.00029684', 'PROCESSING_TIME_SERVICE12': '0.00028793', 'PROCESSING_TIME_SERVICE13': '0.00027964', 'PROCESSING_TIME_SERVICE14': '0.00027242', 'PROCESSING_TIME_SERVICE15': '0.0002701', 'PROCESSING_TIME_SERVICE16': '0.00024938', 'PROCESSING_TIME_SERVICE17': '0.00024532', 'PROCESSING_TIME_SERVICE18': '0.00024495', 'PROCESSING_TIME_SERVICE19': '0.00024084', 'PROCESSING_TIME_SERVICE20': '0.00023737', 'PROCESSING_TIME_SERVICE21': '0.00023498', 'PROCESSING_TIME_SERVICE22': '0.00023121', 'PROCESSING_TIME_SERVICE23': '0.00022884', 'PROCESSING_TIME_SERVICE24': '0.00022859', 'PROCESSING_TIME_SERVICE25': '0.00021986', 'PROCESSING_TIME_SERVICE26': '0.00021502', 'PROCESSING_TIME_SERVICE27': '0.00020254', 'PROCESSING_TIME_SERVICE28': '0.00018378', 'PROCESSING_TIME_SERVICE29': '0.00018316', 'PROCESSING_TIME_SERVICE30': '0.00017924', 'PROCESSING_TIME_SERVICE31': '0.00016948', 'PROCESSING_TIME_SERVICE32': '0.00016482', 'PROCESSING_TIME_SERVICE33': '0.00015993', 'PROCESSING_TIME_SERVICE34': '0.00014365', 'PROCESSING_TIME_SERVICE35': '0.00014002', 'PROCESSING_TIME_SERVICE36': '0.00013758', 'PROCESSING_TIME_SERVICE37': '0.00012354', 'PROCESSING_TIME_SERVICE38': '0.00012228', 'PROCESSING_TIME_SERVICE39': '0.00011115', 'PROCESSING_TIME_SERVICE40': '8.455e-05', 'PROCESSING_TIME_SERVICE41': '4.507e-05', 'PROCESSING_TIME_SERVICE42': '1.5e-06', 'SLOWPOKE_DELAY_MICROS_SERVICE0': '0.0', 'SLOWPOKE_POKER_BATCH_THRESHOLD_SERVICE0': '100', 'SLOWPOKE_IS_TARGET_SERVICE_SERVICE0': 'true', 'SLOWPOKE_DELAY_MICROS_SERVICE1': '0.0', 'SLOWPOKE_POKER_BATCH_THRESHOLD_SERVICE1': '100', 'SLOWPOKE_IS_TARGET_SERVICE_SERVICE1': 'false', 'SLOWPOKE_DELAY_MICROS_SERVICE2': '0.0', 'SLOWPOKE_POKER_BATCH_THRESHOLD_SERVICE2': '100', 'SLOWPOKE_IS_TARGET_SERVICE_SERVICE2': 'false', 'SLOWPOKE_DELAY_MICROS_SERVICE3': '0.0', 'SLOWPOKE_POKER_BATCH_THRESHOLD_SERVICE3': '100', 'SLOWPOKE_IS_TARGET_SERVICE_SERVICE3': 'false', 'SLOWPOKE_DELAY_MICROS_SERVICE4': '0.0', 'SLOWPOKE_POKER_BATCH_THRESHOLD_SERVICE4': '100', 'SLOWPOKE_IS_TARGET_SERVICE_SERVICE4': 'false', 'SLOWPOKE_DELAY_MICROS_SERVICE5': '0.0', 'SLOWPOKE_POKER_BATCH_THRESHOLD_SERVICE5': '100', 'SLOWPOKE_IS_TARGET_SERVICE_SERVICE5': 'false', 'SLOWPOKE_DELAY_MICROS_SERVICE6': '0.0', 'SLOWPOKE_POKER_BATCH_THRESHOLD_SERVICE6': '100', 'SLOWPOKE_IS_TARGET_SERVICE_SERVICE6': 'false', 'SLOWPOKE_DELAY_MICROS_SERVICE7': '0.0', 'SLOWPOKE_POKER_BATCH_THRESHOLD_SERVICE7': '100', 'SLOWPOKE_IS_TARGET_SERVICE_SERVICE7': 'false', 'SLOWPOKE_DELAY_MICROS_SERVICE8': '0.0', 'SLOWPOKE_POKER_BATCH_THRESHOLD_SERVICE8': '100', 'SLOWPOKE_IS_TARGET_SERVICE_SERVICE8': 'false', 'SLOWPOKE_DELAY_MICROS_SERVICE9': '0.0', 'SLOWPOKE_POKER_BATCH_THRESHOLD_SERVICE9': '100', 'SLOWPOKE_IS_TARGET_SERVICE_SERVICE9': 'false', 'SLOWPOKE_DELAY_MICROS_SERVICE10': '0.0', 'SLOWPOKE_POKER_BATCH_THRESHOLD_SERVICE10': '100', 'SLOWPOKE_IS_TARGET_SERVICE_SERVICE10': 'false', 'SLOWPOKE_DELAY_MICROS_SERVICE11': '0.0', 'SLOWPOKE_POKER_BATCH_THRESHOLD_SERVICE11': '100', 'SLOWPOKE_IS_TARGET_SERVICE_SERVICE11': 'false', 'SLOWPOKE_DELAY_MICROS_SERVICE12': '0.0', 'SLOWPOKE_POKER_BATCH_THRESHOLD_SERVICE12': '100', 'SLOWPOKE_IS_TARGET_SERVICE_SERVICE12': 'false', 'SLOWPOKE_DELAY_MICROS_SERVICE13': '0.0', 'SLOWPOKE_POKER_BATCH_THRESHOLD_SERVICE13': '100', 'SLOWPOKE_IS_TARGET_SERVICE_SERVICE13': 'false', 'SLOWPOKE_DELAY_MICROS_SERVICE14': '0.0', 'SLOWPOKE_POKER_BATCH_THRESHOLD_SERVICE14': '100', 'SLOWPOKE_IS_TARGET_SERVICE_SERVICE14': 'false', 'SLOWPOKE_DELAY_MICROS_SERVICE15': '0.0', 'SLOWPOKE_POKER_BATCH_THRESHOLD_SERVICE15': '100', 'SLOWPOKE_IS_TARGET_SERVICE_SERVICE15': 'false', 'SLOWPOKE_DELAY_MICROS_SERVICE16': '0.0', 'SLOWPOKE_POKER_BATCH_THRESHOLD_SERVICE16': '100', 'SLOWPOKE_IS_TARGET_SERVICE_SERVICE16': 'false', 'SLOWPOKE_DELAY_MICROS_SERVICE17': '0.0', 'SLOWPOKE_POKER_BATCH_THRESHOLD_SERVICE17': '100', 'SLOWPOKE_IS_TARGET_SERVICE_SERVICE17': 'false', 'SLOWPOKE_DELAY_MICROS_SERVICE18': '0.0', 'SLOWPOKE_POKER_BATCH_THRESHOLD_SERVICE18': '100', 'SLOWPOKE_IS_TARGET_SERVICE_SERVICE18': 'false', 'SLOWPOKE_DELAY_MICROS_SERVICE19': '0.0', 'SLOWPOKE_POKER_BATCH_THRESHOLD_SERVICE19': '100', 'SLOWPOKE_IS_TARGET_SERVICE_SERVICE19': 'false', 'SLOWPOKE_DELAY_MICROS_SERVICE20': '0.0', 'SLOWPOKE_POKER_BATCH_THRESHOLD_SERVICE20': '100', 'SLOWPOKE_IS_TARGET_SERVICE_SERVICE20': 'false', 'SLOWPOKE_DELAY_MICROS_SERVICE21': '0.0', 'SLOWPOKE_POKER_BATCH_THRESHOLD_SERVICE21': '100', 'SLOWPOKE_IS_TARGET_SERVICE_SERVICE21': 'false', 'SLOWPOKE_DELAY_MICROS_SERVICE22': '0.0', 'SLOWPOKE_POKER_BATCH_THRESHOLD_SERVICE22': '100', 'SLOWPOKE_IS_TARGET_SERVICE_SERVICE22': 'false', 'SLOWPOKE_DELAY_MICROS_SERVICE23': '0.0', 'SLOWPOKE_POKER_BATCH_THRESHOLD_SERVICE23': '100', 'SLOWPOKE_IS_TARGET_SERVICE_SERVICE23': 'false', 'SLOWPOKE_DELAY_MICROS_SERVICE24': '0.0', 'SLOWPOKE_POKER_BATCH_THRESHOLD_SERVICE24': '100', 'SLOWPOKE_IS_TARGET_SERVICE_SERVICE24': 'false', 'SLOWPOKE_DELAY_MICROS_SERVICE25': '0.0', 'SLOWPOKE_POKER_BATCH_THRESHOLD_SERVICE25': '100', 'SLOWPOKE_IS_TARGET_SERVICE_SERVICE25': 'false', 'SLOWPOKE_DELAY_MICROS_SERVICE26': '0.0', 'SLOWPOKE_POKER_BATCH_THRESHOLD_SERVICE26': '100', 'SLOWPOKE_IS_TARGET_SERVICE_SERVICE26': 'false', 'SLOWPOKE_DELAY_MICROS_SERVICE27': '0.0', 'SLOWPOKE_POKER_BATCH_THRESHOLD_SERVICE27': '100', 'SLOWPOKE_IS_TARGET_SERVICE_SERVICE27': 'false', 'SLOWPOKE_DELAY_MICROS_SERVICE28': '0.0', 'SLOWPOKE_POKER_BATCH_THRESHOLD_SERVICE28': '100', 'SLOWPOKE_IS_TARGET_SERVICE_SERVICE28': 'false', 'SLOWPOKE_DELAY_MICROS_SERVICE29': '0.0', 'SLOWPOKE_POKER_BATCH_THRESHOLD_SERVICE29': '100', 'SLOWPOKE_IS_TARGET_SERVICE_SERVICE29': 'false', 'SLOWPOKE_DELAY_MICROS_SERVICE30': '0.0', 'SLOWPOKE_POKER_BATCH_THRESHOLD_SERVICE30': '100', 'SLOWPOKE_IS_TARGET_SERVICE_SERVICE30': 'false', 'SLOWPOKE_DELAY_MICROS_SERVICE31': '0.0', 'SLOWPOKE_POKER_BATCH_THRESHOLD_SERVICE31': '100', 'SLOWPOKE_IS_TARGET_SERVICE_SERVICE31': 'false', 'SLOWPOKE_DELAY_MICROS_SERVICE32': '0.0', 'SLOWPOKE_POKER_BATCH_THRESHOLD_SERVICE32': '100', 'SLOWPOKE_IS_TARGET_SERVICE_SERVICE32': 'false', 'SLOWPOKE_DELAY_MICROS_SERVICE33': '0.0', 'SLOWPOKE_POKER_BATCH_THRESHOLD_SERVICE33': '100', 'SLOWPOKE_IS_TARGET_SERVICE_SERVICE33': 'false', 'SLOWPOKE_DELAY_MICROS_SERVICE34': '0.0', 'SLOWPOKE_POKER_BATCH_THRESHOLD_SERVICE34': '100', 'SLOWPOKE_IS_TARGET_SERVICE_SERVICE34': 'false', 'SLOWPOKE_DELAY_MICROS_SERVICE35': '0.0', 'SLOWPOKE_POKER_BATCH_THRESHOLD_SERVICE35': '100', 'SLOWPOKE_IS_TARGET_SERVICE_SERVICE35': 'false', 'SLOWPOKE_DELAY_MICROS_SERVICE36': '0.0', 'SLOWPOKE_POKER_BATCH_THRESHOLD_SERVICE36': '100', 'SLOWPOKE_IS_TARGET_SERVICE_SERVICE36': 'false', 'SLOWPOKE_DELAY_MICROS_SERVICE37': '0.0', 'SLOWPOKE_POKER_BATCH_THRESHOLD_SERVICE37': '100', 'SLOWPOKE_IS_TARGET_SERVICE_SERVICE37': 'false', 'SLOWPOKE_DELAY_MICROS_SERVICE38': '0.0', 'SLOWPOKE_POKER_BATCH_THRESHOLD_SERVICE38': '100', 'SLOWPOKE_IS_TARGET_SERVICE_SERVICE38': 'false', 'SLOWPOKE_DELAY_MICROS_SERVICE39': '0.0', 'SLOWPOKE_POKER_BATCH_THRESHOLD_SERVICE39': '100', 'SLOWPOKE_IS_TARGET_SERVICE_SERVICE39': 'false', 'SLOWPOKE_DELAY_MICROS_SERVICE40': '0.0', 'SLOWPOKE_POKER_BATCH_THRESHOLD_SERVICE40': '100', 'SLOWPOKE_IS_TARGET_SERVICE_SERVICE40': 'false', 'SLOWPOKE_DELAY_MICROS_SERVICE41': '0.0', 'SLOWPOKE_POKER_BATCH_THRESHOLD_SERVICE41': '100', 'SLOWPOKE_IS_TARGET_SERVICE_SERVICE41': 'false', 'SLOWPOKE_DELAY_MICROS_SERVICE42': '0.0', 'SLOWPOKE_POKER_BATCH_THRESHOLD_SERVICE42': '100', 'SLOWPOKE_IS_TARGET_SERVICE_SERVICE42': 'false'}
    [exp] Executing cmd `bash run.sh synthetic large-scale 8 64 10000`:
        [run.sh] Running benchmark synthetic with request large-scale, thread 8, conn 64, duration 60
        [run.sh] Deleting all services
        configmap "config-service0" deleted
        deployment.apps "service0" deleted
        service "service0" deleted
        configmap "config-service1" deleted
        deployment.apps "service1" deleted
        service "service1" deleted
        configmap "config-service10" deleted
        deployment.apps "service10" deleted
        service "service10" deleted
        configmap "config-service11" deleted
        deployment.apps "service11" deleted
        service "service11" deleted
        configmap "config-service12" deleted
        deployment.apps "service12" deleted
        service "service12" deleted
        configmap "config-service13" deleted
        deployment.apps "service13" deleted
        service "service13" deleted
        configmap "config-service14" deleted
        deployment.apps "service14" deleted
        service "service14" deleted
        configmap "config-service15" deleted
        deployment.apps "service15" deleted
        service "service15" deleted
        configmap "config-service16" deleted
        deployment.apps "service16" deleted
        service "service16" deleted
        configmap "config-service17" deleted
        deployment.apps "service17" deleted
        service "service17" deleted
        configmap "config-service18" deleted
        deployment.apps "service18" deleted
        service "service18" deleted
        configmap "config-service19" deleted
        deployment.apps "service19" deleted
        service "service19" deleted
        configmap "config-service2" deleted
        deployment.apps "service2" deleted
        service "service2" deleted
        configmap "config-service20" deleted
        deployment.apps "service20" deleted
        service "service20" deleted
        configmap "config-service21" deleted
        deployment.apps "service21" deleted
        service "service21" deleted
        configmap "config-service22" deleted
        deployment.apps "service22" deleted
        service "service22" deleted
        configmap "config-service23" deleted
        deployment.apps "service23" deleted
        service "service23" deleted
        configmap "config-service24" deleted
        deployment.apps "service24" deleted
        service "service24" deleted
        configmap "config-service25" deleted
        deployment.apps "service25" deleted
        service "service25" deleted
        configmap "config-service26" deleted
        deployment.apps "service26" deleted
        service "service26" deleted
        configmap "config-service27" deleted
        deployment.apps "service27" deleted
        service "service27" deleted
        configmap "config-service28" deleted
        deployment.apps "service28" deleted
        service "service28" deleted
        configmap "config-service29" deleted
        deployment.apps "service29" deleted
        service "service29" deleted
        configmap "config-service3" deleted
        deployment.apps "service3" deleted
        service "service3" deleted
        configmap "config-service30" deleted
        deployment.apps "service30" deleted
        service "service30" deleted
        configmap "config-service31" deleted
        deployment.apps "service31" deleted
        service "service31" deleted
        configmap "config-service32" deleted
        deployment.apps "service32" deleted
        service "service32" deleted
        configmap "config-service33" deleted
        deployment.apps "service33" deleted
        service "service33" deleted
        configmap "config-service34" deleted
        deployment.apps "service34" deleted
        service "service34" deleted
        configmap "config-service35" deleted
        deployment.apps "service35" deleted
        service "service35" deleted
        configmap "config-service36" deleted
        deployment.apps "service36" deleted
        service "service36" deleted
        configmap "config-service37" deleted
        deployment.apps "service37" deleted
        service "service37" deleted
        configmap "config-service38" deleted
        deployment.apps "service38" deleted
        service "service38" deleted
        configmap "config-service39" deleted
        deployment.apps "service39" deleted
        service "service39" deleted
        configmap "config-service4" deleted
        deployment.apps "service4" deleted
        service "service4" deleted
        configmap "config-service40" deleted
        deployment.apps "service40" deleted
        service "service40" deleted
        configmap "config-service41" deleted
        deployment.apps "service41" deleted
        service "service41" deleted
        configmap "config-service42" deleted
        deployment.apps "service42" deleted
        service "service42" deleted
        configmap "config-service5" deleted
        deployment.apps "service5" deleted
        service "service5" deleted
        configmap "config-service6" deleted
        deployment.apps "service6" deleted
        service "service6" deleted
        configmap "config-service7" deleted
        deployment.apps "service7" deleted
        service "service7" deleted
        configmap "config-service8" deleted
        deployment.apps "service8" deleted
        service "service8" deleted
        configmap "config-service9" deleted
        deployment.apps "service9" deleted
        service "service9" deleted
        deployment.apps "ubuntu-client" deleted
        [run.sh] Waiting for all pods to be deleted
        [run.sh] Deploying all services
        configmap/config-service0 created
        deployment.apps/service0 created
        service/service0 created
        configmap/config-service1 created
        deployment.apps/service1 created
        service/service1 created
        configmap/config-service10 created
        deployment.apps/service10 created
        service/service10 created
        configmap/config-service11 created
        deployment.apps/service11 created
        service/service11 created
        configmap/config-service12 created
        deployment.apps/service12 created
        service/service12 created
        configmap/config-service13 created
        deployment.apps/service13 created
        service/service13 created
        configmap/config-service14 created
        deployment.apps/service14 created
        service/service14 created
        configmap/config-service15 created
        deployment.apps/service15 created
        service/service15 created
        configmap/config-service16 created
        deployment.apps/service16 created
        service/service16 created
        configmap/config-service17 created
        deployment.apps/service17 created
        service/service17 created
        configmap/config-service18 created
        deployment.apps/service18 created
        service/service18 created
        configmap/config-service19 created
        deployment.apps/service19 created
        service/service19 created
        configmap/config-service2 created
        deployment.apps/service2 created
        service/service2 created
        configmap/config-service20 created
        deployment.apps/service20 created
        service/service20 created
        configmap/config-service21 created
        deployment.apps/service21 created
        service/service21 created
        configmap/config-service22 created
        deployment.apps/service22 created
        service/service22 created
        configmap/config-service23 created
        deployment.apps/service23 created
        service/service23 created
        configmap/config-service24 created
        deployment.apps/service24 created
        service/service24 created
        configmap/config-service25 created
        deployment.apps/service25 created
        service/service25 created
        configmap/config-service26 created
        deployment.apps/service26 created
        service/service26 created
        configmap/config-service27 created
        deployment.apps/service27 created
        service/service27 created
        configmap/config-service28 created
        deployment.apps/service28 created
        service/service28 created
        configmap/config-service29 created
        deployment.apps/service29 created
        service/service29 created
        configmap/config-service3 created
        deployment.apps/service3 created
        service/service3 created
        configmap/config-service30 created
        deployment.apps/service30 created
        service/service30 created
        configmap/config-service31 created
        deployment.apps/service31 created
        service/service31 created
        configmap/config-service32 created
        deployment.apps/service32 created
        service/service32 created
        configmap/config-service33 created
        deployment.apps/service33 created
        service/service33 created
        configmap/config-service34 created
        deployment.apps/service34 created
        service/service34 created
        configmap/config-service35 created
        deployment.apps/service35 created
        service/service35 created
        configmap/config-service36 created
        deployment.apps/service36 created
        service/service36 created
        configmap/config-service37 created
        deployment.apps/service37 created
        service/service37 created
        configmap/config-service38 created
        deployment.apps/service38 created
        service/service38 created
        configmap/config-service39 created
        deployment.apps/service39 created
        service/service39 created
        configmap/config-service4 created
        deployment.apps/service4 created
        service/service4 created
        configmap/config-service40 created
        deployment.apps/service40 created
        service/service40 created
        configmap/config-service41 created
        deployment.apps/service41 created
        service/service41 created
        configmap/config-service42 created
        deployment.apps/service42 created
        service/service42 created
        configmap/config-service5 created
        deployment.apps/service5 created
        service/service5 created
        configmap/config-service6 created
        deployment.apps/service6 created
        service/service6 created
        configmap/config-service7 created
        deployment.apps/service7 created
        service/service7 created
        configmap/config-service8 created
        deployment.apps/service8 created
        service/service8 created
        configmap/config-service9 created
        deployment.apps/service9 created
        service/service9 created
        [run.sh] Client pod not found, deploying client
        deployment.apps/ubuntu-client created
        [run.sh] Waiting for all pods to be running
        [run.sh] All pods are running
        [run.sh] Running warmup test
        [run.sh] /wrk/wrk -t8 -c64 --timeout 10s -d10s -L http://service0:80/endpoint1
        Running 10s test @ http://service0:80/endpoint1
        8 threads and 64 connections
        Thread Stats   Avg      Stdev     Max   +/- Stdev
        Latency   511.75ms  348.08ms   2.76s    77.99%
        Req/Sec    19.25     10.87    50.00     84.67%
        Latency Distribution
        50%  406.18ms
        75%  655.15ms
        90%    1.00s
        99%    1.66s
        1300 requests in 10.02s, 201.86KB read
        Requests/sec:    129.72
        Transfer/sec:     20.14KB
        [run.sh] Speed is 129.72, duration is 115
        [run.sh] Fix the request number.
        [run.sh] Running the actual test
        [run.sh] /wrk/wrk --timeout 20s -t8 -c64 -d115s -L -s /wrk/fix_req_n.lua http://service0:80/endpoint1
        [run.sh] Checking the resource usage
        NAME                             CPU(cores)   MEMORY(bytes)
        service0-566d797889-hb4lh        85m          27Mi
        service1-58c95cb96-wbfbs         112m         24Mi
        service10-779f75db9b-v8zzc       22m          9Mi
        service11-77694fd499-7mcbf       21m          9Mi
        service12-6447457dc8-x65h6       20m          9Mi
        service13-5c69f55c57-xsps5       21m          9Mi
        service14-797f758f8d-knzjt       21m          9Mi
        service15-5c6b49dff-5jnwr        20m          9Mi
        service16-65bcd889bb-pmwlw       20m          9Mi
        service17-79bdf7c489-9djs9       20m          9Mi
        service18-74f94764c6-46gfq       20m          9Mi
        service19-688657cfff-2zzgc       20m          9Mi
        service2-5d59c5bd5d-slfs8        110m         26Mi
        service20-5f7ddcb587-w6wkd       19m          9Mi
        service21-7c46b45c64-hltv9       19m          9Mi
        service22-65dbcdbf85-9k7sq       19m          9Mi
        service23-57bd5f778-zhzdj        20m          9Mi
        service24-65c5d55855-c8ldv       20m          9Mi
        service25-6478854456-t7lzl       19m          9Mi
        service26-7f84bd9597-fjplb       19m          8Mi
        service27-5b7f877d5d-zjzg8       19m          9Mi
        service28-5b86874899-5dbmz       18m          9Mi
        service29-9cd757cf6-76hbg        17m          9Mi
        service3-564487d7d8-bjfqj        34m          26Mi
        service30-64595bbffd-n5r55       18m          9Mi
        service31-566f99bb5c-crpwz       18m          9Mi
        service32-7ccf7d4d7b-t8fsz       17m          9Mi
        service33-b75d875f5-2nkmk        16m          8Mi
        service34-5dd485f758-xljwn       16m          9Mi
        service35-7f9587457-zlns8        17m          8Mi
        service36-6b8dccfd4d-rxfzl       17m          8Mi
        service37-666cbff6bc-rmp6h       16m          7Mi
        service38-6468b7674-ttg67        16m          9Mi
        service39-7557f4fddf-kk8qv       15m          9Mi
        service4-5f75c4bf98-t9hr2        133m         25Mi
        service40-84d95c8665-7852w       15m          9Mi
        service41-997449d5d-f7pgt        13m          8Mi
        service42-6c5db85bd-w7n42        4m           8Mi
        service5-ffd8ccc6-md9v5          111m         25Mi
        service6-6b89db49b6-s7969        1m           24Mi
        service7-845b5b8588-g4jxz        18m          7Mi
        service8-7c9f97fd46-rrmzk        27m          6Mi
        service9-7cb9cf658d-kpzxm        22m          9Mi
        ubuntu-client-76886f6bbd-c8czs   5m           5Mi
        Running 2m test @ http://service0:80/endpoint1
        8 threads and 64 connections
        Thread Stats   Avg      Stdev     Max   +/- Stdev
        Latency   431.39ms  290.36ms   2.70s    78.91%
        Req/Sec    20.01     11.21   170.00     85.85%
        Latency Distribution
        50%  359.29ms
        75%  536.05ms
        90%  794.73ms
        99%    1.48s
        10000 requests in 1.92m, 1.52MB read
        Requests/sec:     86.96
        Transfer/sec:     13.50KB
        ------------------------------
        stop time: 65.315833
        stop time: 67.184492
        stop time: 66.802293
        stop time: 66.441439
        stop time: 66.628181
        stop time: 66.918749
        stop time: 66.578878
        stop time: 66.431711
        [run.sh] Test finished with status 0
        > STDERR
        > No resources found in default namespace.
    [exp] Times: [65.315833, 67.184492, 66.802293, 66.441439, 66.628181, 66.918749, 66.578878, 66.431711]
    [exp] Throughput: 150.29074420775336
[test.py] Running 4th slowdown exp
    [exp] Running (pre_run: False) workload synthetic/large-scale request with the following configuration: {'CLIENT_CPU_QUOTA': '2', 'SLOWPOKE_POKER_BATCH_THRESHOLD': '20000000', 'PROCESSING_TIME_SERVICE0': '0.00084992', 'PROCESSING_TIME_SERVICE1': '0.00041608', 'PROCESSING_TIME_SERVICE2': '0.00040904', 'PROCESSING_TIME_SERVICE3': '0.00040856', 'PROCESSING_TIME_SERVICE4': '0.00039399', 'PROCESSING_TIME_SERVICE5': '0.00034132', 'PROCESSING_TIME_SERVICE6': '0.00033888', 'PROCESSING_TIME_SERVICE7': '0.00031483', 'PROCESSING_TIME_SERVICE8': '0.00030921', 'PROCESSING_TIME_SERVICE9': '0.00030915', 'PROCESSING_TIME_SERVICE10': '0.00030446', 'PROCESSING_TIME_SERVICE11': '0.00029684', 'PROCESSING_TIME_SERVICE12': '0.00028793', 'PROCESSING_TIME_SERVICE13': '0.00027964', 'PROCESSING_TIME_SERVICE14': '0.00027242', 'PROCESSING_TIME_SERVICE15': '0.0002701', 'PROCESSING_TIME_SERVICE16': '0.00024938', 'PROCESSING_TIME_SERVICE17': '0.00024532', 'PROCESSING_TIME_SERVICE18': '0.00024495', 'PROCESSING_TIME_SERVICE19': '0.00024084', 'PROCESSING_TIME_SERVICE20': '0.00023737', 'PROCESSING_TIME_SERVICE21': '0.00023498', 'PROCESSING_TIME_SERVICE22': '0.00023121', 'PROCESSING_TIME_SERVICE23': '0.00022884', 'PROCESSING_TIME_SERVICE24': '0.00022859', 'PROCESSING_TIME_SERVICE25': '0.00021986', 'PROCESSING_TIME_SERVICE26': '0.00021502', 'PROCESSING_TIME_SERVICE27': '0.00020254', 'PROCESSING_TIME_SERVICE28': '0.00018378', 'PROCESSING_TIME_SERVICE29': '0.00018316', 'PROCESSING_TIME_SERVICE30': '0.00017924', 'PROCESSING_TIME_SERVICE31': '0.00016948', 'PROCESSING_TIME_SERVICE32': '0.00016482', 'PROCESSING_TIME_SERVICE33': '0.00015993', 'PROCESSING_TIME_SERVICE34': '0.00014365', 'PROCESSING_TIME_SERVICE35': '0.00014002', 'PROCESSING_TIME_SERVICE36': '0.00013758', 'PROCESSING_TIME_SERVICE37': '0.00012354', 'PROCESSING_TIME_SERVICE38': '0.00012228', 'PROCESSING_TIME_SERVICE39': '0.00011115', 'PROCESSING_TIME_SERVICE40': '8.455e-05', 'PROCESSING_TIME_SERVICE41': '4.507e-05', 'PROCESSING_TIME_SERVICE42': '1.5e-06', 'SLOWPOKE_DELAY_MICROS_SERVICE0': '0.0', 'SLOWPOKE_POKER_BATCH_THRESHOLD_SERVICE0': '100', 'SLOWPOKE_IS_TARGET_SERVICE_SERVICE0': 'true', 'SLOWPOKE_DELAY_MICROS_SERVICE1': '256.5', 'SLOWPOKE_POKER_BATCH_THRESHOLD_SERVICE1': '100', 'SLOWPOKE_IS_TARGET_SERVICE_SERVICE1': 'false', 'SLOWPOKE_DELAY_MICROS_SERVICE2': '256.5', 'SLOWPOKE_POKER_BATCH_THRESHOLD_SERVICE2': '100', 'SLOWPOKE_IS_TARGET_SERVICE_SERVICE2': 'false', 'SLOWPOKE_DELAY_MICROS_SERVICE3': '256.5', 'SLOWPOKE_POKER_BATCH_THRESHOLD_SERVICE3': '100', 'SLOWPOKE_IS_TARGET_SERVICE_SERVICE3': 'false', 'SLOWPOKE_DELAY_MICROS_SERVICE4': '256.5', 'SLOWPOKE_POKER_BATCH_THRESHOLD_SERVICE4': '100', 'SLOWPOKE_IS_TARGET_SERVICE_SERVICE4': 'false', 'SLOWPOKE_DELAY_MICROS_SERVICE5': '256.5', 'SLOWPOKE_POKER_BATCH_THRESHOLD_SERVICE5': '100', 'SLOWPOKE_IS_TARGET_SERVICE_SERVICE5': 'false', 'SLOWPOKE_DELAY_MICROS_SERVICE6': '256.5', 'SLOWPOKE_POKER_BATCH_THRESHOLD_SERVICE6': '100', 'SLOWPOKE_IS_TARGET_SERVICE_SERVICE6': 'false', 'SLOWPOKE_DELAY_MICROS_SERVICE7': '256.5', 'SLOWPOKE_POKER_BATCH_THRESHOLD_SERVICE7': '100', 'SLOWPOKE_IS_TARGET_SERVICE_SERVICE7': 'false', 'SLOWPOKE_DELAY_MICROS_SERVICE8': '256.5', 'SLOWPOKE_POKER_BATCH_THRESHOLD_SERVICE8': '100', 'SLOWPOKE_IS_TARGET_SERVICE_SERVICE8': 'false', 'SLOWPOKE_DELAY_MICROS_SERVICE9': '256.5', 'SLOWPOKE_POKER_BATCH_THRESHOLD_SERVICE9': '100', 'SLOWPOKE_IS_TARGET_SERVICE_SERVICE9': 'false', 'SLOWPOKE_DELAY_MICROS_SERVICE10': '256.5', 'SLOWPOKE_POKER_BATCH_THRESHOLD_SERVICE10': '100', 'SLOWPOKE_IS_TARGET_SERVICE_SERVICE10': 'false', 'SLOWPOKE_DELAY_MICROS_SERVICE11': '256.5', 'SLOWPOKE_POKER_BATCH_THRESHOLD_SERVICE11': '100', 'SLOWPOKE_IS_TARGET_SERVICE_SERVICE11': 'false', 'SLOWPOKE_DELAY_MICROS_SERVICE12': '256.5', 'SLOWPOKE_POKER_BATCH_THRESHOLD_SERVICE12': '100', 'SLOWPOKE_IS_TARGET_SERVICE_SERVICE12': 'false', 'SLOWPOKE_DELAY_MICROS_SERVICE13': '256.5', 'SLOWPOKE_POKER_BATCH_THRESHOLD_SERVICE13': '100', 'SLOWPOKE_IS_TARGET_SERVICE_SERVICE13': 'false', 'SLOWPOKE_DELAY_MICROS_SERVICE14': '256.5', 'SLOWPOKE_POKER_BATCH_THRESHOLD_SERVICE14': '100', 'SLOWPOKE_IS_TARGET_SERVICE_SERVICE14': 'false', 'SLOWPOKE_DELAY_MICROS_SERVICE15': '256.5', 'SLOWPOKE_POKER_BATCH_THRESHOLD_SERVICE15': '100', 'SLOWPOKE_IS_TARGET_SERVICE_SERVICE15': 'false', 'SLOWPOKE_DELAY_MICROS_SERVICE16': '256.5', 'SLOWPOKE_POKER_BATCH_THRESHOLD_SERVICE16': '100', 'SLOWPOKE_IS_TARGET_SERVICE_SERVICE16': 'false', 'SLOWPOKE_DELAY_MICROS_SERVICE17': '256.5', 'SLOWPOKE_POKER_BATCH_THRESHOLD_SERVICE17': '100', 'SLOWPOKE_IS_TARGET_SERVICE_SERVICE17': 'false', 'SLOWPOKE_DELAY_MICROS_SERVICE18': '256.5', 'SLOWPOKE_POKER_BATCH_THRESHOLD_SERVICE18': '100', 'SLOWPOKE_IS_TARGET_SERVICE_SERVICE18': 'false', 'SLOWPOKE_DELAY_MICROS_SERVICE19': '256.5', 'SLOWPOKE_POKER_BATCH_THRESHOLD_SERVICE19': '100', 'SLOWPOKE_IS_TARGET_SERVICE_SERVICE19': 'false', 'SLOWPOKE_DELAY_MICROS_SERVICE20': '256.5', 'SLOWPOKE_POKER_BATCH_THRESHOLD_SERVICE20': '100', 'SLOWPOKE_IS_TARGET_SERVICE_SERVICE20': 'false', 'SLOWPOKE_DELAY_MICROS_SERVICE21': '256.5', 'SLOWPOKE_POKER_BATCH_THRESHOLD_SERVICE21': '100', 'SLOWPOKE_IS_TARGET_SERVICE_SERVICE21': 'false', 'SLOWPOKE_DELAY_MICROS_SERVICE22': '256.5', 'SLOWPOKE_POKER_BATCH_THRESHOLD_SERVICE22': '100', 'SLOWPOKE_IS_TARGET_SERVICE_SERVICE22': 'false', 'SLOWPOKE_DELAY_MICROS_SERVICE23': '256.5', 'SLOWPOKE_POKER_BATCH_THRESHOLD_SERVICE23': '100', 'SLOWPOKE_IS_TARGET_SERVICE_SERVICE23': 'false', 'SLOWPOKE_DELAY_MICROS_SERVICE24': '256.5', 'SLOWPOKE_POKER_BATCH_THRESHOLD_SERVICE24': '100', 'SLOWPOKE_IS_TARGET_SERVICE_SERVICE24': 'false', 'SLOWPOKE_DELAY_MICROS_SERVICE25': '256.5', 'SLOWPOKE_POKER_BATCH_THRESHOLD_SERVICE25': '100', 'SLOWPOKE_IS_TARGET_SERVICE_SERVICE25': 'false', 'SLOWPOKE_DELAY_MICROS_SERVICE26': '256.5', 'SLOWPOKE_POKER_BATCH_THRESHOLD_SERVICE26': '100', 'SLOWPOKE_IS_TARGET_SERVICE_SERVICE26': 'false', 'SLOWPOKE_DELAY_MICROS_SERVICE27': '256.5', 'SLOWPOKE_POKER_BATCH_THRESHOLD_SERVICE27': '100', 'SLOWPOKE_IS_TARGET_SERVICE_SERVICE27': 'false', 'SLOWPOKE_DELAY_MICROS_SERVICE28': '256.5', 'SLOWPOKE_POKER_BATCH_THRESHOLD_SERVICE28': '100', 'SLOWPOKE_IS_TARGET_SERVICE_SERVICE28': 'false', 'SLOWPOKE_DELAY_MICROS_SERVICE29': '256.5', 'SLOWPOKE_POKER_BATCH_THRESHOLD_SERVICE29': '100', 'SLOWPOKE_IS_TARGET_SERVICE_SERVICE29': 'false', 'SLOWPOKE_DELAY_MICROS_SERVICE30': '256.5', 'SLOWPOKE_POKER_BATCH_THRESHOLD_SERVICE30': '100', 'SLOWPOKE_IS_TARGET_SERVICE_SERVICE30': 'false', 'SLOWPOKE_DELAY_MICROS_SERVICE31': '256.5', 'SLOWPOKE_POKER_BATCH_THRESHOLD_SERVICE31': '100', 'SLOWPOKE_IS_TARGET_SERVICE_SERVICE31': 'false', 'SLOWPOKE_DELAY_MICROS_SERVICE32': '256.5', 'SLOWPOKE_POKER_BATCH_THRESHOLD_SERVICE32': '100', 'SLOWPOKE_IS_TARGET_SERVICE_SERVICE32': 'false', 'SLOWPOKE_DELAY_MICROS_SERVICE33': '256.5', 'SLOWPOKE_POKER_BATCH_THRESHOLD_SERVICE33': '100', 'SLOWPOKE_IS_TARGET_SERVICE_SERVICE33': 'false', 'SLOWPOKE_DELAY_MICROS_SERVICE34': '256.5', 'SLOWPOKE_POKER_BATCH_THRESHOLD_SERVICE34': '100', 'SLOWPOKE_IS_TARGET_SERVICE_SERVICE34': 'false', 'SLOWPOKE_DELAY_MICROS_SERVICE35': '256.5', 'SLOWPOKE_POKER_BATCH_THRESHOLD_SERVICE35': '100', 'SLOWPOKE_IS_TARGET_SERVICE_SERVICE35': 'false', 'SLOWPOKE_DELAY_MICROS_SERVICE36': '256.5', 'SLOWPOKE_POKER_BATCH_THRESHOLD_SERVICE36': '100', 'SLOWPOKE_IS_TARGET_SERVICE_SERVICE36': 'false', 'SLOWPOKE_DELAY_MICROS_SERVICE37': '256.5', 'SLOWPOKE_POKER_BATCH_THRESHOLD_SERVICE37': '100', 'SLOWPOKE_IS_TARGET_SERVICE_SERVICE37': 'false', 'SLOWPOKE_DELAY_MICROS_SERVICE38': '256.5', 'SLOWPOKE_POKER_BATCH_THRESHOLD_SERVICE38': '100', 'SLOWPOKE_IS_TARGET_SERVICE_SERVICE38': 'false', 'SLOWPOKE_DELAY_MICROS_SERVICE39': '256.5', 'SLOWPOKE_POKER_BATCH_THRESHOLD_SERVICE39': '100', 'SLOWPOKE_IS_TARGET_SERVICE_SERVICE39': 'false', 'SLOWPOKE_DELAY_MICROS_SERVICE40': '256.5', 'SLOWPOKE_POKER_BATCH_THRESHOLD_SERVICE40': '100', 'SLOWPOKE_IS_TARGET_SERVICE_SERVICE40': 'false', 'SLOWPOKE_DELAY_MICROS_SERVICE41': '256.5', 'SLOWPOKE_POKER_BATCH_THRESHOLD_SERVICE41': '100', 'SLOWPOKE_IS_TARGET_SERVICE_SERVICE41': 'false', 'SLOWPOKE_DELAY_MICROS_SERVICE42': '256.5', 'SLOWPOKE_POKER_BATCH_THRESHOLD_SERVICE42': '100', 'SLOWPOKE_IS_TARGET_SERVICE_SERVICE42': 'false'}
    [exp] Executing cmd `bash run.sh synthetic large-scale 8 64 10000`:
        [run.sh] Running benchmark synthetic with request large-scale, thread 8, conn 64, duration 60
        [run.sh] Deleting all services
        configmap "config-service0" deleted
        deployment.apps "service0" deleted
        service "service0" deleted
        configmap "config-service1" deleted
        deployment.apps "service1" deleted
        service "service1" deleted
        configmap "config-service10" deleted
        deployment.apps "service10" deleted
        service "service10" deleted
        configmap "config-service11" deleted
        deployment.apps "service11" deleted
        service "service11" deleted
        configmap "config-service12" deleted
        deployment.apps "service12" deleted
        service "service12" deleted
        configmap "config-service13" deleted
        deployment.apps "service13" deleted
        service "service13" deleted
        configmap "config-service14" deleted
        deployment.apps "service14" deleted
        service "service14" deleted
        configmap "config-service15" deleted
        deployment.apps "service15" deleted
        service "service15" deleted
        configmap "config-service16" deleted
        deployment.apps "service16" deleted
        service "service16" deleted
        configmap "config-service17" deleted
        deployment.apps "service17" deleted
        service "service17" deleted
        configmap "config-service18" deleted
        deployment.apps "service18" deleted
        service "service18" deleted
        configmap "config-service19" deleted
        deployment.apps "service19" deleted
        service "service19" deleted
        configmap "config-service2" deleted
        deployment.apps "service2" deleted
        service "service2" deleted
        configmap "config-service20" deleted
        deployment.apps "service20" deleted
        service "service20" deleted
        configmap "config-service21" deleted
        deployment.apps "service21" deleted
        service "service21" deleted
        configmap "config-service22" deleted
        deployment.apps "service22" deleted
        service "service22" deleted
        configmap "config-service23" deleted
        deployment.apps "service23" deleted
        service "service23" deleted
        configmap "config-service24" deleted
        deployment.apps "service24" deleted
        service "service24" deleted
        configmap "config-service25" deleted
        deployment.apps "service25" deleted
        service "service25" deleted
        configmap "config-service26" deleted
        deployment.apps "service26" deleted
        service "service26" deleted
        configmap "config-service27" deleted
        deployment.apps "service27" deleted
        service "service27" deleted
        configmap "config-service28" deleted
        deployment.apps "service28" deleted
        service "service28" deleted
        configmap "config-service29" deleted
        deployment.apps "service29" deleted
        service "service29" deleted
        configmap "config-service3" deleted
        deployment.apps "service3" deleted
        service "service3" deleted
        configmap "config-service30" deleted
        deployment.apps "service30" deleted
        service "service30" deleted
        configmap "config-service31" deleted
        deployment.apps "service31" deleted
        service "service31" deleted
        configmap "config-service32" deleted
        deployment.apps "service32" deleted
        service "service32" deleted
        configmap "config-service33" deleted
        deployment.apps "service33" deleted
        service "service33" deleted
        configmap "config-service34" deleted
        deployment.apps "service34" deleted
        service "service34" deleted
        configmap "config-service35" deleted
        deployment.apps "service35" deleted
        service "service35" deleted
        configmap "config-service36" deleted
        deployment.apps "service36" deleted
        service "service36" deleted
        configmap "config-service37" deleted
        deployment.apps "service37" deleted
        service "service37" deleted
        configmap "config-service38" deleted
        deployment.apps "service38" deleted
        service "service38" deleted
        configmap "config-service39" deleted
        deployment.apps "service39" deleted
        service "service39" deleted
        configmap "config-service4" deleted
        deployment.apps "service4" deleted
        service "service4" deleted
        configmap "config-service40" deleted
        deployment.apps "service40" deleted
        service "service40" deleted
        configmap "config-service41" deleted
        deployment.apps "service41" deleted
        service "service41" deleted
        configmap "config-service42" deleted
        deployment.apps "service42" deleted
        service "service42" deleted
        configmap "config-service5" deleted
        deployment.apps "service5" deleted
        service "service5" deleted
        configmap "config-service6" deleted
        deployment.apps "service6" deleted
        service "service6" deleted
        configmap "config-service7" deleted
        deployment.apps "service7" deleted
        service "service7" deleted
        configmap "config-service8" deleted
        deployment.apps "service8" deleted
        service "service8" deleted
        configmap "config-service9" deleted
        deployment.apps "service9" deleted
        service "service9" deleted
        deployment.apps "ubuntu-client" deleted
        [run.sh] Waiting for all pods to be deleted
        [run.sh] Deploying all services
        configmap/config-service0 created
        deployment.apps/service0 created
        service/service0 created
        configmap/config-service1 created
        deployment.apps/service1 created
        service/service1 created
        configmap/config-service10 created
        deployment.apps/service10 created
        service/service10 created
        configmap/config-service11 created
        deployment.apps/service11 created
        service/service11 created
        configmap/config-service12 created
        deployment.apps/service12 created
        service/service12 created
        configmap/config-service13 created
        deployment.apps/service13 created
        service/service13 created
        configmap/config-service14 created
        deployment.apps/service14 created
        service/service14 created
        configmap/config-service15 created
        deployment.apps/service15 created
        service/service15 created
        configmap/config-service16 created
        deployment.apps/service16 created
        service/service16 created
        configmap/config-service17 created
        deployment.apps/service17 created
        service/service17 created
        configmap/config-service18 created
        deployment.apps/service18 created
        service/service18 created
        configmap/config-service19 created
        deployment.apps/service19 created
        service/service19 created
        configmap/config-service2 created
        deployment.apps/service2 created
        service/service2 created
        configmap/config-service20 created
        deployment.apps/service20 created
        service/service20 created
        configmap/config-service21 created
        deployment.apps/service21 created
        service/service21 created
        configmap/config-service22 created
        deployment.apps/service22 created
        service/service22 created
        configmap/config-service23 created
        deployment.apps/service23 created
        service/service23 created
        configmap/config-service24 created
        deployment.apps/service24 created
        service/service24 created
        configmap/config-service25 created
        deployment.apps/service25 created
        service/service25 created
        configmap/config-service26 created
        deployment.apps/service26 created
        service/service26 created
        configmap/config-service27 created
        deployment.apps/service27 created
        service/service27 created
        configmap/config-service28 created
        deployment.apps/service28 created
        service/service28 created
        configmap/config-service29 created
        deployment.apps/service29 created
        service/service29 created
        configmap/config-service3 created
        deployment.apps/service3 created
        service/service3 created
        configmap/config-service30 created
        deployment.apps/service30 created
        service/service30 created
        configmap/config-service31 created
        deployment.apps/service31 created
        service/service31 created
        configmap/config-service32 created
        deployment.apps/service32 created
        service/service32 created
        configmap/config-service33 created
        deployment.apps/service33 created
        service/service33 created
        configmap/config-service34 created
        deployment.apps/service34 created
        service/service34 created
        configmap/config-service35 created
        deployment.apps/service35 created
        service/service35 created
        configmap/config-service36 created
        deployment.apps/service36 created
        service/service36 created
        configmap/config-service37 created
        deployment.apps/service37 created
        service/service37 created
        configmap/config-service38 created
        deployment.apps/service38 created
        service/service38 created
        configmap/config-service39 created
        deployment.apps/service39 created
        service/service39 created
        configmap/config-service4 created
        deployment.apps/service4 created
        service/service4 created
        configmap/config-service40 created
        deployment.apps/service40 created
        service/service40 created
        configmap/config-service41 created
        deployment.apps/service41 created
        service/service41 created
        configmap/config-service42 created
        deployment.apps/service42 created
        service/service42 created
        configmap/config-service5 created
        deployment.apps/service5 created
        service/service5 created
        configmap/config-service6 created
        deployment.apps/service6 created
        service/service6 created
        configmap/config-service7 created
        deployment.apps/service7 created
        service/service7 created
        configmap/config-service8 created
        deployment.apps/service8 created
        service/service8 created
        configmap/config-service9 created
        deployment.apps/service9 created
        service/service9 created
        [run.sh] Client pod not found, deploying client
        deployment.apps/ubuntu-client created
        [run.sh] Waiting for all pods to be running
        [run.sh] All pods are running
        [run.sh] Running warmup test
        [run.sh] /wrk/wrk -t8 -c64 --timeout 10s -d10s -L http://service0:80/endpoint1
        Running 10s test @ http://service0:80/endpoint1
        8 threads and 64 connections
        Thread Stats   Avg      Stdev     Max   +/- Stdev
        Latency   500.42ms  359.87ms   3.01s    80.26%
        Req/Sec    19.56     11.61    70.00     82.71%
        Latency Distribution
        50%  400.65ms
        75%  630.56ms
        90%  984.36ms
        99%    1.83s
        1335 requests in 10.02s, 207.29KB read
        Requests/sec:    133.28
        Transfer/sec:     20.69KB
        [run.sh] Speed is 133.28, duration is 112
        [run.sh] Fix the request number.
        [run.sh] Running the actual test
        [run.sh] /wrk/wrk --timeout 20s -t8 -c64 -d112s -L -s /wrk/fix_req_n.lua http://service0:80/endpoint1
        [run.sh] Checking the resource usage
        NAME                             CPU(cores)   MEMORY(bytes)
        service0-566d797889-vvc74        194m         29Mi
        service1-7f488cbd54-ql9f8        123m         27Mi
        service10-548445d7c4-whgxw       53m          10Mi
        service11-7874599445-c9m2z       52m          10Mi
        service12-5bc77b96d-4mvhj        51m          9Mi
        service13-6bb468499f-fc6df       51m          10Mi
        service14-59574d95bb-7rc2t       50m          9Mi
        service15-86f6bcd6f7-78s4w       51m          9Mi
        service16-76759b87fb-zx946       47m          9Mi
        service17-776d45dc75-hvnb6       48m          9Mi
        service18-57948f7878-zzv4l       48m          8Mi
        service19-866dd6fd85-chmwm       48m          9Mi
        service2-5c5677b4dd-dm2z7        112m         26Mi
        service20-6459948585-5cllt       47m          9Mi
        service21-96c4d6674-9c6kp        47m          9Mi
        service22-858cfd74dc-8vb5c       46m          9Mi
        service23-77c595f764-75mnz       46m          9Mi
        service24-59fb4ff6d5-9q282       46m          9Mi
        service25-5cdcf7cbc8-g44bq       45m          9Mi
        service26-84f5fcdff9-scxk9       45m          9Mi
        service27-7f9965b696-vntgw       44m          9Mi
        service28-79b97f9457-z66fd       42m          9Mi
        service29-54f5f5f87d-8ftf5       42m          9Mi
        service3-58cff767d6-92gbl        203m         26Mi
        service30-7b64dbc5d4-kcxnd       42m          9Mi
        service31-7f7f4f97ff-kfp2v       41m          9Mi
        service32-6bfd7f8b7d-phtwg       40m          9Mi
        service33-65d4df96f-kr69v        39m          9Mi
        service34-578748c96-4cnmh        39m          9Mi
        service35-66fd55f4d7-pmxqw       38m          8Mi
        service36-6b99b594b-qc4cm        37m          9Mi
        service37-7d94ff4489-zpnm8       35m          9Mi
        service38-7d8d76dc84-wkv79       37m          8Mi
        service39-6fcdb885c9-qtwgh       35m          9Mi
        service4-757f875564-gq4mj        96m          27Mi
        service40-6567455995-zv89f       32m          9Mi
        service41-79b6b8fcb8-4b2g2       28m          9Mi
        service42-665965696b-l2k5l       22m          8Mi
        service5-b756449f8-qc66b         109m         25Mi
        service6-9485f8fbd-rpxxb         219m         26Mi
        service7-67f5749d98-5zj8q        58m          7Mi
        service8-754f6f496d-zxjzj        39m          8Mi
        service9-7bd547bd9d-wzmx7        52m          10Mi
        ubuntu-client-76886f6bbd-vsrkd   10m          0Mi
        Running 2m test @ http://service0:80/endpoint1
        8 threads and 64 connections
        Thread Stats   Avg      Stdev     Max   +/- Stdev
        Latency   424.93ms  243.17ms   2.03s    73.41%
        Req/Sec    20.44     12.55   100.00     82.52%
        Latency Distribution
        50%  377.40ms
        75%  546.69ms
        90%  743.33ms
        99%    1.23s
        10000 requests in 1.87m, 1.52MB read
        Requests/sec:     89.29
        Transfer/sec:     13.86KB
        ------------------------------
        stop time: 65.595303
        stop time: 66.735565
        stop time: 66.805327
        stop time: 66.655790
        stop time: 65.488843
        stop time: 66.720745
        stop time: 66.069633
        stop time: 66.880490
        [run.sh] Test finished with status 0
        > STDERR
        > No resources found in default namespace.
    [exp] Times: [65.595303, 66.735565, 66.805327, 66.65579, 65.488843, 66.720745, 66.069633, 66.88049]
    [exp] Throughput: 150.6728401146307
[test.py] Finished running 4th optmization experiment: groundtruth->150.29074420775336, slowdown->150.6728401146307, predicted->156.74137932601897, err->4.292104049567163
[test.py] Running 5th optmization experiment
[test.py] Running 5th groundtruth exp
    [exp] Running (pre_run: False) workload synthetic/large-scale request with the following configuration: {'CLIENT_CPU_QUOTA': '2', 'SLOWPOKE_POKER_BATCH_THRESHOLD': '20000000', 'PROCESSING_TIME_SERVICE0': '0.00042', 'PROCESSING_TIME_SERVICE1': '0.00041608', 'PROCESSING_TIME_SERVICE2': '0.00040904', 'PROCESSING_TIME_SERVICE3': '0.00040856', 'PROCESSING_TIME_SERVICE4': '0.00039399', 'PROCESSING_TIME_SERVICE5': '0.00034132', 'PROCESSING_TIME_SERVICE6': '0.00033888', 'PROCESSING_TIME_SERVICE7': '0.00031483', 'PROCESSING_TIME_SERVICE8': '0.00030921', 'PROCESSING_TIME_SERVICE9': '0.00030915', 'PROCESSING_TIME_SERVICE10': '0.00030446', 'PROCESSING_TIME_SERVICE11': '0.00029684', 'PROCESSING_TIME_SERVICE12': '0.00028793', 'PROCESSING_TIME_SERVICE13': '0.00027964', 'PROCESSING_TIME_SERVICE14': '0.00027242', 'PROCESSING_TIME_SERVICE15': '0.0002701', 'PROCESSING_TIME_SERVICE16': '0.00024938', 'PROCESSING_TIME_SERVICE17': '0.00024532', 'PROCESSING_TIME_SERVICE18': '0.00024495', 'PROCESSING_TIME_SERVICE19': '0.00024084', 'PROCESSING_TIME_SERVICE20': '0.00023737', 'PROCESSING_TIME_SERVICE21': '0.00023498', 'PROCESSING_TIME_SERVICE22': '0.00023121', 'PROCESSING_TIME_SERVICE23': '0.00022884', 'PROCESSING_TIME_SERVICE24': '0.00022859', 'PROCESSING_TIME_SERVICE25': '0.00021986', 'PROCESSING_TIME_SERVICE26': '0.00021502', 'PROCESSING_TIME_SERVICE27': '0.00020254', 'PROCESSING_TIME_SERVICE28': '0.00018378', 'PROCESSING_TIME_SERVICE29': '0.00018316', 'PROCESSING_TIME_SERVICE30': '0.00017924', 'PROCESSING_TIME_SERVICE31': '0.00016948', 'PROCESSING_TIME_SERVICE32': '0.00016482', 'PROCESSING_TIME_SERVICE33': '0.00015993', 'PROCESSING_TIME_SERVICE34': '0.00014365', 'PROCESSING_TIME_SERVICE35': '0.00014002', 'PROCESSING_TIME_SERVICE36': '0.00013758', 'PROCESSING_TIME_SERVICE37': '0.00012354', 'PROCESSING_TIME_SERVICE38': '0.00012228', 'PROCESSING_TIME_SERVICE39': '0.00011115', 'PROCESSING_TIME_SERVICE40': '8.455e-05', 'PROCESSING_TIME_SERVICE41': '4.507e-05', 'PROCESSING_TIME_SERVICE42': '1.5e-06', 'SLOWPOKE_DELAY_MICROS_SERVICE0': '0.0', 'SLOWPOKE_POKER_BATCH_THRESHOLD_SERVICE0': '100', 'SLOWPOKE_IS_TARGET_SERVICE_SERVICE0': 'true', 'SLOWPOKE_DELAY_MICROS_SERVICE1': '0.0', 'SLOWPOKE_POKER_BATCH_THRESHOLD_SERVICE1': '100', 'SLOWPOKE_IS_TARGET_SERVICE_SERVICE1': 'false', 'SLOWPOKE_DELAY_MICROS_SERVICE2': '0.0', 'SLOWPOKE_POKER_BATCH_THRESHOLD_SERVICE2': '100', 'SLOWPOKE_IS_TARGET_SERVICE_SERVICE2': 'false', 'SLOWPOKE_DELAY_MICROS_SERVICE3': '0.0', 'SLOWPOKE_POKER_BATCH_THRESHOLD_SERVICE3': '100', 'SLOWPOKE_IS_TARGET_SERVICE_SERVICE3': 'false', 'SLOWPOKE_DELAY_MICROS_SERVICE4': '0.0', 'SLOWPOKE_POKER_BATCH_THRESHOLD_SERVICE4': '100', 'SLOWPOKE_IS_TARGET_SERVICE_SERVICE4': 'false', 'SLOWPOKE_DELAY_MICROS_SERVICE5': '0.0', 'SLOWPOKE_POKER_BATCH_THRESHOLD_SERVICE5': '100', 'SLOWPOKE_IS_TARGET_SERVICE_SERVICE5': 'false', 'SLOWPOKE_DELAY_MICROS_SERVICE6': '0.0', 'SLOWPOKE_POKER_BATCH_THRESHOLD_SERVICE6': '100', 'SLOWPOKE_IS_TARGET_SERVICE_SERVICE6': 'false', 'SLOWPOKE_DELAY_MICROS_SERVICE7': '0.0', 'SLOWPOKE_POKER_BATCH_THRESHOLD_SERVICE7': '100', 'SLOWPOKE_IS_TARGET_SERVICE_SERVICE7': 'false', 'SLOWPOKE_DELAY_MICROS_SERVICE8': '0.0', 'SLOWPOKE_POKER_BATCH_THRESHOLD_SERVICE8': '100', 'SLOWPOKE_IS_TARGET_SERVICE_SERVICE8': 'false', 'SLOWPOKE_DELAY_MICROS_SERVICE9': '0.0', 'SLOWPOKE_POKER_BATCH_THRESHOLD_SERVICE9': '100', 'SLOWPOKE_IS_TARGET_SERVICE_SERVICE9': 'false', 'SLOWPOKE_DELAY_MICROS_SERVICE10': '0.0', 'SLOWPOKE_POKER_BATCH_THRESHOLD_SERVICE10': '100', 'SLOWPOKE_IS_TARGET_SERVICE_SERVICE10': 'false', 'SLOWPOKE_DELAY_MICROS_SERVICE11': '0.0', 'SLOWPOKE_POKER_BATCH_THRESHOLD_SERVICE11': '100', 'SLOWPOKE_IS_TARGET_SERVICE_SERVICE11': 'false', 'SLOWPOKE_DELAY_MICROS_SERVICE12': '0.0', 'SLOWPOKE_POKER_BATCH_THRESHOLD_SERVICE12': '100', 'SLOWPOKE_IS_TARGET_SERVICE_SERVICE12': 'false', 'SLOWPOKE_DELAY_MICROS_SERVICE13': '0.0', 'SLOWPOKE_POKER_BATCH_THRESHOLD_SERVICE13': '100', 'SLOWPOKE_IS_TARGET_SERVICE_SERVICE13': 'false', 'SLOWPOKE_DELAY_MICROS_SERVICE14': '0.0', 'SLOWPOKE_POKER_BATCH_THRESHOLD_SERVICE14': '100', 'SLOWPOKE_IS_TARGET_SERVICE_SERVICE14': 'false', 'SLOWPOKE_DELAY_MICROS_SERVICE15': '0.0', 'SLOWPOKE_POKER_BATCH_THRESHOLD_SERVICE15': '100', 'SLOWPOKE_IS_TARGET_SERVICE_SERVICE15': 'false', 'SLOWPOKE_DELAY_MICROS_SERVICE16': '0.0', 'SLOWPOKE_POKER_BATCH_THRESHOLD_SERVICE16': '100', 'SLOWPOKE_IS_TARGET_SERVICE_SERVICE16': 'false', 'SLOWPOKE_DELAY_MICROS_SERVICE17': '0.0', 'SLOWPOKE_POKER_BATCH_THRESHOLD_SERVICE17': '100', 'SLOWPOKE_IS_TARGET_SERVICE_SERVICE17': 'false', 'SLOWPOKE_DELAY_MICROS_SERVICE18': '0.0', 'SLOWPOKE_POKER_BATCH_THRESHOLD_SERVICE18': '100', 'SLOWPOKE_IS_TARGET_SERVICE_SERVICE18': 'false', 'SLOWPOKE_DELAY_MICROS_SERVICE19': '0.0', 'SLOWPOKE_POKER_BATCH_THRESHOLD_SERVICE19': '100', 'SLOWPOKE_IS_TARGET_SERVICE_SERVICE19': 'false', 'SLOWPOKE_DELAY_MICROS_SERVICE20': '0.0', 'SLOWPOKE_POKER_BATCH_THRESHOLD_SERVICE20': '100', 'SLOWPOKE_IS_TARGET_SERVICE_SERVICE20': 'false', 'SLOWPOKE_DELAY_MICROS_SERVICE21': '0.0', 'SLOWPOKE_POKER_BATCH_THRESHOLD_SERVICE21': '100', 'SLOWPOKE_IS_TARGET_SERVICE_SERVICE21': 'false', 'SLOWPOKE_DELAY_MICROS_SERVICE22': '0.0', 'SLOWPOKE_POKER_BATCH_THRESHOLD_SERVICE22': '100', 'SLOWPOKE_IS_TARGET_SERVICE_SERVICE22': 'false', 'SLOWPOKE_DELAY_MICROS_SERVICE23': '0.0', 'SLOWPOKE_POKER_BATCH_THRESHOLD_SERVICE23': '100', 'SLOWPOKE_IS_TARGET_SERVICE_SERVICE23': 'false', 'SLOWPOKE_DELAY_MICROS_SERVICE24': '0.0', 'SLOWPOKE_POKER_BATCH_THRESHOLD_SERVICE24': '100', 'SLOWPOKE_IS_TARGET_SERVICE_SERVICE24': 'false', 'SLOWPOKE_DELAY_MICROS_SERVICE25': '0.0', 'SLOWPOKE_POKER_BATCH_THRESHOLD_SERVICE25': '100', 'SLOWPOKE_IS_TARGET_SERVICE_SERVICE25': 'false', 'SLOWPOKE_DELAY_MICROS_SERVICE26': '0.0', 'SLOWPOKE_POKER_BATCH_THRESHOLD_SERVICE26': '100', 'SLOWPOKE_IS_TARGET_SERVICE_SERVICE26': 'false', 'SLOWPOKE_DELAY_MICROS_SERVICE27': '0.0', 'SLOWPOKE_POKER_BATCH_THRESHOLD_SERVICE27': '100', 'SLOWPOKE_IS_TARGET_SERVICE_SERVICE27': 'false', 'SLOWPOKE_DELAY_MICROS_SERVICE28': '0.0', 'SLOWPOKE_POKER_BATCH_THRESHOLD_SERVICE28': '100', 'SLOWPOKE_IS_TARGET_SERVICE_SERVICE28': 'false', 'SLOWPOKE_DELAY_MICROS_SERVICE29': '0.0', 'SLOWPOKE_POKER_BATCH_THRESHOLD_SERVICE29': '100', 'SLOWPOKE_IS_TARGET_SERVICE_SERVICE29': 'false', 'SLOWPOKE_DELAY_MICROS_SERVICE30': '0.0', 'SLOWPOKE_POKER_BATCH_THRESHOLD_SERVICE30': '100', 'SLOWPOKE_IS_TARGET_SERVICE_SERVICE30': 'false', 'SLOWPOKE_DELAY_MICROS_SERVICE31': '0.0', 'SLOWPOKE_POKER_BATCH_THRESHOLD_SERVICE31': '100', 'SLOWPOKE_IS_TARGET_SERVICE_SERVICE31': 'false', 'SLOWPOKE_DELAY_MICROS_SERVICE32': '0.0', 'SLOWPOKE_POKER_BATCH_THRESHOLD_SERVICE32': '100', 'SLOWPOKE_IS_TARGET_SERVICE_SERVICE32': 'false', 'SLOWPOKE_DELAY_MICROS_SERVICE33': '0.0', 'SLOWPOKE_POKER_BATCH_THRESHOLD_SERVICE33': '100', 'SLOWPOKE_IS_TARGET_SERVICE_SERVICE33': 'false', 'SLOWPOKE_DELAY_MICROS_SERVICE34': '0.0', 'SLOWPOKE_POKER_BATCH_THRESHOLD_SERVICE34': '100', 'SLOWPOKE_IS_TARGET_SERVICE_SERVICE34': 'false', 'SLOWPOKE_DELAY_MICROS_SERVICE35': '0.0', 'SLOWPOKE_POKER_BATCH_THRESHOLD_SERVICE35': '100', 'SLOWPOKE_IS_TARGET_SERVICE_SERVICE35': 'false', 'SLOWPOKE_DELAY_MICROS_SERVICE36': '0.0', 'SLOWPOKE_POKER_BATCH_THRESHOLD_SERVICE36': '100', 'SLOWPOKE_IS_TARGET_SERVICE_SERVICE36': 'false', 'SLOWPOKE_DELAY_MICROS_SERVICE37': '0.0', 'SLOWPOKE_POKER_BATCH_THRESHOLD_SERVICE37': '100', 'SLOWPOKE_IS_TARGET_SERVICE_SERVICE37': 'false', 'SLOWPOKE_DELAY_MICROS_SERVICE38': '0.0', 'SLOWPOKE_POKER_BATCH_THRESHOLD_SERVICE38': '100', 'SLOWPOKE_IS_TARGET_SERVICE_SERVICE38': 'false', 'SLOWPOKE_DELAY_MICROS_SERVICE39': '0.0', 'SLOWPOKE_POKER_BATCH_THRESHOLD_SERVICE39': '100', 'SLOWPOKE_IS_TARGET_SERVICE_SERVICE39': 'false', 'SLOWPOKE_DELAY_MICROS_SERVICE40': '0.0', 'SLOWPOKE_POKER_BATCH_THRESHOLD_SERVICE40': '100', 'SLOWPOKE_IS_TARGET_SERVICE_SERVICE40': 'false', 'SLOWPOKE_DELAY_MICROS_SERVICE41': '0.0', 'SLOWPOKE_POKER_BATCH_THRESHOLD_SERVICE41': '100', 'SLOWPOKE_IS_TARGET_SERVICE_SERVICE41': 'false', 'SLOWPOKE_DELAY_MICROS_SERVICE42': '0.0', 'SLOWPOKE_POKER_BATCH_THRESHOLD_SERVICE42': '100', 'SLOWPOKE_IS_TARGET_SERVICE_SERVICE42': 'false'}
    [exp] Executing cmd `bash run.sh synthetic large-scale 8 64 10000`:
        [run.sh] Running benchmark synthetic with request large-scale, thread 8, conn 64, duration 60
        [run.sh] Deleting all services
        configmap "config-service0" deleted
        deployment.apps "service0" deleted
        service "service0" deleted
        configmap "config-service1" deleted
        deployment.apps "service1" deleted
        service "service1" deleted
        configmap "config-service10" deleted
        deployment.apps "service10" deleted
        service "service10" deleted
        configmap "config-service11" deleted
        deployment.apps "service11" deleted
        service "service11" deleted
        configmap "config-service12" deleted
        deployment.apps "service12" deleted
        service "service12" deleted
        configmap "config-service13" deleted
        deployment.apps "service13" deleted
        service "service13" deleted
        configmap "config-service14" deleted
        deployment.apps "service14" deleted
        service "service14" deleted
        configmap "config-service15" deleted
        deployment.apps "service15" deleted
        service "service15" deleted
        configmap "config-service16" deleted
        deployment.apps "service16" deleted
        service "service16" deleted
        configmap "config-service17" deleted
        deployment.apps "service17" deleted
        service "service17" deleted
        configmap "config-service18" deleted
        deployment.apps "service18" deleted
        service "service18" deleted
        configmap "config-service19" deleted
        deployment.apps "service19" deleted
        service "service19" deleted
        configmap "config-service2" deleted
        deployment.apps "service2" deleted
        service "service2" deleted
        configmap "config-service20" deleted
        deployment.apps "service20" deleted
        service "service20" deleted
        configmap "config-service21" deleted
        deployment.apps "service21" deleted
        service "service21" deleted
        configmap "config-service22" deleted
        deployment.apps "service22" deleted
        service "service22" deleted
        configmap "config-service23" deleted
        deployment.apps "service23" deleted
        service "service23" deleted
        configmap "config-service24" deleted
        deployment.apps "service24" deleted
        service "service24" deleted
        configmap "config-service25" deleted
        deployment.apps "service25" deleted
        service "service25" deleted
        configmap "config-service26" deleted
        deployment.apps "service26" deleted
        service "service26" deleted
        configmap "config-service27" deleted
        deployment.apps "service27" deleted
        service "service27" deleted
        configmap "config-service28" deleted
        deployment.apps "service28" deleted
        service "service28" deleted
        configmap "config-service29" deleted
        deployment.apps "service29" deleted
        service "service29" deleted
        configmap "config-service3" deleted
        deployment.apps "service3" deleted
        service "service3" deleted
        configmap "config-service30" deleted
        deployment.apps "service30" deleted
        service "service30" deleted
        configmap "config-service31" deleted
        deployment.apps "service31" deleted
        service "service31" deleted
        configmap "config-service32" deleted
        deployment.apps "service32" deleted
        service "service32" deleted
        configmap "config-service33" deleted
        deployment.apps "service33" deleted
        service "service33" deleted
        configmap "config-service34" deleted
        deployment.apps "service34" deleted
        service "service34" deleted
        configmap "config-service35" deleted
        deployment.apps "service35" deleted
        service "service35" deleted
        configmap "config-service36" deleted
        deployment.apps "service36" deleted
        service "service36" deleted
        configmap "config-service37" deleted
        deployment.apps "service37" deleted
        service "service37" deleted
        configmap "config-service38" deleted
        deployment.apps "service38" deleted
        service "service38" deleted
        configmap "config-service39" deleted
        deployment.apps "service39" deleted
        service "service39" deleted
        configmap "config-service4" deleted
        deployment.apps "service4" deleted
        service "service4" deleted
        configmap "config-service40" deleted
        deployment.apps "service40" deleted
        service "service40" deleted
        configmap "config-service41" deleted
        deployment.apps "service41" deleted
        service "service41" deleted
        configmap "config-service42" deleted
        deployment.apps "service42" deleted
        service "service42" deleted
        configmap "config-service5" deleted
        deployment.apps "service5" deleted
        service "service5" deleted
        configmap "config-service6" deleted
        deployment.apps "service6" deleted
        service "service6" deleted
        configmap "config-service7" deleted
        deployment.apps "service7" deleted
        service "service7" deleted
        configmap "config-service8" deleted
        deployment.apps "service8" deleted
        service "service8" deleted
        configmap "config-service9" deleted
        deployment.apps "service9" deleted
        service "service9" deleted
        deployment.apps "ubuntu-client" deleted
        [run.sh] Waiting for all pods to be deleted
        [run.sh] Deploying all services
        configmap/config-service0 created
        deployment.apps/service0 created
        service/service0 created
        configmap/config-service1 created
        deployment.apps/service1 created
        service/service1 created
        configmap/config-service10 created
        deployment.apps/service10 created
        service/service10 created
        configmap/config-service11 created
        deployment.apps/service11 created
        service/service11 created
        configmap/config-service12 created
        deployment.apps/service12 created
        service/service12 created
        configmap/config-service13 created
        deployment.apps/service13 created
        service/service13 created
        configmap/config-service14 created
        deployment.apps/service14 created
        service/service14 created
        configmap/config-service15 created
        deployment.apps/service15 created
        service/service15 created
        configmap/config-service16 created
        deployment.apps/service16 created
        service/service16 created
        configmap/config-service17 created
        deployment.apps/service17 created
        service/service17 created
        configmap/config-service18 created
        deployment.apps/service18 created
        service/service18 created
        configmap/config-service19 created
        deployment.apps/service19 created
        service/service19 created
        configmap/config-service2 created
        deployment.apps/service2 created
        service/service2 created
        configmap/config-service20 created
        deployment.apps/service20 created
        service/service20 created
        configmap/config-service21 created
        deployment.apps/service21 created
        service/service21 created
        configmap/config-service22 created
        deployment.apps/service22 created
        service/service22 created
        configmap/config-service23 created
        deployment.apps/service23 created
        service/service23 created
        configmap/config-service24 created
        deployment.apps/service24 created
        service/service24 created
        configmap/config-service25 created
        deployment.apps/service25 created
        service/service25 created
        configmap/config-service26 created
        deployment.apps/service26 created
        service/service26 created
        configmap/config-service27 created
        deployment.apps/service27 created
        service/service27 created
        configmap/config-service28 created
        deployment.apps/service28 created
        service/service28 created
        configmap/config-service29 created
        deployment.apps/service29 created
        service/service29 created
        configmap/config-service3 created
        deployment.apps/service3 created
        service/service3 created
        configmap/config-service30 created
        deployment.apps/service30 created
        service/service30 created
        configmap/config-service31 created
        deployment.apps/service31 created
        service/service31 created
        configmap/config-service32 created
        deployment.apps/service32 created
        service/service32 created
        configmap/config-service33 created
        deployment.apps/service33 created
        service/service33 created
        configmap/config-service34 created
        deployment.apps/service34 created
        service/service34 created
        configmap/config-service35 created
        deployment.apps/service35 created
        service/service35 created
        configmap/config-service36 created
        deployment.apps/service36 created
        service/service36 created
        configmap/config-service37 created
        deployment.apps/service37 created
        service/service37 created
        configmap/config-service38 created
        deployment.apps/service38 created
        service/service38 created
        configmap/config-service39 created
        deployment.apps/service39 created
        service/service39 created
        configmap/config-service4 created
        deployment.apps/service4 created
        service/service4 created
        configmap/config-service40 created
        deployment.apps/service40 created
        service/service40 created
        configmap/config-service41 created
        deployment.apps/service41 created
        service/service41 created
        configmap/config-service42 created
        deployment.apps/service42 created
        service/service42 created
        configmap/config-service5 created
        deployment.apps/service5 created
        service/service5 created
        configmap/config-service6 created
        deployment.apps/service6 created
        service/service6 created
        configmap/config-service7 created
        deployment.apps/service7 created
        service/service7 created
        configmap/config-service8 created
        deployment.apps/service8 created
        service/service8 created
        configmap/config-service9 created
        deployment.apps/service9 created
        service/service9 created
        [run.sh] Client pod not found, deploying client
        deployment.apps/ubuntu-client created
        [run.sh] Waiting for all pods to be running
        [run.sh] All pods are running
        [run.sh] Running warmup test
        [run.sh] /wrk/wrk -t8 -c64 --timeout 10s -d10s -L http://service0:80/endpoint1
        Running 10s test @ http://service0:80/endpoint1
        8 threads and 64 connections
        Thread Stats   Avg      Stdev     Max   +/- Stdev
        Latency   960.41ms    1.06s    4.61s    83.59%
        Req/Sec    19.12     11.36    60.00     81.76%
        Latency Distribution
        50%  488.73ms
        75%    1.13s
        90%    2.85s
        99%    4.26s
        965 requests in 10.02s, 149.84KB read
        Requests/sec:     96.30
        Transfer/sec:     14.95KB
        [run.sh] Speed is 96.30, duration is 155
        [run.sh] Fix the request number.
        [run.sh] Running the actual test
        [run.sh] /wrk/wrk --timeout 20s -t8 -c64 -d155s -L -s /wrk/fix_req_n.lua http://service0:80/endpoint1
        [run.sh] Checking the resource usage
        NAME                             CPU(cores)   MEMORY(bytes)
        service0-566d797889-f2pj8        173m         29Mi
        service1-58c95cb96-n6nw7         222m         28Mi
        service10-779f75db9b-525w6       26m          10Mi
        service11-77694fd499-v9v8c       27m          10Mi
        service12-6447457dc8-lcgj5       26m          11Mi
        service13-5c69f55c57-72bz6       25m          10Mi
        service14-797f758f8d-lh4j6       26m          10Mi
        service15-5c6b49dff-9pbcs        26m          10Mi
        service16-65bcd889bb-sddxz       25m          10Mi
        service17-79bdf7c489-tks8k       24m          10Mi
        service18-74f94764c6-795k5       25m          10Mi
        service19-688657cfff-b7trz       24m          9Mi
        service2-5d59c5bd5d-vhpkm        202m         27Mi
        service20-5f7ddcb587-bgtmh       24m          10Mi
        service21-7c46b45c64-5tdkd       24m          9Mi
        service22-65dbcdbf85-gndmf       24m          10Mi
        service23-57bd5f778-gqqww        24m          10Mi
        service24-65c5d55855-rfqf7       23m          9Mi
        service25-6478854456-2n2wn       24m          10Mi
        service26-7f84bd9597-4tvpk       24m          9Mi
        service27-5b7f877d5d-pr4g9       23m          10Mi
        service28-5b86874899-wm6gj       22m          9Mi
        service29-9cd757cf6-8njnz        22m          10Mi
        service3-564487d7d8-lzwzt        132m         26Mi
        service30-64595bbffd-8982g       23m          9Mi
        service31-566f99bb5c-tx8gn       21m          9Mi
        service32-7ccf7d4d7b-99694       21m          9Mi
        service33-b75d875f5-7k42j        21m          9Mi
        service34-5dd485f758-rpff9       20m          9Mi
        service35-7f9587457-mr4kn        20m          10Mi
        service36-6b8dccfd4d-tvjbn       20m          9Mi
        service37-666cbff6bc-swd5l       20m          9Mi
        service38-6468b7674-6t65t        18m          9Mi
        service39-7557f4fddf-stbf6       18m          9Mi
        service4-5f75c4bf98-nmvbn        237m         24Mi
        service40-84d95c8665-vzdmm       17m          10Mi
        service41-997449d5d-7np7h        14m          9Mi
        service42-6c5db85bd-k9rxs        13m          8Mi
        service5-ffd8ccc6-tdlkt          200m         26Mi
        service6-6b89db49b6-p8t69        60m          24Mi
        service7-845b5b8588-mg665        52m          8Mi
        service8-7c9f97fd46-d6sdv        61m          8Mi
        service9-7cb9cf658d-p5cw6        26m          11Mi
        ubuntu-client-76886f6bbd-47ssm   9m           7Mi
        Running 3m test @ http://service0:80/endpoint1
        8 threads and 64 connections
        Thread Stats   Avg      Stdev     Max   +/- Stdev
        Latency   428.18ms  298.28ms   2.49s    78.22%
        Req/Sec    19.96     10.73    70.00     85.24%
        Latency Distribution
        50%  352.27ms
        75%  533.52ms
        90%  823.22ms
        99%    1.47s
        10000 requests in 2.58m, 1.52MB read
        Requests/sec:     64.52
        Transfer/sec:     10.02KB
        ------------------------------
        stop time: 67.302608
        stop time: 65.319688
        stop time: 67.036844
        stop time: 67.161370
        stop time: 67.141972
        stop time: 66.742387
        stop time: 67.170769
        stop time: 67.258678
        [run.sh] Test finished with status 0
        > STDERR
        > No resources found in default namespace.
    [exp] Times: [67.302608, 65.319688, 67.036844, 67.16137, 67.141972, 66.742387, 67.170769, 67.258678]
    [exp] Throughput: 149.49517832827598
[test.py] Running 5th slowdown exp
    [exp] Running (pre_run: False) workload synthetic/large-scale request with the following configuration: {'CLIENT_CPU_QUOTA': '2', 'SLOWPOKE_POKER_BATCH_THRESHOLD': '20000000', 'PROCESSING_TIME_SERVICE0': '0.00084992', 'PROCESSING_TIME_SERVICE1': '0.00041608', 'PROCESSING_TIME_SERVICE2': '0.00040904', 'PROCESSING_TIME_SERVICE3': '0.00040856', 'PROCESSING_TIME_SERVICE4': '0.00039399', 'PROCESSING_TIME_SERVICE5': '0.00034132', 'PROCESSING_TIME_SERVICE6': '0.00033888', 'PROCESSING_TIME_SERVICE7': '0.00031483', 'PROCESSING_TIME_SERVICE8': '0.00030921', 'PROCESSING_TIME_SERVICE9': '0.00030915', 'PROCESSING_TIME_SERVICE10': '0.00030446', 'PROCESSING_TIME_SERVICE11': '0.00029684', 'PROCESSING_TIME_SERVICE12': '0.00028793', 'PROCESSING_TIME_SERVICE13': '0.00027964', 'PROCESSING_TIME_SERVICE14': '0.00027242', 'PROCESSING_TIME_SERVICE15': '0.0002701', 'PROCESSING_TIME_SERVICE16': '0.00024938', 'PROCESSING_TIME_SERVICE17': '0.00024532', 'PROCESSING_TIME_SERVICE18': '0.00024495', 'PROCESSING_TIME_SERVICE19': '0.00024084', 'PROCESSING_TIME_SERVICE20': '0.00023737', 'PROCESSING_TIME_SERVICE21': '0.00023498', 'PROCESSING_TIME_SERVICE22': '0.00023121', 'PROCESSING_TIME_SERVICE23': '0.00022884', 'PROCESSING_TIME_SERVICE24': '0.00022859', 'PROCESSING_TIME_SERVICE25': '0.00021986', 'PROCESSING_TIME_SERVICE26': '0.00021502', 'PROCESSING_TIME_SERVICE27': '0.00020254', 'PROCESSING_TIME_SERVICE28': '0.00018378', 'PROCESSING_TIME_SERVICE29': '0.00018316', 'PROCESSING_TIME_SERVICE30': '0.00017924', 'PROCESSING_TIME_SERVICE31': '0.00016948', 'PROCESSING_TIME_SERVICE32': '0.00016482', 'PROCESSING_TIME_SERVICE33': '0.00015993', 'PROCESSING_TIME_SERVICE34': '0.00014365', 'PROCESSING_TIME_SERVICE35': '0.00014002', 'PROCESSING_TIME_SERVICE36': '0.00013758', 'PROCESSING_TIME_SERVICE37': '0.00012354', 'PROCESSING_TIME_SERVICE38': '0.00012228', 'PROCESSING_TIME_SERVICE39': '0.00011115', 'PROCESSING_TIME_SERVICE40': '8.455e-05', 'PROCESSING_TIME_SERVICE41': '4.507e-05', 'PROCESSING_TIME_SERVICE42': '1.5e-06', 'SLOWPOKE_DELAY_MICROS_SERVICE0': '0.0', 'SLOWPOKE_POKER_BATCH_THRESHOLD_SERVICE0': '100', 'SLOWPOKE_IS_TARGET_SERVICE_SERVICE0': 'true', 'SLOWPOKE_DELAY_MICROS_SERVICE1': '214.5', 'SLOWPOKE_POKER_BATCH_THRESHOLD_SERVICE1': '100', 'SLOWPOKE_IS_TARGET_SERVICE_SERVICE1': 'false', 'SLOWPOKE_DELAY_MICROS_SERVICE2': '214.5', 'SLOWPOKE_POKER_BATCH_THRESHOLD_SERVICE2': '100', 'SLOWPOKE_IS_TARGET_SERVICE_SERVICE2': 'false', 'SLOWPOKE_DELAY_MICROS_SERVICE3': '214.5', 'SLOWPOKE_POKER_BATCH_THRESHOLD_SERVICE3': '100', 'SLOWPOKE_IS_TARGET_SERVICE_SERVICE3': 'false', 'SLOWPOKE_DELAY_MICROS_SERVICE4': '214.5', 'SLOWPOKE_POKER_BATCH_THRESHOLD_SERVICE4': '100', 'SLOWPOKE_IS_TARGET_SERVICE_SERVICE4': 'false', 'SLOWPOKE_DELAY_MICROS_SERVICE5': '214.5', 'SLOWPOKE_POKER_BATCH_THRESHOLD_SERVICE5': '100', 'SLOWPOKE_IS_TARGET_SERVICE_SERVICE5': 'false', 'SLOWPOKE_DELAY_MICROS_SERVICE6': '214.5', 'SLOWPOKE_POKER_BATCH_THRESHOLD_SERVICE6': '100', 'SLOWPOKE_IS_TARGET_SERVICE_SERVICE6': 'false', 'SLOWPOKE_DELAY_MICROS_SERVICE7': '214.5', 'SLOWPOKE_POKER_BATCH_THRESHOLD_SERVICE7': '100', 'SLOWPOKE_IS_TARGET_SERVICE_SERVICE7': 'false', 'SLOWPOKE_DELAY_MICROS_SERVICE8': '214.5', 'SLOWPOKE_POKER_BATCH_THRESHOLD_SERVICE8': '100', 'SLOWPOKE_IS_TARGET_SERVICE_SERVICE8': 'false', 'SLOWPOKE_DELAY_MICROS_SERVICE9': '214.5', 'SLOWPOKE_POKER_BATCH_THRESHOLD_SERVICE9': '100', 'SLOWPOKE_IS_TARGET_SERVICE_SERVICE9': 'false', 'SLOWPOKE_DELAY_MICROS_SERVICE10': '214.5', 'SLOWPOKE_POKER_BATCH_THRESHOLD_SERVICE10': '100', 'SLOWPOKE_IS_TARGET_SERVICE_SERVICE10': 'false', 'SLOWPOKE_DELAY_MICROS_SERVICE11': '214.5', 'SLOWPOKE_POKER_BATCH_THRESHOLD_SERVICE11': '100', 'SLOWPOKE_IS_TARGET_SERVICE_SERVICE11': 'false', 'SLOWPOKE_DELAY_MICROS_SERVICE12': '214.5', 'SLOWPOKE_POKER_BATCH_THRESHOLD_SERVICE12': '100', 'SLOWPOKE_IS_TARGET_SERVICE_SERVICE12': 'false', 'SLOWPOKE_DELAY_MICROS_SERVICE13': '214.5', 'SLOWPOKE_POKER_BATCH_THRESHOLD_SERVICE13': '100', 'SLOWPOKE_IS_TARGET_SERVICE_SERVICE13': 'false', 'SLOWPOKE_DELAY_MICROS_SERVICE14': '214.5', 'SLOWPOKE_POKER_BATCH_THRESHOLD_SERVICE14': '100', 'SLOWPOKE_IS_TARGET_SERVICE_SERVICE14': 'false', 'SLOWPOKE_DELAY_MICROS_SERVICE15': '214.5', 'SLOWPOKE_POKER_BATCH_THRESHOLD_SERVICE15': '100', 'SLOWPOKE_IS_TARGET_SERVICE_SERVICE15': 'false', 'SLOWPOKE_DELAY_MICROS_SERVICE16': '214.5', 'SLOWPOKE_POKER_BATCH_THRESHOLD_SERVICE16': '100', 'SLOWPOKE_IS_TARGET_SERVICE_SERVICE16': 'false', 'SLOWPOKE_DELAY_MICROS_SERVICE17': '214.5', 'SLOWPOKE_POKER_BATCH_THRESHOLD_SERVICE17': '100', 'SLOWPOKE_IS_TARGET_SERVICE_SERVICE17': 'false', 'SLOWPOKE_DELAY_MICROS_SERVICE18': '214.5', 'SLOWPOKE_POKER_BATCH_THRESHOLD_SERVICE18': '100', 'SLOWPOKE_IS_TARGET_SERVICE_SERVICE18': 'false', 'SLOWPOKE_DELAY_MICROS_SERVICE19': '214.5', 'SLOWPOKE_POKER_BATCH_THRESHOLD_SERVICE19': '100', 'SLOWPOKE_IS_TARGET_SERVICE_SERVICE19': 'false', 'SLOWPOKE_DELAY_MICROS_SERVICE20': '214.5', 'SLOWPOKE_POKER_BATCH_THRESHOLD_SERVICE20': '100', 'SLOWPOKE_IS_TARGET_SERVICE_SERVICE20': 'false', 'SLOWPOKE_DELAY_MICROS_SERVICE21': '214.5', 'SLOWPOKE_POKER_BATCH_THRESHOLD_SERVICE21': '100', 'SLOWPOKE_IS_TARGET_SERVICE_SERVICE21': 'false', 'SLOWPOKE_DELAY_MICROS_SERVICE22': '214.5', 'SLOWPOKE_POKER_BATCH_THRESHOLD_SERVICE22': '100', 'SLOWPOKE_IS_TARGET_SERVICE_SERVICE22': 'false', 'SLOWPOKE_DELAY_MICROS_SERVICE23': '214.5', 'SLOWPOKE_POKER_BATCH_THRESHOLD_SERVICE23': '100', 'SLOWPOKE_IS_TARGET_SERVICE_SERVICE23': 'false', 'SLOWPOKE_DELAY_MICROS_SERVICE24': '214.5', 'SLOWPOKE_POKER_BATCH_THRESHOLD_SERVICE24': '100', 'SLOWPOKE_IS_TARGET_SERVICE_SERVICE24': 'false', 'SLOWPOKE_DELAY_MICROS_SERVICE25': '214.5', 'SLOWPOKE_POKER_BATCH_THRESHOLD_SERVICE25': '100', 'SLOWPOKE_IS_TARGET_SERVICE_SERVICE25': 'false', 'SLOWPOKE_DELAY_MICROS_SERVICE26': '214.5', 'SLOWPOKE_POKER_BATCH_THRESHOLD_SERVICE26': '100', 'SLOWPOKE_IS_TARGET_SERVICE_SERVICE26': 'false', 'SLOWPOKE_DELAY_MICROS_SERVICE27': '214.5', 'SLOWPOKE_POKER_BATCH_THRESHOLD_SERVICE27': '100', 'SLOWPOKE_IS_TARGET_SERVICE_SERVICE27': 'false', 'SLOWPOKE_DELAY_MICROS_SERVICE28': '214.5', 'SLOWPOKE_POKER_BATCH_THRESHOLD_SERVICE28': '100', 'SLOWPOKE_IS_TARGET_SERVICE_SERVICE28': 'false', 'SLOWPOKE_DELAY_MICROS_SERVICE29': '214.5', 'SLOWPOKE_POKER_BATCH_THRESHOLD_SERVICE29': '100', 'SLOWPOKE_IS_TARGET_SERVICE_SERVICE29': 'false', 'SLOWPOKE_DELAY_MICROS_SERVICE30': '214.5', 'SLOWPOKE_POKER_BATCH_THRESHOLD_SERVICE30': '100', 'SLOWPOKE_IS_TARGET_SERVICE_SERVICE30': 'false', 'SLOWPOKE_DELAY_MICROS_SERVICE31': '214.5', 'SLOWPOKE_POKER_BATCH_THRESHOLD_SERVICE31': '100', 'SLOWPOKE_IS_TARGET_SERVICE_SERVICE31': 'false', 'SLOWPOKE_DELAY_MICROS_SERVICE32': '214.5', 'SLOWPOKE_POKER_BATCH_THRESHOLD_SERVICE32': '100', 'SLOWPOKE_IS_TARGET_SERVICE_SERVICE32': 'false', 'SLOWPOKE_DELAY_MICROS_SERVICE33': '214.5', 'SLOWPOKE_POKER_BATCH_THRESHOLD_SERVICE33': '100', 'SLOWPOKE_IS_TARGET_SERVICE_SERVICE33': 'false', 'SLOWPOKE_DELAY_MICROS_SERVICE34': '214.5', 'SLOWPOKE_POKER_BATCH_THRESHOLD_SERVICE34': '100', 'SLOWPOKE_IS_TARGET_SERVICE_SERVICE34': 'false', 'SLOWPOKE_DELAY_MICROS_SERVICE35': '214.5', 'SLOWPOKE_POKER_BATCH_THRESHOLD_SERVICE35': '100', 'SLOWPOKE_IS_TARGET_SERVICE_SERVICE35': 'false', 'SLOWPOKE_DELAY_MICROS_SERVICE36': '214.5', 'SLOWPOKE_POKER_BATCH_THRESHOLD_SERVICE36': '100', 'SLOWPOKE_IS_TARGET_SERVICE_SERVICE36': 'false', 'SLOWPOKE_DELAY_MICROS_SERVICE37': '214.5', 'SLOWPOKE_POKER_BATCH_THRESHOLD_SERVICE37': '100', 'SLOWPOKE_IS_TARGET_SERVICE_SERVICE37': 'false', 'SLOWPOKE_DELAY_MICROS_SERVICE38': '214.5', 'SLOWPOKE_POKER_BATCH_THRESHOLD_SERVICE38': '100', 'SLOWPOKE_IS_TARGET_SERVICE_SERVICE38': 'false', 'SLOWPOKE_DELAY_MICROS_SERVICE39': '214.5', 'SLOWPOKE_POKER_BATCH_THRESHOLD_SERVICE39': '100', 'SLOWPOKE_IS_TARGET_SERVICE_SERVICE39': 'false', 'SLOWPOKE_DELAY_MICROS_SERVICE40': '214.5', 'SLOWPOKE_POKER_BATCH_THRESHOLD_SERVICE40': '100', 'SLOWPOKE_IS_TARGET_SERVICE_SERVICE40': 'false', 'SLOWPOKE_DELAY_MICROS_SERVICE41': '214.5', 'SLOWPOKE_POKER_BATCH_THRESHOLD_SERVICE41': '100', 'SLOWPOKE_IS_TARGET_SERVICE_SERVICE41': 'false', 'SLOWPOKE_DELAY_MICROS_SERVICE42': '214.5', 'SLOWPOKE_POKER_BATCH_THRESHOLD_SERVICE42': '100', 'SLOWPOKE_IS_TARGET_SERVICE_SERVICE42': 'false'}
    [exp] Executing cmd `bash run.sh synthetic large-scale 8 64 10000`:
        [run.sh] Running benchmark synthetic with request large-scale, thread 8, conn 64, duration 60
        [run.sh] Deleting all services
        configmap "config-service0" deleted
        deployment.apps "service0" deleted
        service "service0" deleted
        configmap "config-service1" deleted
        deployment.apps "service1" deleted
        service "service1" deleted
        configmap "config-service10" deleted
        deployment.apps "service10" deleted
        service "service10" deleted
        configmap "config-service11" deleted
        deployment.apps "service11" deleted
        service "service11" deleted
        configmap "config-service12" deleted
        deployment.apps "service12" deleted
        service "service12" deleted
        configmap "config-service13" deleted
        deployment.apps "service13" deleted
        service "service13" deleted
        configmap "config-service14" deleted
        deployment.apps "service14" deleted
        service "service14" deleted
        configmap "config-service15" deleted
        deployment.apps "service15" deleted
        service "service15" deleted
        configmap "config-service16" deleted
        deployment.apps "service16" deleted
        service "service16" deleted
        configmap "config-service17" deleted
        deployment.apps "service17" deleted
        service "service17" deleted
        configmap "config-service18" deleted
        deployment.apps "service18" deleted
        service "service18" deleted
        configmap "config-service19" deleted
        deployment.apps "service19" deleted
        service "service19" deleted
        configmap "config-service2" deleted
        deployment.apps "service2" deleted
        service "service2" deleted
        configmap "config-service20" deleted
        deployment.apps "service20" deleted
        service "service20" deleted
        configmap "config-service21" deleted
        deployment.apps "service21" deleted
        service "service21" deleted
        configmap "config-service22" deleted
        deployment.apps "service22" deleted
        service "service22" deleted
        configmap "config-service23" deleted
        deployment.apps "service23" deleted
        service "service23" deleted
        configmap "config-service24" deleted
        deployment.apps "service24" deleted
        service "service24" deleted
        configmap "config-service25" deleted
        deployment.apps "service25" deleted
        service "service25" deleted
        configmap "config-service26" deleted
        deployment.apps "service26" deleted
        service "service26" deleted
        configmap "config-service27" deleted
        deployment.apps "service27" deleted
        service "service27" deleted
        configmap "config-service28" deleted
        deployment.apps "service28" deleted
        service "service28" deleted
        configmap "config-service29" deleted
        deployment.apps "service29" deleted
        service "service29" deleted
        configmap "config-service3" deleted
        deployment.apps "service3" deleted
        service "service3" deleted
        configmap "config-service30" deleted
        deployment.apps "service30" deleted
        service "service30" deleted
        configmap "config-service31" deleted
        deployment.apps "service31" deleted
        service "service31" deleted
        configmap "config-service32" deleted
        deployment.apps "service32" deleted
        service "service32" deleted
        configmap "config-service33" deleted
        deployment.apps "service33" deleted
        service "service33" deleted
        configmap "config-service34" deleted
        deployment.apps "service34" deleted
        service "service34" deleted
        configmap "config-service35" deleted
        deployment.apps "service35" deleted
        service "service35" deleted
        configmap "config-service36" deleted
        deployment.apps "service36" deleted
        service "service36" deleted
        configmap "config-service37" deleted
        deployment.apps "service37" deleted
        service "service37" deleted
        configmap "config-service38" deleted
        deployment.apps "service38" deleted
        service "service38" deleted
        configmap "config-service39" deleted
        deployment.apps "service39" deleted
        service "service39" deleted
        configmap "config-service4" deleted
        deployment.apps "service4" deleted
        service "service4" deleted
        configmap "config-service40" deleted
        deployment.apps "service40" deleted
        service "service40" deleted
        configmap "config-service41" deleted
        deployment.apps "service41" deleted
        service "service41" deleted
        configmap "config-service42" deleted
        deployment.apps "service42" deleted
        service "service42" deleted
        configmap "config-service5" deleted
        deployment.apps "service5" deleted
        service "service5" deleted
        configmap "config-service6" deleted
        deployment.apps "service6" deleted
        service "service6" deleted
        configmap "config-service7" deleted
        deployment.apps "service7" deleted
        service "service7" deleted
        configmap "config-service8" deleted
        deployment.apps "service8" deleted
        service "service8" deleted
        configmap "config-service9" deleted
        deployment.apps "service9" deleted
        service "service9" deleted
        deployment.apps "ubuntu-client" deleted
        [run.sh] Waiting for all pods to be deleted
        [run.sh] Deploying all services
        configmap/config-service0 created
        deployment.apps/service0 created
        service/service0 created
        configmap/config-service1 created
        deployment.apps/service1 created
        service/service1 created
        configmap/config-service10 created
        deployment.apps/service10 created
        service/service10 created
        configmap/config-service11 created
        deployment.apps/service11 created
        service/service11 created
        configmap/config-service12 created
        deployment.apps/service12 created
        service/service12 created
        configmap/config-service13 created
        deployment.apps/service13 created
        service/service13 created
        configmap/config-service14 created
        deployment.apps/service14 created
        service/service14 created
        configmap/config-service15 created
        deployment.apps/service15 created
        service/service15 created
        configmap/config-service16 created
        deployment.apps/service16 created
        service/service16 created
        configmap/config-service17 created
        deployment.apps/service17 created
        service/service17 created
        configmap/config-service18 created
        deployment.apps/service18 created
        service/service18 created
        configmap/config-service19 created
        deployment.apps/service19 created
        service/service19 created
        configmap/config-service2 created
        deployment.apps/service2 created
        service/service2 created
        configmap/config-service20 created
        deployment.apps/service20 created
        service/service20 created
        configmap/config-service21 created
        deployment.apps/service21 created
        service/service21 created
        configmap/config-service22 created
        deployment.apps/service22 created
        service/service22 created
        configmap/config-service23 created
        deployment.apps/service23 created
        service/service23 created
        configmap/config-service24 created
        deployment.apps/service24 created
        service/service24 created
        configmap/config-service25 created
        deployment.apps/service25 created
        service/service25 created
        configmap/config-service26 created
        deployment.apps/service26 created
        service/service26 created
        configmap/config-service27 created
        deployment.apps/service27 created
        service/service27 created
        configmap/config-service28 created
        deployment.apps/service28 created
        service/service28 created
        configmap/config-service29 created
        deployment.apps/service29 created
        service/service29 created
        configmap/config-service3 created
        deployment.apps/service3 created
        service/service3 created
        configmap/config-service30 created
        deployment.apps/service30 created
        service/service30 created
        configmap/config-service31 created
        deployment.apps/service31 created
        service/service31 created
        configmap/config-service32 created
        deployment.apps/service32 created
        service/service32 created
        configmap/config-service33 created
        deployment.apps/service33 created
        service/service33 created
        configmap/config-service34 created
        deployment.apps/service34 created
        service/service34 created
        configmap/config-service35 created
        deployment.apps/service35 created
        service/service35 created
        configmap/config-service36 created
        deployment.apps/service36 created
        service/service36 created
        configmap/config-service37 created
        deployment.apps/service37 created
        service/service37 created
        configmap/config-service38 created
        deployment.apps/service38 created
        service/service38 created
        configmap/config-service39 created
        deployment.apps/service39 created
        service/service39 created
        configmap/config-service4 created
        deployment.apps/service4 created
        service/service4 created
        configmap/config-service40 created
        deployment.apps/service40 created
        service/service40 created
        configmap/config-service41 created
        deployment.apps/service41 created
        service/service41 created
        configmap/config-service42 created
        deployment.apps/service42 created
        service/service42 created
        configmap/config-service5 created
        deployment.apps/service5 created
        service/service5 created
        configmap/config-service6 created
        deployment.apps/service6 created
        service/service6 created
        configmap/config-service7 created
        deployment.apps/service7 created
        service/service7 created
        configmap/config-service8 created
        deployment.apps/service8 created
        service/service8 created
        configmap/config-service9 created
        deployment.apps/service9 created
        service/service9 created
        [run.sh] Client pod not found, deploying client
        deployment.apps/ubuntu-client created
        [run.sh] Waiting for all pods to be running
        [run.sh] All pods are running
        [run.sh] Running warmup test
        [run.sh] /wrk/wrk -t8 -c64 --timeout 10s -d10s -L http://service0:80/endpoint1
        Running 10s test @ http://service0:80/endpoint1
        8 threads and 64 connections
        Thread Stats   Avg      Stdev     Max   +/- Stdev
        Latency   959.32ms    1.06s    4.70s    83.44%
        Req/Sec    19.69     13.09    80.00     78.21%
        Latency Distribution
        50%  491.75ms
        75%    1.05s
        90%    2.82s
        99%    4.46s
        967 requests in 10.02s, 150.15KB read
        Requests/sec:     96.51
        Transfer/sec:     14.99KB
        [run.sh] Speed is 96.51, duration is 155
        [run.sh] Fix the request number.
        [run.sh] Running the actual test
        [run.sh] /wrk/wrk --timeout 20s -t8 -c64 -d155s -L -s /wrk/fix_req_n.lua http://service0:80/endpoint1
        [run.sh] Checking the resource usage
        NAME                             CPU(cores)   MEMORY(bytes)
        service0-566d797889-sb9nz        1m           3Mi
        service1-7b4fb78888-qvx2f        1m           3Mi
        service10-84f8bc4c8d-st6jh       1m           3Mi
        service11-7d7c75fc8c-mxkwp       1m           3Mi
        service12-5854c8587d-s2xsr       1m           3Mi
        service13-749c568cfc-g8q4z       1m           3Mi
        service14-cd99467f6-xf4v5        1m           3Mi
        service15-cb79c947-84292         1m           3Mi
        service16-5cfd86d998-f7dlj       1m           3Mi
        service17-5584976597-p997p       1m           3Mi
        service18-58f8c6ddd8-pkvll       1m           3Mi
        service19-7df75fdbc-gcmkk        1m           3Mi
        service2-677ff5879d-zpmpj        1m           3Mi
        service20-784b6cfb9f-hr2bc       1m           3Mi
        service21-b556689b8-756lv        1m           3Mi
        service22-5b8cdcbf97-fqvm2       1m           3Mi
        service23-77c9549646-wfw95       1m           3Mi
        service24-79ccc95dcf-fkqst       1m           3Mi
        service25-6dbc984fb-ww6pb        1m           3Mi
        service26-54d5c49777-rcfzp       1m           3Mi
        service27-799f796cfd-gtt7l       1m           3Mi
        service28-6475b4c487-gk5v4       1m           3Mi
        service29-56469dc87b-bmczm       1m           3Mi
        service3-69d94db68d-h7s5j        1m           3Mi
        service30-5df7b9c46b-cw2zb       1m           3Mi
        service31-5c7df8fbbf-bmffn       1m           3Mi
        service32-848c6b7484-868qq       1m           3Mi
        service33-b5bb8d7-ncd4s          1m           3Mi
        service34-846c69fc78-jmmz4       1m           3Mi
        service35-6d79fb777c-g8wk6       1m           3Mi
        service36-7f4df569d4-z2g77       1m           3Mi
        service37-58996c8995-ds7fg       1m           3Mi
        service38-568787857d-xrdn6       1m           3Mi
        service39-6597c9c9fc-bvg7t       1m           3Mi
        service4-89777955d-5x2z6         1m           3Mi
        service40-7b49655b8f-kzv79       1m           3Mi
        service41-744d877c8-46kcg        1m           3Mi
        service42-7bcf84ccdd-x9tfd       1m           3Mi
        service5-5bcfbb87c6-cn7ps        1m           3Mi
        service6-78f7b5d87d-5qn6w        1m           3Mi
        service7-6cf5d7cb84-brwq2        1m           3Mi
        service8-b445bf978-jzns5         1m           3Mi
        service9-d97bc7768-x5ptv         1m           3Mi
        ubuntu-client-76886f6bbd-cz6j2   0m           0Mi
        Running 3m test @ http://service0:80/endpoint1
        8 threads and 64 connections
        Thread Stats   Avg      Stdev     Max   +/- Stdev
        Latency   424.15ms  261.80ms   2.37s    75.66%
        Req/Sec    20.10     11.27    70.00     85.09%
        Latency Distribution
        50%  368.17ms
        75%  539.33ms
        90%  756.21ms
        99%    1.35s
        10000 requests in 2.58m, 1.52MB read
        Requests/sec:     64.52
        Transfer/sec:     10.02KB
        ------------------------------
        stop time: 65.936898
        stop time: 66.567435
        stop time: 66.634544
        stop time: 65.880220
        stop time: 66.733520
        stop time: 66.661810
        stop time: 66.242330
        stop time: 66.582628
        [run.sh] Test finished with status 0
        > STDERR
        > No resources found in default namespace.
    [exp] Times: [65.936898, 66.567435, 66.634544, 65.88022, 66.73352, 66.66181, 66.24233, 66.582628]
    [exp] Throughput: 150.59124428434464
[test.py] Finished running 5th optmization experiment: groundtruth->149.49517832827598, slowdown->150.59124428434464, predicted->155.62912944265116, err->4.10310966746075
[test.py] Running 6th optmization experiment
[test.py] Running 6th groundtruth exp
    [exp] Running (pre_run: False) workload synthetic/large-scale request with the following configuration: {'CLIENT_CPU_QUOTA': '2', 'SLOWPOKE_POKER_BATCH_THRESHOLD': '20000000', 'PROCESSING_TIME_SERVICE0': '0.000504', 'PROCESSING_TIME_SERVICE1': '0.00041608', 'PROCESSING_TIME_SERVICE2': '0.00040904', 'PROCESSING_TIME_SERVICE3': '0.00040856', 'PROCESSING_TIME_SERVICE4': '0.00039399', 'PROCESSING_TIME_SERVICE5': '0.00034132', 'PROCESSING_TIME_SERVICE6': '0.00033888', 'PROCESSING_TIME_SERVICE7': '0.00031483', 'PROCESSING_TIME_SERVICE8': '0.00030921', 'PROCESSING_TIME_SERVICE9': '0.00030915', 'PROCESSING_TIME_SERVICE10': '0.00030446', 'PROCESSING_TIME_SERVICE11': '0.00029684', 'PROCESSING_TIME_SERVICE12': '0.00028793', 'PROCESSING_TIME_SERVICE13': '0.00027964', 'PROCESSING_TIME_SERVICE14': '0.00027242', 'PROCESSING_TIME_SERVICE15': '0.0002701', 'PROCESSING_TIME_SERVICE16': '0.00024938', 'PROCESSING_TIME_SERVICE17': '0.00024532', 'PROCESSING_TIME_SERVICE18': '0.00024495', 'PROCESSING_TIME_SERVICE19': '0.00024084', 'PROCESSING_TIME_SERVICE20': '0.00023737', 'PROCESSING_TIME_SERVICE21': '0.00023498', 'PROCESSING_TIME_SERVICE22': '0.00023121', 'PROCESSING_TIME_SERVICE23': '0.00022884', 'PROCESSING_TIME_SERVICE24': '0.00022859', 'PROCESSING_TIME_SERVICE25': '0.00021986', 'PROCESSING_TIME_SERVICE26': '0.00021502', 'PROCESSING_TIME_SERVICE27': '0.00020254', 'PROCESSING_TIME_SERVICE28': '0.00018378', 'PROCESSING_TIME_SERVICE29': '0.00018316', 'PROCESSING_TIME_SERVICE30': '0.00017924', 'PROCESSING_TIME_SERVICE31': '0.00016948', 'PROCESSING_TIME_SERVICE32': '0.00016482', 'PROCESSING_TIME_SERVICE33': '0.00015993', 'PROCESSING_TIME_SERVICE34': '0.00014365', 'PROCESSING_TIME_SERVICE35': '0.00014002', 'PROCESSING_TIME_SERVICE36': '0.00013758', 'PROCESSING_TIME_SERVICE37': '0.00012354', 'PROCESSING_TIME_SERVICE38': '0.00012228', 'PROCESSING_TIME_SERVICE39': '0.00011115', 'PROCESSING_TIME_SERVICE40': '8.455e-05', 'PROCESSING_TIME_SERVICE41': '4.507e-05', 'PROCESSING_TIME_SERVICE42': '1.5e-06', 'SLOWPOKE_DELAY_MICROS_SERVICE0': '0.0', 'SLOWPOKE_POKER_BATCH_THRESHOLD_SERVICE0': '100', 'SLOWPOKE_IS_TARGET_SERVICE_SERVICE0': 'true', 'SLOWPOKE_DELAY_MICROS_SERVICE1': '0.0', 'SLOWPOKE_POKER_BATCH_THRESHOLD_SERVICE1': '100', 'SLOWPOKE_IS_TARGET_SERVICE_SERVICE1': 'false', 'SLOWPOKE_DELAY_MICROS_SERVICE2': '0.0', 'SLOWPOKE_POKER_BATCH_THRESHOLD_SERVICE2': '100', 'SLOWPOKE_IS_TARGET_SERVICE_SERVICE2': 'false', 'SLOWPOKE_DELAY_MICROS_SERVICE3': '0.0', 'SLOWPOKE_POKER_BATCH_THRESHOLD_SERVICE3': '100', 'SLOWPOKE_IS_TARGET_SERVICE_SERVICE3': 'false', 'SLOWPOKE_DELAY_MICROS_SERVICE4': '0.0', 'SLOWPOKE_POKER_BATCH_THRESHOLD_SERVICE4': '100', 'SLOWPOKE_IS_TARGET_SERVICE_SERVICE4': 'false', 'SLOWPOKE_DELAY_MICROS_SERVICE5': '0.0', 'SLOWPOKE_POKER_BATCH_THRESHOLD_SERVICE5': '100', 'SLOWPOKE_IS_TARGET_SERVICE_SERVICE5': 'false', 'SLOWPOKE_DELAY_MICROS_SERVICE6': '0.0', 'SLOWPOKE_POKER_BATCH_THRESHOLD_SERVICE6': '100', 'SLOWPOKE_IS_TARGET_SERVICE_SERVICE6': 'false', 'SLOWPOKE_DELAY_MICROS_SERVICE7': '0.0', 'SLOWPOKE_POKER_BATCH_THRESHOLD_SERVICE7': '100', 'SLOWPOKE_IS_TARGET_SERVICE_SERVICE7': 'false', 'SLOWPOKE_DELAY_MICROS_SERVICE8': '0.0', 'SLOWPOKE_POKER_BATCH_THRESHOLD_SERVICE8': '100', 'SLOWPOKE_IS_TARGET_SERVICE_SERVICE8': 'false', 'SLOWPOKE_DELAY_MICROS_SERVICE9': '0.0', 'SLOWPOKE_POKER_BATCH_THRESHOLD_SERVICE9': '100', 'SLOWPOKE_IS_TARGET_SERVICE_SERVICE9': 'false', 'SLOWPOKE_DELAY_MICROS_SERVICE10': '0.0', 'SLOWPOKE_POKER_BATCH_THRESHOLD_SERVICE10': '100', 'SLOWPOKE_IS_TARGET_SERVICE_SERVICE10': 'false', 'SLOWPOKE_DELAY_MICROS_SERVICE11': '0.0', 'SLOWPOKE_POKER_BATCH_THRESHOLD_SERVICE11': '100', 'SLOWPOKE_IS_TARGET_SERVICE_SERVICE11': 'false', 'SLOWPOKE_DELAY_MICROS_SERVICE12': '0.0', 'SLOWPOKE_POKER_BATCH_THRESHOLD_SERVICE12': '100', 'SLOWPOKE_IS_TARGET_SERVICE_SERVICE12': 'false', 'SLOWPOKE_DELAY_MICROS_SERVICE13': '0.0', 'SLOWPOKE_POKER_BATCH_THRESHOLD_SERVICE13': '100', 'SLOWPOKE_IS_TARGET_SERVICE_SERVICE13': 'false', 'SLOWPOKE_DELAY_MICROS_SERVICE14': '0.0', 'SLOWPOKE_POKER_BATCH_THRESHOLD_SERVICE14': '100', 'SLOWPOKE_IS_TARGET_SERVICE_SERVICE14': 'false', 'SLOWPOKE_DELAY_MICROS_SERVICE15': '0.0', 'SLOWPOKE_POKER_BATCH_THRESHOLD_SERVICE15': '100', 'SLOWPOKE_IS_TARGET_SERVICE_SERVICE15': 'false', 'SLOWPOKE_DELAY_MICROS_SERVICE16': '0.0', 'SLOWPOKE_POKER_BATCH_THRESHOLD_SERVICE16': '100', 'SLOWPOKE_IS_TARGET_SERVICE_SERVICE16': 'false', 'SLOWPOKE_DELAY_MICROS_SERVICE17': '0.0', 'SLOWPOKE_POKER_BATCH_THRESHOLD_SERVICE17': '100', 'SLOWPOKE_IS_TARGET_SERVICE_SERVICE17': 'false', 'SLOWPOKE_DELAY_MICROS_SERVICE18': '0.0', 'SLOWPOKE_POKER_BATCH_THRESHOLD_SERVICE18': '100', 'SLOWPOKE_IS_TARGET_SERVICE_SERVICE18': 'false', 'SLOWPOKE_DELAY_MICROS_SERVICE19': '0.0', 'SLOWPOKE_POKER_BATCH_THRESHOLD_SERVICE19': '100', 'SLOWPOKE_IS_TARGET_SERVICE_SERVICE19': 'false', 'SLOWPOKE_DELAY_MICROS_SERVICE20': '0.0', 'SLOWPOKE_POKER_BATCH_THRESHOLD_SERVICE20': '100', 'SLOWPOKE_IS_TARGET_SERVICE_SERVICE20': 'false', 'SLOWPOKE_DELAY_MICROS_SERVICE21': '0.0', 'SLOWPOKE_POKER_BATCH_THRESHOLD_SERVICE21': '100', 'SLOWPOKE_IS_TARGET_SERVICE_SERVICE21': 'false', 'SLOWPOKE_DELAY_MICROS_SERVICE22': '0.0', 'SLOWPOKE_POKER_BATCH_THRESHOLD_SERVICE22': '100', 'SLOWPOKE_IS_TARGET_SERVICE_SERVICE22': 'false', 'SLOWPOKE_DELAY_MICROS_SERVICE23': '0.0', 'SLOWPOKE_POKER_BATCH_THRESHOLD_SERVICE23': '100', 'SLOWPOKE_IS_TARGET_SERVICE_SERVICE23': 'false', 'SLOWPOKE_DELAY_MICROS_SERVICE24': '0.0', 'SLOWPOKE_POKER_BATCH_THRESHOLD_SERVICE24': '100', 'SLOWPOKE_IS_TARGET_SERVICE_SERVICE24': 'false', 'SLOWPOKE_DELAY_MICROS_SERVICE25': '0.0', 'SLOWPOKE_POKER_BATCH_THRESHOLD_SERVICE25': '100', 'SLOWPOKE_IS_TARGET_SERVICE_SERVICE25': 'false', 'SLOWPOKE_DELAY_MICROS_SERVICE26': '0.0', 'SLOWPOKE_POKER_BATCH_THRESHOLD_SERVICE26': '100', 'SLOWPOKE_IS_TARGET_SERVICE_SERVICE26': 'false', 'SLOWPOKE_DELAY_MICROS_SERVICE27': '0.0', 'SLOWPOKE_POKER_BATCH_THRESHOLD_SERVICE27': '100', 'SLOWPOKE_IS_TARGET_SERVICE_SERVICE27': 'false', 'SLOWPOKE_DELAY_MICROS_SERVICE28': '0.0', 'SLOWPOKE_POKER_BATCH_THRESHOLD_SERVICE28': '100', 'SLOWPOKE_IS_TARGET_SERVICE_SERVICE28': 'false', 'SLOWPOKE_DELAY_MICROS_SERVICE29': '0.0', 'SLOWPOKE_POKER_BATCH_THRESHOLD_SERVICE29': '100', 'SLOWPOKE_IS_TARGET_SERVICE_SERVICE29': 'false', 'SLOWPOKE_DELAY_MICROS_SERVICE30': '0.0', 'SLOWPOKE_POKER_BATCH_THRESHOLD_SERVICE30': '100', 'SLOWPOKE_IS_TARGET_SERVICE_SERVICE30': 'false', 'SLOWPOKE_DELAY_MICROS_SERVICE31': '0.0', 'SLOWPOKE_POKER_BATCH_THRESHOLD_SERVICE31': '100', 'SLOWPOKE_IS_TARGET_SERVICE_SERVICE31': 'false', 'SLOWPOKE_DELAY_MICROS_SERVICE32': '0.0', 'SLOWPOKE_POKER_BATCH_THRESHOLD_SERVICE32': '100', 'SLOWPOKE_IS_TARGET_SERVICE_SERVICE32': 'false', 'SLOWPOKE_DELAY_MICROS_SERVICE33': '0.0', 'SLOWPOKE_POKER_BATCH_THRESHOLD_SERVICE33': '100', 'SLOWPOKE_IS_TARGET_SERVICE_SERVICE33': 'false', 'SLOWPOKE_DELAY_MICROS_SERVICE34': '0.0', 'SLOWPOKE_POKER_BATCH_THRESHOLD_SERVICE34': '100', 'SLOWPOKE_IS_TARGET_SERVICE_SERVICE34': 'false', 'SLOWPOKE_DELAY_MICROS_SERVICE35': '0.0', 'SLOWPOKE_POKER_BATCH_THRESHOLD_SERVICE35': '100', 'SLOWPOKE_IS_TARGET_SERVICE_SERVICE35': 'false', 'SLOWPOKE_DELAY_MICROS_SERVICE36': '0.0', 'SLOWPOKE_POKER_BATCH_THRESHOLD_SERVICE36': '100', 'SLOWPOKE_IS_TARGET_SERVICE_SERVICE36': 'false', 'SLOWPOKE_DELAY_MICROS_SERVICE37': '0.0', 'SLOWPOKE_POKER_BATCH_THRESHOLD_SERVICE37': '100', 'SLOWPOKE_IS_TARGET_SERVICE_SERVICE37': 'false', 'SLOWPOKE_DELAY_MICROS_SERVICE38': '0.0', 'SLOWPOKE_POKER_BATCH_THRESHOLD_SERVICE38': '100', 'SLOWPOKE_IS_TARGET_SERVICE_SERVICE38': 'false', 'SLOWPOKE_DELAY_MICROS_SERVICE39': '0.0', 'SLOWPOKE_POKER_BATCH_THRESHOLD_SERVICE39': '100', 'SLOWPOKE_IS_TARGET_SERVICE_SERVICE39': 'false', 'SLOWPOKE_DELAY_MICROS_SERVICE40': '0.0', 'SLOWPOKE_POKER_BATCH_THRESHOLD_SERVICE40': '100', 'SLOWPOKE_IS_TARGET_SERVICE_SERVICE40': 'false', 'SLOWPOKE_DELAY_MICROS_SERVICE41': '0.0', 'SLOWPOKE_POKER_BATCH_THRESHOLD_SERVICE41': '100', 'SLOWPOKE_IS_TARGET_SERVICE_SERVICE41': 'false', 'SLOWPOKE_DELAY_MICROS_SERVICE42': '0.0', 'SLOWPOKE_POKER_BATCH_THRESHOLD_SERVICE42': '100', 'SLOWPOKE_IS_TARGET_SERVICE_SERVICE42': 'false'}
    [exp] Executing cmd `bash run.sh synthetic large-scale 8 64 10000`:
        [run.sh] Running benchmark synthetic with request large-scale, thread 8, conn 64, duration 60
        [run.sh] Deleting all services
        configmap "config-service0" deleted
        deployment.apps "service0" deleted
        service "service0" deleted
        configmap "config-service1" deleted
        deployment.apps "service1" deleted
        service "service1" deleted
        configmap "config-service10" deleted
        deployment.apps "service10" deleted
        service "service10" deleted
        configmap "config-service11" deleted
        deployment.apps "service11" deleted
        service "service11" deleted
        configmap "config-service12" deleted
        deployment.apps "service12" deleted
        service "service12" deleted
        configmap "config-service13" deleted
        deployment.apps "service13" deleted
        service "service13" deleted
        configmap "config-service14" deleted
        deployment.apps "service14" deleted
        service "service14" deleted
        configmap "config-service15" deleted
        deployment.apps "service15" deleted
        service "service15" deleted
        configmap "config-service16" deleted
        deployment.apps "service16" deleted
        service "service16" deleted
        configmap "config-service17" deleted
        deployment.apps "service17" deleted
        service "service17" deleted
        configmap "config-service18" deleted
        deployment.apps "service18" deleted
        service "service18" deleted
        configmap "config-service19" deleted
        deployment.apps "service19" deleted
        service "service19" deleted
        configmap "config-service2" deleted
        deployment.apps "service2" deleted
        service "service2" deleted
        configmap "config-service20" deleted
        deployment.apps "service20" deleted
        service "service20" deleted
        configmap "config-service21" deleted
        deployment.apps "service21" deleted
        service "service21" deleted
        configmap "config-service22" deleted
        deployment.apps "service22" deleted
        service "service22" deleted
        configmap "config-service23" deleted
        deployment.apps "service23" deleted
        service "service23" deleted
        configmap "config-service24" deleted
        deployment.apps "service24" deleted
        service "service24" deleted
        configmap "config-service25" deleted
        deployment.apps "service25" deleted
        service "service25" deleted
        configmap "config-service26" deleted
        deployment.apps "service26" deleted
        service "service26" deleted
        configmap "config-service27" deleted
        deployment.apps "service27" deleted
        service "service27" deleted
        configmap "config-service28" deleted
        deployment.apps "service28" deleted
        service "service28" deleted
        configmap "config-service29" deleted
        deployment.apps "service29" deleted
        service "service29" deleted
        configmap "config-service3" deleted
        deployment.apps "service3" deleted
        service "service3" deleted
        configmap "config-service30" deleted
        deployment.apps "service30" deleted
        service "service30" deleted
        configmap "config-service31" deleted
        deployment.apps "service31" deleted
        service "service31" deleted
        configmap "config-service32" deleted
        deployment.apps "service32" deleted
        service "service32" deleted
        configmap "config-service33" deleted
        deployment.apps "service33" deleted
        service "service33" deleted
        configmap "config-service34" deleted
        deployment.apps "service34" deleted
        service "service34" deleted
        configmap "config-service35" deleted
        deployment.apps "service35" deleted
        service "service35" deleted
        configmap "config-service36" deleted
        deployment.apps "service36" deleted
        service "service36" deleted
        configmap "config-service37" deleted
        deployment.apps "service37" deleted
        service "service37" deleted
        configmap "config-service38" deleted
        deployment.apps "service38" deleted
        service "service38" deleted
        configmap "config-service39" deleted
        deployment.apps "service39" deleted
        service "service39" deleted
        configmap "config-service4" deleted
        deployment.apps "service4" deleted
        service "service4" deleted
        configmap "config-service40" deleted
        deployment.apps "service40" deleted
        service "service40" deleted
        configmap "config-service41" deleted
        deployment.apps "service41" deleted
        service "service41" deleted
        configmap "config-service42" deleted
        deployment.apps "service42" deleted
        service "service42" deleted
        configmap "config-service5" deleted
        deployment.apps "service5" deleted
        service "service5" deleted
        configmap "config-service6" deleted
        deployment.apps "service6" deleted
        service "service6" deleted
        configmap "config-service7" deleted
        deployment.apps "service7" deleted
        service "service7" deleted
        configmap "config-service8" deleted
        deployment.apps "service8" deleted
        service "service8" deleted
        configmap "config-service9" deleted
        deployment.apps "service9" deleted
        service "service9" deleted
        deployment.apps "ubuntu-client" deleted
        [run.sh] Waiting for all pods to be deleted
        [run.sh] Deploying all services
        configmap/config-service0 created
        deployment.apps/service0 created
        service/service0 created
        configmap/config-service1 created
        deployment.apps/service1 created
        service/service1 created
        configmap/config-service10 created
        deployment.apps/service10 created
        service/service10 created
        configmap/config-service11 created
        deployment.apps/service11 created
        service/service11 created
        configmap/config-service12 created
        deployment.apps/service12 created
        service/service12 created
        configmap/config-service13 created
        deployment.apps/service13 created
        service/service13 created
        configmap/config-service14 created
        deployment.apps/service14 created
        service/service14 created
        configmap/config-service15 created
        deployment.apps/service15 created
        service/service15 created
        configmap/config-service16 created
        deployment.apps/service16 created
        service/service16 created
        configmap/config-service17 created
        deployment.apps/service17 created
        service/service17 created
        configmap/config-service18 created
        deployment.apps/service18 created
        service/service18 created
        configmap/config-service19 created
        deployment.apps/service19 created
        service/service19 created
        configmap/config-service2 created
        deployment.apps/service2 created
        service/service2 created
        configmap/config-service20 created
        deployment.apps/service20 created
        service/service20 created
        configmap/config-service21 created
        deployment.apps/service21 created
        service/service21 created
        configmap/config-service22 created
        deployment.apps/service22 created
        service/service22 created
        configmap/config-service23 created
        deployment.apps/service23 created
        service/service23 created
        configmap/config-service24 created
        deployment.apps/service24 created
        service/service24 created
        configmap/config-service25 created
        deployment.apps/service25 created
        service/service25 created
        configmap/config-service26 created
        deployment.apps/service26 created
        service/service26 created
        configmap/config-service27 created
        deployment.apps/service27 created
        service/service27 created
        configmap/config-service28 created
        deployment.apps/service28 created
        service/service28 created
        configmap/config-service29 created
        deployment.apps/service29 created
        service/service29 created
        configmap/config-service3 created
        deployment.apps/service3 created
        service/service3 created
        configmap/config-service30 created
        deployment.apps/service30 created
        service/service30 created
        configmap/config-service31 created
        deployment.apps/service31 created
        service/service31 created
        configmap/config-service32 created
        deployment.apps/service32 created
        service/service32 created
        configmap/config-service33 created
        deployment.apps/service33 created
        service/service33 created
        configmap/config-service34 created
        deployment.apps/service34 created
        service/service34 created
        configmap/config-service35 created
        deployment.apps/service35 created
        service/service35 created
        configmap/config-service36 created
        deployment.apps/service36 created
        service/service36 created
        configmap/config-service37 created
        deployment.apps/service37 created
        service/service37 created
        configmap/config-service38 created
        deployment.apps/service38 created
        service/service38 created
        configmap/config-service39 created
        deployment.apps/service39 created
        service/service39 created
        configmap/config-service4 created
        deployment.apps/service4 created
        service/service4 created
        configmap/config-service40 created
        deployment.apps/service40 created
        service/service40 created
        configmap/config-service41 created
        deployment.apps/service41 created
        service/service41 created
        configmap/config-service42 created
        deployment.apps/service42 created
        service/service42 created
        configmap/config-service5 created
        deployment.apps/service5 created
        service/service5 created
        configmap/config-service6 created
        deployment.apps/service6 created
        service/service6 created
        configmap/config-service7 created
        deployment.apps/service7 created
        service/service7 created
        configmap/config-service8 created
        deployment.apps/service8 created
        service/service8 created
        configmap/config-service9 created
        deployment.apps/service9 created
        service/service9 created
        [run.sh] Client pod not found, deploying client
        deployment.apps/ubuntu-client created
        [run.sh] Waiting for all pods to be running
        [run.sh] All pods are running
