[config.py] Random numbers for execution time: [274.6383851603981, 416.9207636140391, 843.5944458592699, 918.0241003660359]
benchmark                        : synthetic
num_threads                      : 8
num_conns                        : 800
target_service                   : service2
request_type                     : fanout-w3-grpc-async
repetitions                      : 5
target_num_exp                   : 10
pre_run                          : False
num_req                          : 20000
groundtruths                     : []
slowdowns                        : []
predicteds                       : []
errs                             : []
poker_batch_req                  : 100
client_cpu_quota                 : 2
random_seed                      : 18674
request_ratio                    : {'service0': 1, 'service1': 1, 'service2': 1, 'service3': 1}
baseline_service_processing_time : {'service0': 918.02, 'service1': 843.59, 'service2': 833.84, 'service3': 274.64}
cpu_quota                        : {'service0': 2, 'service1': 2, 'service2': 2, 'service3': 2}
target_processing_time_range     : [0, 833.84]
baseline_throughputs             : []
poker_batch                      : 20000000
[test.py] Starting experiment...
[test.py] >>>>>>>>>>>>>>>>>>>>>>>>>>>>> Running experiment 0...
[test.py] Actual processing time range: [0, 83, 166, 249, 332, 415, 498, 581, 664, 747]
[test.py] Running baseline experiment
    [exp] Running (pre_run: False) workload synthetic/fanout-w3-grpc-async request with the following configuration: {'CLIENT_CPU_QUOTA': '2', 'SLOWPOKE_POKER_BATCH_THRESHOLD': '20000000', 'PROCESSING_TIME_SERVICE0': '0.00091802', 'PROCESSING_TIME_SERVICE1': '0.00084359', 'PROCESSING_TIME_SERVICE2': '0.00083384', 'PROCESSING_TIME_SERVICE3': '0.00027464', 'SLOWPOKE_DELAY_MICROS_SERVICE0': '0.0', 'SLOWPOKE_POKER_BATCH_THRESHOLD_SERVICE0': '100', 'SLOWPOKE_IS_TARGET_SERVICE_SERVICE0': 'false', 'SLOWPOKE_DELAY_MICROS_SERVICE1': '0.0', 'SLOWPOKE_POKER_BATCH_THRESHOLD_SERVICE1': '100', 'SLOWPOKE_IS_TARGET_SERVICE_SERVICE1': 'false', 'SLOWPOKE_DELAY_MICROS_SERVICE2': '0.0', 'SLOWPOKE_POKER_BATCH_THRESHOLD_SERVICE2': '100', 'SLOWPOKE_IS_TARGET_SERVICE_SERVICE2': 'true', 'SLOWPOKE_DELAY_MICROS_SERVICE3': '0.0', 'SLOWPOKE_POKER_BATCH_THRESHOLD_SERVICE3': '100', 'SLOWPOKE_IS_TARGET_SERVICE_SERVICE3': 'false'}
    [exp] Executing cmd `bash run.sh synthetic fanout-w3-grpc-async 8 800 20000`:
        [run.sh] Running benchmark synthetic with request fanout-w3-grpc-async, thread 8, conn 800, duration 60
        [run.sh] Deleting all services
        configmap "config-service0" deleted
        deployment.apps "service0" deleted
        service "service0" deleted
        configmap "config-service1" deleted
        deployment.apps "service1" deleted
        service "service1" deleted
        configmap "config-service2" deleted
        deployment.apps "service2" deleted
        service "service2" deleted
        configmap "config-service3" deleted
        deployment.apps "ubuntu-client" deleted
        [run.sh] Waiting for all pods to be deleted
        [run.sh] Deploying all services
        configmap/config-service0 created
        deployment.apps/service0 created
        service/service0 created
        configmap/config-service1 created
        deployment.apps/service1 created
        service/service1 created
        configmap/config-service2 created
        deployment.apps/service2 created
        service/service2 created
        configmap/config-service3 created
        deployment.apps/service3 created
        service/service3 created
        [run.sh] Client pod not found, deploying client
        deployment.apps/ubuntu-client created
        [run.sh] Waiting for all pods to be running
        [run.sh] All pods are running
        [run.sh] Checking heartbeat for all services
        [run.sh] Running warmup test
        [run.sh] /wrk/wrk -t8 -c800 --timeout 3s -d3s -L http://service0:80/endpoint1
        Running 3s test @ http://service0:80/endpoint1
        8 threads and 800 connections
        Thread Stats   Avg      Stdev     Max   +/- Stdev
        Latency   550.40ms  219.70ms   1.36s    71.33%
        Req/Sec   198.61    107.50   600.00     78.12%
        Latency Distribution
        50%  509.45ms
        75%  662.32ms
        90%  834.06ms
        99%    1.23s
        3941 requests in 3.03s, 611.93KB read
        Requests/sec:   1302.18
        Transfer/sec:    202.19KB
        [run.sh] Speed is 1302.18, duration is 23
        [run.sh] Fix the request number.
        [run.sh] Running the actual test
        [run.sh] /wrk/wrk --timeout 20s -t8 -c800 -d23s -L -s /wrk/fix_req_n.lua http://service0:80/endpoint1
        Running 23s test @ http://service0:80/endpoint1
        8 threads and 800 connections
        Thread Stats   Avg      Stdev     Max   +/- Stdev
        Latency   534.53ms  296.34ms   2.33s    69.95%
        Req/Sec   189.79    128.40   585.00     61.89%
        Latency Distribution
        50%  479.19ms
        75%  686.78ms
        90%  961.68ms
        99%    1.37s
        20000 requests in 23.00s, 3.03MB read
        Requests/sec:    869.56
        Transfer/sec:    135.02KB
        ------------------------------
        stop time: 13.586552
        stop time: 13.590840
        stop time: 13.537152
        stop time: 13.585136
        stop time: 13.738948
        stop time: 13.767506
        stop time: 13.764795
        stop time: 13.749283
        [run.sh] Checking the resource usage
        NAME                             CPU(cores)   MEMORY(bytes)
        service0-6fb7cc7c7f-dnmkc        0m           74Mi
        service1-76b89695f7-xstc5        0m           17Mi
        service2-7bdbb95446-r9zzj        0m           15Mi
        ubuntu-client-76886f6bbd-qx8fj   0m           14Mi
        [run.sh] Test finished with status 0
        > STDERR
        > No resources found in default namespace.
    [exp] Times: [13.586552, 13.59084, 13.537152, 13.585136, 13.738948, 13.767506, 13.764795, 13.749283]
    [exp] Throughput: 1463.5902828289431
[test.py] Baseline throughput: 1463.5902828289431
[test.py] Running 0th optmization experiment
[test.py] Running 0th groundtruth exp
    [exp] Running (pre_run: False) workload synthetic/fanout-w3-grpc-async request with the following configuration: {'CLIENT_CPU_QUOTA': '2', 'SLOWPOKE_POKER_BATCH_THRESHOLD': '20000000', 'PROCESSING_TIME_SERVICE0': '0.00091802', 'PROCESSING_TIME_SERVICE1': '0.00084359', 'PROCESSING_TIME_SERVICE2': '0.0', 'PROCESSING_TIME_SERVICE3': '0.00027464', 'SLOWPOKE_DELAY_MICROS_SERVICE0': '0.0', 'SLOWPOKE_POKER_BATCH_THRESHOLD_SERVICE0': '100', 'SLOWPOKE_IS_TARGET_SERVICE_SERVICE0': 'false', 'SLOWPOKE_DELAY_MICROS_SERVICE1': '0.0', 'SLOWPOKE_POKER_BATCH_THRESHOLD_SERVICE1': '100', 'SLOWPOKE_IS_TARGET_SERVICE_SERVICE1': 'false', 'SLOWPOKE_DELAY_MICROS_SERVICE2': '0.0', 'SLOWPOKE_POKER_BATCH_THRESHOLD_SERVICE2': '100', 'SLOWPOKE_IS_TARGET_SERVICE_SERVICE2': 'true', 'SLOWPOKE_DELAY_MICROS_SERVICE3': '0.0', 'SLOWPOKE_POKER_BATCH_THRESHOLD_SERVICE3': '100', 'SLOWPOKE_IS_TARGET_SERVICE_SERVICE3': 'false'}
    [exp] Executing cmd `bash run.sh synthetic fanout-w3-grpc-async 8 800 20000`:
        [run.sh] Running benchmark synthetic with request fanout-w3-grpc-async, thread 8, conn 800, duration 60
        [run.sh] Deleting all services
        configmap "config-service0" deleted
        deployment.apps "service0" deleted
        service "service0" deleted
        configmap "config-service1" deleted
        deployment.apps "service1" deleted
        service "service1" deleted
        configmap "config-service2" deleted
        deployment.apps "service2" deleted
        service "service2" deleted
        configmap "config-service3" deleted
        deployment.apps "service3" deleted
        service "service3" deleted
        deployment.apps "ubuntu-client" deleted
        [run.sh] Waiting for all pods to be deleted
        [run.sh] Deploying all services
        configmap/config-service0 created
        deployment.apps/service0 created
        service/service0 created
        configmap/config-service1 created
        deployment.apps/service1 created
        service/service1 created
        configmap/config-service2 created
        deployment.apps/service2 created
        service/service2 created
        configmap/config-service3 created
        deployment.apps/service3 created
        service/service3 created
        [run.sh] Client pod not found, deploying client
        deployment.apps/ubuntu-client created
        [run.sh] Waiting for all pods to be running
        [run.sh] All pods are running
        [run.sh] Checking heartbeat for all services
        [run.sh] Running warmup test
        [run.sh] /wrk/wrk -t8 -c800 --timeout 3s -d3s -L http://service0:80/endpoint1
        Running 3s test @ http://service0:80/endpoint1
        8 threads and 800 connections
        Thread Stats   Avg      Stdev     Max   +/- Stdev
        Latency   573.82ms  325.37ms   1.66s    69.20%
        Req/Sec   178.89    119.60   474.00     63.00%
        Latency Distribution
        50%  552.67ms
        75%  744.28ms
        90%  983.72ms
        99%    1.60s
        3637 requests in 3.02s, 564.73KB read
        Requests/sec:   1203.98
        Transfer/sec:    186.95KB
        [run.sh] Speed is 1203.98, duration is 24
        [run.sh] Fix the request number.
        [run.sh] Running the actual test
        [run.sh] /wrk/wrk --timeout 20s -t8 -c800 -d24s -L -s /wrk/fix_req_n.lua http://service0:80/endpoint1
        Running 24s test @ http://service0:80/endpoint1
        8 threads and 800 connections
        Thread Stats   Avg      Stdev     Max   +/- Stdev
        Latency   540.22ms  251.26ms   2.16s    70.93%
        Req/Sec   190.12    139.33   790.00     63.13%
        Latency Distribution
        50%  508.34ms
        75%  662.42ms
        90%  894.96ms
        99%    1.27s
        20000 requests in 24.00s, 3.03MB read
        Requests/sec:    833.33
        Transfer/sec:    129.39KB
        ------------------------------
        stop time: 13.732856
        stop time: 13.260297
        stop time: 13.344457
        stop time: 13.817095
        stop time: 13.973929
        stop time: 13.990153
        stop time: 13.985727
        stop time: 13.998780
        [run.sh] Checking the resource usage
        NAME                             CPU(cores)   MEMORY(bytes)
        service0-6fb7cc7c7f-pzxmv        1495m        84Mi
        service1-76b89695f7-vgrkx        1033m        21Mi
        service2-7bdbb95446-cxlbm        119m         9Mi
        service3-766854894f-qfvzc        339m         11Mi
        ubuntu-client-76886f6bbd-cf24v   48m          20Mi
        [run.sh] Test finished with status 0
        > STDERR
        > No resources found in default namespace.
    [exp] Times: [13.732856, 13.260297, 13.344457, 13.817095, 13.973929, 13.990153, 13.985727, 13.99878]
    [exp] Throughput: 1453.180864870401
[test.py] Running 0th slowdown exp
    [exp] Running (pre_run: False) workload synthetic/fanout-w3-grpc-async request with the following configuration: {'CLIENT_CPU_QUOTA': '2', 'SLOWPOKE_POKER_BATCH_THRESHOLD': '20000000', 'PROCESSING_TIME_SERVICE0': '0.00091802', 'PROCESSING_TIME_SERVICE1': '0.00084359', 'PROCESSING_TIME_SERVICE2': '0.00083384', 'PROCESSING_TIME_SERVICE3': '0.00027464', 'SLOWPOKE_DELAY_MICROS_SERVICE0': '416.5', 'SLOWPOKE_POKER_BATCH_THRESHOLD_SERVICE0': '100', 'SLOWPOKE_IS_TARGET_SERVICE_SERVICE0': 'false', 'SLOWPOKE_DELAY_MICROS_SERVICE1': '416.5', 'SLOWPOKE_POKER_BATCH_THRESHOLD_SERVICE1': '100', 'SLOWPOKE_IS_TARGET_SERVICE_SERVICE1': 'false', 'SLOWPOKE_DELAY_MICROS_SERVICE2': '0.0', 'SLOWPOKE_POKER_BATCH_THRESHOLD_SERVICE2': '100', 'SLOWPOKE_IS_TARGET_SERVICE_SERVICE2': 'true', 'SLOWPOKE_DELAY_MICROS_SERVICE3': '416.5', 'SLOWPOKE_POKER_BATCH_THRESHOLD_SERVICE3': '100', 'SLOWPOKE_IS_TARGET_SERVICE_SERVICE3': 'false'}
    [exp] Executing cmd `bash run.sh synthetic fanout-w3-grpc-async 8 800 20000`:
        [run.sh] Running benchmark synthetic with request fanout-w3-grpc-async, thread 8, conn 800, duration 60
        [run.sh] Deleting all services
        configmap "config-service0" deleted
        deployment.apps "service0" deleted
        service "service0" deleted
        configmap "config-service1" deleted
        deployment.apps "service1" deleted
        service "service1" deleted
        configmap "config-service2" deleted
        deployment.apps "service2" deleted
        service "service2" deleted
        configmap "config-service3" deleted
        deployment.apps "service3" deleted
        service "service3" deleted
        deployment.apps "ubuntu-client" deleted
        [run.sh] Waiting for all pods to be deleted
        [run.sh] Deploying all services
        configmap/config-service0 created
        deployment.apps/service0 created
        service/service0 created
        configmap/config-service1 created
        deployment.apps/service1 created
        service/service1 created
        configmap/config-service2 created
        deployment.apps/service2 created
        service/service2 created
        configmap/config-service3 created
        deployment.apps/service3 created
        service/service3 created
        [run.sh] Client pod not found, deploying client
        deployment.apps/ubuntu-client created
        [run.sh] Waiting for all pods to be running
        [run.sh] All pods are running
        [run.sh] Checking heartbeat for all services
        [run.sh] Running warmup test
        [run.sh] /wrk/wrk -t8 -c800 --timeout 3s -d3s -L http://service0:80/endpoint1
        Running 3s test @ http://service0:80/endpoint1
        8 threads and 800 connections
        Thread Stats   Avg      Stdev     Max   +/- Stdev
        Latency   954.46ms  324.35ms   1.99s    76.21%
        Req/Sec   119.30    161.41   767.00     93.48%
        Latency Distribution
        50%  941.60ms
        75%    1.10s
        90%    1.36s
        99%    1.88s
        2051 requests in 3.04s, 318.47KB read
        Requests/sec:    674.84
        Transfer/sec:    104.78KB
        [run.sh] Speed is 674.84, duration is 44
        [run.sh] Fix the request number.
        [run.sh] Running the actual test
        [run.sh] /wrk/wrk --timeout 20s -t8 -c800 -d44s -L -s /wrk/fix_req_n.lua http://service0:80/endpoint1
        [run.sh] Checking the resource usage
        Running 44s test @ http://service0:80/endpoint1
        8 threads and 800 connections
        Thread Stats   Avg      Stdev     Max   +/- Stdev
        Latency   839.91ms  460.92ms   3.33s    77.02%
        Req/Sec   130.78    107.91   510.00     68.95%
        Latency Distribution
        50%  758.84ms
        75%    1.02s
        90%    1.33s
        99%    2.63s
        20000 requests in 44.00s, 3.03MB read
        Requests/sec:    454.54
        Transfer/sec:     70.58KB
        ------------------------------
        stop time: 21.062396
        stop time: 21.087279
        stop time: 21.616930
        stop time: 21.631757
        stop time: 21.688733
        stop time: 21.619142
        stop time: 21.587983
        stop time: 21.646886
        [run.sh] Test finished with status 0
        > STDERR
        > No resources found in default namespace.
        > error: metrics not available yet
    [exp] Times: [21.062396, 21.087279, 21.61693, 21.631757, 21.688733, 21.619142, 21.587983, 21.646886]
    [exp] Throughput: 930.5511853576189
[test.py] Finished running 0th optmization experiment: groundtruth->1453.180864870401, slowdown->930.5511853576189, predicted->1520.4225147738982, err->4.627204467731147
[test.py] Running 1th optmization experiment
[test.py] Running 1th groundtruth exp
    [exp] Running (pre_run: False) workload synthetic/fanout-w3-grpc-async request with the following configuration: {'CLIENT_CPU_QUOTA': '2', 'SLOWPOKE_POKER_BATCH_THRESHOLD': '20000000', 'PROCESSING_TIME_SERVICE0': '0.00091802', 'PROCESSING_TIME_SERVICE1': '0.00084359', 'PROCESSING_TIME_SERVICE2': '8.3e-05', 'PROCESSING_TIME_SERVICE3': '0.00027464', 'SLOWPOKE_DELAY_MICROS_SERVICE0': '0.0', 'SLOWPOKE_POKER_BATCH_THRESHOLD_SERVICE0': '100', 'SLOWPOKE_IS_TARGET_SERVICE_SERVICE0': 'false', 'SLOWPOKE_DELAY_MICROS_SERVICE1': '0.0', 'SLOWPOKE_POKER_BATCH_THRESHOLD_SERVICE1': '100', 'SLOWPOKE_IS_TARGET_SERVICE_SERVICE1': 'false', 'SLOWPOKE_DELAY_MICROS_SERVICE2': '0.0', 'SLOWPOKE_POKER_BATCH_THRESHOLD_SERVICE2': '100', 'SLOWPOKE_IS_TARGET_SERVICE_SERVICE2': 'true', 'SLOWPOKE_DELAY_MICROS_SERVICE3': '0.0', 'SLOWPOKE_POKER_BATCH_THRESHOLD_SERVICE3': '100', 'SLOWPOKE_IS_TARGET_SERVICE_SERVICE3': 'false'}
    [exp] Executing cmd `bash run.sh synthetic fanout-w3-grpc-async 8 800 20000`:
        [run.sh] Running benchmark synthetic with request fanout-w3-grpc-async, thread 8, conn 800, duration 60
        [run.sh] Deleting all services
        configmap "config-service0" deleted
        deployment.apps "service0" deleted
        service "service0" deleted
        configmap "config-service1" deleted
        deployment.apps "service1" deleted
        service "service1" deleted
        configmap "config-service2" deleted
        deployment.apps "service2" deleted
        service "service2" deleted
        configmap "config-service3" deleted
        deployment.apps "service3" deleted
        service "service3" deleted
        deployment.apps "ubuntu-client" deleted
        [run.sh] Waiting for all pods to be deleted
        [run.sh] Deploying all services
        configmap/config-service0 created
        deployment.apps/service0 created
        service/service0 created
        configmap/config-service1 created
        deployment.apps/service1 created
        service/service1 created
        configmap/config-service2 created
        deployment.apps/service2 created
        service/service2 created
        configmap/config-service3 created
        deployment.apps/service3 created
        service/service3 created
        [run.sh] Client pod not found, deploying client
        deployment.apps/ubuntu-client created
        [run.sh] Waiting for all pods to be running
        [run.sh] All pods are running
        [run.sh] Checking heartbeat for all services
        [run.sh] Running warmup test
        [run.sh] /wrk/wrk -t8 -c800 --timeout 3s -d3s -L http://service0:80/endpoint1
        Running 3s test @ http://service0:80/endpoint1
        8 threads and 800 connections
        Thread Stats   Avg      Stdev     Max   +/- Stdev
        Latency   593.03ms  227.36ms   1.52s    66.43%
        Req/Sec   181.21    128.97   606.00     66.85%
        Latency Distribution
        50%  590.46ms
        75%  729.70ms
        90%  883.72ms
        99%    1.43s
        3437 requests in 3.03s, 533.67KB read
        Requests/sec:   1133.02
        Transfer/sec:    175.93KB
        [run.sh] Speed is 1133.02, duration is 26
        [run.sh] Fix the request number.
        [run.sh] Running the actual test
        [run.sh] /wrk/wrk --timeout 20s -t8 -c800 -d26s -L -s /wrk/fix_req_n.lua http://service0:80/endpoint1
        Running 26s test @ http://service0:80/endpoint1
        8 threads and 800 connections
        Thread Stats   Avg      Stdev     Max   +/- Stdev
        Latency   520.65ms  274.32ms   1.88s    68.35%
        Req/Sec   200.21    135.73   818.00     63.12%
        Latency Distribution
        50%  472.73ms
        75%  662.68ms
        90%  932.60ms
        99%    1.29s
        20000 requests in 26.00s, 3.03MB read
        Requests/sec:    769.23
        Transfer/sec:    119.44KB
        ------------------------------
        stop time: 13.209517
        stop time: 13.262287
        stop time: 13.012618
        stop time: 13.339751
        stop time: 13.399167
        stop time: 13.441989
        stop time: 13.478325
        stop time: 13.242705
        [run.sh] Checking the resource usage
        NAME                             CPU(cores)   MEMORY(bytes)
        service0-6fb7cc7c7f-nn6bg        553m         81Mi
        service1-76b89695f7-gcs4m        410m         22Mi
        service2-7bdbb95446-g4hlk        88m          12Mi
        service3-766854894f-xf8t6        171m         14Mi
        ubuntu-client-76886f6bbd-gtqfv   21m          0Mi
        [run.sh] Test finished with status 0
        > STDERR
        > No resources found in default namespace.
    [exp] Times: [13.209517, 13.262287, 13.012618, 13.339751, 13.399167, 13.441989, 13.478325, 13.242705]
    [exp] Throughput: 1503.9522125200283
[test.py] Running 1th slowdown exp
    [exp] Running (pre_run: False) workload synthetic/fanout-w3-grpc-async request with the following configuration: {'CLIENT_CPU_QUOTA': '2', 'SLOWPOKE_POKER_BATCH_THRESHOLD': '20000000', 'PROCESSING_TIME_SERVICE0': '0.00091802', 'PROCESSING_TIME_SERVICE1': '0.00084359', 'PROCESSING_TIME_SERVICE2': '0.00083384', 'PROCESSING_TIME_SERVICE3': '0.00027464', 'SLOWPOKE_DELAY_MICROS_SERVICE0': '375.0', 'SLOWPOKE_POKER_BATCH_THRESHOLD_SERVICE0': '100', 'SLOWPOKE_IS_TARGET_SERVICE_SERVICE0': 'false', 'SLOWPOKE_DELAY_MICROS_SERVICE1': '375.0', 'SLOWPOKE_POKER_BATCH_THRESHOLD_SERVICE1': '100', 'SLOWPOKE_IS_TARGET_SERVICE_SERVICE1': 'false', 'SLOWPOKE_DELAY_MICROS_SERVICE2': '0.0', 'SLOWPOKE_POKER_BATCH_THRESHOLD_SERVICE2': '100', 'SLOWPOKE_IS_TARGET_SERVICE_SERVICE2': 'true', 'SLOWPOKE_DELAY_MICROS_SERVICE3': '375.0', 'SLOWPOKE_POKER_BATCH_THRESHOLD_SERVICE3': '100', 'SLOWPOKE_IS_TARGET_SERVICE_SERVICE3': 'false'}
    [exp] Executing cmd `bash run.sh synthetic fanout-w3-grpc-async 8 800 20000`:
        [run.sh] Running benchmark synthetic with request fanout-w3-grpc-async, thread 8, conn 800, duration 60
        [run.sh] Deleting all services
        configmap "config-service0" deleted
        deployment.apps "service0" deleted
        service "service0" deleted
        configmap "config-service1" deleted
        deployment.apps "service1" deleted
        service "service1" deleted
        configmap "config-service2" deleted
        deployment.apps "service2" deleted
        service "service2" deleted
        configmap "config-service3" deleted
        deployment.apps "service3" deleted
        service "service3" deleted
        deployment.apps "ubuntu-client" deleted
        [run.sh] Waiting for all pods to be deleted
        [run.sh] Deploying all services
        configmap/config-service0 created
        deployment.apps/service0 created
        service/service0 created
        configmap/config-service1 created
        deployment.apps/service1 created
        service/service1 created
        configmap/config-service2 created
        deployment.apps/service2 created
        service/service2 created
        configmap/config-service3 created
        deployment.apps/service3 created
        service/service3 created
        [run.sh] Client pod not found, deploying client
        deployment.apps/ubuntu-client created
        [run.sh] Waiting for all pods to be running
        [run.sh] All pods are running
        [run.sh] Checking heartbeat for all services
        [run.sh] Running warmup test
        [run.sh] /wrk/wrk -t8 -c800 --timeout 3s -d3s -L http://service0:80/endpoint1
        Running 3s test @ http://service0:80/endpoint1
        8 threads and 800 connections
        Thread Stats   Avg      Stdev     Max   +/- Stdev
        Latency   946.63ms  339.07ms   2.06s    72.76%
        Req/Sec   127.19    101.76   450.00     70.55%
        Latency Distribution
        50%  944.67ms
        75%    1.16s
        90%    1.30s
        99%    1.79s
        2276 requests in 3.02s, 353.40KB read
        Requests/sec:    752.99
        Transfer/sec:    116.92KB
        [run.sh] Speed is 752.99, duration is 39
        [run.sh] Fix the request number.
        [run.sh] Running the actual test
        [run.sh] /wrk/wrk --timeout 20s -t8 -c800 -d39s -L -s /wrk/fix_req_n.lua http://service0:80/endpoint1
        [run.sh] Checking the resource usage
        NAME                             CPU(cores)   MEMORY(bytes)
        service0-65b8c6f4cd-mknt6        1254m        58Mi
        service1-54c6dcdcdd-vmsjn        932m         16Mi
        service2-7bdbb95446-ftcft        968m         13Mi
        service3-5f6f57c864-7jncb        400m         13Mi
        ubuntu-client-76886f6bbd-h7v92   27m          24Mi
        Running 39s test @ http://service0:80/endpoint1
        8 threads and 800 connections
        Thread Stats   Avg      Stdev     Max   +/- Stdev
        Latency   821.24ms  390.49ms   3.30s    72.28%
        Req/Sec   129.16    102.45   565.00     69.88%
        Latency Distribution
        50%  733.36ms
        75%    1.03s
        90%    1.36s
        99%    1.94s
        20000 requests in 39.00s, 3.03MB read
        Requests/sec:    512.82
        Transfer/sec:     79.63KB
        ------------------------------
        stop time: 21.103802
        stop time: 21.064499
        stop time: 21.013836
        stop time: 20.812334
        stop time: 20.864663
        stop time: 20.967014
        stop time: 20.786473
        stop time: 21.041463
        [run.sh] Test finished with status 0
        > STDERR
        > No resources found in default namespace.
    [exp] Times: [21.103802, 21.064499, 21.013836, 20.812334, 20.864663, 20.967014, 20.786473, 21.041463]
    [exp] Throughput: 954.3459734628354
[test.py] Finished running 1th optmization experiment: groundtruth->1503.9522125200283, slowdown->954.3459734628354, predicted->1487.1701275408257, err->-1.1158655733537244
[test.py] Running 2th optmization experiment
[test.py] Running 2th groundtruth exp
    [exp] Running (pre_run: False) workload synthetic/fanout-w3-grpc-async request with the following configuration: {'CLIENT_CPU_QUOTA': '2', 'SLOWPOKE_POKER_BATCH_THRESHOLD': '20000000', 'PROCESSING_TIME_SERVICE0': '0.00091802', 'PROCESSING_TIME_SERVICE1': '0.00084359', 'PROCESSING_TIME_SERVICE2': '0.000166', 'PROCESSING_TIME_SERVICE3': '0.00027464', 'SLOWPOKE_DELAY_MICROS_SERVICE0': '0.0', 'SLOWPOKE_POKER_BATCH_THRESHOLD_SERVICE0': '100', 'SLOWPOKE_IS_TARGET_SERVICE_SERVICE0': 'false', 'SLOWPOKE_DELAY_MICROS_SERVICE1': '0.0', 'SLOWPOKE_POKER_BATCH_THRESHOLD_SERVICE1': '100', 'SLOWPOKE_IS_TARGET_SERVICE_SERVICE1': 'false', 'SLOWPOKE_DELAY_MICROS_SERVICE2': '0.0', 'SLOWPOKE_POKER_BATCH_THRESHOLD_SERVICE2': '100', 'SLOWPOKE_IS_TARGET_SERVICE_SERVICE2': 'true', 'SLOWPOKE_DELAY_MICROS_SERVICE3': '0.0', 'SLOWPOKE_POKER_BATCH_THRESHOLD_SERVICE3': '100', 'SLOWPOKE_IS_TARGET_SERVICE_SERVICE3': 'false'}
    [exp] Executing cmd `bash run.sh synthetic fanout-w3-grpc-async 8 800 20000`:
        [run.sh] Running benchmark synthetic with request fanout-w3-grpc-async, thread 8, conn 800, duration 60
        [run.sh] Deleting all services
        configmap "config-service0" deleted
        deployment.apps "service0" deleted
        service "service0" deleted
        configmap "config-service1" deleted
        deployment.apps "service1" deleted
        service "service1" deleted
        configmap "config-service2" deleted
        deployment.apps "service2" deleted
        service "service2" deleted
        configmap "config-service3" deleted
        deployment.apps "service3" deleted
        service "service3" deleted
        deployment.apps "ubuntu-client" deleted
        [run.sh] Waiting for all pods to be deleted
        [run.sh] Deploying all services
        configmap/config-service0 created
        deployment.apps/service0 created
        service/service0 created
        configmap/config-service1 created
        deployment.apps/service1 created
        service/service1 created
        configmap/config-service2 created
        deployment.apps/service2 created
        service/service2 created
        configmap/config-service3 created
        deployment.apps/service3 created
        service/service3 created
        [run.sh] Client pod not found, deploying client
        deployment.apps/ubuntu-client created
        [run.sh] Waiting for all pods to be running
        [run.sh] All pods are running
        [run.sh] Checking heartbeat for all services
        [run.sh] Running warmup test
        [run.sh] /wrk/wrk -t8 -c800 --timeout 3s -d3s -L http://service0:80/endpoint1
        Running 3s test @ http://service0:80/endpoint1
        8 threads and 800 connections
        Thread Stats   Avg      Stdev     Max   +/- Stdev
        Latency   550.64ms  238.75ms   1.41s    65.98%
        Req/Sec   205.38    128.54   535.00     64.44%
        Latency Distribution
        50%  529.69ms
        75%  691.77ms
        90%  886.67ms
        99%    1.21s
        3871 requests in 3.02s, 601.06KB read
        Requests/sec:   1280.97
        Transfer/sec:    198.90KB
        [run.sh] Speed is 1280.97, duration is 23
        [run.sh] Fix the request number.
        [run.sh] Running the actual test
        [run.sh] /wrk/wrk --timeout 20s -t8 -c800 -d23s -L -s /wrk/fix_req_n.lua http://service0:80/endpoint1
        Running 23s test @ http://service0:80/endpoint1
        8 threads and 800 connections
        Thread Stats   Avg      Stdev     Max   +/- Stdev
        Latency   517.33ms  222.51ms   1.40s    68.49%
        Req/Sec   197.55    136.50   727.00     64.94%
        Latency Distribution
        50%  488.55ms
        75%  641.72ms
        90%  822.33ms
        99%    1.15s
        20001 requests in 23.00s, 3.03MB read
        Requests/sec:    869.60
        Transfer/sec:    135.03KB
        ------------------------------
        stop time: 12.882682
        stop time: 12.869164
        stop time: 13.074979
        stop time: 13.344516
        stop time: 13.424294
        stop time: 13.340579
        stop time: 13.327243
        stop time: 13.307584
        [run.sh] Checking the resource usage
        [run.sh] Test finished with status 0
        > STDERR
        > No resources found in default namespace.
        > error: metrics not available yet
    [exp] Times: [12.882682, 12.869164, 13.074979, 13.344516, 13.424294, 13.340579, 13.327243, 13.307584]
    [exp] Throughput: 1515.5671336043754
[test.py] Running 2th slowdown exp
    [exp] Running (pre_run: False) workload synthetic/fanout-w3-grpc-async request with the following configuration: {'CLIENT_CPU_QUOTA': '2', 'SLOWPOKE_POKER_BATCH_THRESHOLD': '20000000', 'PROCESSING_TIME_SERVICE0': '0.00091802', 'PROCESSING_TIME_SERVICE1': '0.00084359', 'PROCESSING_TIME_SERVICE2': '0.00083384', 'PROCESSING_TIME_SERVICE3': '0.00027464', 'SLOWPOKE_DELAY_MICROS_SERVICE0': '333.5', 'SLOWPOKE_POKER_BATCH_THRESHOLD_SERVICE0': '100', 'SLOWPOKE_IS_TARGET_SERVICE_SERVICE0': 'false', 'SLOWPOKE_DELAY_MICROS_SERVICE1': '333.5', 'SLOWPOKE_POKER_BATCH_THRESHOLD_SERVICE1': '100', 'SLOWPOKE_IS_TARGET_SERVICE_SERVICE1': 'false', 'SLOWPOKE_DELAY_MICROS_SERVICE2': '0.0', 'SLOWPOKE_POKER_BATCH_THRESHOLD_SERVICE2': '100', 'SLOWPOKE_IS_TARGET_SERVICE_SERVICE2': 'true', 'SLOWPOKE_DELAY_MICROS_SERVICE3': '333.5', 'SLOWPOKE_POKER_BATCH_THRESHOLD_SERVICE3': '100', 'SLOWPOKE_IS_TARGET_SERVICE_SERVICE3': 'false'}
    [exp] Executing cmd `bash run.sh synthetic fanout-w3-grpc-async 8 800 20000`:
        [run.sh] Running benchmark synthetic with request fanout-w3-grpc-async, thread 8, conn 800, duration 60
        [run.sh] Deleting all services
        configmap "config-service0" deleted
        deployment.apps "service0" deleted
        service "service0" deleted
        configmap "config-service1" deleted
        deployment.apps "service1" deleted
        service "service1" deleted
        configmap "config-service2" deleted
        deployment.apps "service2" deleted
        service "service2" deleted
        configmap "config-service3" deleted
        deployment.apps "service3" deleted
        service "service3" deleted
        deployment.apps "ubuntu-client" deleted
        [run.sh] Waiting for all pods to be deleted
        [run.sh] Deploying all services
        configmap/config-service0 created
        deployment.apps/service0 created
        service/service0 created
        configmap/config-service1 created
        deployment.apps/service1 created
        service/service1 created
        configmap/config-service2 created
        deployment.apps/service2 created
        service/service2 created
        configmap/config-service3 created
        deployment.apps/service3 created
        service/service3 created
        [run.sh] Client pod not found, deploying client
        deployment.apps/ubuntu-client created
        [run.sh] Waiting for all pods to be running
        [run.sh] All pods are running
        [run.sh] Checking heartbeat for all services
        [run.sh] Running warmup test
        [run.sh] /wrk/wrk -t8 -c800 --timeout 3s -d3s -L http://service0:80/endpoint1
        Running 3s test @ http://service0:80/endpoint1
        8 threads and 800 connections
        Thread Stats   Avg      Stdev     Max   +/- Stdev
        Latency   824.44ms  348.84ms   1.80s    67.69%
        Req/Sec   136.49    102.25   370.00     55.56%
        Latency Distribution
        50%  841.82ms
        75%    1.05s
        90%    1.22s
        99%    1.77s
        2532 requests in 3.03s, 393.15KB read
        Requests/sec:    834.53
        Transfer/sec:    129.58KB
        [run.sh] Speed is 834.53, duration is 35
        [run.sh] Fix the request number.
        [run.sh] Running the actual test
        [run.sh] /wrk/wrk --timeout 20s -t8 -c800 -d35s -L -s /wrk/fix_req_n.lua http://service0:80/endpoint1
        [run.sh] Checking the resource usage
        NAME                             CPU(cores)   MEMORY(bytes)
        service0-667c9bc5-9rcbv          1043m        82Mi
        service1-6978cb9557-8s4hw        715m         21Mi
        service2-7bdbb95446-r5559        649m         12Mi
        service3-56dd775cfc-bhglx        245m         10Mi
        ubuntu-client-76886f6bbd-l8pqd   37m          23Mi
        Running 35s test @ http://service0:80/endpoint1
        8 threads and 800 connections
        Thread Stats   Avg      Stdev     Max   +/- Stdev
        Latency   805.82ms  445.70ms   3.26s    72.86%
        Req/Sec   129.84    100.00     0.94k    72.05%
        Latency Distribution
        50%  703.46ms
        75%    1.03s
        90%    1.44s
        99%    2.18s
        20000 requests in 35.00s, 3.03MB read
        Requests/sec:    571.43
        Transfer/sec:     88.73KB
        ------------------------------
        stop time: 20.180143
        stop time: 20.399215
        stop time: 19.902895
        stop time: 20.396258
        stop time: 20.401348
        stop time: 20.869445
        stop time: 20.671648
        stop time: 20.878701
        [run.sh] Test finished with status 0
        > STDERR
        > No resources found in default namespace.
    [exp] Times: [20.180143, 20.399215, 19.902895, 20.396258, 20.401348, 20.869445, 20.671648, 20.878701]
    [exp] Throughput: 977.3997505052744
[test.py] Finished running 2th optmization experiment: groundtruth->1515.5671336043754, slowdown->977.3997505052744, predicted->1450.9516714931513, err->-4.263450999861243
[test.py] Running 3th optmization experiment
[test.py] Running 3th groundtruth exp
    [exp] Running (pre_run: False) workload synthetic/fanout-w3-grpc-async request with the following configuration: {'CLIENT_CPU_QUOTA': '2', 'SLOWPOKE_POKER_BATCH_THRESHOLD': '20000000', 'PROCESSING_TIME_SERVICE0': '0.00091802', 'PROCESSING_TIME_SERVICE1': '0.00084359', 'PROCESSING_TIME_SERVICE2': '0.000249', 'PROCESSING_TIME_SERVICE3': '0.00027464', 'SLOWPOKE_DELAY_MICROS_SERVICE0': '0.0', 'SLOWPOKE_POKER_BATCH_THRESHOLD_SERVICE0': '100', 'SLOWPOKE_IS_TARGET_SERVICE_SERVICE0': 'false', 'SLOWPOKE_DELAY_MICROS_SERVICE1': '0.0', 'SLOWPOKE_POKER_BATCH_THRESHOLD_SERVICE1': '100', 'SLOWPOKE_IS_TARGET_SERVICE_SERVICE1': 'false', 'SLOWPOKE_DELAY_MICROS_SERVICE2': '0.0', 'SLOWPOKE_POKER_BATCH_THRESHOLD_SERVICE2': '100', 'SLOWPOKE_IS_TARGET_SERVICE_SERVICE2': 'true', 'SLOWPOKE_DELAY_MICROS_SERVICE3': '0.0', 'SLOWPOKE_POKER_BATCH_THRESHOLD_SERVICE3': '100', 'SLOWPOKE_IS_TARGET_SERVICE_SERVICE3': 'false'}
    [exp] Executing cmd `bash run.sh synthetic fanout-w3-grpc-async 8 800 20000`:
        [run.sh] Running benchmark synthetic with request fanout-w3-grpc-async, thread 8, conn 800, duration 60
        [run.sh] Deleting all services
        configmap "config-service0" deleted
        deployment.apps "service0" deleted
        service "service0" deleted
        configmap "config-service1" deleted
        deployment.apps "service1" deleted
        service "service1" deleted
        configmap "config-service2" deleted
        deployment.apps "service2" deleted
        service "service2" deleted
        configmap "config-service3" deleted
        deployment.apps "service3" deleted
        service "service3" deleted
        deployment.apps "ubuntu-client" deleted
        [run.sh] Waiting for all pods to be deleted
        [run.sh] Deploying all services
        configmap/config-service0 created
        deployment.apps/service0 created
        service/service0 created
        configmap/config-service1 created
        deployment.apps/service1 created
        service/service1 created
        configmap/config-service2 created
        deployment.apps/service2 created
        service/service2 created
        configmap/config-service3 created
        deployment.apps/service3 created
        service/service3 created
        [run.sh] Client pod not found, deploying client
        deployment.apps/ubuntu-client created
        [run.sh] Waiting for all pods to be running
        [run.sh] All pods are running
        [run.sh] Checking heartbeat for all services
        [run.sh] Running warmup test
        [run.sh] /wrk/wrk -t8 -c800 --timeout 3s -d3s -L http://service0:80/endpoint1
        Running 3s test @ http://service0:80/endpoint1
        8 threads and 800 connections
        Thread Stats   Avg      Stdev     Max   +/- Stdev
        Latency   584.76ms  249.93ms   1.18s    59.82%
        Req/Sec   193.39    130.33   535.00     64.25%
        Latency Distribution
        50%  544.00ms
        75%  790.08ms
        90%  946.87ms
        99%    1.13s
        3723 requests in 3.04s, 578.08KB read
        Requests/sec:   1225.96
        Transfer/sec:    190.36KB
        [run.sh] Speed is 1225.96, duration is 24
        [run.sh] Fix the request number.
        [run.sh] Running the actual test
        [run.sh] /wrk/wrk --timeout 20s -t8 -c800 -d24s -L -s /wrk/fix_req_n.lua http://service0:80/endpoint1
        Running 24s test @ http://service0:80/endpoint1
        8 threads and 800 connections
        Thread Stats   Avg      Stdev     Max   +/- Stdev
        Latency   536.17ms  250.56ms   1.87s    72.26%
        Req/Sec   190.83    147.38   790.00     69.31%
        Latency Distribution
        50%  491.65ms
        75%  654.78ms
        90%  869.27ms
        99%    1.34s
        20000 requests in 24.00s, 3.03MB read
        Requests/sec:    833.33
        Transfer/sec:    129.39KB
        ------------------------------
        stop time: 13.708609
        stop time: 13.583456
        stop time: 13.578475
        stop time: 13.590590
        stop time: 13.716699
        stop time: 13.575985
        stop time: 13.703576
        stop time: 13.674336
        [run.sh] Checking the resource usage
        [run.sh] Test finished with status 0
        > STDERR
        > No resources found in default namespace.
        > error: metrics not available yet
    [exp] Times: [13.708609, 13.583456, 13.578475, 13.59059, 13.716699, 13.575985, 13.703576, 13.674336]
    [exp] Throughput: 1466.118111244754
[test.py] Running 3th slowdown exp
    [exp] Running (pre_run: False) workload synthetic/fanout-w3-grpc-async request with the following configuration: {'CLIENT_CPU_QUOTA': '2', 'SLOWPOKE_POKER_BATCH_THRESHOLD': '20000000', 'PROCESSING_TIME_SERVICE0': '0.00091802', 'PROCESSING_TIME_SERVICE1': '0.00084359', 'PROCESSING_TIME_SERVICE2': '0.00083384', 'PROCESSING_TIME_SERVICE3': '0.00027464', 'SLOWPOKE_DELAY_MICROS_SERVICE0': '292.0', 'SLOWPOKE_POKER_BATCH_THRESHOLD_SERVICE0': '100', 'SLOWPOKE_IS_TARGET_SERVICE_SERVICE0': 'false', 'SLOWPOKE_DELAY_MICROS_SERVICE1': '292.0', 'SLOWPOKE_POKER_BATCH_THRESHOLD_SERVICE1': '100', 'SLOWPOKE_IS_TARGET_SERVICE_SERVICE1': 'false', 'SLOWPOKE_DELAY_MICROS_SERVICE2': '0.0', 'SLOWPOKE_POKER_BATCH_THRESHOLD_SERVICE2': '100', 'SLOWPOKE_IS_TARGET_SERVICE_SERVICE2': 'true', 'SLOWPOKE_DELAY_MICROS_SERVICE3': '292.0', 'SLOWPOKE_POKER_BATCH_THRESHOLD_SERVICE3': '100', 'SLOWPOKE_IS_TARGET_SERVICE_SERVICE3': 'false'}
    [exp] Executing cmd `bash run.sh synthetic fanout-w3-grpc-async 8 800 20000`:
        [run.sh] Running benchmark synthetic with request fanout-w3-grpc-async, thread 8, conn 800, duration 60
        [run.sh] Deleting all services
        configmap "config-service0" deleted
        deployment.apps "service0" deleted
        service "service0" deleted
        configmap "config-service1" deleted
        deployment.apps "service1" deleted
        service "service1" deleted
        configmap "config-service2" deleted
        deployment.apps "service2" deleted
        service "service2" deleted
        configmap "config-service3" deleted
        deployment.apps "service3" deleted
        service "service3" deleted
        deployment.apps "ubuntu-client" deleted
        [run.sh] Waiting for all pods to be deleted
        [run.sh] Deploying all services
        configmap/config-service0 created
        deployment.apps/service0 created
        service/service0 created
        configmap/config-service1 created
        deployment.apps/service1 created
        service/service1 created
        configmap/config-service2 created
        deployment.apps/service2 created
        service/service2 created
        configmap/config-service3 created
        deployment.apps/service3 created
        service/service3 created
        [run.sh] Client pod not found, deploying client
        deployment.apps/ubuntu-client created
        [run.sh] Waiting for all pods to be running
        [run.sh] All pods are running
        [run.sh] Checking heartbeat for all services
        [run.sh] Running warmup test
        [run.sh] /wrk/wrk -t8 -c800 --timeout 3s -d3s -L http://service0:80/endpoint1
        Running 3s test @ http://service0:80/endpoint1
        8 threads and 800 connections
        Thread Stats   Avg      Stdev     Max   +/- Stdev
        Latency   772.23ms  400.13ms   2.42s    71.70%
        Req/Sec   121.55    102.12   460.00     80.31%
        Latency Distribution
        50%  686.91ms
        75%    1.04s
        90%    1.31s
        99%    2.07s
        2468 requests in 3.03s, 383.21KB read
        Requests/sec:    814.15
        Transfer/sec:    126.42KB
        [run.sh] Speed is 814.15, duration is 36
        [run.sh] Fix the request number.
        [run.sh] Running the actual test
        [run.sh] /wrk/wrk --timeout 20s -t8 -c800 -d36s -L -s /wrk/fix_req_n.lua http://service0:80/endpoint1
        [run.sh] Checking the resource usage
        NAME                             CPU(cores)   MEMORY(bytes)
        service0-5c789958cd-fcdg2        513m         82Mi
        service1-57b875f968-tgx8s        300m         14Mi
        service2-7bdbb95446-568gf        239m         14Mi
        service3-6f5d57dbbd-mbnc2        52m          12Mi
        ubuntu-client-76886f6bbd-j85j8   18m          21Mi
        Running 36s test @ http://service0:80/endpoint1
        8 threads and 800 connections
        Thread Stats   Avg      Stdev     Max   +/- Stdev
        Latency   757.72ms  399.00ms   2.86s    77.43%
        Req/Sec   140.04    107.91   580.00     67.28%
        Latency Distribution
        50%  691.25ms
        75%  935.24ms
        90%    1.20s
        99%    2.23s
        20000 requests in 36.00s, 3.03MB read
        Requests/sec:    555.55
        Transfer/sec:     86.26KB
        ------------------------------
        stop time: 19.424612
        stop time: 18.909931
        stop time: 18.912789
        stop time: 18.850641
        stop time: 19.403401
        stop time: 19.675426
        stop time: 19.395716
        stop time: 19.419740
        [run.sh] Test finished with status 0
        > STDERR
        > No resources found in default namespace.
    [exp] Times: [19.424612, 18.909931, 18.912789, 18.850641, 19.403401, 19.675426, 19.395716, 19.41974]
    [exp] Throughput: 1039.0132864863024
[test.py] Finished running 3th optmization experiment: groundtruth->1466.118111244754, slowdown->1039.0132864863024, predicted->1492.466922455598, err->1.7971820284297313
[test.py] Running 4th optmization experiment
[test.py] Running 4th groundtruth exp
    [exp] Running (pre_run: False) workload synthetic/fanout-w3-grpc-async request with the following configuration: {'CLIENT_CPU_QUOTA': '2', 'SLOWPOKE_POKER_BATCH_THRESHOLD': '20000000', 'PROCESSING_TIME_SERVICE0': '0.00091802', 'PROCESSING_TIME_SERVICE1': '0.00084359', 'PROCESSING_TIME_SERVICE2': '0.000332', 'PROCESSING_TIME_SERVICE3': '0.00027464', 'SLOWPOKE_DELAY_MICROS_SERVICE0': '0.0', 'SLOWPOKE_POKER_BATCH_THRESHOLD_SERVICE0': '100', 'SLOWPOKE_IS_TARGET_SERVICE_SERVICE0': 'false', 'SLOWPOKE_DELAY_MICROS_SERVICE1': '0.0', 'SLOWPOKE_POKER_BATCH_THRESHOLD_SERVICE1': '100', 'SLOWPOKE_IS_TARGET_SERVICE_SERVICE1': 'false', 'SLOWPOKE_DELAY_MICROS_SERVICE2': '0.0', 'SLOWPOKE_POKER_BATCH_THRESHOLD_SERVICE2': '100', 'SLOWPOKE_IS_TARGET_SERVICE_SERVICE2': 'true', 'SLOWPOKE_DELAY_MICROS_SERVICE3': '0.0', 'SLOWPOKE_POKER_BATCH_THRESHOLD_SERVICE3': '100', 'SLOWPOKE_IS_TARGET_SERVICE_SERVICE3': 'false'}
    [exp] Executing cmd `bash run.sh synthetic fanout-w3-grpc-async 8 800 20000`:
        [run.sh] Running benchmark synthetic with request fanout-w3-grpc-async, thread 8, conn 800, duration 60
        [run.sh] Deleting all services
        configmap "config-service0" deleted
        deployment.apps "service0" deleted
        service "service0" deleted
        configmap "config-service1" deleted
        deployment.apps "service1" deleted
        service "service1" deleted
        configmap "config-service2" deleted
        deployment.apps "service2" deleted
        service "service2" deleted
        configmap "config-service3" deleted
        deployment.apps "service3" deleted
        service "service3" deleted
        deployment.apps "ubuntu-client" deleted
        [run.sh] Waiting for all pods to be deleted
        [run.sh] Deploying all services
        configmap/config-service0 created
        deployment.apps/service0 created
        service/service0 created
        configmap/config-service1 created
        deployment.apps/service1 created
        service/service1 created
        configmap/config-service2 created
        deployment.apps/service2 created
        service/service2 created
        configmap/config-service3 created
        deployment.apps/service3 created
        service/service3 created
        [run.sh] Client pod not found, deploying client
        deployment.apps/ubuntu-client created
        [run.sh] Waiting for all pods to be running
        [run.sh] All pods are running
        [run.sh] Checking heartbeat for all services
        [run.sh] Running warmup test
        [run.sh] /wrk/wrk -t8 -c800 --timeout 3s -d3s -L http://service0:80/endpoint1
        Running 3s test @ http://service0:80/endpoint1
        8 threads and 800 connections
        Thread Stats   Avg      Stdev     Max   +/- Stdev
        Latency   547.45ms  264.28ms   1.39s    60.99%
        Req/Sec   193.82    113.63   490.00     60.50%
        Latency Distribution
        50%  517.29ms
        75%  742.06ms
        90%  889.87ms
        99%    1.22s
        3917 requests in 3.02s, 608.21KB read
        Requests/sec:   1295.50
        Transfer/sec:    201.16KB
        [run.sh] Speed is 1295.50, duration is 23
        [run.sh] Fix the request number.
        [run.sh] Running the actual test
        [run.sh] /wrk/wrk --timeout 20s -t8 -c800 -d23s -L -s /wrk/fix_req_n.lua http://service0:80/endpoint1
        Running 23s test @ http://service0:80/endpoint1
        8 threads and 800 connections
        Thread Stats   Avg      Stdev     Max   +/- Stdev
        Latency   534.12ms  245.25ms   1.70s    70.89%
        Req/Sec   197.30    143.98   670.00     68.21%
        Latency Distribution
        50%  493.67ms
        75%  677.40ms
        90%  870.39ms
        99%    1.24s
        20000 requests in 23.00s, 3.03MB read
        Requests/sec:    869.56
        Transfer/sec:    135.02KB
        ------------------------------
        stop time: 13.708861
        stop time: 13.710258
        stop time: 13.768477
        stop time: 13.501739
        stop time: 13.778125
        stop time: 13.768661
        stop time: 13.691637
        stop time: 13.678948
        [run.sh] Checking the resource usage
        NAME                             CPU(cores)   MEMORY(bytes)
        service0-6fb7cc7c7f-n68zc        3m           76Mi
        service1-76b89695f7-dfssn        0m           18Mi
        service2-7bdbb95446-zdb8g        0m           11Mi
        service3-766854894f-stdks        0m           12Mi
        ubuntu-client-76886f6bbd-wtmj9   7m           0Mi
        [run.sh] Test finished with status 0
        > STDERR
        > No resources found in default namespace.
    [exp] Times: [13.708861, 13.710258, 13.768477, 13.501739, 13.778125, 13.768661, 13.691637, 13.678948]
    [exp] Throughput: 1459.7646972439807
[test.py] Running 4th slowdown exp
    [exp] Running (pre_run: False) workload synthetic/fanout-w3-grpc-async request with the following configuration: {'CLIENT_CPU_QUOTA': '2', 'SLOWPOKE_POKER_BATCH_THRESHOLD': '20000000', 'PROCESSING_TIME_SERVICE0': '0.00091802', 'PROCESSING_TIME_SERVICE1': '0.00084359', 'PROCESSING_TIME_SERVICE2': '0.00083384', 'PROCESSING_TIME_SERVICE3': '0.00027464', 'SLOWPOKE_DELAY_MICROS_SERVICE0': '250.5', 'SLOWPOKE_POKER_BATCH_THRESHOLD_SERVICE0': '100', 'SLOWPOKE_IS_TARGET_SERVICE_SERVICE0': 'false', 'SLOWPOKE_DELAY_MICROS_SERVICE1': '250.5', 'SLOWPOKE_POKER_BATCH_THRESHOLD_SERVICE1': '100', 'SLOWPOKE_IS_TARGET_SERVICE_SERVICE1': 'false', 'SLOWPOKE_DELAY_MICROS_SERVICE2': '0.0', 'SLOWPOKE_POKER_BATCH_THRESHOLD_SERVICE2': '100', 'SLOWPOKE_IS_TARGET_SERVICE_SERVICE2': 'true', 'SLOWPOKE_DELAY_MICROS_SERVICE3': '250.5', 'SLOWPOKE_POKER_BATCH_THRESHOLD_SERVICE3': '100', 'SLOWPOKE_IS_TARGET_SERVICE_SERVICE3': 'false'}
    [exp] Executing cmd `bash run.sh synthetic fanout-w3-grpc-async 8 800 20000`:
        [run.sh] Running benchmark synthetic with request fanout-w3-grpc-async, thread 8, conn 800, duration 60
        [run.sh] Deleting all services
        configmap "config-service0" deleted
        deployment.apps "service0" deleted
        service "service0" deleted
        configmap "config-service1" deleted
        deployment.apps "service1" deleted
        service "service1" deleted
        configmap "config-service2" deleted
        deployment.apps "service2" deleted
        service "service2" deleted
        configmap "config-service3" deleted
        deployment.apps "service3" deleted
        service "service3" deleted
        deployment.apps "ubuntu-client" deleted
        [run.sh] Waiting for all pods to be deleted
        [run.sh] Deploying all services
        configmap/config-service0 created
        deployment.apps/service0 created
        service/service0 created
        configmap/config-service1 created
        deployment.apps/service1 created
        service/service1 created
        configmap/config-service2 created
        deployment.apps/service2 created
        service/service2 created
        configmap/config-service3 created
        deployment.apps/service3 created
        service/service3 created
        [run.sh] Client pod not found, deploying client
        deployment.apps/ubuntu-client created
        [run.sh] Waiting for all pods to be running
        [run.sh] All pods are running
        [run.sh] Checking heartbeat for all services
        [run.sh] Running warmup test
        [run.sh] /wrk/wrk -t8 -c800 --timeout 3s -d3s -L http://service0:80/endpoint1
        Running 3s test @ http://service0:80/endpoint1
        8 threads and 800 connections
        Thread Stats   Avg      Stdev     Max   +/- Stdev
        Latency   741.10ms  345.12ms   1.69s    67.43%
        Req/Sec   162.49    124.50   515.00     62.86%
        Latency Distribution
        50%  683.00ms
        75%  953.76ms
        90%    1.28s
        99%    1.57s
        2938 requests in 3.03s, 456.19KB read
        Requests/sec:    968.63
        Transfer/sec:    150.40KB
        [run.sh] Speed is 968.63, duration is 30
        [run.sh] Fix the request number.
        [run.sh] Running the actual test
        [run.sh] /wrk/wrk --timeout 20s -t8 -c800 -d30s -L -s /wrk/fix_req_n.lua http://service0:80/endpoint1
        Running 30s test @ http://service0:80/endpoint1
        8 threads and 800 connections
        Thread Stats   Avg      Stdev     Max   +/- Stdev
        Latency   725.69ms  360.27ms   2.57s    71.76%
        Req/Sec   142.27    109.19   646.00     68.09%
        Latency Distribution
        50%  655.87ms
        75%  909.37ms
        90%    1.22s
        99%    1.82s
        20000 requests in 30.00s, 3.03MB read
        Requests/sec:    666.66
        Transfer/sec:    103.52KB
        ------------------------------
        stop time: 18.142234
        stop time: 18.273749
        stop time: 18.377923
        stop time: 18.752029
        stop time: 18.753647
        stop time: 18.361384
        stop time: 18.804690
        stop time: 18.832340
        [run.sh] Checking the resource usage
        NAME                             CPU(cores)   MEMORY(bytes)
        service0-5bb5f67c99-kr7mr        406m         55Mi
        service1-677745bffc-mb5fs        363m         13Mi
        service2-7bdbb95446-h9qn6        365m         13Mi
        service3-74465689b5-ddgbz        148m         14Mi
        ubuntu-client-76886f6bbd-2pfpc   13m          0Mi
        [run.sh] Test finished with status 0
        > STDERR
        > No resources found in default namespace.
    [exp] Times: [18.142234, 18.273749, 18.377923, 18.752029, 18.753647, 18.361384, 18.80469, 18.83234]
    [exp] Throughput: 1078.908712967369
[test.py] Finished running 4th optmization experiment: groundtruth->1459.7646972439807, slowdown->1078.908712967369, predicted->1479.4158334257663, err->1.3461851912768397
[test.py] Running 5th optmization experiment
[test.py] Running 5th groundtruth exp
    [exp] Running (pre_run: False) workload synthetic/fanout-w3-grpc-async request with the following configuration: {'CLIENT_CPU_QUOTA': '2', 'SLOWPOKE_POKER_BATCH_THRESHOLD': '20000000', 'PROCESSING_TIME_SERVICE0': '0.00091802', 'PROCESSING_TIME_SERVICE1': '0.00084359', 'PROCESSING_TIME_SERVICE2': '0.000415', 'PROCESSING_TIME_SERVICE3': '0.00027464', 'SLOWPOKE_DELAY_MICROS_SERVICE0': '0.0', 'SLOWPOKE_POKER_BATCH_THRESHOLD_SERVICE0': '100', 'SLOWPOKE_IS_TARGET_SERVICE_SERVICE0': 'false', 'SLOWPOKE_DELAY_MICROS_SERVICE1': '0.0', 'SLOWPOKE_POKER_BATCH_THRESHOLD_SERVICE1': '100', 'SLOWPOKE_IS_TARGET_SERVICE_SERVICE1': 'false', 'SLOWPOKE_DELAY_MICROS_SERVICE2': '0.0', 'SLOWPOKE_POKER_BATCH_THRESHOLD_SERVICE2': '100', 'SLOWPOKE_IS_TARGET_SERVICE_SERVICE2': 'true', 'SLOWPOKE_DELAY_MICROS_SERVICE3': '0.0', 'SLOWPOKE_POKER_BATCH_THRESHOLD_SERVICE3': '100', 'SLOWPOKE_IS_TARGET_SERVICE_SERVICE3': 'false'}
    [exp] Executing cmd `bash run.sh synthetic fanout-w3-grpc-async 8 800 20000`:
        [run.sh] Running benchmark synthetic with request fanout-w3-grpc-async, thread 8, conn 800, duration 60
        [run.sh] Deleting all services
        configmap "config-service0" deleted
        deployment.apps "service0" deleted
        service "service0" deleted
        configmap "config-service1" deleted
        deployment.apps "service1" deleted
        service "service1" deleted
        configmap "config-service2" deleted
        deployment.apps "service2" deleted
        service "service2" deleted
        configmap "config-service3" deleted
        deployment.apps "service3" deleted
        service "service3" deleted
        deployment.apps "ubuntu-client" deleted
        [run.sh] Waiting for all pods to be deleted
        [run.sh] Deploying all services
        configmap/config-service0 created
        deployment.apps/service0 created
        service/service0 created
        configmap/config-service1 created
        deployment.apps/service1 created
        service/service1 created
        configmap/config-service2 created
        deployment.apps/service2 created
        service/service2 created
        configmap/config-service3 created
        deployment.apps/service3 created
        service/service3 created
        [run.sh] Client pod not found, deploying client
        deployment.apps/ubuntu-client created
        [run.sh] Waiting for all pods to be running
        [run.sh] All pods are running
        [run.sh] Checking heartbeat for all services
        [run.sh] Running warmup test
        [run.sh] /wrk/wrk -t8 -c800 --timeout 3s -d3s -L http://service0:80/endpoint1
        Running 3s test @ http://service0:80/endpoint1
        8 threads and 800 connections
        Thread Stats   Avg      Stdev     Max   +/- Stdev
        Latency   530.62ms  206.14ms   1.44s    70.34%
        Req/Sec   204.08    121.01   550.00     65.48%
        Latency Distribution
        50%  511.39ms
        75%  641.98ms
        90%  795.94ms
        99%    1.14s
        4108 requests in 3.03s, 637.86KB read
        Requests/sec:   1357.54
        Transfer/sec:    210.79KB
        [run.sh] Speed is 1357.54, duration is 22
        [run.sh] Fix the request number.
        [run.sh] Running the actual test
        [run.sh] /wrk/wrk --timeout 20s -t8 -c800 -d22s -L -s /wrk/fix_req_n.lua http://service0:80/endpoint1
        Running 22s test @ http://service0:80/endpoint1
        8 threads and 800 connections
        Thread Stats   Avg      Stdev     Max   +/- Stdev
        Latency   526.70ms  298.03ms   2.08s    74.25%
        Req/Sec   194.06    136.01   797.00     72.37%
        Latency Distribution
        50%  454.70ms
        75%  666.08ms
        90%  949.21ms
        99%    1.52s
        20000 requests in 22.00s, 3.03MB read
        Requests/sec:    909.09
        Transfer/sec:    141.16KB
        ------------------------------
        stop time: 13.121575
        stop time: 13.246703
        stop time: 13.375245
        stop time: 13.685790
        stop time: 13.366764
        stop time: 13.628129
        stop time: 13.610651
        stop time: 13.688158
        [run.sh] Checking the resource usage
        NAME                             CPU(cores)   MEMORY(bytes)
        service0-6fb7cc7c7f-nplgw        3m           80Mi
        service1-76b89695f7-5rdll        71m          22Mi
        service2-7bdbb95446-zsnqd        90m          16Mi
        service3-766854894f-pndr9        137m         10Mi
        ubuntu-client-76886f6bbd-6p76s   39m          0Mi
        [run.sh] Test finished with status 0
        > STDERR
        > No resources found in default namespace.
    [exp] Times: [13.121575, 13.246703, 13.375245, 13.68579, 13.366764, 13.628129, 13.610651, 13.688158]
    [exp] Throughput: 1485.2907709647748
[test.py] Running 5th slowdown exp
    [exp] Running (pre_run: False) workload synthetic/fanout-w3-grpc-async request with the following configuration: {'CLIENT_CPU_QUOTA': '2', 'SLOWPOKE_POKER_BATCH_THRESHOLD': '20000000', 'PROCESSING_TIME_SERVICE0': '0.00091802', 'PROCESSING_TIME_SERVICE1': '0.00084359', 'PROCESSING_TIME_SERVICE2': '0.00083384', 'PROCESSING_TIME_SERVICE3': '0.00027464', 'SLOWPOKE_DELAY_MICROS_SERVICE0': '209.0', 'SLOWPOKE_POKER_BATCH_THRESHOLD_SERVICE0': '100', 'SLOWPOKE_IS_TARGET_SERVICE_SERVICE0': 'false', 'SLOWPOKE_DELAY_MICROS_SERVICE1': '209.0', 'SLOWPOKE_POKER_BATCH_THRESHOLD_SERVICE1': '100', 'SLOWPOKE_IS_TARGET_SERVICE_SERVICE1': 'false', 'SLOWPOKE_DELAY_MICROS_SERVICE2': '0.0', 'SLOWPOKE_POKER_BATCH_THRESHOLD_SERVICE2': '100', 'SLOWPOKE_IS_TARGET_SERVICE_SERVICE2': 'true', 'SLOWPOKE_DELAY_MICROS_SERVICE3': '209.0', 'SLOWPOKE_POKER_BATCH_THRESHOLD_SERVICE3': '100', 'SLOWPOKE_IS_TARGET_SERVICE_SERVICE3': 'false'}
    [exp] Executing cmd `bash run.sh synthetic fanout-w3-grpc-async 8 800 20000`:
        [run.sh] Running benchmark synthetic with request fanout-w3-grpc-async, thread 8, conn 800, duration 60
        [run.sh] Deleting all services
        configmap "config-service0" deleted
        deployment.apps "service0" deleted
        service "service0" deleted
        configmap "config-service1" deleted
        deployment.apps "service1" deleted
        service "service1" deleted
        configmap "config-service2" deleted
        deployment.apps "service2" deleted
        service "service2" deleted
        configmap "config-service3" deleted
        deployment.apps "service3" deleted
        service "service3" deleted
        deployment.apps "ubuntu-client" deleted
        [run.sh] Waiting for all pods to be deleted
        [run.sh] Deploying all services
        configmap/config-service0 created
        deployment.apps/service0 created
        service/service0 created
        configmap/config-service1 created
        deployment.apps/service1 created
        service/service1 created
        configmap/config-service2 created
        deployment.apps/service2 created
        service/service2 created
        configmap/config-service3 created
        deployment.apps/service3 created
        service/service3 created
        [run.sh] Client pod not found, deploying client
        deployment.apps/ubuntu-client created
        [run.sh] Waiting for all pods to be running
        [run.sh] All pods are running
        [run.sh] Checking heartbeat for all services
        [run.sh] Running warmup test
        [run.sh] /wrk/wrk -t8 -c800 --timeout 3s -d3s -L http://service0:80/endpoint1
        Running 3s test @ http://service0:80/endpoint1
        8 threads and 800 connections
        Thread Stats   Avg      Stdev     Max   +/- Stdev
        Latency   786.87ms  348.94ms   2.17s    63.48%
        Req/Sec   139.32    129.06   560.00     77.78%
        Latency Distribution
        50%  750.80ms
        75%  984.62ms
        90%    1.23s
        99%    1.86s
        2665 requests in 3.04s, 413.80KB read
        Requests/sec:    877.44
        Transfer/sec:    136.24KB
        [run.sh] Speed is 877.44, duration is 34
        [run.sh] Fix the request number.
        [run.sh] Running the actual test
        [run.sh] /wrk/wrk --timeout 20s -t8 -c800 -d34s -L -s /wrk/fix_req_n.lua http://service0:80/endpoint1
        Running 34s test @ http://service0:80/endpoint1
        8 threads and 800 connections
        Thread Stats   Avg      Stdev     Max   +/- Stdev
        Latency   679.63ms  286.34ms   2.13s    69.49%
        Req/Sec   159.32    133.33   787.00     74.37%
        Latency Distribution
        50%  651.49ms
        75%  852.43ms
        90%    1.06s
        99%    1.46s
        20000 requests in 34.00s, 3.03MB read
        Requests/sec:    588.23
        Transfer/sec:     91.34KB
        ------------------------------
        stop time: 17.496233
        stop time: 17.098783
        stop time: 17.167864
        stop time: 17.165344
        stop time: 17.571167
        stop time: 17.181899
        stop time: 17.581437
        stop time: 17.472973
        [run.sh] Checking the resource usage
        NAME                        CPU(cores)   MEMORY(bytes)
        service0-6dc7846dd6-zfrt7   460m         72Mi
        service1-7d5c9ccd88-tdsms   329m         19Mi
        service2-7bdbb95446-hkls2   274m         19Mi
        service3-54b76c4d8-qgfvm    69m          13Mi
        [run.sh] Test finished with status 0
        > STDERR
        > No resources found in default namespace.
    [exp] Times: [17.496233, 17.098783, 17.167864, 17.165344, 17.571167, 17.181899, 17.581437, 17.472973]
    [exp] Throughput: 1153.2720128993474
[test.py] Finished running 5th optmization experiment: groundtruth->1485.2907709647748, slowdown->1153.2720128993474, predicted->1520.5006248307252, err->2.370569760093492
[test.py] Running 6th optmization experiment
[test.py] Running 6th groundtruth exp
    [exp] Running (pre_run: False) workload synthetic/fanout-w3-grpc-async request with the following configuration: {'CLIENT_CPU_QUOTA': '2', 'SLOWPOKE_POKER_BATCH_THRESHOLD': '20000000', 'PROCESSING_TIME_SERVICE0': '0.00091802', 'PROCESSING_TIME_SERVICE1': '0.00084359', 'PROCESSING_TIME_SERVICE2': '0.000498', 'PROCESSING_TIME_SERVICE3': '0.00027464', 'SLOWPOKE_DELAY_MICROS_SERVICE0': '0.0', 'SLOWPOKE_POKER_BATCH_THRESHOLD_SERVICE0': '100', 'SLOWPOKE_IS_TARGET_SERVICE_SERVICE0': 'false', 'SLOWPOKE_DELAY_MICROS_SERVICE1': '0.0', 'SLOWPOKE_POKER_BATCH_THRESHOLD_SERVICE1': '100', 'SLOWPOKE_IS_TARGET_SERVICE_SERVICE1': 'false', 'SLOWPOKE_DELAY_MICROS_SERVICE2': '0.0', 'SLOWPOKE_POKER_BATCH_THRESHOLD_SERVICE2': '100', 'SLOWPOKE_IS_TARGET_SERVICE_SERVICE2': 'true', 'SLOWPOKE_DELAY_MICROS_SERVICE3': '0.0', 'SLOWPOKE_POKER_BATCH_THRESHOLD_SERVICE3': '100', 'SLOWPOKE_IS_TARGET_SERVICE_SERVICE3': 'false'}
    [exp] Executing cmd `bash run.sh synthetic fanout-w3-grpc-async 8 800 20000`:
        [run.sh] Running benchmark synthetic with request fanout-w3-grpc-async, thread 8, conn 800, duration 60
        [run.sh] Deleting all services
        configmap "config-service0" deleted
        deployment.apps "service0" deleted
        service "service0" deleted
        configmap "config-service1" deleted
        deployment.apps "service1" deleted
        service "service1" deleted
        configmap "config-service2" deleted
        deployment.apps "service2" deleted
        service "service2" deleted
        configmap "config-service3" deleted
        deployment.apps "service3" deleted
        service "service3" deleted
        deployment.apps "ubuntu-client" deleted
        [run.sh] Waiting for all pods to be deleted
        [run.sh] Deploying all services
        configmap/config-service0 created
        deployment.apps/service0 created
        service/service0 created
        configmap/config-service1 created
        deployment.apps/service1 created
        service/service1 created
        configmap/config-service2 created
        deployment.apps/service2 created
        service/service2 created
        configmap/config-service3 created
        deployment.apps/service3 created
        service/service3 created
        [run.sh] Client pod not found, deploying client
        deployment.apps/ubuntu-client created
        [run.sh] Waiting for all pods to be running
        [run.sh] All pods are running
        [run.sh] Checking heartbeat for all services
        [run.sh] Running warmup test
        [run.sh] /wrk/wrk -t8 -c800 --timeout 3s -d3s -L http://service0:80/endpoint1
        Running 3s test @ http://service0:80/endpoint1
        8 threads and 800 connections
        Thread Stats   Avg      Stdev     Max   +/- Stdev
        Latency   561.93ms  272.16ms   1.42s    64.22%
        Req/Sec   196.89    186.81     0.86k    79.78%
        Latency Distribution
        50%  551.53ms
        75%  738.96ms
        90%  975.84ms
        99%    1.18s
        3737 requests in 3.03s, 580.26KB read
        Requests/sec:   1233.11
        Transfer/sec:    191.47KB
        [run.sh] Speed is 1233.11, duration is 24
        [run.sh] Fix the request number.
        [run.sh] Running the actual test
        [run.sh] /wrk/wrk --timeout 20s -t8 -c800 -d24s -L -s /wrk/fix_req_n.lua http://service0:80/endpoint1
        Running 24s test @ http://service0:80/endpoint1
        8 threads and 800 connections
        Thread Stats   Avg      Stdev     Max   +/- Stdev
        Latency   536.55ms  257.94ms   1.60s    67.61%
        Req/Sec   193.84    150.47   790.00     66.07%
        Latency Distribution
        50%  495.76ms
        75%  696.78ms
        90%  905.38ms
        99%    1.24s
        20000 requests in 24.00s, 3.03MB read
        Requests/sec:    833.33
        Transfer/sec:    129.39KB
        ------------------------------
        stop time: 13.405294
        stop time: 13.549046
        stop time: 13.963249
        stop time: 13.567606
        stop time: 13.926868
        stop time: 13.946858
        stop time: 14.063422
        stop time: 13.549664
        [run.sh] Checking the resource usage
        NAME                             CPU(cores)   MEMORY(bytes)
        service0-6fb7cc7c7f-ppn6f        1671m        85Mi
        service1-76b89695f7-zhlhs        857m         23Mi
        service2-7bdbb95446-h5lk9        586m         15Mi
        service3-766854894f-cjkwf        459m         11Mi
        ubuntu-client-76886f6bbd-jq8lz   53m          20Mi
        [run.sh] Test finished with status 0
        > STDERR
        > No resources found in default namespace.
    [exp] Times: [13.405294, 13.549046, 13.963249, 13.567606, 13.926868, 13.946858, 14.063422, 13.549664]
    [exp] Throughput: 1454.915704139145
[test.py] Running 6th slowdown exp
    [exp] Running (pre_run: False) workload synthetic/fanout-w3-grpc-async request with the following configuration: {'CLIENT_CPU_QUOTA': '2', 'SLOWPOKE_POKER_BATCH_THRESHOLD': '20000000', 'PROCESSING_TIME_SERVICE0': '0.00091802', 'PROCESSING_TIME_SERVICE1': '0.00084359', 'PROCESSING_TIME_SERVICE2': '0.00083384', 'PROCESSING_TIME_SERVICE3': '0.00027464', 'SLOWPOKE_DELAY_MICROS_SERVICE0': '167.5', 'SLOWPOKE_POKER_BATCH_THRESHOLD_SERVICE0': '100', 'SLOWPOKE_IS_TARGET_SERVICE_SERVICE0': 'false', 'SLOWPOKE_DELAY_MICROS_SERVICE1': '167.5', 'SLOWPOKE_POKER_BATCH_THRESHOLD_SERVICE1': '100', 'SLOWPOKE_IS_TARGET_SERVICE_SERVICE1': 'false', 'SLOWPOKE_DELAY_MICROS_SERVICE2': '0.0', 'SLOWPOKE_POKER_BATCH_THRESHOLD_SERVICE2': '100', 'SLOWPOKE_IS_TARGET_SERVICE_SERVICE2': 'true', 'SLOWPOKE_DELAY_MICROS_SERVICE3': '167.5', 'SLOWPOKE_POKER_BATCH_THRESHOLD_SERVICE3': '100', 'SLOWPOKE_IS_TARGET_SERVICE_SERVICE3': 'false'}
    [exp] Executing cmd `bash run.sh synthetic fanout-w3-grpc-async 8 800 20000`:
        [run.sh] Running benchmark synthetic with request fanout-w3-grpc-async, thread 8, conn 800, duration 60
        [run.sh] Deleting all services
        configmap "config-service0" deleted
        deployment.apps "service0" deleted
        service "service0" deleted
        configmap "config-service1" deleted
        deployment.apps "service1" deleted
        service "service1" deleted
        configmap "config-service2" deleted
        deployment.apps "service2" deleted
        service "service2" deleted
        configmap "config-service3" deleted
        deployment.apps "service3" deleted
        service "service3" deleted
        deployment.apps "ubuntu-client" deleted
        [run.sh] Waiting for all pods to be deleted
        [run.sh] Deploying all services
        configmap/config-service0 created
        deployment.apps/service0 created
        service/service0 created
        configmap/config-service1 created
        deployment.apps/service1 created
        service/service1 created
        configmap/config-service2 created
        deployment.apps/service2 created
        service/service2 created
        configmap/config-service3 created
        deployment.apps/service3 created
        service/service3 created
        [run.sh] Client pod not found, deploying client
        deployment.apps/ubuntu-client created
        [run.sh] Waiting for all pods to be running
        [run.sh] All pods are running
        [run.sh] Checking heartbeat for all services
        [run.sh] Running warmup test
        [run.sh] /wrk/wrk -t8 -c800 --timeout 3s -d3s -L http://service0:80/endpoint1
        Running 3s test @ http://service0:80/endpoint1
        8 threads and 800 connections
        Thread Stats   Avg      Stdev     Max   +/- Stdev
        Latency   751.08ms  484.61ms   2.55s    80.12%
        Req/Sec   135.18     96.36   464.00     65.79%
        Latency Distribution
        50%  612.28ms
        75%  888.73ms
        90%    1.39s
        99%    2.38s
        2953 requests in 3.03s, 458.52KB read
        Requests/sec:    974.22
        Transfer/sec:    151.27KB
        [run.sh] Speed is 974.22, duration is 30
        [run.sh] Fix the request number.
        [run.sh] Running the actual test
        [run.sh] /wrk/wrk --timeout 20s -t8 -c800 -d30s -L -s /wrk/fix_req_n.lua http://service0:80/endpoint1
        Running 30s test @ http://service0:80/endpoint1
        8 threads and 800 connections
        Thread Stats   Avg      Stdev     Max   +/- Stdev
        Latency   654.25ms  334.99ms   2.88s    75.19%
        Req/Sec   156.42    122.80   646.00     69.83%
        Latency Distribution
        50%  583.47ms
        75%  825.49ms
        90%    1.07s
        99%    1.67s
        20000 requests in 30.00s, 3.03MB read
        Requests/sec:    666.66
        Transfer/sec:    103.52KB
        ------------------------------
        stop time: 16.672797
        stop time: 16.871348
        stop time: 16.716643
        stop time: 16.880661
        stop time: 17.025953
        stop time: 17.015578
        stop time: 17.011185
        stop time: 17.014935
        [run.sh] Checking the resource usage
        [run.sh] Test finished with status 0
        > STDERR
        > No resources found in default namespace.
        > error: metrics not available yet
    [exp] Times: [16.672797, 16.871348, 16.716643, 16.880661, 17.025953, 17.015578, 17.011185, 17.014935]
    [exp] Throughput: 1183.352303949956
[test.py] Finished running 6th optmization experiment: groundtruth->1454.915704139145, slowdown->1183.352303949956, predicted->1476.8062956252384, err->1.5045951750892526
[test.py] Running 7th optmization experiment
[test.py] Running 7th groundtruth exp
    [exp] Running (pre_run: False) workload synthetic/fanout-w3-grpc-async request with the following configuration: {'CLIENT_CPU_QUOTA': '2', 'SLOWPOKE_POKER_BATCH_THRESHOLD': '20000000', 'PROCESSING_TIME_SERVICE0': '0.00091802', 'PROCESSING_TIME_SERVICE1': '0.00084359', 'PROCESSING_TIME_SERVICE2': '0.000581', 'PROCESSING_TIME_SERVICE3': '0.00027464', 'SLOWPOKE_DELAY_MICROS_SERVICE0': '0.0', 'SLOWPOKE_POKER_BATCH_THRESHOLD_SERVICE0': '100', 'SLOWPOKE_IS_TARGET_SERVICE_SERVICE0': 'false', 'SLOWPOKE_DELAY_MICROS_SERVICE1': '0.0', 'SLOWPOKE_POKER_BATCH_THRESHOLD_SERVICE1': '100', 'SLOWPOKE_IS_TARGET_SERVICE_SERVICE1': 'false', 'SLOWPOKE_DELAY_MICROS_SERVICE2': '0.0', 'SLOWPOKE_POKER_BATCH_THRESHOLD_SERVICE2': '100', 'SLOWPOKE_IS_TARGET_SERVICE_SERVICE2': 'true', 'SLOWPOKE_DELAY_MICROS_SERVICE3': '0.0', 'SLOWPOKE_POKER_BATCH_THRESHOLD_SERVICE3': '100', 'SLOWPOKE_IS_TARGET_SERVICE_SERVICE3': 'false'}
    [exp] Executing cmd `bash run.sh synthetic fanout-w3-grpc-async 8 800 20000`:
        [run.sh] Running benchmark synthetic with request fanout-w3-grpc-async, thread 8, conn 800, duration 60
        [run.sh] Deleting all services
        configmap "config-service0" deleted
        deployment.apps "service0" deleted
        service "service0" deleted
        configmap "config-service1" deleted
        deployment.apps "service1" deleted
        service "service1" deleted
        configmap "config-service2" deleted
        deployment.apps "service2" deleted
        service "service2" deleted
        configmap "config-service3" deleted
        deployment.apps "service3" deleted
        service "service3" deleted
        deployment.apps "ubuntu-client" deleted
        [run.sh] Waiting for all pods to be deleted
        [run.sh] Deploying all services
        configmap/config-service0 created
        deployment.apps/service0 created
        service/service0 created
        configmap/config-service1 created
        deployment.apps/service1 created
        service/service1 created
        configmap/config-service2 created
        deployment.apps/service2 created
        service/service2 created
        configmap/config-service3 created
        deployment.apps/service3 created
        service/service3 created
        [run.sh] Client pod not found, deploying client
        deployment.apps/ubuntu-client created
        [run.sh] Waiting for all pods to be running
        [run.sh] All pods are running
        [run.sh] Checking heartbeat for all services
        [run.sh] Running warmup test
        [run.sh] /wrk/wrk -t8 -c800 --timeout 3s -d3s -L http://service0:80/endpoint1
        Running 3s test @ http://service0:80/endpoint1
        8 threads and 800 connections
        Thread Stats   Avg      Stdev     Max   +/- Stdev
        Latency   585.41ms  284.19ms   1.92s    68.56%
        Req/Sec   193.56    121.67   474.00     59.26%
        Latency Distribution
        50%  517.18ms
        75%  749.81ms
        90%  968.79ms
        99%    1.41s
        3750 requests in 3.03s, 582.28KB read
        Requests/sec:   1237.87
        Transfer/sec:    192.21KB
        [run.sh] Speed is 1237.87, duration is 24
        [run.sh] Fix the request number.
        [run.sh] Running the actual test
        [run.sh] /wrk/wrk --timeout 20s -t8 -c800 -d24s -L -s /wrk/fix_req_n.lua http://service0:80/endpoint1
        Running 24s test @ http://service0:80/endpoint1
        8 threads and 800 connections
        Thread Stats   Avg      Stdev     Max   +/- Stdev
        Latency   527.24ms  241.25ms   1.63s    72.50%
        Req/Sec   189.02    135.96   727.00     66.12%
        Latency Distribution
        50%  492.05ms
        75%  646.66ms
        90%  830.49ms
        99%    1.27s
        20000 requests in 24.00s, 3.03MB read
        Requests/sec:    833.33
        Transfer/sec:    129.39KB
        ------------------------------
        stop time: 13.003558
        stop time: 13.451095
        stop time: 13.440244
        stop time: 13.555652
        stop time: 13.451137
        stop time: 13.635072
        stop time: 13.760288
        stop time: 13.652878
        [run.sh] Checking the resource usage
        NAME                             CPU(cores)   MEMORY(bytes)
        service0-6fb7cc7c7f-dkmf2        706m         87Mi
        service1-76b89695f7-gfhxc        369m         20Mi
        service2-7bdbb95446-ppjkr        255m         16Mi
        service3-766854894f-mszxb        622m         15Mi
        ubuntu-client-76886f6bbd-cs4b5   27m          20Mi
        [run.sh] Test finished with status 0
        > STDERR
        > No resources found in default namespace.
    [exp] Times: [13.003558, 13.451095, 13.440244, 13.555652, 13.451137, 13.635072, 13.760288, 13.652878]
    [exp] Throughput: 1482.1687137084043
[test.py] Running 7th slowdown exp
    [exp] Running (pre_run: False) workload synthetic/fanout-w3-grpc-async request with the following configuration: {'CLIENT_CPU_QUOTA': '2', 'SLOWPOKE_POKER_BATCH_THRESHOLD': '20000000', 'PROCESSING_TIME_SERVICE0': '0.00091802', 'PROCESSING_TIME_SERVICE1': '0.00084359', 'PROCESSING_TIME_SERVICE2': '0.00083384', 'PROCESSING_TIME_SERVICE3': '0.00027464', 'SLOWPOKE_DELAY_MICROS_SERVICE0': '126.0', 'SLOWPOKE_POKER_BATCH_THRESHOLD_SERVICE0': '100', 'SLOWPOKE_IS_TARGET_SERVICE_SERVICE0': 'false', 'SLOWPOKE_DELAY_MICROS_SERVICE1': '126.0', 'SLOWPOKE_POKER_BATCH_THRESHOLD_SERVICE1': '100', 'SLOWPOKE_IS_TARGET_SERVICE_SERVICE1': 'false', 'SLOWPOKE_DELAY_MICROS_SERVICE2': '0.0', 'SLOWPOKE_POKER_BATCH_THRESHOLD_SERVICE2': '100', 'SLOWPOKE_IS_TARGET_SERVICE_SERVICE2': 'true', 'SLOWPOKE_DELAY_MICROS_SERVICE3': '126.0', 'SLOWPOKE_POKER_BATCH_THRESHOLD_SERVICE3': '100', 'SLOWPOKE_IS_TARGET_SERVICE_SERVICE3': 'false'}
    [exp] Executing cmd `bash run.sh synthetic fanout-w3-grpc-async 8 800 20000`:
        [run.sh] Running benchmark synthetic with request fanout-w3-grpc-async, thread 8, conn 800, duration 60
        [run.sh] Deleting all services
        configmap "config-service0" deleted
        deployment.apps "service0" deleted
        service "service0" deleted
        configmap "config-service1" deleted
        deployment.apps "service1" deleted
        service "service1" deleted
        configmap "config-service2" deleted
        deployment.apps "service2" deleted
        service "service2" deleted
        configmap "config-service3" deleted
        deployment.apps "service3" deleted
        service "service3" deleted
        deployment.apps "ubuntu-client" deleted
        [run.sh] Waiting for all pods to be deleted
        [run.sh] Deploying all services
        configmap/config-service0 created
        deployment.apps/service0 created
        service/service0 created
        configmap/config-service1 created
        deployment.apps/service1 created
        service/service1 created
        configmap/config-service2 created
        deployment.apps/service2 created
        service/service2 created
        configmap/config-service3 created
        deployment.apps/service3 created
        service/service3 created
        [run.sh] Client pod not found, deploying client
        deployment.apps/ubuntu-client created
        [run.sh] Waiting for all pods to be running
        [run.sh] All pods are running
        [run.sh] Checking heartbeat for all services
        [run.sh] Running warmup test
        [run.sh] /wrk/wrk -t8 -c800 --timeout 3s -d3s -L http://service0:80/endpoint1
        Running 3s test @ http://service0:80/endpoint1
        8 threads and 800 connections
        Thread Stats   Avg      Stdev     Max   +/- Stdev
        Latency   633.20ms  285.99ms   1.64s    67.55%
        Req/Sec   163.71    129.14   570.00     67.20%
        Latency Distribution
        50%  627.53ms
        75%  825.42ms
        90%    1.00s
        99%    1.39s
        3310 requests in 3.03s, 513.96KB read
        Requests/sec:   1093.44
        Transfer/sec:    169.78KB
        [run.sh] Speed is 1093.44, duration is 27
        [run.sh] Fix the request number.
        [run.sh] Running the actual test
        [run.sh] /wrk/wrk --timeout 20s -t8 -c800 -d27s -L -s /wrk/fix_req_n.lua http://service0:80/endpoint1
        Running 27s test @ http://service0:80/endpoint1
        8 threads and 800 connections
        Thread Stats   Avg      Stdev     Max   +/- Stdev
        Latency   616.74ms  305.49ms   2.25s    72.69%
        Req/Sec   170.37    128.84   620.00     63.87%
        Latency Distribution
        50%  572.55ms
        75%  767.86ms
        90%    1.01s
        99%    1.54s
        20000 requests in 27.00s, 3.03MB read
        Requests/sec:    740.74
        Transfer/sec:    115.02KB
        ------------------------------
        stop time: 15.679551
        stop time: 15.638208
        stop time: 15.675854
        stop time: 15.810039
        stop time: 15.701419
        stop time: 15.785409
        stop time: 15.897450
        stop time: 15.935617
        [run.sh] Checking the resource usage
        [run.sh] Test finished with status 0
        > STDERR
        > No resources found in default namespace.
        > error: metrics not available yet
    [exp] Times: [15.679551, 15.638208, 15.675854, 15.810039, 15.701419, 15.785409, 15.89745, 15.935617]
    [exp] Throughput: 1268.5973698472023
[test.py] Finished running 7th optmization experiment: groundtruth->1482.1687137084043, slowdown->1268.5973698472023, predicted->1510.9114198245197, err->1.9392330879931212
[test.py] Running 8th optmization experiment
[test.py] Running 8th groundtruth exp
    [exp] Running (pre_run: False) workload synthetic/fanout-w3-grpc-async request with the following configuration: {'CLIENT_CPU_QUOTA': '2', 'SLOWPOKE_POKER_BATCH_THRESHOLD': '20000000', 'PROCESSING_TIME_SERVICE0': '0.00091802', 'PROCESSING_TIME_SERVICE1': '0.00084359', 'PROCESSING_TIME_SERVICE2': '0.000664', 'PROCESSING_TIME_SERVICE3': '0.00027464', 'SLOWPOKE_DELAY_MICROS_SERVICE0': '0.0', 'SLOWPOKE_POKER_BATCH_THRESHOLD_SERVICE0': '100', 'SLOWPOKE_IS_TARGET_SERVICE_SERVICE0': 'false', 'SLOWPOKE_DELAY_MICROS_SERVICE1': '0.0', 'SLOWPOKE_POKER_BATCH_THRESHOLD_SERVICE1': '100', 'SLOWPOKE_IS_TARGET_SERVICE_SERVICE1': 'false', 'SLOWPOKE_DELAY_MICROS_SERVICE2': '0.0', 'SLOWPOKE_POKER_BATCH_THRESHOLD_SERVICE2': '100', 'SLOWPOKE_IS_TARGET_SERVICE_SERVICE2': 'true', 'SLOWPOKE_DELAY_MICROS_SERVICE3': '0.0', 'SLOWPOKE_POKER_BATCH_THRESHOLD_SERVICE3': '100', 'SLOWPOKE_IS_TARGET_SERVICE_SERVICE3': 'false'}
    [exp] Executing cmd `bash run.sh synthetic fanout-w3-grpc-async 8 800 20000`:
        [run.sh] Running benchmark synthetic with request fanout-w3-grpc-async, thread 8, conn 800, duration 60
        [run.sh] Deleting all services
        configmap "config-service0" deleted
        deployment.apps "service0" deleted
        service "service0" deleted
        configmap "config-service1" deleted
        deployment.apps "service1" deleted
        service "service1" deleted
        configmap "config-service2" deleted
        deployment.apps "service2" deleted
        service "service2" deleted
        configmap "config-service3" deleted
        deployment.apps "service3" deleted
        service "service3" deleted
        deployment.apps "ubuntu-client" deleted
        [run.sh] Waiting for all pods to be deleted
        [run.sh] Deploying all services
        configmap/config-service0 created
        deployment.apps/service0 created
        service/service0 created
        configmap/config-service1 created
        deployment.apps/service1 created
        service/service1 created
        configmap/config-service2 created
        deployment.apps/service2 created
        service/service2 created
        configmap/config-service3 created
        deployment.apps/service3 created
        service/service3 created
        [run.sh] Client pod not found, deploying client
        deployment.apps/ubuntu-client created
        [run.sh] Waiting for all pods to be running
        [run.sh] All pods are running
        [run.sh] Checking heartbeat for all services
        [run.sh] Running warmup test
        [run.sh] /wrk/wrk -t8 -c800 --timeout 3s -d3s -L http://service0:80/endpoint1
        Running 3s test @ http://service0:80/endpoint1
        8 threads and 800 connections
        Thread Stats   Avg      Stdev     Max   +/- Stdev
        Latency   603.89ms  314.32ms   1.63s    61.83%
        Req/Sec   188.36    131.82   525.00     61.11%
        Latency Distribution
        50%  652.57ms
        75%  839.46ms
        90%    1.01s
        99%    1.27s
        3567 requests in 3.03s, 553.86KB read
        Requests/sec:   1178.65
        Transfer/sec:    183.01KB
        [run.sh] Speed is 1178.65, duration is 25
        [run.sh] Fix the request number.
        [run.sh] Running the actual test
        [run.sh] /wrk/wrk --timeout 20s -t8 -c800 -d25s -L -s /wrk/fix_req_n.lua http://service0:80/endpoint1
        Running 25s test @ http://service0:80/endpoint1
        8 threads and 800 connections
        Thread Stats   Avg      Stdev     Max   +/- Stdev
        Latency   526.21ms  278.98ms   2.12s    73.46%
        Req/Sec   196.88    125.74   565.00     62.74%
        Latency Distribution
        50%  478.45ms
        75%  664.56ms
        90%  908.55ms
        99%    1.39s
        20000 requests in 25.00s, 3.03MB read
        Requests/sec:    800.00
        Transfer/sec:    124.22KB
        ------------------------------
        stop time: 13.448979
        stop time: 13.227571
        stop time: 13.624692
        stop time: 13.418763
        stop time: 13.285862
        stop time: 13.429159
        stop time: 13.410790
        stop time: 13.643534
        [run.sh] Checking the resource usage
        NAME                             CPU(cores)   MEMORY(bytes)
        service0-6fb7cc7c7f-5rvzx        430m         78Mi
        service1-76b89695f7-cr6ph        424m         18Mi
        service2-7bdbb95446-mqrjn        351m         12Mi
        service3-766854894f-kgz4x        178m         13Mi
        ubuntu-client-76886f6bbd-dv42t   13m          18Mi
        [run.sh] Test finished with status 0
        > STDERR
        > No resources found in default namespace.
    [exp] Times: [13.448979, 13.227571, 13.624692, 13.418763, 13.285862, 13.429159, 13.41079, 13.643534]
    [exp] Throughput: 1488.5195603099285
[test.py] Running 8th slowdown exp
    [exp] Running (pre_run: False) workload synthetic/fanout-w3-grpc-async request with the following configuration: {'CLIENT_CPU_QUOTA': '2', 'SLOWPOKE_POKER_BATCH_THRESHOLD': '20000000', 'PROCESSING_TIME_SERVICE0': '0.00091802', 'PROCESSING_TIME_SERVICE1': '0.00084359', 'PROCESSING_TIME_SERVICE2': '0.00083384', 'PROCESSING_TIME_SERVICE3': '0.00027464', 'SLOWPOKE_DELAY_MICROS_SERVICE0': '84.5', 'SLOWPOKE_POKER_BATCH_THRESHOLD_SERVICE0': '100', 'SLOWPOKE_IS_TARGET_SERVICE_SERVICE0': 'false', 'SLOWPOKE_DELAY_MICROS_SERVICE1': '84.5', 'SLOWPOKE_POKER_BATCH_THRESHOLD_SERVICE1': '100', 'SLOWPOKE_IS_TARGET_SERVICE_SERVICE1': 'false', 'SLOWPOKE_DELAY_MICROS_SERVICE2': '0.0', 'SLOWPOKE_POKER_BATCH_THRESHOLD_SERVICE2': '100', 'SLOWPOKE_IS_TARGET_SERVICE_SERVICE2': 'true', 'SLOWPOKE_DELAY_MICROS_SERVICE3': '84.5', 'SLOWPOKE_POKER_BATCH_THRESHOLD_SERVICE3': '100', 'SLOWPOKE_IS_TARGET_SERVICE_SERVICE3': 'false'}
    [exp] Executing cmd `bash run.sh synthetic fanout-w3-grpc-async 8 800 20000`:
        [run.sh] Running benchmark synthetic with request fanout-w3-grpc-async, thread 8, conn 800, duration 60
        [run.sh] Deleting all services
        configmap "config-service0" deleted
        deployment.apps "service0" deleted
        service "service0" deleted
        configmap "config-service1" deleted
        deployment.apps "service1" deleted
        service "service1" deleted
        configmap "config-service2" deleted
        deployment.apps "service2" deleted
        service "service2" deleted
        configmap "config-service3" deleted
        deployment.apps "service3" deleted
        service "service3" deleted
        deployment.apps "ubuntu-client" deleted
        [run.sh] Waiting for all pods to be deleted
        [run.sh] Deploying all services
        configmap/config-service0 created
        deployment.apps/service0 created
        service/service0 created
        configmap/config-service1 created
        deployment.apps/service1 created
        service/service1 created
        configmap/config-service2 created
        deployment.apps/service2 created
        service/service2 created
        configmap/config-service3 created
        deployment.apps/service3 created
        service/service3 created
        [run.sh] Client pod not found, deploying client
        deployment.apps/ubuntu-client created
        [run.sh] Waiting for all pods to be running
        [run.sh] All pods are running
        [run.sh] Checking heartbeat for all services
        [run.sh] Running warmup test
        [run.sh] /wrk/wrk -t8 -c800 --timeout 3s -d3s -L http://service0:80/endpoint1
        Running 3s test @ http://service0:80/endpoint1
        8 threads and 800 connections
        Thread Stats   Avg      Stdev     Max   +/- Stdev
        Latency   631.21ms  509.60ms   2.97s    74.49%
        Req/Sec   124.48     64.67   330.00     69.95%
        Latency Distribution
        50%  556.59ms
        75%  884.52ms
        90%    1.29s
        99%    2.40s
        2588 requests in 3.02s, 401.85KB read
        Requests/sec:    856.67
        Transfer/sec:    133.02KB
        [run.sh] Speed is 856.67, duration is 35
        [run.sh] Fix the request number.
        [run.sh] Running the actual test
        [run.sh] /wrk/wrk --timeout 20s -t8 -c800 -d35s -L -s /wrk/fix_req_n.lua http://service0:80/endpoint1
        [run.sh] Checking the resource usage
        NAME                             CPU(cores)   MEMORY(bytes)
        service0-65c69d6cd4-h2mr4        510m         82Mi
        service1-86786875db-nss4v        493m         12Mi
        service2-7bdbb95446-hd4r6        565m         25Mi
        service3-57b7c887c4-nmdr8        276m         9Mi
        ubuntu-client-76886f6bbd-k5wlh   15m          27Mi
        Running 35s test @ http://service0:80/endpoint1
        8 threads and 800 connections
        Thread Stats   Avg      Stdev     Max   +/- Stdev
        Latency   705.93ms  608.74ms   4.08s    78.00%
        Req/Sec   146.49     84.95   616.00     72.78%
        Latency Distribution
        50%  541.34ms
        75%  979.27ms
        90%    1.63s
        99%    2.65s
        20001 requests in 35.00s, 3.03MB read
        Requests/sec:    571.46
        Transfer/sec:     88.73KB
        ------------------------------
        stop time: 17.635891
        stop time: 17.560289
        stop time: 17.695101
        stop time: 17.508531
        stop time: 18.092502
        stop time: 17.849796
        stop time: 18.170006
        stop time: 18.201716
        [run.sh] Test finished with status 0
        > STDERR
        > No resources found in default namespace.
    [exp] Times: [17.635891, 17.560289, 17.695101, 17.508531, 18.092502, 17.849796, 18.170006, 18.201716]
    [exp] Throughput: 1121.1246853773782
[test.py] Finished running 8th optmization experiment: groundtruth->1488.5195603099285, slowdown->1121.1246853773782, predicted->1239.0937293245595, err->-16.75663777864198
[test.py] Running 9th optmization experiment
[test.py] Running 9th groundtruth exp
    [exp] Running (pre_run: False) workload synthetic/fanout-w3-grpc-async request with the following configuration: {'CLIENT_CPU_QUOTA': '2', 'SLOWPOKE_POKER_BATCH_THRESHOLD': '20000000', 'PROCESSING_TIME_SERVICE0': '0.00091802', 'PROCESSING_TIME_SERVICE1': '0.00084359', 'PROCESSING_TIME_SERVICE2': '0.000747', 'PROCESSING_TIME_SERVICE3': '0.00027464', 'SLOWPOKE_DELAY_MICROS_SERVICE0': '0.0', 'SLOWPOKE_POKER_BATCH_THRESHOLD_SERVICE0': '100', 'SLOWPOKE_IS_TARGET_SERVICE_SERVICE0': 'false', 'SLOWPOKE_DELAY_MICROS_SERVICE1': '0.0', 'SLOWPOKE_POKER_BATCH_THRESHOLD_SERVICE1': '100', 'SLOWPOKE_IS_TARGET_SERVICE_SERVICE1': 'false', 'SLOWPOKE_DELAY_MICROS_SERVICE2': '0.0', 'SLOWPOKE_POKER_BATCH_THRESHOLD_SERVICE2': '100', 'SLOWPOKE_IS_TARGET_SERVICE_SERVICE2': 'true', 'SLOWPOKE_DELAY_MICROS_SERVICE3': '0.0', 'SLOWPOKE_POKER_BATCH_THRESHOLD_SERVICE3': '100', 'SLOWPOKE_IS_TARGET_SERVICE_SERVICE3': 'false'}
    [exp] Executing cmd `bash run.sh synthetic fanout-w3-grpc-async 8 800 20000`:
        [run.sh] Running benchmark synthetic with request fanout-w3-grpc-async, thread 8, conn 800, duration 60
        [run.sh] Deleting all services
        configmap "config-service0" deleted
        deployment.apps "service0" deleted
        service "service0" deleted
        configmap "config-service1" deleted
        deployment.apps "service1" deleted
        service "service1" deleted
        configmap "config-service2" deleted
        deployment.apps "service2" deleted
        service "service2" deleted
        configmap "config-service3" deleted
        deployment.apps "service3" deleted
        service "service3" deleted
        deployment.apps "ubuntu-client" deleted
        [run.sh] Waiting for all pods to be deleted
        [run.sh] Deploying all services
        configmap/config-service0 created
        deployment.apps/service0 created
        service/service0 created
        configmap/config-service1 created
        deployment.apps/service1 created
        service/service1 created
        configmap/config-service2 created
        deployment.apps/service2 created
        service/service2 created
        configmap/config-service3 created
        deployment.apps/service3 created
        service/service3 created
        [run.sh] Client pod not found, deploying client
        deployment.apps/ubuntu-client created
        [run.sh] Waiting for all pods to be running
        [run.sh] All pods are running
        [run.sh] Checking heartbeat for all services
        [run.sh] Running warmup test
        [run.sh] /wrk/wrk -t8 -c800 --timeout 3s -d3s -L http://service0:80/endpoint1
        Running 3s test @ http://service0:80/endpoint1
        8 threads and 800 connections
        Thread Stats   Avg      Stdev     Max   +/- Stdev
        Latency   561.78ms  606.56ms   2.96s    86.12%
        Req/Sec   134.87     57.15   252.00     69.50%
        Latency Distribution
        50%  312.83ms
        75%  817.46ms
        90%    1.49s
        99%    2.70s
        2722 requests in 3.04s, 422.65KB read
        Requests/sec:    896.01
        Transfer/sec:    139.13KB
        [run.sh] Speed is 896.01, duration is 33
        [run.sh] Fix the request number.
        [run.sh] Running the actual test
        [run.sh] /wrk/wrk --timeout 20s -t8 -c800 -d33s -L -s /wrk/fix_req_n.lua http://service0:80/endpoint1
        Running 33s test @ http://service0:80/endpoint1
        8 threads and 800 connections
        Thread Stats   Avg      Stdev     Max   +/- Stdev
        Latency   678.31ms  696.55ms   5.55s    85.08%
        Req/Sec   150.54     69.74   585.00     69.66%
        Latency Distribution
        50%  494.59ms
        75%  934.17ms
        90%    1.59s
        99%    3.47s
        20000 requests in 33.00s, 3.03MB read
        Requests/sec:    606.06
        Transfer/sec:     94.10KB
        ------------------------------
        stop time: 16.668411
        stop time: 17.009532
        stop time: 16.987115
        stop time: 17.141571
        stop time: 17.060311
        stop time: 17.264560
        stop time: 17.201076
        stop time: 17.018359
        [run.sh] Checking the resource usage
        NAME                             CPU(cores)   MEMORY(bytes)
        service0-6fb7cc7c7f-jxnz6        483m         65Mi
        service1-76b89695f7-gk774        352m         12Mi
        service2-7bdbb95446-fgddj        322m         30Mi
        service3-766854894f-kk6rt        147m         10Mi
        ubuntu-client-76886f6bbd-zzqgg   20m          0Mi
        [run.sh] Test finished with status 0
        > STDERR
        > No resources found in default namespace.
    [exp] Times: [16.668411, 17.009532, 16.987115, 17.141571, 17.060311, 17.26456, 17.201076, 17.018359]
    [exp] Throughput: 1173.4426316915246
[test.py] Running 9th slowdown exp
    [exp] Running (pre_run: False) workload synthetic/fanout-w3-grpc-async request with the following configuration: {'CLIENT_CPU_QUOTA': '2', 'SLOWPOKE_POKER_BATCH_THRESHOLD': '20000000', 'PROCESSING_TIME_SERVICE0': '0.00091802', 'PROCESSING_TIME_SERVICE1': '0.00084359', 'PROCESSING_TIME_SERVICE2': '0.00083384', 'PROCESSING_TIME_SERVICE3': '0.00027464', 'SLOWPOKE_DELAY_MICROS_SERVICE0': '43.0', 'SLOWPOKE_POKER_BATCH_THRESHOLD_SERVICE0': '100', 'SLOWPOKE_IS_TARGET_SERVICE_SERVICE0': 'false', 'SLOWPOKE_DELAY_MICROS_SERVICE1': '43.0', 'SLOWPOKE_POKER_BATCH_THRESHOLD_SERVICE1': '100', 'SLOWPOKE_IS_TARGET_SERVICE_SERVICE1': 'false', 'SLOWPOKE_DELAY_MICROS_SERVICE2': '0.0', 'SLOWPOKE_POKER_BATCH_THRESHOLD_SERVICE2': '100', 'SLOWPOKE_IS_TARGET_SERVICE_SERVICE2': 'true', 'SLOWPOKE_DELAY_MICROS_SERVICE3': '43.0', 'SLOWPOKE_POKER_BATCH_THRESHOLD_SERVICE3': '100', 'SLOWPOKE_IS_TARGET_SERVICE_SERVICE3': 'false'}
    [exp] Executing cmd `bash run.sh synthetic fanout-w3-grpc-async 8 800 20000`:
        [run.sh] Running benchmark synthetic with request fanout-w3-grpc-async, thread 8, conn 800, duration 60
        [run.sh] Deleting all services
        configmap "config-service0" deleted
        deployment.apps "service0" deleted
        service "service0" deleted
        configmap "config-service1" deleted
        deployment.apps "service1" deleted
        service "service1" deleted
        configmap "config-service2" deleted
        deployment.apps "service2" deleted
        service "service2" deleted
        configmap "config-service3" deleted
        deployment.apps "service3" deleted
        service "service3" deleted
        deployment.apps "ubuntu-client" deleted
        [run.sh] Waiting for all pods to be deleted
        [run.sh] Deploying all services
        configmap/config-service0 created
        deployment.apps/service0 created
        service/service0 created
        configmap/config-service1 created
        deployment.apps/service1 created
        service/service1 created
        configmap/config-service2 created
        deployment.apps/service2 created
        service/service2 created
        configmap/config-service3 created
        deployment.apps/service3 created
        service/service3 created
        [run.sh] Client pod not found, deploying client
        deployment.apps/ubuntu-client created
        [run.sh] Waiting for all pods to be running
        [run.sh] All pods are running
        [run.sh] Checking heartbeat for all services
        [run.sh] Running warmup test
        [run.sh] /wrk/wrk -t8 -c800 --timeout 3s -d3s -L http://service0:80/endpoint1
        Running 3s test @ http://service0:80/endpoint1
        8 threads and 800 connections
        Thread Stats   Avg      Stdev     Max   +/- Stdev
        Latency   681.97ms  474.06ms   2.79s    68.84%
        Req/Sec   137.91     92.40   390.00     63.98%
        Latency Distribution
        50%  555.01ms
        75%  976.68ms
        90%    1.41s
        99%    1.82s
        2834 requests in 3.02s, 440.04KB read
        Requests/sec:    938.07
        Transfer/sec:    145.66KB
        [run.sh] Speed is 938.07, duration is 31
        [run.sh] Fix the request number.
        [run.sh] Running the actual test
        [run.sh] /wrk/wrk --timeout 20s -t8 -c800 -d31s -L -s /wrk/fix_req_n.lua http://service0:80/endpoint1
        Running 31s test @ http://service0:80/endpoint1
        8 threads and 800 connections
        Thread Stats   Avg      Stdev     Max   +/- Stdev
        Latency   762.08ms  779.26ms   4.67s    87.01%
        Req/Sec   144.31     83.00   590.00     71.80%
        Latency Distribution
        50%  534.43ms
        75%    1.07s
        90%    1.79s
        99%    3.40s
        20000 requests in 31.00s, 3.03MB read
        Requests/sec:    645.16
        Transfer/sec:    100.18KB
        ------------------------------
        stop time: 17.736804
        stop time: 17.638434
        stop time: 18.724610
        stop time: 18.879522
        stop time: 18.948368
        stop time: 18.106293
        stop time: 18.641416
        stop time: 19.021541
        [run.sh] Checking the resource usage
        NAME                             CPU(cores)   MEMORY(bytes)
        service0-c48fbcc78-6b5kb         1381m        76Mi
        service1-65cd8b9688-rfmcn        1084m        12Mi
        service2-7bdbb95446-jr9qx        1061m        32Mi
        service3-6758f7d4d8-6hd4f        485m         10Mi
        ubuntu-client-76886f6bbd-7s27c   35m          28Mi
        [run.sh] Test finished with status 0
        > STDERR
        > No resources found in default namespace.
    [exp] Times: [17.736804, 17.638434, 18.72461, 18.879522, 18.948368, 18.106293, 18.641416, 19.021541]
    [exp] Throughput: 1083.2990040392701
[test.py] Finished running 9th optmization experiment: groundtruth->1173.4426316915246, slowdown->1083.2990040392701, predicted->1136.7690301601026, err->-3.125299911641766
[test.py] Baseline throughput:  1463.5902828289431
[test.py] Groundtruth:  [1453.180864870401, 1503.9522125200283, 1515.5671336043754, 1466.118111244754, 1459.7646972439807, 1485.2907709647748, 1454.915704139145, 1482.1687137084043, 1488.5195603099285, 1173.4426316915246]
[test.py] Slowdown:  [930.5511853576189, 954.3459734628354, 977.3997505052744, 1039.0132864863024, 1078.908712967369, 1153.2720128993474, 1183.352303949956, 1268.5973698472023, 1121.1246853773782, 1083.2990040392701]
[test.py] Predicted:  [1520.4225147738982, 1487.1701275408257, 1450.9516714931513, 1492.466922455598, 1479.4158334257663, 1520.5006248307252, 1476.8062956252384, 1510.9114198245197, 1239.0937293245595, 1136.7690301601026]
[test.py] Error percentage:  [4.627204467731147, -1.1158655733537244, -4.263450999861243, 1.7971820284297313, 1.3461851912768397, 2.370569760093492, 1.5045951750892526, 1.9392330879931212, -16.75663777864198, -3.125299911641766]
[test.py] >>>>>>>>>>>>>>>>>>>>>>>>>>>>> Running experiment 1...
[test.py] Actual processing time range: [0, 83, 166, 249, 332, 415, 498, 581, 664, 747]
[test.py] Running baseline experiment
    [exp] Running (pre_run: False) workload synthetic/fanout-w3-grpc-async request with the following configuration: {'CLIENT_CPU_QUOTA': '2', 'SLOWPOKE_POKER_BATCH_THRESHOLD': '20000000', 'PROCESSING_TIME_SERVICE0': '0.00091802', 'PROCESSING_TIME_SERVICE1': '0.00084359', 'PROCESSING_TIME_SERVICE2': '0.00083384', 'PROCESSING_TIME_SERVICE3': '0.00027464', 'SLOWPOKE_DELAY_MICROS_SERVICE0': '0.0', 'SLOWPOKE_POKER_BATCH_THRESHOLD_SERVICE0': '100', 'SLOWPOKE_IS_TARGET_SERVICE_SERVICE0': 'false', 'SLOWPOKE_DELAY_MICROS_SERVICE1': '0.0', 'SLOWPOKE_POKER_BATCH_THRESHOLD_SERVICE1': '100', 'SLOWPOKE_IS_TARGET_SERVICE_SERVICE1': 'false', 'SLOWPOKE_DELAY_MICROS_SERVICE2': '0.0', 'SLOWPOKE_POKER_BATCH_THRESHOLD_SERVICE2': '100', 'SLOWPOKE_IS_TARGET_SERVICE_SERVICE2': 'true', 'SLOWPOKE_DELAY_MICROS_SERVICE3': '0.0', 'SLOWPOKE_POKER_BATCH_THRESHOLD_SERVICE3': '100', 'SLOWPOKE_IS_TARGET_SERVICE_SERVICE3': 'false'}
    [exp] Executing cmd `bash run.sh synthetic fanout-w3-grpc-async 8 800 20000`:
        [run.sh] Running benchmark synthetic with request fanout-w3-grpc-async, thread 8, conn 800, duration 60
        [run.sh] Deleting all services
        configmap "config-service0" deleted
        deployment.apps "service0" deleted
        service "service0" deleted
        configmap "config-service1" deleted
        deployment.apps "service1" deleted
        service "service1" deleted
        configmap "config-service2" deleted
        deployment.apps "service2" deleted
        service "service2" deleted
        configmap "config-service3" deleted
        deployment.apps "service3" deleted
        service "service3" deleted
        deployment.apps "ubuntu-client" deleted
        [run.sh] Waiting for all pods to be deleted
        [run.sh] Deploying all services
        configmap/config-service0 created
        deployment.apps/service0 created
        service/service0 created
        configmap/config-service1 created
        deployment.apps/service1 created
        service/service1 created
        configmap/config-service2 created
        deployment.apps/service2 created
        service/service2 created
        configmap/config-service3 created
        deployment.apps/service3 created
        service/service3 created
        [run.sh] Client pod not found, deploying client
        deployment.apps/ubuntu-client created
        [run.sh] Waiting for all pods to be running
        [run.sh] All pods are running
        [run.sh] Checking heartbeat for all services
        [run.sh] Running warmup test
        [run.sh] /wrk/wrk -t8 -c800 --timeout 3s -d3s -L http://service0:80/endpoint1
        Running 3s test @ http://service0:80/endpoint1
        8 threads and 800 connections
        Thread Stats   Avg      Stdev     Max   +/- Stdev
        Latency   596.30ms  271.77ms   1.45s    69.61%
        Req/Sec   184.53    107.29   430.00     64.95%
        Latency Distribution
        50%  542.19ms
        75%  753.40ms
        90%  988.49ms
        99%    1.32s
        3613 requests in 3.04s, 561.00KB read
        Requests/sec:   1188.72
        Transfer/sec:    184.58KB
        [run.sh] Speed is 1188.72, duration is 25
        [run.sh] Fix the request number.
        [run.sh] Running the actual test
        [run.sh] /wrk/wrk --timeout 20s -t8 -c800 -d25s -L -s /wrk/fix_req_n.lua http://service0:80/endpoint1
        Running 25s test @ http://service0:80/endpoint1
        8 threads and 800 connections
        Thread Stats   Avg      Stdev     Max   +/- Stdev
        Latency   521.19ms  250.11ms   1.80s    70.55%
        Req/Sec   192.75    131.28   690.00     65.46%
        Latency Distribution
        50%  483.20ms
        75%  666.05ms
        90%  859.14ms
        99%    1.23s
        20000 requests in 25.00s, 3.03MB read
        Requests/sec:    800.00
        Transfer/sec:    124.22KB
        ------------------------------
        stop time: 13.430305
        stop time: 13.339830
        stop time: 13.357759
        stop time: 13.419682
        stop time: 13.469244
        stop time: 13.410968
        stop time: 13.488664
        stop time: 13.464345
        [run.sh] Checking the resource usage
        NAME                             CPU(cores)   MEMORY(bytes)
        service0-6fb7cc7c7f-6qp5h        0m           76Mi
        service1-76b89695f7-lvdf9        0m           13Mi
        service2-7bdbb95446-c2h2j        0m           17Mi
        ubuntu-client-76886f6bbd-rcwb4   0m           0Mi
        [run.sh] Test finished with status 0
        > STDERR
        > No resources found in default namespace.
    [exp] Times: [13.430305, 13.33983, 13.357759, 13.419682, 13.469244, 13.410968, 13.488664, 13.464345]
    [exp] Throughput: 1490.024329024118
[test.py] Baseline throughput: 1490.024329024118
[test.py] Running 0th optmization experiment
[test.py] Running 0th groundtruth exp
    [exp] Running (pre_run: False) workload synthetic/fanout-w3-grpc-async request with the following configuration: {'CLIENT_CPU_QUOTA': '2', 'SLOWPOKE_POKER_BATCH_THRESHOLD': '20000000', 'PROCESSING_TIME_SERVICE0': '0.00091802', 'PROCESSING_TIME_SERVICE1': '0.00084359', 'PROCESSING_TIME_SERVICE2': '0.0', 'PROCESSING_TIME_SERVICE3': '0.00027464', 'SLOWPOKE_DELAY_MICROS_SERVICE0': '0.0', 'SLOWPOKE_POKER_BATCH_THRESHOLD_SERVICE0': '100', 'SLOWPOKE_IS_TARGET_SERVICE_SERVICE0': 'false', 'SLOWPOKE_DELAY_MICROS_SERVICE1': '0.0', 'SLOWPOKE_POKER_BATCH_THRESHOLD_SERVICE1': '100', 'SLOWPOKE_IS_TARGET_SERVICE_SERVICE1': 'false', 'SLOWPOKE_DELAY_MICROS_SERVICE2': '0.0', 'SLOWPOKE_POKER_BATCH_THRESHOLD_SERVICE2': '100', 'SLOWPOKE_IS_TARGET_SERVICE_SERVICE2': 'true', 'SLOWPOKE_DELAY_MICROS_SERVICE3': '0.0', 'SLOWPOKE_POKER_BATCH_THRESHOLD_SERVICE3': '100', 'SLOWPOKE_IS_TARGET_SERVICE_SERVICE3': 'false'}
    [exp] Executing cmd `bash run.sh synthetic fanout-w3-grpc-async 8 800 20000`:
        [run.sh] Running benchmark synthetic with request fanout-w3-grpc-async, thread 8, conn 800, duration 60
        [run.sh] Deleting all services
        configmap "config-service0" deleted
        deployment.apps "service0" deleted
        service "service0" deleted
        configmap "config-service1" deleted
        deployment.apps "service1" deleted
        service "service1" deleted
        configmap "config-service2" deleted
        deployment.apps "service2" deleted
        service "service2" deleted
        configmap "config-service3" deleted
        deployment.apps "service3" deleted
        service "service3" deleted
        deployment.apps "ubuntu-client" deleted
        [run.sh] Waiting for all pods to be deleted
        [run.sh] Deploying all services
        configmap/config-service0 created
        deployment.apps/service0 created
        service/service0 created
        configmap/config-service1 created
        deployment.apps/service1 created
        service/service1 created
        configmap/config-service2 created
        deployment.apps/service2 created
        service/service2 created
        configmap/config-service3 created
        deployment.apps/service3 created
        service/service3 created
        [run.sh] Client pod not found, deploying client
        deployment.apps/ubuntu-client created
        [run.sh] Waiting for all pods to be running
        [run.sh] All pods are running
        [run.sh] Checking heartbeat for all services
        [run.sh] Running warmup test
        [run.sh] /wrk/wrk -t8 -c800 --timeout 3s -d3s -L http://service0:80/endpoint1
        Running 3s test @ http://service0:80/endpoint1
        8 threads and 800 connections
        Thread Stats   Avg      Stdev     Max   +/- Stdev
        Latency   532.56ms  243.87ms   1.22s    65.91%
        Req/Sec   184.11    154.44   636.00     70.48%
        Latency Distribution
        50%  516.12ms
        75%  648.96ms
        90%  912.78ms
        99%    1.19s
        4003 requests in 3.03s, 621.56KB read
        Requests/sec:   1321.50
        Transfer/sec:    205.19KB
        [run.sh] Speed is 1321.50, duration is 22
        [run.sh] Fix the request number.
        [run.sh] Running the actual test
        [run.sh] /wrk/wrk --timeout 20s -t8 -c800 -d22s -L -s /wrk/fix_req_n.lua http://service0:80/endpoint1
        Running 22s test @ http://service0:80/endpoint1
        8 threads and 800 connections
        Thread Stats   Avg      Stdev     Max   +/- Stdev
        Latency   531.22ms  260.82ms   1.79s    70.13%
        Req/Sec   194.00    131.85   710.00     66.60%
        Latency Distribution
        50%  497.77ms
        75%  666.73ms
        90%  886.92ms
        99%    1.27s
        20000 requests in 22.00s, 3.03MB read
        Requests/sec:    909.09
        Transfer/sec:    141.16KB
        ------------------------------
        stop time: 13.388073
        stop time: 13.432098
        stop time: 13.444573
        stop time: 13.554238
        stop time: 13.680026
        stop time: 13.574064
        stop time: 13.666850
        stop time: 13.543005
        [run.sh] Checking the resource usage
        NAME                             CPU(cores)   MEMORY(bytes)
        service0-6fb7cc7c7f-wsg4k        1881m        90Mi
        service1-76b89695f7-hjntd        1452m        19Mi
        service2-7bdbb95446-6lgdn        179m         8Mi
        service3-766854894f-5jrhc        603m         11Mi
        ubuntu-client-76886f6bbd-t5t97   48m          20Mi
        [run.sh] Test finished with status 0
        > STDERR
        > No resources found in default namespace.
    [exp] Times: [13.388073, 13.432098, 13.444573, 13.554238, 13.680026, 13.574064, 13.66685, 13.543005]
    [exp] Throughput: 1477.6105932193725
[test.py] Running 0th slowdown exp
    [exp] Running (pre_run: False) workload synthetic/fanout-w3-grpc-async request with the following configuration: {'CLIENT_CPU_QUOTA': '2', 'SLOWPOKE_POKER_BATCH_THRESHOLD': '20000000', 'PROCESSING_TIME_SERVICE0': '0.00091802', 'PROCESSING_TIME_SERVICE1': '0.00084359', 'PROCESSING_TIME_SERVICE2': '0.00083384', 'PROCESSING_TIME_SERVICE3': '0.00027464', 'SLOWPOKE_DELAY_MICROS_SERVICE0': '416.5', 'SLOWPOKE_POKER_BATCH_THRESHOLD_SERVICE0': '100', 'SLOWPOKE_IS_TARGET_SERVICE_SERVICE0': 'false', 'SLOWPOKE_DELAY_MICROS_SERVICE1': '416.5', 'SLOWPOKE_POKER_BATCH_THRESHOLD_SERVICE1': '100', 'SLOWPOKE_IS_TARGET_SERVICE_SERVICE1': 'false', 'SLOWPOKE_DELAY_MICROS_SERVICE2': '0.0', 'SLOWPOKE_POKER_BATCH_THRESHOLD_SERVICE2': '100', 'SLOWPOKE_IS_TARGET_SERVICE_SERVICE2': 'true', 'SLOWPOKE_DELAY_MICROS_SERVICE3': '416.5', 'SLOWPOKE_POKER_BATCH_THRESHOLD_SERVICE3': '100', 'SLOWPOKE_IS_TARGET_SERVICE_SERVICE3': 'false'}
    [exp] Executing cmd `bash run.sh synthetic fanout-w3-grpc-async 8 800 20000`:
        [run.sh] Running benchmark synthetic with request fanout-w3-grpc-async, thread 8, conn 800, duration 60
        [run.sh] Deleting all services
        configmap "config-service0" deleted
        deployment.apps "service0" deleted
        service "service0" deleted
        configmap "config-service1" deleted
        deployment.apps "service1" deleted
        service "service1" deleted
        configmap "config-service2" deleted
        deployment.apps "service2" deleted
        service "service2" deleted
        configmap "config-service3" deleted
        deployment.apps "service3" deleted
        service "service3" deleted
        deployment.apps "ubuntu-client" deleted
        [run.sh] Waiting for all pods to be deleted
        [run.sh] Deploying all services
        configmap/config-service0 created
        deployment.apps/service0 created
        service/service0 created
        configmap/config-service1 created
        deployment.apps/service1 created
        service/service1 created
        configmap/config-service2 created
        deployment.apps/service2 created
        service/service2 created
        configmap/config-service3 created
        deployment.apps/service3 created
        service/service3 created
        [run.sh] Client pod not found, deploying client
        deployment.apps/ubuntu-client created
        [run.sh] Waiting for all pods to be running
        [run.sh] All pods are running
        [run.sh] Checking heartbeat for all services
        [run.sh] Running warmup test
        [run.sh] /wrk/wrk -t8 -c800 --timeout 3s -d3s -L http://service0:80/endpoint1
        Running 3s test @ http://service0:80/endpoint1
        8 threads and 800 connections
        Thread Stats   Avg      Stdev     Max   +/- Stdev
        Latency     1.02s   472.32ms   2.91s    71.29%
        Req/Sec   102.72     80.69   424.00     77.85%
        Latency Distribution
        50%  947.38ms
        75%    1.33s
        90%    1.58s
        99%    2.27s
        1846 requests in 3.04s, 286.63KB read
        Requests/sec:    608.12
        Transfer/sec:     94.43KB
        [run.sh] Speed is 608.12, duration is 49
        [run.sh] Fix the request number.
        [run.sh] Running the actual test
        [run.sh] /wrk/wrk --timeout 20s -t8 -c800 -d49s -L -s /wrk/fix_req_n.lua http://service0:80/endpoint1
        [run.sh] Checking the resource usage
        Running 49s test @ http://service0:80/endpoint1
        8 threads and 800 connections
        Thread Stats   Avg      Stdev     Max   +/- Stdev
        Latency     1.01s   465.11ms   4.15s    71.45%
        Req/Sec   110.35     82.01   510.00     74.88%
        Latency Distribution
        50%  930.51ms
        75%    1.25s
        90%    1.63s
        99%    2.44s
        20000 requests in 49.00s, 3.03MB read
        Requests/sec:    408.16
        Transfer/sec:     63.38KB
        ------------------------------
        stop time: 25.745484
        stop time: 25.755673
        stop time: 25.745587
        stop time: 26.021851
        stop time: 25.763833
        stop time: 26.050231
        stop time: 26.079636
        stop time: 25.887153
        [run.sh] Test finished with status 0
        > STDERR
        > No resources found in default namespace.
        > error: metrics not available yet
    [exp] Times: [25.745484, 25.755673, 25.745587, 26.021851, 25.763833, 26.050231, 26.079636, 25.887153]
    [exp] Throughput: 772.7622630512881
[test.py] Finished running 0th optmization experiment: groundtruth->1477.6105932193725, slowdown->772.7622630512881, predicted->1140.0700949296465, err->-22.84367070990626
[test.py] Running 1th optmization experiment
[test.py] Running 1th groundtruth exp
    [exp] Running (pre_run: False) workload synthetic/fanout-w3-grpc-async request with the following configuration: {'CLIENT_CPU_QUOTA': '2', 'SLOWPOKE_POKER_BATCH_THRESHOLD': '20000000', 'PROCESSING_TIME_SERVICE0': '0.00091802', 'PROCESSING_TIME_SERVICE1': '0.00084359', 'PROCESSING_TIME_SERVICE2': '8.3e-05', 'PROCESSING_TIME_SERVICE3': '0.00027464', 'SLOWPOKE_DELAY_MICROS_SERVICE0': '0.0', 'SLOWPOKE_POKER_BATCH_THRESHOLD_SERVICE0': '100', 'SLOWPOKE_IS_TARGET_SERVICE_SERVICE0': 'false', 'SLOWPOKE_DELAY_MICROS_SERVICE1': '0.0', 'SLOWPOKE_POKER_BATCH_THRESHOLD_SERVICE1': '100', 'SLOWPOKE_IS_TARGET_SERVICE_SERVICE1': 'false', 'SLOWPOKE_DELAY_MICROS_SERVICE2': '0.0', 'SLOWPOKE_POKER_BATCH_THRESHOLD_SERVICE2': '100', 'SLOWPOKE_IS_TARGET_SERVICE_SERVICE2': 'true', 'SLOWPOKE_DELAY_MICROS_SERVICE3': '0.0', 'SLOWPOKE_POKER_BATCH_THRESHOLD_SERVICE3': '100', 'SLOWPOKE_IS_TARGET_SERVICE_SERVICE3': 'false'}
    [exp] Executing cmd `bash run.sh synthetic fanout-w3-grpc-async 8 800 20000`:
        [run.sh] Running benchmark synthetic with request fanout-w3-grpc-async, thread 8, conn 800, duration 60
        [run.sh] Deleting all services
        configmap "config-service0" deleted
        deployment.apps "service0" deleted
        service "service0" deleted
        configmap "config-service1" deleted
        deployment.apps "service1" deleted
        service "service1" deleted
        configmap "config-service2" deleted
        deployment.apps "service2" deleted
        service "service2" deleted
        configmap "config-service3" deleted
        deployment.apps "service3" deleted
        service "service3" deleted
        deployment.apps "ubuntu-client" deleted
        [run.sh] Waiting for all pods to be deleted
        [run.sh] Deploying all services
        configmap/config-service0 created
        deployment.apps/service0 created
        service/service0 created
        configmap/config-service1 created
        deployment.apps/service1 created
        service/service1 created
        configmap/config-service2 created
        deployment.apps/service2 created
        service/service2 created
        configmap/config-service3 created
        deployment.apps/service3 created
        service/service3 created
        [run.sh] Client pod not found, deploying client
        deployment.apps/ubuntu-client created
        [run.sh] Waiting for all pods to be running
        [run.sh] All pods are running
        [run.sh] Checking heartbeat for all services
        [run.sh] Running warmup test
        [run.sh] /wrk/wrk -t8 -c800 --timeout 3s -d3s -L http://service0:80/endpoint1
        Running 3s test @ http://service0:80/endpoint1
        8 threads and 800 connections
        Thread Stats   Avg      Stdev     Max   +/- Stdev
        Latency   638.90ms  488.94ms   1.89s    57.27%
        Req/Sec   131.48     58.13   303.00     63.64%
        Latency Distribution
        50%  594.09ms
        75%  964.91ms
        90%    1.40s
        99%    1.70s
        2626 requests in 3.03s, 407.75KB read
        Requests/sec:    867.19
        Transfer/sec:    134.65KB
        [run.sh] Speed is 867.19, duration is 34
        [run.sh] Fix the request number.
        [run.sh] Running the actual test
        [run.sh] /wrk/wrk --timeout 20s -t8 -c800 -d34s -L -s /wrk/fix_req_n.lua http://service0:80/endpoint1
        Running 34s test @ http://service0:80/endpoint1
        8 threads and 800 connections
        Thread Stats   Avg      Stdev     Max   +/- Stdev
        Latency   740.95ms  568.23ms   4.98s    81.89%
        Req/Sec   147.25     85.70   707.00     70.92%
        Latency Distribution
        50%  609.94ms
        75%  928.71ms
        90%    1.40s
        99%    2.94s
        20000 requests in 34.00s, 3.03MB read
        Requests/sec:    588.23
        Transfer/sec:     91.34KB
        ------------------------------
        stop time: 18.006005
        stop time: 17.954097
        stop time: 18.386085
        stop time: 18.760916
        stop time: 18.913036
        stop time: 18.587896
        stop time: 18.640637
        stop time: 18.888262
        [run.sh] Checking the resource usage
        NAME                             CPU(cores)   MEMORY(bytes)
        service0-6fb7cc7c7f-tsszk        465m         72Mi
        service1-76b89695f7-mwbd5        340m         20Mi
        service2-7bdbb95446-crwl5        85m          9Mi
        service3-766854894f-lpzrr        152m         9Mi
        ubuntu-client-76886f6bbd-z7qkn   19m          0Mi
        [run.sh] Test finished with status 0
        > STDERR
        > No resources found in default namespace.
    [exp] Times: [18.006005, 17.954097, 18.386085, 18.760916, 18.913036, 18.587896, 18.640637, 18.888262]
    [exp] Throughput: 1080.081757328662
[test.py] Running 1th slowdown exp
    [exp] Running (pre_run: False) workload synthetic/fanout-w3-grpc-async request with the following configuration: {'CLIENT_CPU_QUOTA': '2', 'SLOWPOKE_POKER_BATCH_THRESHOLD': '20000000', 'PROCESSING_TIME_SERVICE0': '0.00091802', 'PROCESSING_TIME_SERVICE1': '0.00084359', 'PROCESSING_TIME_SERVICE2': '0.00083384', 'PROCESSING_TIME_SERVICE3': '0.00027464', 'SLOWPOKE_DELAY_MICROS_SERVICE0': '375.0', 'SLOWPOKE_POKER_BATCH_THRESHOLD_SERVICE0': '100', 'SLOWPOKE_IS_TARGET_SERVICE_SERVICE0': 'false', 'SLOWPOKE_DELAY_MICROS_SERVICE1': '375.0', 'SLOWPOKE_POKER_BATCH_THRESHOLD_SERVICE1': '100', 'SLOWPOKE_IS_TARGET_SERVICE_SERVICE1': 'false', 'SLOWPOKE_DELAY_MICROS_SERVICE2': '0.0', 'SLOWPOKE_POKER_BATCH_THRESHOLD_SERVICE2': '100', 'SLOWPOKE_IS_TARGET_SERVICE_SERVICE2': 'true', 'SLOWPOKE_DELAY_MICROS_SERVICE3': '375.0', 'SLOWPOKE_POKER_BATCH_THRESHOLD_SERVICE3': '100', 'SLOWPOKE_IS_TARGET_SERVICE_SERVICE3': 'false'}
    [exp] Executing cmd `bash run.sh synthetic fanout-w3-grpc-async 8 800 20000`:
        [run.sh] Running benchmark synthetic with request fanout-w3-grpc-async, thread 8, conn 800, duration 60
        [run.sh] Deleting all services
        configmap "config-service0" deleted
        deployment.apps "service0" deleted
        service "service0" deleted
        configmap "config-service1" deleted
        deployment.apps "service1" deleted
        service "service1" deleted
        configmap "config-service2" deleted
        deployment.apps "service2" deleted
        service "service2" deleted
        configmap "config-service3" deleted
        deployment.apps "service3" deleted
        service "service3" deleted
        deployment.apps "ubuntu-client" deleted
        [run.sh] Waiting for all pods to be deleted
        [run.sh] Deploying all services
        configmap/config-service0 created
        deployment.apps/service0 created
        service/service0 created
        configmap/config-service1 created
        deployment.apps/service1 created
        service/service1 created
        configmap/config-service2 created
        deployment.apps/service2 created
        service/service2 created
        configmap/config-service3 created
        deployment.apps/service3 created
        service/service3 created
        [run.sh] Client pod not found, deploying client
        deployment.apps/ubuntu-client created
        [run.sh] Waiting for all pods to be running
        [run.sh] All pods are running
        [run.sh] Checking heartbeat for all services
        [run.sh] Running warmup test
        [run.sh] /wrk/wrk -t8 -c800 --timeout 3s -d3s -L http://service0:80/endpoint1
        Running 3s test @ http://service0:80/endpoint1
        8 threads and 800 connections
        Thread Stats   Avg      Stdev     Max   +/- Stdev
        Latency   968.83ms  378.30ms   2.07s    61.75%
        Req/Sec   118.82    106.85   414.00     71.15%
        Latency Distribution
        50%  991.84ms
        75%    1.19s
        90%    1.49s
        99%    1.90s
        2089 requests in 3.02s, 324.37KB read
        Requests/sec:    690.85
        Transfer/sec:    107.27KB
        [run.sh] Speed is 690.85, duration is 43
        [run.sh] Fix the request number.
        [run.sh] Running the actual test
        [run.sh] /wrk/wrk --timeout 20s -t8 -c800 -d43s -L -s /wrk/fix_req_n.lua http://service0:80/endpoint1
        [run.sh] Checking the resource usage
        NAME                             CPU(cores)   MEMORY(bytes)
        service0-65b8c6f4cd-c5mf2        1173m        76Mi
        service1-54c6dcdcdd-99thb        907m         24Mi
        service2-7bdbb95446-62w82        899m         12Mi
        service3-5f6f57c864-q5wwg        361m         11Mi
        ubuntu-client-76886f6bbd-ckb6d   30m          23Mi
        Running 43s test @ http://service0:80/endpoint1
        8 threads and 800 connections
        Thread Stats   Avg      Stdev     Max   +/- Stdev
        Latency   842.72ms  369.91ms   3.22s    70.12%
        Req/Sec   130.31    107.36   570.00     68.84%
        Latency Distribution
        50%  772.83ms
        75%    1.06s
        90%    1.35s
        99%    1.92s
        20000 requests in 43.00s, 3.03MB read
        Requests/sec:    465.11
        Transfer/sec:     72.22KB
        ------------------------------
        stop time: 21.607454
        stop time: 21.277330
        stop time: 21.176215
        stop time: 21.587760
        stop time: 21.643267
        stop time: 21.664084
        stop time: 21.665032
        stop time: 21.803005
        [run.sh] Test finished with status 0
        > STDERR
        > No resources found in default namespace.
    [exp] Times: [21.607454, 21.27733, 21.176215, 21.58776, 21.643267, 21.664084, 21.665032, 21.803005]
    [exp] Throughput: 927.9442745336592
[test.py] Finished running 1th optmization experiment: groundtruth->1080.081757328662, slowdown->927.9442745336592, predicted->1424.0329972654026, err->31.844926331079446
[test.py] Running 2th optmization experiment
[test.py] Running 2th groundtruth exp
    [exp] Running (pre_run: False) workload synthetic/fanout-w3-grpc-async request with the following configuration: {'CLIENT_CPU_QUOTA': '2', 'SLOWPOKE_POKER_BATCH_THRESHOLD': '20000000', 'PROCESSING_TIME_SERVICE0': '0.00091802', 'PROCESSING_TIME_SERVICE1': '0.00084359', 'PROCESSING_TIME_SERVICE2': '0.000166', 'PROCESSING_TIME_SERVICE3': '0.00027464', 'SLOWPOKE_DELAY_MICROS_SERVICE0': '0.0', 'SLOWPOKE_POKER_BATCH_THRESHOLD_SERVICE0': '100', 'SLOWPOKE_IS_TARGET_SERVICE_SERVICE0': 'false', 'SLOWPOKE_DELAY_MICROS_SERVICE1': '0.0', 'SLOWPOKE_POKER_BATCH_THRESHOLD_SERVICE1': '100', 'SLOWPOKE_IS_TARGET_SERVICE_SERVICE1': 'false', 'SLOWPOKE_DELAY_MICROS_SERVICE2': '0.0', 'SLOWPOKE_POKER_BATCH_THRESHOLD_SERVICE2': '100', 'SLOWPOKE_IS_TARGET_SERVICE_SERVICE2': 'true', 'SLOWPOKE_DELAY_MICROS_SERVICE3': '0.0', 'SLOWPOKE_POKER_BATCH_THRESHOLD_SERVICE3': '100', 'SLOWPOKE_IS_TARGET_SERVICE_SERVICE3': 'false'}
    [exp] Executing cmd `bash run.sh synthetic fanout-w3-grpc-async 8 800 20000`:
        [run.sh] Running benchmark synthetic with request fanout-w3-grpc-async, thread 8, conn 800, duration 60
        [run.sh] Deleting all services
        configmap "config-service0" deleted
        deployment.apps "service0" deleted
        service "service0" deleted
        configmap "config-service1" deleted
        deployment.apps "service1" deleted
        service "service1" deleted
        configmap "config-service2" deleted
        deployment.apps "service2" deleted
        service "service2" deleted
        configmap "config-service3" deleted
        deployment.apps "service3" deleted
        service "service3" deleted
        deployment.apps "ubuntu-client" deleted
        [run.sh] Waiting for all pods to be deleted
        [run.sh] Deploying all services
        configmap/config-service0 created
        deployment.apps/service0 created
        service/service0 created
        configmap/config-service1 created
        deployment.apps/service1 created
        service/service1 created
        configmap/config-service2 created
        deployment.apps/service2 created
        service/service2 created
        configmap/config-service3 created
        deployment.apps/service3 created
        service/service3 created
        [run.sh] Client pod not found, deploying client
        deployment.apps/ubuntu-client created
        [run.sh] Waiting for all pods to be running
        [run.sh] All pods are running
        [run.sh] Checking heartbeat for all services
        [run.sh] Running warmup test
        [run.sh] /wrk/wrk -t8 -c800 --timeout 3s -d3s -L http://service0:80/endpoint1
        Running 3s test @ http://service0:80/endpoint1
        8 threads and 800 connections
        Thread Stats   Avg      Stdev     Max   +/- Stdev
        Latency   562.54ms  197.92ms   1.27s    66.96%
        Req/Sec   182.37    145.15   525.00     63.21%
        Latency Distribution
        50%  538.96ms
        75%  680.23ms
        90%  852.86ms
        99%    1.05s
        3832 requests in 3.02s, 595.01KB read
        Requests/sec:   1266.89
        Transfer/sec:    196.72KB
        [run.sh] Speed is 1266.89, duration is 23
        [run.sh] Fix the request number.
        [run.sh] Running the actual test
        [run.sh] /wrk/wrk --timeout 20s -t8 -c800 -d23s -L -s /wrk/fix_req_n.lua http://service0:80/endpoint1
        Running 23s test @ http://service0:80/endpoint1
        8 threads and 800 connections
        Thread Stats   Avg      Stdev     Max   +/- Stdev
        Latency   530.35ms  251.15ms   1.66s    68.10%
        Req/Sec   195.54    158.50   767.00     68.88%
        Latency Distribution
        50%  494.10ms
        75%  674.01ms
        90%  889.38ms
        99%    1.21s
        20000 requests in 23.00s, 3.03MB read
        Requests/sec:    869.56
        Transfer/sec:    135.02KB
        ------------------------------
        stop time: 13.200463
        stop time: 13.460537
        stop time: 13.396938
        stop time: 13.656583
        stop time: 13.645152
        stop time: 13.662489
        stop time: 13.655072
        stop time: 13.661045
        [run.sh] Checking the resource usage
        [run.sh] Test finished with status 0
        > STDERR
        > No resources found in default namespace.
        > error: metrics not available yet
    [exp] Times: [13.200463, 13.460537, 13.396938, 13.656583, 13.645152, 13.662489, 13.655072, 13.661045]
    [exp] Throughput: 1476.855655054295
[test.py] Running 2th slowdown exp
    [exp] Running (pre_run: False) workload synthetic/fanout-w3-grpc-async request with the following configuration: {'CLIENT_CPU_QUOTA': '2', 'SLOWPOKE_POKER_BATCH_THRESHOLD': '20000000', 'PROCESSING_TIME_SERVICE0': '0.00091802', 'PROCESSING_TIME_SERVICE1': '0.00084359', 'PROCESSING_TIME_SERVICE2': '0.00083384', 'PROCESSING_TIME_SERVICE3': '0.00027464', 'SLOWPOKE_DELAY_MICROS_SERVICE0': '333.5', 'SLOWPOKE_POKER_BATCH_THRESHOLD_SERVICE0': '100', 'SLOWPOKE_IS_TARGET_SERVICE_SERVICE0': 'false', 'SLOWPOKE_DELAY_MICROS_SERVICE1': '333.5', 'SLOWPOKE_POKER_BATCH_THRESHOLD_SERVICE1': '100', 'SLOWPOKE_IS_TARGET_SERVICE_SERVICE1': 'false', 'SLOWPOKE_DELAY_MICROS_SERVICE2': '0.0', 'SLOWPOKE_POKER_BATCH_THRESHOLD_SERVICE2': '100', 'SLOWPOKE_IS_TARGET_SERVICE_SERVICE2': 'true', 'SLOWPOKE_DELAY_MICROS_SERVICE3': '333.5', 'SLOWPOKE_POKER_BATCH_THRESHOLD_SERVICE3': '100', 'SLOWPOKE_IS_TARGET_SERVICE_SERVICE3': 'false'}
    [exp] Executing cmd `bash run.sh synthetic fanout-w3-grpc-async 8 800 20000`:
        [run.sh] Running benchmark synthetic with request fanout-w3-grpc-async, thread 8, conn 800, duration 60
        [run.sh] Deleting all services
        configmap "config-service0" deleted
        deployment.apps "service0" deleted
        service "service0" deleted
        configmap "config-service1" deleted
        deployment.apps "service1" deleted
        service "service1" deleted
        configmap "config-service2" deleted
        deployment.apps "service2" deleted
        service "service2" deleted
        configmap "config-service3" deleted
        deployment.apps "service3" deleted
        service "service3" deleted
        deployment.apps "ubuntu-client" deleted
        [run.sh] Waiting for all pods to be deleted
        [run.sh] Deploying all services
        configmap/config-service0 created
        deployment.apps/service0 created
        service/service0 created
        configmap/config-service1 created
        deployment.apps/service1 created
        service/service1 created
        configmap/config-service2 created
        deployment.apps/service2 created
        service/service2 created
        configmap/config-service3 created
        deployment.apps/service3 created
        service/service3 created
        [run.sh] Client pod not found, deploying client
        deployment.apps/ubuntu-client created
        [run.sh] Waiting for all pods to be running
        [run.sh] All pods are running
        [run.sh] Checking heartbeat for all services
        [run.sh] Running warmup test
        [run.sh] /wrk/wrk -t8 -c800 --timeout 3s -d3s -L http://service0:80/endpoint1
        Running 3s test @ http://service0:80/endpoint1
        8 threads and 800 connections
        Thread Stats   Avg      Stdev     Max   +/- Stdev
        Latency   872.97ms  399.52ms   2.27s    65.25%
        Req/Sec   122.82    123.06   550.00     89.17%
        Latency Distribution
        50%  808.55ms
        75%    1.25s
        90%    1.38s
        99%    2.15s
        2230 requests in 3.04s, 346.26KB read
        Requests/sec:    733.73
        Transfer/sec:    113.93KB
        [run.sh] Speed is 733.73, duration is 40
        [run.sh] Fix the request number.
        [run.sh] Running the actual test
        [run.sh] /wrk/wrk --timeout 20s -t8 -c800 -d40s -L -s /wrk/fix_req_n.lua http://service0:80/endpoint1
        [run.sh] Checking the resource usage
        NAME                             CPU(cores)   MEMORY(bytes)
        service0-667c9bc5-qbt6n          647m         88Mi
        service1-6978cb9557-vmjdq        456m         14Mi
        service2-7bdbb95446-nvhk2        477m         14Mi
        service3-56dd775cfc-qn9j5        94m          12Mi
        ubuntu-client-76886f6bbd-xdc48   15m          19Mi
        Running 40s test @ http://service0:80/endpoint1
        8 threads and 800 connections
        Thread Stats   Avg      Stdev     Max   +/- Stdev
        Latency   794.56ms  346.31ms   2.61s    69.03%
        Req/Sec   136.60    118.46   606.00     74.13%
        Latency Distribution
        50%  750.62ms
        75%    1.00s
        90%    1.27s
        99%    1.76s
        20000 requests in 40.00s, 3.03MB read
        Requests/sec:    500.00
        Transfer/sec:     77.64KB
        ------------------------------
        stop time: 20.250153
        stop time: 20.305670
        stop time: 20.358360
        stop time: 20.031542
        stop time: 20.187630
        stop time: 20.388323
        stop time: 20.469905
        stop time: 20.472094
        [run.sh] Test finished with status 0
        > STDERR
        > No resources found in default namespace.
    [exp] Times: [20.250153, 20.30567, 20.35836, 20.031542, 20.18763, 20.388323, 20.469905, 20.472094]
    [exp] Throughput: 984.8355211115896
[test.py] Finished running 2th optmization experiment: groundtruth->1476.855655054295, slowdown->984.8355211115896, predicted->1467.3988412153117, err->-0.6403343350867785
[test.py] Running 3th optmization experiment
[test.py] Running 3th groundtruth exp
    [exp] Running (pre_run: False) workload synthetic/fanout-w3-grpc-async request with the following configuration: {'CLIENT_CPU_QUOTA': '2', 'SLOWPOKE_POKER_BATCH_THRESHOLD': '20000000', 'PROCESSING_TIME_SERVICE0': '0.00091802', 'PROCESSING_TIME_SERVICE1': '0.00084359', 'PROCESSING_TIME_SERVICE2': '0.000249', 'PROCESSING_TIME_SERVICE3': '0.00027464', 'SLOWPOKE_DELAY_MICROS_SERVICE0': '0.0', 'SLOWPOKE_POKER_BATCH_THRESHOLD_SERVICE0': '100', 'SLOWPOKE_IS_TARGET_SERVICE_SERVICE0': 'false', 'SLOWPOKE_DELAY_MICROS_SERVICE1': '0.0', 'SLOWPOKE_POKER_BATCH_THRESHOLD_SERVICE1': '100', 'SLOWPOKE_IS_TARGET_SERVICE_SERVICE1': 'false', 'SLOWPOKE_DELAY_MICROS_SERVICE2': '0.0', 'SLOWPOKE_POKER_BATCH_THRESHOLD_SERVICE2': '100', 'SLOWPOKE_IS_TARGET_SERVICE_SERVICE2': 'true', 'SLOWPOKE_DELAY_MICROS_SERVICE3': '0.0', 'SLOWPOKE_POKER_BATCH_THRESHOLD_SERVICE3': '100', 'SLOWPOKE_IS_TARGET_SERVICE_SERVICE3': 'false'}
    [exp] Executing cmd `bash run.sh synthetic fanout-w3-grpc-async 8 800 20000`:
        [run.sh] Running benchmark synthetic with request fanout-w3-grpc-async, thread 8, conn 800, duration 60
        [run.sh] Deleting all services
        configmap "config-service0" deleted
        deployment.apps "service0" deleted
        service "service0" deleted
        configmap "config-service1" deleted
        deployment.apps "service1" deleted
        service "service1" deleted
        configmap "config-service2" deleted
        deployment.apps "service2" deleted
        service "service2" deleted
        configmap "config-service3" deleted
        deployment.apps "service3" deleted
        service "service3" deleted
        deployment.apps "ubuntu-client" deleted
        [run.sh] Waiting for all pods to be deleted
        [run.sh] Deploying all services
        configmap/config-service0 created
        deployment.apps/service0 created
        service/service0 created
        configmap/config-service1 created
        deployment.apps/service1 created
        service/service1 created
        configmap/config-service2 created
        deployment.apps/service2 created
        service/service2 created
        configmap/config-service3 created
        deployment.apps/service3 created
        service/service3 created
        [run.sh] Client pod not found, deploying client
        deployment.apps/ubuntu-client created
        [run.sh] Waiting for all pods to be running
        [run.sh] All pods are running
        [run.sh] Checking heartbeat for all services
        [run.sh] Running warmup test
        [run.sh] /wrk/wrk -t8 -c800 --timeout 3s -d3s -L http://service0:80/endpoint1
        Running 3s test @ http://service0:80/endpoint1
        8 threads and 800 connections
        Thread Stats   Avg      Stdev     Max   +/- Stdev
        Latency   550.79ms  248.14ms   1.46s    65.72%
        Req/Sec   202.74    129.16   727.00     73.68%
        Latency Distribution
        50%  529.27ms
        75%  750.04ms
        90%  889.88ms
        99%    1.20s
        3964 requests in 3.04s, 615.50KB read
        Requests/sec:   1305.25
        Transfer/sec:    202.67KB
        [run.sh] Speed is 1305.25, duration is 22
        [run.sh] Fix the request number.
        [run.sh] Running the actual test
        [run.sh] /wrk/wrk --timeout 20s -t8 -c800 -d22s -L -s /wrk/fix_req_n.lua http://service0:80/endpoint1
        Running 22s test @ http://service0:80/endpoint1
        8 threads and 800 connections
        Thread Stats   Avg      Stdev     Max   +/- Stdev
        Latency   527.56ms  257.25ms   1.80s    71.72%
        Req/Sec   196.30    129.15   640.00     65.55%
        Latency Distribution
        50%  485.24ms
        75%  660.41ms
        90%  875.10ms
        99%    1.30s
        20000 requests in 22.00s, 3.03MB read
        Requests/sec:    909.08
        Transfer/sec:    141.16KB
        ------------------------------
        stop time: 13.095461
        stop time: 13.367673
        stop time: 13.386444
        stop time: 13.522708
        stop time: 13.372043
        stop time: 13.514519
        stop time: 13.536774
        stop time: 13.461147
        [run.sh] Checking the resource usage
        NAME                             CPU(cores)   MEMORY(bytes)
        service0-6fb7cc7c7f-728kn        3m           77Mi
        service1-76b89695f7-mlqxk        0m           17Mi
        service2-7bdbb95446-lck4m        0m           12Mi
        service3-766854894f-wtbtn        0m           11Mi
        ubuntu-client-76886f6bbd-v4fjb   3m           0Mi
        [run.sh] Test finished with status 0
        > STDERR
        > No resources found in default namespace.
    [exp] Times: [13.095461, 13.367673, 13.386444, 13.522708, 13.372043, 13.514519, 13.536774, 13.461147]
    [exp] Throughput: 1491.7473413729256
[test.py] Running 3th slowdown exp
    [exp] Running (pre_run: False) workload synthetic/fanout-w3-grpc-async request with the following configuration: {'CLIENT_CPU_QUOTA': '2', 'SLOWPOKE_POKER_BATCH_THRESHOLD': '20000000', 'PROCESSING_TIME_SERVICE0': '0.00091802', 'PROCESSING_TIME_SERVICE1': '0.00084359', 'PROCESSING_TIME_SERVICE2': '0.00083384', 'PROCESSING_TIME_SERVICE3': '0.00027464', 'SLOWPOKE_DELAY_MICROS_SERVICE0': '292.0', 'SLOWPOKE_POKER_BATCH_THRESHOLD_SERVICE0': '100', 'SLOWPOKE_IS_TARGET_SERVICE_SERVICE0': 'false', 'SLOWPOKE_DELAY_MICROS_SERVICE1': '292.0', 'SLOWPOKE_POKER_BATCH_THRESHOLD_SERVICE1': '100', 'SLOWPOKE_IS_TARGET_SERVICE_SERVICE1': 'false', 'SLOWPOKE_DELAY_MICROS_SERVICE2': '0.0', 'SLOWPOKE_POKER_BATCH_THRESHOLD_SERVICE2': '100', 'SLOWPOKE_IS_TARGET_SERVICE_SERVICE2': 'true', 'SLOWPOKE_DELAY_MICROS_SERVICE3': '292.0', 'SLOWPOKE_POKER_BATCH_THRESHOLD_SERVICE3': '100', 'SLOWPOKE_IS_TARGET_SERVICE_SERVICE3': 'false'}
    [exp] Executing cmd `bash run.sh synthetic fanout-w3-grpc-async 8 800 20000`:
        [run.sh] Running benchmark synthetic with request fanout-w3-grpc-async, thread 8, conn 800, duration 60
        [run.sh] Deleting all services
        configmap "config-service0" deleted
        deployment.apps "service0" deleted
        service "service0" deleted
        configmap "config-service1" deleted
        deployment.apps "service1" deleted
        service "service1" deleted
        configmap "config-service2" deleted
        deployment.apps "service2" deleted
        service "service2" deleted
        configmap "config-service3" deleted
        deployment.apps "service3" deleted
        service "service3" deleted
        deployment.apps "ubuntu-client" deleted
        [run.sh] Waiting for all pods to be deleted
        [run.sh] Deploying all services
        configmap/config-service0 created
        deployment.apps/service0 created
        service/service0 created
        configmap/config-service1 created
        deployment.apps/service1 created
        service/service1 created
        configmap/config-service2 created
        deployment.apps/service2 created
        service/service2 created
        configmap/config-service3 created
        deployment.apps/service3 created
        service/service3 created
        [run.sh] Client pod not found, deploying client
        deployment.apps/ubuntu-client created
        [run.sh] Waiting for all pods to be running
        [run.sh] All pods are running
        [run.sh] Checking heartbeat for all services
        [run.sh] Running warmup test
        [run.sh] /wrk/wrk -t8 -c800 --timeout 3s -d3s -L http://service0:80/endpoint1
        Running 3s test @ http://service0:80/endpoint1
        8 threads and 800 connections
        Thread Stats   Avg      Stdev     Max   +/- Stdev
        Latency   785.54ms  368.71ms   2.31s    70.92%
        Req/Sec   162.98    132.07   520.00     61.74%
        Latency Distribution
        50%  787.86ms
        75%  991.04ms
        90%    1.24s
        99%    1.87s
        2779 requests in 3.03s, 431.50KB read
        Requests/sec:    917.14
        Transfer/sec:    142.41KB
        [run.sh] Speed is 917.14, duration is 32
        [run.sh] Fix the request number.
        [run.sh] Running the actual test
        [run.sh] /wrk/wrk --timeout 20s -t8 -c800 -d32s -L -s /wrk/fix_req_n.lua http://service0:80/endpoint1
        Running 32s test @ http://service0:80/endpoint1
        8 threads and 800 connections
        Thread Stats   Avg      Stdev     Max   +/- Stdev
        Latency   756.08ms  338.38ms   2.47s    70.00%
        Req/Sec   141.77    118.08   830.00     71.47%
        Latency Distribution
        50%  712.21ms
        75%  935.06ms
        90%    1.21s
        99%    1.77s
        20000 requests in 32.00s, 3.03MB read
        Requests/sec:    625.00
        Transfer/sec:     97.05KB
        ------------------------------
        stop time: 19.409870
        stop time: 19.164297
        stop time: 18.842741
        stop time: 19.435572
        stop time: 19.126081
        stop time: 19.376085
        stop time: 19.490160
        stop time: 19.402014
        [run.sh] Checking the resource usage
        NAME                             CPU(cores)   MEMORY(bytes)
        service0-5c789958cd-5msgr        472m         67Mi
        service1-57b875f968-pfmfs        351m         15Mi
        service2-7bdbb95446-9z5k8        350m         12Mi
        service3-6f5d57dbbd-99xp4        148m         11Mi
        ubuntu-client-76886f6bbd-2c8pg   20m          0Mi
        [run.sh] Test finished with status 0
        > STDERR
        > No resources found in default namespace.
    [exp] Times: [19.40987, 19.164297, 18.842741, 19.435572, 19.126081, 19.376085, 19.49016, 19.402014]
    [exp] Throughput: 1037.2985323133403
[test.py] Finished running 3th optmization experiment: groundtruth->1491.7473413729256, slowdown->1037.2985323133403, predicted->1488.931377200105, err->-0.18876951174780182
[test.py] Running 4th optmization experiment
[test.py] Running 4th groundtruth exp
    [exp] Running (pre_run: False) workload synthetic/fanout-w3-grpc-async request with the following configuration: {'CLIENT_CPU_QUOTA': '2', 'SLOWPOKE_POKER_BATCH_THRESHOLD': '20000000', 'PROCESSING_TIME_SERVICE0': '0.00091802', 'PROCESSING_TIME_SERVICE1': '0.00084359', 'PROCESSING_TIME_SERVICE2': '0.000332', 'PROCESSING_TIME_SERVICE3': '0.00027464', 'SLOWPOKE_DELAY_MICROS_SERVICE0': '0.0', 'SLOWPOKE_POKER_BATCH_THRESHOLD_SERVICE0': '100', 'SLOWPOKE_IS_TARGET_SERVICE_SERVICE0': 'false', 'SLOWPOKE_DELAY_MICROS_SERVICE1': '0.0', 'SLOWPOKE_POKER_BATCH_THRESHOLD_SERVICE1': '100', 'SLOWPOKE_IS_TARGET_SERVICE_SERVICE1': 'false', 'SLOWPOKE_DELAY_MICROS_SERVICE2': '0.0', 'SLOWPOKE_POKER_BATCH_THRESHOLD_SERVICE2': '100', 'SLOWPOKE_IS_TARGET_SERVICE_SERVICE2': 'true', 'SLOWPOKE_DELAY_MICROS_SERVICE3': '0.0', 'SLOWPOKE_POKER_BATCH_THRESHOLD_SERVICE3': '100', 'SLOWPOKE_IS_TARGET_SERVICE_SERVICE3': 'false'}
    [exp] Executing cmd `bash run.sh synthetic fanout-w3-grpc-async 8 800 20000`:
        [run.sh] Running benchmark synthetic with request fanout-w3-grpc-async, thread 8, conn 800, duration 60
        [run.sh] Deleting all services
        configmap "config-service0" deleted
        deployment.apps "service0" deleted
        service "service0" deleted
        configmap "config-service1" deleted
        deployment.apps "service1" deleted
        service "service1" deleted
        configmap "config-service2" deleted
        deployment.apps "service2" deleted
        service "service2" deleted
        configmap "config-service3" deleted
        deployment.apps "service3" deleted
        service "service3" deleted
        deployment.apps "ubuntu-client" deleted
        [run.sh] Waiting for all pods to be deleted
        [run.sh] Deploying all services
        configmap/config-service0 created
        deployment.apps/service0 created
        service/service0 created
        configmap/config-service1 created
        deployment.apps/service1 created
        service/service1 created
        configmap/config-service2 created
        deployment.apps/service2 created
        service/service2 created
        configmap/config-service3 created
        deployment.apps/service3 created
        service/service3 created
        [run.sh] Client pod not found, deploying client
        deployment.apps/ubuntu-client created
        [run.sh] Waiting for all pods to be running
        [run.sh] All pods are running
        [run.sh] Checking heartbeat for all services
        [run.sh] Running warmup test
        [run.sh] /wrk/wrk -t8 -c800 --timeout 3s -d3s -L http://service0:80/endpoint1
        Running 3s test @ http://service0:80/endpoint1
        8 threads and 800 connections
        Thread Stats   Avg      Stdev     Max   +/- Stdev
        Latency   579.79ms  251.69ms   1.20s    59.12%
        Req/Sec   199.53    160.49   700.00     74.46%
        Latency Distribution
        50%  560.16ms
        75%  791.22ms
        90%  949.62ms
        99%    1.07s
        3777 requests in 3.02s, 586.47KB read
        Requests/sec:   1250.31
        Transfer/sec:    194.14KB
        [run.sh] Speed is 1250.31, duration is 23
        [run.sh] Fix the request number.
        [run.sh] Running the actual test
        [run.sh] /wrk/wrk --timeout 20s -t8 -c800 -d23s -L -s /wrk/fix_req_n.lua http://service0:80/endpoint1
        Running 23s test @ http://service0:80/endpoint1
        8 threads and 800 connections
        Thread Stats   Avg      Stdev     Max   +/- Stdev
        Latency   540.69ms  231.45ms   1.79s    69.26%
        Req/Sec   194.97    148.84   690.00     65.24%
        Latency Distribution
        50%  504.69ms
        75%  691.75ms
        90%  864.68ms
        99%    1.18s
        20000 requests in 23.00s, 3.03MB read
        Requests/sec:    869.56
        Transfer/sec:    135.02KB
        ------------------------------
        stop time: 13.565848
        stop time: 13.676027
        stop time: 13.698409
        stop time: 13.732859
        stop time: 13.777115
        stop time: 13.820163
        stop time: 13.815257
        stop time: 13.785287
        [run.sh] Checking the resource usage
        NAME                             CPU(cores)   MEMORY(bytes)
        service0-6fb7cc7c7f-wjbjf        1875m        70Mi
        service1-76b89695f7-p4tg9        327m         18Mi
        service2-7bdbb95446-6866n        693m         12Mi
        service3-766854894f-ntndz        265m         10Mi
        ubuntu-client-76886f6bbd-4tlwv   25m          19Mi
        [run.sh] Test finished with status 0
        > STDERR
        > No resources found in default namespace.
    [exp] Times: [13.565848, 13.676027, 13.698409, 13.732859, 13.777115, 13.820163, 13.815257, 13.785287]
    [exp] Throughput: 1456.2537063363375
[test.py] Running 4th slowdown exp
    [exp] Running (pre_run: False) workload synthetic/fanout-w3-grpc-async request with the following configuration: {'CLIENT_CPU_QUOTA': '2', 'SLOWPOKE_POKER_BATCH_THRESHOLD': '20000000', 'PROCESSING_TIME_SERVICE0': '0.00091802', 'PROCESSING_TIME_SERVICE1': '0.00084359', 'PROCESSING_TIME_SERVICE2': '0.00083384', 'PROCESSING_TIME_SERVICE3': '0.00027464', 'SLOWPOKE_DELAY_MICROS_SERVICE0': '250.5', 'SLOWPOKE_POKER_BATCH_THRESHOLD_SERVICE0': '100', 'SLOWPOKE_IS_TARGET_SERVICE_SERVICE0': 'false', 'SLOWPOKE_DELAY_MICROS_SERVICE1': '250.5', 'SLOWPOKE_POKER_BATCH_THRESHOLD_SERVICE1': '100', 'SLOWPOKE_IS_TARGET_SERVICE_SERVICE1': 'false', 'SLOWPOKE_DELAY_MICROS_SERVICE2': '0.0', 'SLOWPOKE_POKER_BATCH_THRESHOLD_SERVICE2': '100', 'SLOWPOKE_IS_TARGET_SERVICE_SERVICE2': 'true', 'SLOWPOKE_DELAY_MICROS_SERVICE3': '250.5', 'SLOWPOKE_POKER_BATCH_THRESHOLD_SERVICE3': '100', 'SLOWPOKE_IS_TARGET_SERVICE_SERVICE3': 'false'}
    [exp] Executing cmd `bash run.sh synthetic fanout-w3-grpc-async 8 800 20000`:
        [run.sh] Running benchmark synthetic with request fanout-w3-grpc-async, thread 8, conn 800, duration 60
        [run.sh] Deleting all services
        configmap "config-service0" deleted
        deployment.apps "service0" deleted
        service "service0" deleted
        configmap "config-service1" deleted
        deployment.apps "service1" deleted
        service "service1" deleted
        configmap "config-service2" deleted
        deployment.apps "service2" deleted
        service "service2" deleted
        configmap "config-service3" deleted
        deployment.apps "service3" deleted
        service "service3" deleted
        deployment.apps "ubuntu-client" deleted
        [run.sh] Waiting for all pods to be deleted
        [run.sh] Deploying all services
        configmap/config-service0 created
        deployment.apps/service0 created
        service/service0 created
        configmap/config-service1 created
        deployment.apps/service1 created
        service/service1 created
        configmap/config-service2 created
        deployment.apps/service2 created
        service/service2 created
        configmap/config-service3 created
        deployment.apps/service3 created
        service/service3 created
        [run.sh] Client pod not found, deploying client
        deployment.apps/ubuntu-client created
        [run.sh] Waiting for all pods to be running
        [run.sh] All pods are running
        [run.sh] Checking heartbeat for all services
        [run.sh] Running warmup test
        [run.sh] /wrk/wrk -t8 -c800 --timeout 3s -d3s -L http://service0:80/endpoint1
        Running 3s test @ http://service0:80/endpoint1
        8 threads and 800 connections
        Thread Stats   Avg      Stdev     Max   +/- Stdev
        Latency   771.60ms  307.36ms   1.86s    66.56%
        Req/Sec   136.47     84.64   363.00     61.58%
        Latency Distribution
        50%  758.46ms
        75%  983.49ms
        90%    1.19s
        99%    1.47s
        2575 requests in 3.02s, 399.83KB read
        Requests/sec:    851.58
        Transfer/sec:    132.23KB
        [run.sh] Speed is 851.58, duration is 35
        [run.sh] Fix the request number.
        [run.sh] Running the actual test
        [run.sh] /wrk/wrk --timeout 20s -t8 -c800 -d35s -L -s /wrk/fix_req_n.lua http://service0:80/endpoint1
        [run.sh] Checking the resource usage
        NAME                             CPU(cores)   MEMORY(bytes)
        service3-74465689b5-6wzm2        0m           9Mi
        ubuntu-client-76886f6bbd-qwg44   0m           12Mi
        Running 35s test @ http://service0:80/endpoint1
        8 threads and 800 connections
        Thread Stats   Avg      Stdev     Max   +/- Stdev
        Latency   714.39ms  334.70ms   2.65s    67.26%
        Req/Sec   154.74    123.03   737.00     69.82%
        Latency Distribution
        50%  691.17ms
        75%  917.54ms
        90%    1.15s
        99%    1.68s
        20000 requests in 35.00s, 3.03MB read
        Requests/sec:    571.43
        Transfer/sec:     88.73KB
        ------------------------------
        stop time: 18.283854
        stop time: 18.100405
        stop time: 18.128337
        stop time: 18.190088
        stop time: 18.390204
        stop time: 18.247325
        stop time: 18.481605
        stop time: 18.416778
        [run.sh] Test finished with status 0
        > STDERR
        > No resources found in default namespace.
    [exp] Times: [18.283854, 18.100405, 18.128337, 18.190088, 18.390204, 18.247325, 18.481605, 18.416778]
    [exp] Throughput: 1094.1024078212567
[test.py] Finished running 4th optmization experiment: groundtruth->1456.2537063363375, slowdown->1094.1024078212567, predicted->1508.1336096284379, err->3.5625593992560907
[test.py] Running 5th optmization experiment
[test.py] Running 5th groundtruth exp
    [exp] Running (pre_run: False) workload synthetic/fanout-w3-grpc-async request with the following configuration: {'CLIENT_CPU_QUOTA': '2', 'SLOWPOKE_POKER_BATCH_THRESHOLD': '20000000', 'PROCESSING_TIME_SERVICE0': '0.00091802', 'PROCESSING_TIME_SERVICE1': '0.00084359', 'PROCESSING_TIME_SERVICE2': '0.000415', 'PROCESSING_TIME_SERVICE3': '0.00027464', 'SLOWPOKE_DELAY_MICROS_SERVICE0': '0.0', 'SLOWPOKE_POKER_BATCH_THRESHOLD_SERVICE0': '100', 'SLOWPOKE_IS_TARGET_SERVICE_SERVICE0': 'false', 'SLOWPOKE_DELAY_MICROS_SERVICE1': '0.0', 'SLOWPOKE_POKER_BATCH_THRESHOLD_SERVICE1': '100', 'SLOWPOKE_IS_TARGET_SERVICE_SERVICE1': 'false', 'SLOWPOKE_DELAY_MICROS_SERVICE2': '0.0', 'SLOWPOKE_POKER_BATCH_THRESHOLD_SERVICE2': '100', 'SLOWPOKE_IS_TARGET_SERVICE_SERVICE2': 'true', 'SLOWPOKE_DELAY_MICROS_SERVICE3': '0.0', 'SLOWPOKE_POKER_BATCH_THRESHOLD_SERVICE3': '100', 'SLOWPOKE_IS_TARGET_SERVICE_SERVICE3': 'false'}
    [exp] Executing cmd `bash run.sh synthetic fanout-w3-grpc-async 8 800 20000`:
        [run.sh] Running benchmark synthetic with request fanout-w3-grpc-async, thread 8, conn 800, duration 60
        [run.sh] Deleting all services
        configmap "config-service0" deleted
        deployment.apps "service0" deleted
        service "service0" deleted
        configmap "config-service1" deleted
        deployment.apps "service1" deleted
        service "service1" deleted
        configmap "config-service2" deleted
        deployment.apps "service2" deleted
        service "service2" deleted
        configmap "config-service3" deleted
        deployment.apps "service3" deleted
        service "service3" deleted
        deployment.apps "ubuntu-client" deleted
        [run.sh] Waiting for all pods to be deleted
        [run.sh] Deploying all services
        configmap/config-service0 created
        deployment.apps/service0 created
        service/service0 created
        configmap/config-service1 created
        deployment.apps/service1 created
        service/service1 created
        configmap/config-service2 created
        deployment.apps/service2 created
        service/service2 created
        configmap/config-service3 created
        deployment.apps/service3 created
        service/service3 created
        [run.sh] Client pod not found, deploying client
        deployment.apps/ubuntu-client created
        [run.sh] Waiting for all pods to be running
        [run.sh] All pods are running
        [run.sh] Checking heartbeat for all services
        [run.sh] Running warmup test
        [run.sh] /wrk/wrk -t8 -c800 --timeout 3s -d3s -L http://service0:80/endpoint1
        Running 3s test @ http://service0:80/endpoint1
        8 threads and 800 connections
        Thread Stats   Avg      Stdev     Max   +/- Stdev
        Latency   534.41ms  268.45ms   1.38s    72.69%
        Req/Sec   169.68    154.78   800.00     82.63%
        Latency Distribution
        50%  478.71ms
        75%  679.71ms
        90%  920.75ms
        99%    1.31s
        3633 requests in 3.02s, 564.11KB read
        Requests/sec:   1201.96
        Transfer/sec:    186.63KB
        [run.sh] Speed is 1201.96, duration is 24
        [run.sh] Fix the request number.
        [run.sh] Running the actual test
        [run.sh] /wrk/wrk --timeout 20s -t8 -c800 -d24s -L -s /wrk/fix_req_n.lua http://service0:80/endpoint1
        Running 24s test @ http://service0:80/endpoint1
        8 threads and 800 connections
        Thread Stats   Avg      Stdev     Max   +/- Stdev
        Latency   522.68ms  225.19ms   1.63s    69.37%
        Req/Sec   194.21    129.93   595.00     65.35%
        Latency Distribution
        50%  494.98ms
        75%  647.60ms
        90%  839.00ms
        99%    1.13s
        20000 requests in 24.00s, 3.03MB read
        Requests/sec:    833.33
        Transfer/sec:    129.39KB
        ------------------------------
        stop time: 13.046901
        stop time: 13.139341
        stop time: 13.261519
        stop time: 13.242984
        stop time: 13.351040
        stop time: 13.450407
        stop time: 13.545950
        stop time: 13.387590
        [run.sh] Checking the resource usage
        NAME                             CPU(cores)   MEMORY(bytes)
        service0-6fb7cc7c7f-qg4vv        1073m        75Mi
        service1-76b89695f7-29pxg        763m         18Mi
        service2-7bdbb95446-6sbcv        456m         11Mi
        service3-766854894f-wfp4j        611m         12Mi
        ubuntu-client-76886f6bbd-f855q   50m          19Mi
        [run.sh] Test finished with status 0
        > STDERR
        > No resources found in default namespace.
    [exp] Times: [13.046901, 13.139341, 13.261519, 13.242984, 13.35104, 13.450407, 13.54595, 13.38759]
    [exp] Throughput: 1503.3958140875177
[test.py] Running 5th slowdown exp
    [exp] Running (pre_run: False) workload synthetic/fanout-w3-grpc-async request with the following configuration: {'CLIENT_CPU_QUOTA': '2', 'SLOWPOKE_POKER_BATCH_THRESHOLD': '20000000', 'PROCESSING_TIME_SERVICE0': '0.00091802', 'PROCESSING_TIME_SERVICE1': '0.00084359', 'PROCESSING_TIME_SERVICE2': '0.00083384', 'PROCESSING_TIME_SERVICE3': '0.00027464', 'SLOWPOKE_DELAY_MICROS_SERVICE0': '209.0', 'SLOWPOKE_POKER_BATCH_THRESHOLD_SERVICE0': '100', 'SLOWPOKE_IS_TARGET_SERVICE_SERVICE0': 'false', 'SLOWPOKE_DELAY_MICROS_SERVICE1': '209.0', 'SLOWPOKE_POKER_BATCH_THRESHOLD_SERVICE1': '100', 'SLOWPOKE_IS_TARGET_SERVICE_SERVICE1': 'false', 'SLOWPOKE_DELAY_MICROS_SERVICE2': '0.0', 'SLOWPOKE_POKER_BATCH_THRESHOLD_SERVICE2': '100', 'SLOWPOKE_IS_TARGET_SERVICE_SERVICE2': 'true', 'SLOWPOKE_DELAY_MICROS_SERVICE3': '209.0', 'SLOWPOKE_POKER_BATCH_THRESHOLD_SERVICE3': '100', 'SLOWPOKE_IS_TARGET_SERVICE_SERVICE3': 'false'}
    [exp] Executing cmd `bash run.sh synthetic fanout-w3-grpc-async 8 800 20000`:
        [run.sh] Running benchmark synthetic with request fanout-w3-grpc-async, thread 8, conn 800, duration 60
        [run.sh] Deleting all services
        configmap "config-service0" deleted
        deployment.apps "service0" deleted
        service "service0" deleted
        configmap "config-service1" deleted
        deployment.apps "service1" deleted
        service "service1" deleted
        configmap "config-service2" deleted
        deployment.apps "service2" deleted
        service "service2" deleted
        configmap "config-service3" deleted
        deployment.apps "service3" deleted
        service "service3" deleted
        deployment.apps "ubuntu-client" deleted
        [run.sh] Waiting for all pods to be deleted
        [run.sh] Deploying all services
        configmap/config-service0 created
        deployment.apps/service0 created
        service/service0 created
        configmap/config-service1 created
        deployment.apps/service1 created
        service/service1 created
        configmap/config-service2 created
        deployment.apps/service2 created
        service/service2 created
        configmap/config-service3 created
        deployment.apps/service3 created
        service/service3 created
        [run.sh] Client pod not found, deploying client
        deployment.apps/ubuntu-client created
        [run.sh] Waiting for all pods to be running
        [run.sh] All pods are running
        [run.sh] Checking heartbeat for all services
        [run.sh] Running warmup test
        [run.sh] /wrk/wrk -t8 -c800 --timeout 3s -d3s -L http://service0:80/endpoint1
        Running 3s test @ http://service0:80/endpoint1
        8 threads and 800 connections
        Thread Stats   Avg      Stdev     Max   +/- Stdev
        Latency   710.28ms  281.82ms   2.01s    67.21%
        Req/Sec   154.87    128.68   580.00     70.43%
        Latency Distribution
        50%  726.47ms
        75%  922.95ms
        90%    1.04s
        99%    1.39s
        3047 requests in 3.02s, 473.12KB read
        Requests/sec:   1007.51
        Transfer/sec:    156.44KB
        [run.sh] Speed is 1007.51, duration is 29
        [run.sh] Fix the request number.
        [run.sh] Running the actual test
        [run.sh] /wrk/wrk --timeout 20s -t8 -c800 -d29s -L -s /wrk/fix_req_n.lua http://service0:80/endpoint1
        Running 29s test @ http://service0:80/endpoint1
        8 threads and 800 connections
        Thread Stats   Avg      Stdev     Max   +/- Stdev
        Latency   692.44ms  298.10ms   2.40s    70.61%
        Req/Sec   153.51    123.31   710.00     68.46%
        Latency Distribution
        50%  654.10ms
        75%  857.72ms
        90%    1.08s
        99%    1.55s
        20000 requests in 29.00s, 3.03MB read
        Requests/sec:    689.65
        Transfer/sec:    107.08KB
        ------------------------------
        stop time: 17.948295
        stop time: 17.956717
        stop time: 17.947921
        stop time: 17.942754
        stop time: 17.749069
        stop time: 17.927637
        stop time: 17.911799
        stop time: 17.914249
        [run.sh] Checking the resource usage
        [run.sh] Test finished with status 0
        > STDERR
        > No resources found in default namespace.
        > error: metrics not available yet
    [exp] Times: [17.948295, 17.956717, 17.947921, 17.942754, 17.749069, 17.927637, 17.911799, 17.914249]
    [exp] Throughput: 1116.5508772004014
[test.py] Finished running 5th optmization experiment: groundtruth->1503.3958140875177, slowdown->1116.5508772004014, predicted->1457.3111528997101, err->-3.0653711255527565
[test.py] Running 6th optmization experiment
[test.py] Running 6th groundtruth exp
    [exp] Running (pre_run: False) workload synthetic/fanout-w3-grpc-async request with the following configuration: {'CLIENT_CPU_QUOTA': '2', 'SLOWPOKE_POKER_BATCH_THRESHOLD': '20000000', 'PROCESSING_TIME_SERVICE0': '0.00091802', 'PROCESSING_TIME_SERVICE1': '0.00084359', 'PROCESSING_TIME_SERVICE2': '0.000498', 'PROCESSING_TIME_SERVICE3': '0.00027464', 'SLOWPOKE_DELAY_MICROS_SERVICE0': '0.0', 'SLOWPOKE_POKER_BATCH_THRESHOLD_SERVICE0': '100', 'SLOWPOKE_IS_TARGET_SERVICE_SERVICE0': 'false', 'SLOWPOKE_DELAY_MICROS_SERVICE1': '0.0', 'SLOWPOKE_POKER_BATCH_THRESHOLD_SERVICE1': '100', 'SLOWPOKE_IS_TARGET_SERVICE_SERVICE1': 'false', 'SLOWPOKE_DELAY_MICROS_SERVICE2': '0.0', 'SLOWPOKE_POKER_BATCH_THRESHOLD_SERVICE2': '100', 'SLOWPOKE_IS_TARGET_SERVICE_SERVICE2': 'true', 'SLOWPOKE_DELAY_MICROS_SERVICE3': '0.0', 'SLOWPOKE_POKER_BATCH_THRESHOLD_SERVICE3': '100', 'SLOWPOKE_IS_TARGET_SERVICE_SERVICE3': 'false'}
    [exp] Executing cmd `bash run.sh synthetic fanout-w3-grpc-async 8 800 20000`:
        [run.sh] Running benchmark synthetic with request fanout-w3-grpc-async, thread 8, conn 800, duration 60
        [run.sh] Deleting all services
        configmap "config-service0" deleted
        deployment.apps "service0" deleted
        service "service0" deleted
        configmap "config-service1" deleted
        deployment.apps "service1" deleted
        service "service1" deleted
        configmap "config-service2" deleted
        deployment.apps "service2" deleted
        service "service2" deleted
        configmap "config-service3" deleted
        deployment.apps "service3" deleted
        service "service3" deleted
        deployment.apps "ubuntu-client" deleted
        [run.sh] Waiting for all pods to be deleted
        [run.sh] Deploying all services
        configmap/config-service0 created
        deployment.apps/service0 created
        service/service0 created
        configmap/config-service1 created
        deployment.apps/service1 created
        service/service1 created
        configmap/config-service2 created
        deployment.apps/service2 created
        service/service2 created
        configmap/config-service3 created
        deployment.apps/service3 created
        service/service3 created
        [run.sh] Client pod not found, deploying client
        deployment.apps/ubuntu-client created
        [run.sh] Waiting for all pods to be running
        [run.sh] All pods are running
        [run.sh] Checking heartbeat for all services
        [run.sh] Running warmup test
        [run.sh] /wrk/wrk -t8 -c800 --timeout 3s -d3s -L http://service0:80/endpoint1
        Running 3s test @ http://service0:80/endpoint1
        8 threads and 800 connections
        Thread Stats   Avg      Stdev     Max   +/- Stdev
        Latency   580.13ms  278.76ms   1.52s    68.62%
        Req/Sec   189.52    116.98   590.00     68.59%
        Latency Distribution
        50%  553.89ms
        75%  739.97ms
        90%  919.79ms
        99%    1.41s
        3713 requests in 3.04s, 576.53KB read
        Requests/sec:   1222.49
        Transfer/sec:    189.82KB
        [run.sh] Speed is 1222.49, duration is 24
        [run.sh] Fix the request number.
        [run.sh] Running the actual test
        [run.sh] /wrk/wrk --timeout 20s -t8 -c800 -d24s -L -s /wrk/fix_req_n.lua http://service0:80/endpoint1
        Running 24s test @ http://service0:80/endpoint1
        8 threads and 800 connections
        Thread Stats   Avg      Stdev     Max   +/- Stdev
        Latency   552.30ms  295.01ms   2.43s    70.77%
        Req/Sec   193.63    155.91     0.95k    74.50%
        Latency Distribution
        50%  506.17ms
        75%  692.84ms
        90%  938.22ms
        99%    1.55s
        20000 requests in 24.00s, 3.03MB read
        Requests/sec:    833.33
        Transfer/sec:    129.39KB
        ------------------------------
        stop time: 14.017634
        stop time: 13.883817
        stop time: 13.988555
        stop time: 13.977204
        stop time: 13.974957
        stop time: 14.185812
        stop time: 14.187533
        stop time: 14.150176
        [run.sh] Checking the resource usage
        NAME                             CPU(cores)   MEMORY(bytes)
        service0-6fb7cc7c7f-wmnwh        138m         89Mi
        service1-76b89695f7-vjzkn        177m         19Mi
        service2-7bdbb95446-vpkwh        86m          14Mi
        service3-766854894f-k298n        368m         13Mi
        ubuntu-client-76886f6bbd-stqgz   30m          20Mi
        [run.sh] Test finished with status 0
        > STDERR
        > No resources found in default namespace.
    [exp] Times: [14.017634, 13.883817, 13.988555, 13.977204, 13.974957, 14.185812, 14.187533, 14.150176]
    [exp] Throughput: 1423.922220811748
[test.py] Running 6th slowdown exp
    [exp] Running (pre_run: False) workload synthetic/fanout-w3-grpc-async request with the following configuration: {'CLIENT_CPU_QUOTA': '2', 'SLOWPOKE_POKER_BATCH_THRESHOLD': '20000000', 'PROCESSING_TIME_SERVICE0': '0.00091802', 'PROCESSING_TIME_SERVICE1': '0.00084359', 'PROCESSING_TIME_SERVICE2': '0.00083384', 'PROCESSING_TIME_SERVICE3': '0.00027464', 'SLOWPOKE_DELAY_MICROS_SERVICE0': '167.5', 'SLOWPOKE_POKER_BATCH_THRESHOLD_SERVICE0': '100', 'SLOWPOKE_IS_TARGET_SERVICE_SERVICE0': 'false', 'SLOWPOKE_DELAY_MICROS_SERVICE1': '167.5', 'SLOWPOKE_POKER_BATCH_THRESHOLD_SERVICE1': '100', 'SLOWPOKE_IS_TARGET_SERVICE_SERVICE1': 'false', 'SLOWPOKE_DELAY_MICROS_SERVICE2': '0.0', 'SLOWPOKE_POKER_BATCH_THRESHOLD_SERVICE2': '100', 'SLOWPOKE_IS_TARGET_SERVICE_SERVICE2': 'true', 'SLOWPOKE_DELAY_MICROS_SERVICE3': '167.5', 'SLOWPOKE_POKER_BATCH_THRESHOLD_SERVICE3': '100', 'SLOWPOKE_IS_TARGET_SERVICE_SERVICE3': 'false'}
    [exp] Executing cmd `bash run.sh synthetic fanout-w3-grpc-async 8 800 20000`:
        [run.sh] Running benchmark synthetic with request fanout-w3-grpc-async, thread 8, conn 800, duration 60
        [run.sh] Deleting all services
        configmap "config-service0" deleted
        deployment.apps "service0" deleted
        service "service0" deleted
        configmap "config-service1" deleted
        deployment.apps "service1" deleted
        service "service1" deleted
        configmap "config-service2" deleted
        deployment.apps "service2" deleted
        service "service2" deleted
        configmap "config-service3" deleted
        deployment.apps "service3" deleted
        service "service3" deleted
        deployment.apps "ubuntu-client" deleted
        [run.sh] Waiting for all pods to be deleted
        [run.sh] Deploying all services
        configmap/config-service0 created
        deployment.apps/service0 created
        service/service0 created
        configmap/config-service1 created
        deployment.apps/service1 created
        service/service1 created
        configmap/config-service2 created
        deployment.apps/service2 created
        service/service2 created
        configmap/config-service3 created
        deployment.apps/service3 created
        service/service3 created
        [run.sh] Client pod not found, deploying client
        deployment.apps/ubuntu-client created
        [run.sh] Waiting for all pods to be running
        [run.sh] All pods are running
        [run.sh] Checking heartbeat for all services
        [run.sh] Running warmup test
        [run.sh] /wrk/wrk -t8 -c800 --timeout 3s -d3s -L http://service0:80/endpoint1
        Running 3s test @ http://service0:80/endpoint1
        8 threads and 800 connections
        Thread Stats   Avg      Stdev     Max   +/- Stdev
        Latency   689.30ms  321.37ms   1.80s    72.35%
        Req/Sec   168.23    119.68   545.00     72.16%
        Latency Distribution
        50%  633.50ms
        75%  831.65ms
        90%    1.16s
        99%    1.69s
        3118 requests in 3.04s, 484.14KB read
        Requests/sec:   1024.83
        Transfer/sec:    159.13KB
        [run.sh] Speed is 1024.83, duration is 29
        [run.sh] Fix the request number.
        [run.sh] Running the actual test
        [run.sh] /wrk/wrk --timeout 20s -t8 -c800 -d29s -L -s /wrk/fix_req_n.lua http://service0:80/endpoint1
        Running 29s test @ http://service0:80/endpoint1
        8 threads and 800 connections
        Thread Stats   Avg      Stdev     Max   +/- Stdev
        Latency   662.40ms  356.86ms   2.41s    73.72%
        Req/Sec   160.38    127.76   630.00     68.87%
        Latency Distribution
        50%  616.05ms
        75%  816.85ms
        90%    1.08s
        99%    2.00s
        20000 requests in 29.00s, 3.03MB read
        Requests/sec:    689.65
        Transfer/sec:    107.08KB
        ------------------------------
        stop time: 16.833291
        stop time: 16.637993
        stop time: 16.832791
        stop time: 16.809125
        stop time: 16.781666
        stop time: 16.827192
        stop time: 17.058610
        stop time: 17.057922
        [run.sh] Checking the resource usage
        NAME                             CPU(cores)   MEMORY(bytes)
        service0-fbd57688d-bhhrt         0m           68Mi
        service1-6bc9b865b6-prr86        49m          18Mi
        service2-7bdbb95446-htktb        0m           13Mi
        service3-5bc685c58-ssptx         123m         13Mi
        ubuntu-client-76886f6bbd-mwbz4   3m           0Mi
        [run.sh] Test finished with status 0
        > STDERR
        > No resources found in default namespace.
    [exp] Times: [16.833291, 16.637993, 16.832791, 16.809125, 16.781666, 16.827192, 17.05861, 17.057922]
    [exp] Throughput: 1186.6039239953486
[test.py] Finished running 6th optmization experiment: groundtruth->1423.922220811748, slowdown->1186.6039239953486, predicted->1481.874040891758, err->4.069872583839092
[test.py] Running 7th optmization experiment
[test.py] Running 7th groundtruth exp
    [exp] Running (pre_run: False) workload synthetic/fanout-w3-grpc-async request with the following configuration: {'CLIENT_CPU_QUOTA': '2', 'SLOWPOKE_POKER_BATCH_THRESHOLD': '20000000', 'PROCESSING_TIME_SERVICE0': '0.00091802', 'PROCESSING_TIME_SERVICE1': '0.00084359', 'PROCESSING_TIME_SERVICE2': '0.000581', 'PROCESSING_TIME_SERVICE3': '0.00027464', 'SLOWPOKE_DELAY_MICROS_SERVICE0': '0.0', 'SLOWPOKE_POKER_BATCH_THRESHOLD_SERVICE0': '100', 'SLOWPOKE_IS_TARGET_SERVICE_SERVICE0': 'false', 'SLOWPOKE_DELAY_MICROS_SERVICE1': '0.0', 'SLOWPOKE_POKER_BATCH_THRESHOLD_SERVICE1': '100', 'SLOWPOKE_IS_TARGET_SERVICE_SERVICE1': 'false', 'SLOWPOKE_DELAY_MICROS_SERVICE2': '0.0', 'SLOWPOKE_POKER_BATCH_THRESHOLD_SERVICE2': '100', 'SLOWPOKE_IS_TARGET_SERVICE_SERVICE2': 'true', 'SLOWPOKE_DELAY_MICROS_SERVICE3': '0.0', 'SLOWPOKE_POKER_BATCH_THRESHOLD_SERVICE3': '100', 'SLOWPOKE_IS_TARGET_SERVICE_SERVICE3': 'false'}
    [exp] Executing cmd `bash run.sh synthetic fanout-w3-grpc-async 8 800 20000`:
        [run.sh] Running benchmark synthetic with request fanout-w3-grpc-async, thread 8, conn 800, duration 60
        [run.sh] Deleting all services
        configmap "config-service0" deleted
        deployment.apps "service0" deleted
        service "service0" deleted
        configmap "config-service1" deleted
        deployment.apps "service1" deleted
        service "service1" deleted
        configmap "config-service2" deleted
        deployment.apps "service2" deleted
        service "service2" deleted
        configmap "config-service3" deleted
        deployment.apps "service3" deleted
        service "service3" deleted
        deployment.apps "ubuntu-client" deleted
        [run.sh] Waiting for all pods to be deleted
        [run.sh] Deploying all services
        configmap/config-service0 created
        deployment.apps/service0 created
        service/service0 created
        configmap/config-service1 created
        deployment.apps/service1 created
        service/service1 created
        configmap/config-service2 created
        deployment.apps/service2 created
        service/service2 created
        configmap/config-service3 created
        deployment.apps/service3 created
        service/service3 created
        [run.sh] Client pod not found, deploying client
        deployment.apps/ubuntu-client created
        [run.sh] Waiting for all pods to be running
        [run.sh] All pods are running
        [run.sh] Checking heartbeat for all services
        [run.sh] Running warmup test
        [run.sh] /wrk/wrk -t8 -c800 --timeout 3s -d3s -L http://service0:80/endpoint1
        Running 3s test @ http://service0:80/endpoint1
        8 threads and 800 connections
        Thread Stats   Avg      Stdev     Max   +/- Stdev
        Latency   519.04ms  324.23ms   1.68s    65.38%
        Req/Sec   211.35    139.04   545.00     63.73%
        Latency Distribution
        50%  431.57ms
        75%  755.69ms
        90%  997.56ms
        99%    1.51s
        4123 requests in 3.03s, 640.19KB read
        Requests/sec:   1360.25
        Transfer/sec:    211.21KB
        [run.sh] Speed is 1360.25, duration is 22
        [run.sh] Fix the request number.
        [run.sh] Running the actual test
        [run.sh] /wrk/wrk --timeout 20s -t8 -c800 -d22s -L -s /wrk/fix_req_n.lua http://service0:80/endpoint1
        Running 22s test @ http://service0:80/endpoint1
        8 threads and 800 connections
        Thread Stats   Avg      Stdev     Max   +/- Stdev
        Latency   529.96ms  261.89ms   1.73s    69.03%
        Req/Sec   191.63    146.40   767.00     67.69%
        Latency Distribution
        50%  500.14ms
        75%  677.75ms
        90%  897.84ms
        99%    1.28s
        20000 requests in 22.00s, 3.03MB read
        Requests/sec:    909.08
        Transfer/sec:    141.16KB
        ------------------------------
        stop time: 13.249823
        stop time: 13.255569
        stop time: 13.728420
        stop time: 13.722569
        stop time: 13.751183
        stop time: 13.759858
        stop time: 13.692170
        stop time: 13.738881
        [run.sh] Checking the resource usage
        NAME                             CPU(cores)   MEMORY(bytes)
        service0-6fb7cc7c7f-8s77t        636m         75Mi
        service1-76b89695f7-hh29d        477m         14Mi
        service2-7bdbb95446-hcbks        354m         12Mi
        service3-766854894f-t6kcq        200m         12Mi
        ubuntu-client-76886f6bbd-gwrf4   7m           15Mi
        [run.sh] Test finished with status 0
        > STDERR
        > No resources found in default namespace.
    [exp] Times: [13.249823, 13.255569, 13.72842, 13.722569, 13.751183, 13.759858, 13.69217, 13.738881]
    [exp] Throughput: 1469.258434872636
[test.py] Running 7th slowdown exp
    [exp] Running (pre_run: False) workload synthetic/fanout-w3-grpc-async request with the following configuration: {'CLIENT_CPU_QUOTA': '2', 'SLOWPOKE_POKER_BATCH_THRESHOLD': '20000000', 'PROCESSING_TIME_SERVICE0': '0.00091802', 'PROCESSING_TIME_SERVICE1': '0.00084359', 'PROCESSING_TIME_SERVICE2': '0.00083384', 'PROCESSING_TIME_SERVICE3': '0.00027464', 'SLOWPOKE_DELAY_MICROS_SERVICE0': '126.0', 'SLOWPOKE_POKER_BATCH_THRESHOLD_SERVICE0': '100', 'SLOWPOKE_IS_TARGET_SERVICE_SERVICE0': 'false', 'SLOWPOKE_DELAY_MICROS_SERVICE1': '126.0', 'SLOWPOKE_POKER_BATCH_THRESHOLD_SERVICE1': '100', 'SLOWPOKE_IS_TARGET_SERVICE_SERVICE1': 'false', 'SLOWPOKE_DELAY_MICROS_SERVICE2': '0.0', 'SLOWPOKE_POKER_BATCH_THRESHOLD_SERVICE2': '100', 'SLOWPOKE_IS_TARGET_SERVICE_SERVICE2': 'true', 'SLOWPOKE_DELAY_MICROS_SERVICE3': '126.0', 'SLOWPOKE_POKER_BATCH_THRESHOLD_SERVICE3': '100', 'SLOWPOKE_IS_TARGET_SERVICE_SERVICE3': 'false'}
    [exp] Executing cmd `bash run.sh synthetic fanout-w3-grpc-async 8 800 20000`:
        [run.sh] Running benchmark synthetic with request fanout-w3-grpc-async, thread 8, conn 800, duration 60
        [run.sh] Deleting all services
        configmap "config-service0" deleted
        deployment.apps "service0" deleted
        service "service0" deleted
        configmap "config-service1" deleted
        deployment.apps "service1" deleted
        service "service1" deleted
        configmap "config-service2" deleted
        deployment.apps "service2" deleted
        service "service2" deleted
        configmap "config-service3" deleted
        deployment.apps "service3" deleted
        service "service3" deleted
        deployment.apps "ubuntu-client" deleted
        [run.sh] Waiting for all pods to be deleted
        [run.sh] Deploying all services
        configmap/config-service0 created
        deployment.apps/service0 created
        service/service0 created
        configmap/config-service1 created
        deployment.apps/service1 created
        service/service1 created
        configmap/config-service2 created
        deployment.apps/service2 created
        service/service2 created
        configmap/config-service3 created
        deployment.apps/service3 created
        service/service3 created
        [run.sh] Client pod not found, deploying client
        deployment.apps/ubuntu-client created
        [run.sh] Waiting for all pods to be running
        [run.sh] All pods are running
        [run.sh] Checking heartbeat for all services
        [run.sh] Running warmup test
        [run.sh] /wrk/wrk -t8 -c800 --timeout 3s -d3s -L http://service0:80/endpoint1
        Running 3s test @ http://service0:80/endpoint1
        8 threads and 800 connections
        Thread Stats   Avg      Stdev     Max   +/- Stdev
        Latency   662.22ms  338.67ms   1.86s    65.40%
        Req/Sec   163.14    138.53   545.00     69.63%
        Latency Distribution
        50%  591.42ms
        75%  858.73ms
        90%    1.09s
        99%    1.65s
        3270 requests in 3.04s, 507.74KB read
        Requests/sec:   1076.89
        Transfer/sec:    167.21KB
        [run.sh] Speed is 1076.89, duration is 27
        [run.sh] Fix the request number.
        [run.sh] Running the actual test
        [run.sh] /wrk/wrk --timeout 20s -t8 -c800 -d27s -L -s /wrk/fix_req_n.lua http://service0:80/endpoint1
        Running 27s test @ http://service0:80/endpoint1
        8 threads and 800 connections
        Thread Stats   Avg      Stdev     Max   +/- Stdev
        Latency   615.98ms  357.67ms   2.79s    73.69%
        Req/Sec   166.26    116.28   595.00     72.63%
        Latency Distribution
        50%  550.42ms
        75%  783.17ms
        90%    1.05s
        99%    1.95s
        20000 requests in 27.00s, 3.03MB read
        Requests/sec:    740.74
        Transfer/sec:    115.02KB
        ------------------------------
        stop time: 15.440999
        stop time: 15.873978
        stop time: 15.716271
        stop time: 15.651843
        stop time: 15.623900
        stop time: 15.332133
        stop time: 15.937894
        stop time: 15.757572
        [run.sh] Checking the resource usage
        NAME                             CPU(cores)   MEMORY(bytes)
        service0-646bf9594d-lj5rs        480m         81Mi
        service1-fdd9dcc8-wzp8z          460m         18Mi
        service2-7bdbb95446-zmnkn        369m         13Mi
        service3-7449ffc594-t9jj5        300m         12Mi
        ubuntu-client-76886f6bbd-mmqs7   3m           0Mi
        [run.sh] Test finished with status 0
        > STDERR
        > No resources found in default namespace.
    [exp] Times: [15.440999, 15.873978, 15.716271, 15.651843, 15.6239, 15.332133, 15.937894, 15.757572]
    [exp] Throughput: 1276.582944899728
[test.py] Finished running 7th optmization experiment: groundtruth->1469.258434872636, slowdown->1276.582944899728, predicted->1522.2526218185042, err->3.6068662726759912
[test.py] Running 8th optmization experiment
[test.py] Running 8th groundtruth exp
    [exp] Running (pre_run: False) workload synthetic/fanout-w3-grpc-async request with the following configuration: {'CLIENT_CPU_QUOTA': '2', 'SLOWPOKE_POKER_BATCH_THRESHOLD': '20000000', 'PROCESSING_TIME_SERVICE0': '0.00091802', 'PROCESSING_TIME_SERVICE1': '0.00084359', 'PROCESSING_TIME_SERVICE2': '0.000664', 'PROCESSING_TIME_SERVICE3': '0.00027464', 'SLOWPOKE_DELAY_MICROS_SERVICE0': '0.0', 'SLOWPOKE_POKER_BATCH_THRESHOLD_SERVICE0': '100', 'SLOWPOKE_IS_TARGET_SERVICE_SERVICE0': 'false', 'SLOWPOKE_DELAY_MICROS_SERVICE1': '0.0', 'SLOWPOKE_POKER_BATCH_THRESHOLD_SERVICE1': '100', 'SLOWPOKE_IS_TARGET_SERVICE_SERVICE1': 'false', 'SLOWPOKE_DELAY_MICROS_SERVICE2': '0.0', 'SLOWPOKE_POKER_BATCH_THRESHOLD_SERVICE2': '100', 'SLOWPOKE_IS_TARGET_SERVICE_SERVICE2': 'true', 'SLOWPOKE_DELAY_MICROS_SERVICE3': '0.0', 'SLOWPOKE_POKER_BATCH_THRESHOLD_SERVICE3': '100', 'SLOWPOKE_IS_TARGET_SERVICE_SERVICE3': 'false'}
    [exp] Executing cmd `bash run.sh synthetic fanout-w3-grpc-async 8 800 20000`:
        [run.sh] Running benchmark synthetic with request fanout-w3-grpc-async, thread 8, conn 800, duration 60
        [run.sh] Deleting all services
        configmap "config-service0" deleted
        deployment.apps "service0" deleted
        service "service0" deleted
        configmap "config-service1" deleted
        deployment.apps "service1" deleted
        service "service1" deleted
        configmap "config-service2" deleted
        deployment.apps "service2" deleted
        service "service2" deleted
        configmap "config-service3" deleted
        deployment.apps "service3" deleted
        service "service3" deleted
        deployment.apps "ubuntu-client" deleted
        [run.sh] Waiting for all pods to be deleted
        [run.sh] Deploying all services
        configmap/config-service0 created
        deployment.apps/service0 created
        service/service0 created
        configmap/config-service1 created
        deployment.apps/service1 created
        service/service1 created
        configmap/config-service2 created
        deployment.apps/service2 created
        service/service2 created
        configmap/config-service3 created
        deployment.apps/service3 created
        service/service3 created
        [run.sh] Client pod not found, deploying client
        deployment.apps/ubuntu-client created
        [run.sh] Waiting for all pods to be running
        [run.sh] All pods are running
        [run.sh] Checking heartbeat for all services
        [run.sh] Running warmup test
        [run.sh] /wrk/wrk -t8 -c800 --timeout 3s -d3s -L http://service0:80/endpoint1
        Running 3s test @ http://service0:80/endpoint1
        8 threads and 800 connections
        Thread Stats   Avg      Stdev     Max   +/- Stdev
        Latency   523.03ms  233.59ms   1.37s    68.69%
        Req/Sec   187.30    142.24   680.00     60.58%
        Latency Distribution
        50%  490.62ms
        75%  640.25ms
        90%  877.57ms
        99%    1.20s
        4123 requests in 3.02s, 640.19KB read
        Requests/sec:   1364.45
        Transfer/sec:    211.86KB
        [run.sh] Speed is 1364.45, duration is 21
        [run.sh] Fix the request number.
        [run.sh] Running the actual test
        [run.sh] /wrk/wrk --timeout 20s -t8 -c800 -d21s -L -s /wrk/fix_req_n.lua http://service0:80/endpoint1
        Running 21s test @ http://service0:80/endpoint1
        8 threads and 800 connections
        Thread Stats   Avg      Stdev     Max   +/- Stdev
        Latency   526.69ms  290.10ms   2.36s    70.01%
        Req/Sec   198.01    147.52   717.00     66.40%
        Latency Distribution
        50%  473.11ms
        75%  694.60ms
        90%  906.42ms
        99%    1.39s
        20000 requests in 21.00s, 3.03MB read
        Requests/sec:    952.37
        Transfer/sec:    147.88KB
        ------------------------------
        stop time: 13.471542
        stop time: 13.200596
        stop time: 13.168514
        stop time: 13.497398
        stop time: 13.473376
        stop time: 13.462250
        stop time: 13.540340
        stop time: 13.545580
        [run.sh] Checking the resource usage
        NAME                             CPU(cores)   MEMORY(bytes)
        service0-6fb7cc7c7f-cxgfp        597m         58Mi
        service1-76b89695f7-skdkn        374m         14Mi
        service2-7bdbb95446-pvvfd        371m         14Mi
        service3-766854894f-7qk6q        20m          12Mi
        ubuntu-client-76886f6bbd-c6w8s   23m          0Mi
        [run.sh] Test finished with status 0
        > STDERR
        > No resources found in default namespace.
    [exp] Times: [13.471542, 13.200596, 13.168514, 13.497398, 13.473376, 13.46225, 13.54034, 13.54558]
    [exp] Throughput: 1490.3185738515633
[test.py] Running 8th slowdown exp
    [exp] Running (pre_run: False) workload synthetic/fanout-w3-grpc-async request with the following configuration: {'CLIENT_CPU_QUOTA': '2', 'SLOWPOKE_POKER_BATCH_THRESHOLD': '20000000', 'PROCESSING_TIME_SERVICE0': '0.00091802', 'PROCESSING_TIME_SERVICE1': '0.00084359', 'PROCESSING_TIME_SERVICE2': '0.00083384', 'PROCESSING_TIME_SERVICE3': '0.00027464', 'SLOWPOKE_DELAY_MICROS_SERVICE0': '84.5', 'SLOWPOKE_POKER_BATCH_THRESHOLD_SERVICE0': '100', 'SLOWPOKE_IS_TARGET_SERVICE_SERVICE0': 'false', 'SLOWPOKE_DELAY_MICROS_SERVICE1': '84.5', 'SLOWPOKE_POKER_BATCH_THRESHOLD_SERVICE1': '100', 'SLOWPOKE_IS_TARGET_SERVICE_SERVICE1': 'false', 'SLOWPOKE_DELAY_MICROS_SERVICE2': '0.0', 'SLOWPOKE_POKER_BATCH_THRESHOLD_SERVICE2': '100', 'SLOWPOKE_IS_TARGET_SERVICE_SERVICE2': 'true', 'SLOWPOKE_DELAY_MICROS_SERVICE3': '84.5', 'SLOWPOKE_POKER_BATCH_THRESHOLD_SERVICE3': '100', 'SLOWPOKE_IS_TARGET_SERVICE_SERVICE3': 'false'}
    [exp] Executing cmd `bash run.sh synthetic fanout-w3-grpc-async 8 800 20000`:
        [run.sh] Running benchmark synthetic with request fanout-w3-grpc-async, thread 8, conn 800, duration 60
        [run.sh] Deleting all services
        configmap "config-service0" deleted
        deployment.apps "service0" deleted
        service "service0" deleted
        configmap "config-service1" deleted
        deployment.apps "service1" deleted
        service "service1" deleted
        configmap "config-service2" deleted
        deployment.apps "service2" deleted
        service "service2" deleted
        configmap "config-service3" deleted
        deployment.apps "service3" deleted
        service "service3" deleted
        deployment.apps "ubuntu-client" deleted
        [run.sh] Waiting for all pods to be deleted
        [run.sh] Deploying all services
        configmap/config-service0 created
        deployment.apps/service0 created
        service/service0 created
        configmap/config-service1 created
        deployment.apps/service1 created
        service/service1 created
        configmap/config-service2 created
        deployment.apps/service2 created
        service/service2 created
        configmap/config-service3 created
        deployment.apps/service3 created
        service/service3 created
        [run.sh] Client pod not found, deploying client
        deployment.apps/ubuntu-client created
        [run.sh] Waiting for all pods to be running
        [run.sh] All pods are running
        [run.sh] Checking heartbeat for all services
        [run.sh] Running warmup test
        [run.sh] /wrk/wrk -t8 -c800 --timeout 3s -d3s -L http://service0:80/endpoint1
        Running 3s test @ http://service0:80/endpoint1
        8 threads and 800 connections
        Thread Stats   Avg      Stdev     Max   +/- Stdev
        Latency   615.65ms  317.91ms   1.58s    65.57%
        Req/Sec   180.05    132.99   560.00     70.41%
        Latency Distribution
        50%  585.37ms
        75%  792.14ms
        90%    1.07s
        99%    1.40s
        3593 requests in 3.03s, 557.90KB read
        Requests/sec:   1186.63
        Transfer/sec:    184.25KB
        [run.sh] Speed is 1186.63, duration is 25
        [run.sh] Fix the request number.
        [run.sh] Running the actual test
        [run.sh] /wrk/wrk --timeout 20s -t8 -c800 -d25s -L -s /wrk/fix_req_n.lua http://service0:80/endpoint1
        Running 25s test @ http://service0:80/endpoint1
        8 threads and 800 connections
        Thread Stats   Avg      Stdev     Max   +/- Stdev
        Latency   591.05ms  307.78ms   1.90s    70.14%
        Req/Sec   172.98    123.33   616.00     65.11%
        Latency Distribution
        50%  539.24ms
        75%  779.46ms
        90%    1.03s
        99%    1.47s
        20000 requests in 25.00s, 3.03MB read
        Requests/sec:    800.00
        Transfer/sec:    124.22KB
        ------------------------------
        stop time: 15.145151
        stop time: 14.897784
        stop time: 15.085779
        stop time: 14.985647
        stop time: 14.786347
        stop time: 15.187475
        stop time: 15.177942
        stop time: 14.975932
        [run.sh] Checking the resource usage
        NAME                             CPU(cores)   MEMORY(bytes)
        service0-65c69d6cd4-l4xrz        1446m        79Mi
        service1-86786875db-jq6zv        1180m        19Mi
        service2-7bdbb95446-nvcv9        1144m        16Mi
        service3-57b7c887c4-m7z9q        536m         12Mi
        ubuntu-client-76886f6bbd-8jxh7   18m          21Mi
        [run.sh] Test finished with status 0
        > STDERR
        > No resources found in default namespace.
    [exp] Times: [15.145151, 14.897784, 15.085779, 14.985647, 14.786347, 15.187475, 15.177942, 14.975932]
    [exp] Throughput: 1330.6492253371878
[test.py] Finished running 8th optmization experiment: groundtruth->1490.3185738515633, slowdown->1330.6492253371878, predicted->1500.1660918264602, err->0.6607659696172897
[test.py] Running 9th optmization experiment
[test.py] Running 9th groundtruth exp
    [exp] Running (pre_run: False) workload synthetic/fanout-w3-grpc-async request with the following configuration: {'CLIENT_CPU_QUOTA': '2', 'SLOWPOKE_POKER_BATCH_THRESHOLD': '20000000', 'PROCESSING_TIME_SERVICE0': '0.00091802', 'PROCESSING_TIME_SERVICE1': '0.00084359', 'PROCESSING_TIME_SERVICE2': '0.000747', 'PROCESSING_TIME_SERVICE3': '0.00027464', 'SLOWPOKE_DELAY_MICROS_SERVICE0': '0.0', 'SLOWPOKE_POKER_BATCH_THRESHOLD_SERVICE0': '100', 'SLOWPOKE_IS_TARGET_SERVICE_SERVICE0': 'false', 'SLOWPOKE_DELAY_MICROS_SERVICE1': '0.0', 'SLOWPOKE_POKER_BATCH_THRESHOLD_SERVICE1': '100', 'SLOWPOKE_IS_TARGET_SERVICE_SERVICE1': 'false', 'SLOWPOKE_DELAY_MICROS_SERVICE2': '0.0', 'SLOWPOKE_POKER_BATCH_THRESHOLD_SERVICE2': '100', 'SLOWPOKE_IS_TARGET_SERVICE_SERVICE2': 'true', 'SLOWPOKE_DELAY_MICROS_SERVICE3': '0.0', 'SLOWPOKE_POKER_BATCH_THRESHOLD_SERVICE3': '100', 'SLOWPOKE_IS_TARGET_SERVICE_SERVICE3': 'false'}
    [exp] Executing cmd `bash run.sh synthetic fanout-w3-grpc-async 8 800 20000`:
        [run.sh] Running benchmark synthetic with request fanout-w3-grpc-async, thread 8, conn 800, duration 60
        [run.sh] Deleting all services
        configmap "config-service0" deleted
        deployment.apps "service0" deleted
        service "service0" deleted
        configmap "config-service1" deleted
        deployment.apps "service1" deleted
        service "service1" deleted
        configmap "config-service2" deleted
        deployment.apps "service2" deleted
        service "service2" deleted
        configmap "config-service3" deleted
        deployment.apps "service3" deleted
        service "service3" deleted
        deployment.apps "ubuntu-client" deleted
        [run.sh] Waiting for all pods to be deleted
        [run.sh] Deploying all services
        configmap/config-service0 created
        deployment.apps/service0 created
        service/service0 created
        configmap/config-service1 created
        deployment.apps/service1 created
        service/service1 created
        configmap/config-service2 created
        deployment.apps/service2 created
        service/service2 created
        configmap/config-service3 created
        deployment.apps/service3 created
        service/service3 created
        [run.sh] Client pod not found, deploying client
        deployment.apps/ubuntu-client created
        [run.sh] Waiting for all pods to be running
        [run.sh] All pods are running
        [run.sh] Checking heartbeat for all services
        [run.sh] Running warmup test
        [run.sh] /wrk/wrk -t8 -c800 --timeout 3s -d3s -L http://service0:80/endpoint1
        Running 3s test @ http://service0:80/endpoint1
        8 threads and 800 connections
        Thread Stats   Avg      Stdev     Max   +/- Stdev
        Latency   555.59ms  293.72ms   2.34s    73.07%
        Req/Sec   172.71    132.27   626.00     75.36%
        Latency Distribution
        50%  523.02ms
        75%  694.04ms
        90%  994.52ms
        99%    1.49s
        3681 requests in 3.03s, 571.56KB read
        Requests/sec:   1215.67
        Transfer/sec:    188.76KB
        [run.sh] Speed is 1215.67, duration is 24
        [run.sh] Fix the request number.
        [run.sh] Running the actual test
        [run.sh] /wrk/wrk --timeout 20s -t8 -c800 -d24s -L -s /wrk/fix_req_n.lua http://service0:80/endpoint1
        Running 24s test @ http://service0:80/endpoint1
        8 threads and 800 connections
        Thread Stats   Avg      Stdev     Max   +/- Stdev
        Latency   539.78ms  242.93ms   1.71s    68.12%
        Req/Sec   196.32    137.58   760.00     68.72%
        Latency Distribution
        50%  501.00ms
        75%  678.64ms
        90%  884.39ms
        99%    1.21s
        20000 requests in 24.00s, 3.03MB read
        Requests/sec:    833.33
        Transfer/sec:    129.39KB
        ------------------------------
        stop time: 13.905488
        stop time: 13.747922
        stop time: 13.780785
        stop time: 13.572887
        stop time: 13.931254
        stop time: 13.912399
        stop time: 13.902068
        stop time: 13.917393
        [run.sh] Checking the resource usage
        NAME                             CPU(cores)   MEMORY(bytes)
        ubuntu-client-76886f6bbd-qhg98   11m          12Mi
        [run.sh] Test finished with status 0
        > STDERR
        > No resources found in default namespace.
    [exp] Times: [13.905488, 13.747922, 13.780785, 13.572887, 13.931254, 13.912399, 13.902068, 13.917393]
    [exp] Throughput: 1445.7370257119628
[test.py] Running 9th slowdown exp
    [exp] Running (pre_run: False) workload synthetic/fanout-w3-grpc-async request with the following configuration: {'CLIENT_CPU_QUOTA': '2', 'SLOWPOKE_POKER_BATCH_THRESHOLD': '20000000', 'PROCESSING_TIME_SERVICE0': '0.00091802', 'PROCESSING_TIME_SERVICE1': '0.00084359', 'PROCESSING_TIME_SERVICE2': '0.00083384', 'PROCESSING_TIME_SERVICE3': '0.00027464', 'SLOWPOKE_DELAY_MICROS_SERVICE0': '43.0', 'SLOWPOKE_POKER_BATCH_THRESHOLD_SERVICE0': '100', 'SLOWPOKE_IS_TARGET_SERVICE_SERVICE0': 'false', 'SLOWPOKE_DELAY_MICROS_SERVICE1': '43.0', 'SLOWPOKE_POKER_BATCH_THRESHOLD_SERVICE1': '100', 'SLOWPOKE_IS_TARGET_SERVICE_SERVICE1': 'false', 'SLOWPOKE_DELAY_MICROS_SERVICE2': '0.0', 'SLOWPOKE_POKER_BATCH_THRESHOLD_SERVICE2': '100', 'SLOWPOKE_IS_TARGET_SERVICE_SERVICE2': 'true', 'SLOWPOKE_DELAY_MICROS_SERVICE3': '43.0', 'SLOWPOKE_POKER_BATCH_THRESHOLD_SERVICE3': '100', 'SLOWPOKE_IS_TARGET_SERVICE_SERVICE3': 'false'}
    [exp] Executing cmd `bash run.sh synthetic fanout-w3-grpc-async 8 800 20000`:
        [run.sh] Running benchmark synthetic with request fanout-w3-grpc-async, thread 8, conn 800, duration 60
        [run.sh] Deleting all services
        configmap "config-service0" deleted
        deployment.apps "service0" deleted
        service "service0" deleted
        configmap "config-service1" deleted
        deployment.apps "service1" deleted
        service "service1" deleted
        configmap "config-service2" deleted
        deployment.apps "service2" deleted
        service "service2" deleted
        configmap "config-service3" deleted
        deployment.apps "service3" deleted
        service "service3" deleted
        deployment.apps "ubuntu-client" deleted
        [run.sh] Waiting for all pods to be deleted
        [run.sh] Deploying all services
        configmap/config-service0 created
        deployment.apps/service0 created
        service/service0 created
        configmap/config-service1 created
        deployment.apps/service1 created
        service/service1 created
        configmap/config-service2 created
        deployment.apps/service2 created
        service/service2 created
        configmap/config-service3 created
        deployment.apps/service3 created
        service/service3 created
        [run.sh] Client pod not found, deploying client
        deployment.apps/ubuntu-client created
        [run.sh] Waiting for all pods to be running
        [run.sh] All pods are running
        [run.sh] Checking heartbeat for all services
        [run.sh] Running warmup test
        [run.sh] /wrk/wrk -t8 -c800 --timeout 3s -d3s -L http://service0:80/endpoint1
        Running 3s test @ http://service0:80/endpoint1
        8 threads and 800 connections
        Thread Stats   Avg      Stdev     Max   +/- Stdev
        Latency   635.40ms  318.37ms   1.49s    62.13%
        Req/Sec   175.77    110.81   520.00     68.33%
        Latency Distribution
        50%  626.13ms
        75%  910.04ms
        90%    1.02s
        99%    1.34s
        3454 requests in 3.03s, 536.31KB read
        Requests/sec:   1139.42
        Transfer/sec:    176.92KB
        [run.sh] Speed is 1139.42, duration is 26
        [run.sh] Fix the request number.
        [run.sh] Running the actual test
        [run.sh] /wrk/wrk --timeout 20s -t8 -c800 -d26s -L -s /wrk/fix_req_n.lua http://service0:80/endpoint1
        Running 26s test @ http://service0:80/endpoint1
        8 threads and 800 connections
        Thread Stats   Avg      Stdev     Max   +/- Stdev
        Latency   566.86ms  280.50ms   2.27s    71.14%
        Req/Sec   181.69    131.28   636.00     61.02%
        Latency Distribution
        50%  533.62ms
        75%  718.17ms
        90%  939.61ms
        99%    1.36s
        20000 requests in 26.00s, 3.03MB read
        Requests/sec:    769.23
        Transfer/sec:    119.44KB
        ------------------------------
        stop time: 14.520488
        stop time: 14.539800
        stop time: 14.355454
        stop time: 14.382332
        stop time: 14.483885
        stop time: 14.407120
        stop time: 14.308018
        stop time: 14.418051
        [run.sh] Checking the resource usage
        NAME                             CPU(cores)   MEMORY(bytes)
        service0-c48fbcc78-zbmg6         1810m        83Mi
        service1-65cd8b9688-7frgf        1401m        17Mi
        service2-7bdbb95446-4kvqk        1419m        16Mi
        service3-6758f7d4d8-gpgvm        510m         11Mi
        ubuntu-client-76886f6bbd-jc4s2   42m          21Mi
        [run.sh] Test finished with status 0
        > STDERR
        > No resources found in default namespace.
    [exp] Times: [14.520488, 14.5398, 14.355454, 14.382332, 14.483885, 14.40712, 14.308018, 14.418051]
    [exp] Throughput: 1386.2998295509701
[test.py] Finished running 9th optmization experiment: groundtruth->1445.7370257119628, slowdown->1386.2998295509701, predicted->1475.090134460735, err->2.030321436522461
[test.py] Baseline throughput:  1490.024329024118
[test.py] Groundtruth:  [1477.6105932193725, 1080.081757328662, 1476.855655054295, 1491.7473413729256, 1456.2537063363375, 1503.3958140875177, 1423.922220811748, 1469.258434872636, 1490.3185738515633, 1445.7370257119628]
[test.py] Slowdown:  [772.7622630512881, 927.9442745336592, 984.8355211115896, 1037.2985323133403, 1094.1024078212567, 1116.5508772004014, 1186.6039239953486, 1276.582944899728, 1330.6492253371878, 1386.2998295509701]
[test.py] Predicted:  [1140.0700949296465, 1424.0329972654026, 1467.3988412153117, 1488.931377200105, 1508.1336096284379, 1457.3111528997101, 1481.874040891758, 1522.2526218185042, 1500.1660918264602, 1475.090134460735]
[test.py] Error percentage:  [-22.84367070990626, 31.844926331079446, -0.6403343350867785, -0.18876951174780182, 3.5625593992560907, -3.0653711255527565, 4.069872583839092, 3.6068662726759912, 0.6607659696172897, 2.030321436522461]
[test.py] >>>>>>>>>>>>>>>>>>>>>>>>>>>>> Running experiment 2...
[test.py] Actual processing time range: [0, 83, 166, 249, 332, 415, 498, 581, 664, 747]
[test.py] Running baseline experiment
    [exp] Running (pre_run: False) workload synthetic/fanout-w3-grpc-async request with the following configuration: {'CLIENT_CPU_QUOTA': '2', 'SLOWPOKE_POKER_BATCH_THRESHOLD': '20000000', 'PROCESSING_TIME_SERVICE0': '0.00091802', 'PROCESSING_TIME_SERVICE1': '0.00084359', 'PROCESSING_TIME_SERVICE2': '0.00083384', 'PROCESSING_TIME_SERVICE3': '0.00027464', 'SLOWPOKE_DELAY_MICROS_SERVICE0': '0.0', 'SLOWPOKE_POKER_BATCH_THRESHOLD_SERVICE0': '100', 'SLOWPOKE_IS_TARGET_SERVICE_SERVICE0': 'false', 'SLOWPOKE_DELAY_MICROS_SERVICE1': '0.0', 'SLOWPOKE_POKER_BATCH_THRESHOLD_SERVICE1': '100', 'SLOWPOKE_IS_TARGET_SERVICE_SERVICE1': 'false', 'SLOWPOKE_DELAY_MICROS_SERVICE2': '0.0', 'SLOWPOKE_POKER_BATCH_THRESHOLD_SERVICE2': '100', 'SLOWPOKE_IS_TARGET_SERVICE_SERVICE2': 'true', 'SLOWPOKE_DELAY_MICROS_SERVICE3': '0.0', 'SLOWPOKE_POKER_BATCH_THRESHOLD_SERVICE3': '100', 'SLOWPOKE_IS_TARGET_SERVICE_SERVICE3': 'false'}
    [exp] Executing cmd `bash run.sh synthetic fanout-w3-grpc-async 8 800 20000`:
        [run.sh] Running benchmark synthetic with request fanout-w3-grpc-async, thread 8, conn 800, duration 60
        [run.sh] Deleting all services
        configmap "config-service0" deleted
        deployment.apps "service0" deleted
        service "service0" deleted
        configmap "config-service1" deleted
        deployment.apps "service1" deleted
        service "service1" deleted
        configmap "config-service2" deleted
        deployment.apps "service2" deleted
        service "service2" deleted
        configmap "config-service3" deleted
        deployment.apps "service3" deleted
        service "service3" deleted
        deployment.apps "ubuntu-client" deleted
        [run.sh] Waiting for all pods to be deleted
        [run.sh] Deploying all services
        configmap/config-service0 created
        deployment.apps/service0 created
        service/service0 created
        configmap/config-service1 created
        deployment.apps/service1 created
        service/service1 created
        configmap/config-service2 created
        deployment.apps/service2 created
        service/service2 created
        configmap/config-service3 created
        deployment.apps/service3 created
        service/service3 created
        [run.sh] Client pod not found, deploying client
        deployment.apps/ubuntu-client created
        [run.sh] Waiting for all pods to be running
        [run.sh] All pods are running
        [run.sh] Checking heartbeat for all services
        [run.sh] Running warmup test
        [run.sh] /wrk/wrk -t8 -c800 --timeout 3s -d3s -L http://service0:80/endpoint1
        Running 3s test @ http://service0:80/endpoint1
        8 threads and 800 connections
        Thread Stats   Avg      Stdev     Max   +/- Stdev
        Latency   593.98ms  304.59ms   1.65s    65.05%
        Req/Sec   184.16    128.26   600.00     73.26%
        Latency Distribution
        50%  542.95ms
        75%  790.32ms
        90%    1.03s
        99%    1.32s
        3531 requests in 3.04s, 548.27KB read
        Requests/sec:   1161.57
        Transfer/sec:    180.36KB
        [run.sh] Speed is 1161.57, duration is 25
        [run.sh] Fix the request number.
        [run.sh] Running the actual test
        [run.sh] /wrk/wrk --timeout 20s -t8 -c800 -d25s -L -s /wrk/fix_req_n.lua http://service0:80/endpoint1
        Running 25s test @ http://service0:80/endpoint1
        8 threads and 800 connections
        Thread Stats   Avg      Stdev     Max   +/- Stdev
        Latency   545.69ms  282.06ms   2.10s    69.94%
        Req/Sec   194.91    133.48   750.00     66.27%
        Latency Distribution
        50%  508.39ms
        75%  709.68ms
        90%  935.37ms
        99%    1.37s
        20000 requests in 25.00s, 3.03MB read
        Requests/sec:    800.00
        Transfer/sec:    124.22KB
        ------------------------------
        stop time: 13.855296
        stop time: 13.854145
        stop time: 13.743915
        stop time: 13.784544
        stop time: 13.767229
        stop time: 13.958978
        stop time: 13.839754
        stop time: 13.931001
        [run.sh] Checking the resource usage
        [run.sh] Test finished with status 0
        > STDERR
        > No resources found in default namespace.
        > error: metrics not available yet
    [exp] Times: [13.855296, 13.854145, 13.743915, 13.784544, 13.767229, 13.958978, 13.839754, 13.931001]
    [exp] Throughput: 1444.8927565376837
[test.py] Baseline throughput: 1444.8927565376837
[test.py] Running 0th optmization experiment
[test.py] Running 0th groundtruth exp
    [exp] Running (pre_run: False) workload synthetic/fanout-w3-grpc-async request with the following configuration: {'CLIENT_CPU_QUOTA': '2', 'SLOWPOKE_POKER_BATCH_THRESHOLD': '20000000', 'PROCESSING_TIME_SERVICE0': '0.00091802', 'PROCESSING_TIME_SERVICE1': '0.00084359', 'PROCESSING_TIME_SERVICE2': '0.0', 'PROCESSING_TIME_SERVICE3': '0.00027464', 'SLOWPOKE_DELAY_MICROS_SERVICE0': '0.0', 'SLOWPOKE_POKER_BATCH_THRESHOLD_SERVICE0': '100', 'SLOWPOKE_IS_TARGET_SERVICE_SERVICE0': 'false', 'SLOWPOKE_DELAY_MICROS_SERVICE1': '0.0', 'SLOWPOKE_POKER_BATCH_THRESHOLD_SERVICE1': '100', 'SLOWPOKE_IS_TARGET_SERVICE_SERVICE1': 'false', 'SLOWPOKE_DELAY_MICROS_SERVICE2': '0.0', 'SLOWPOKE_POKER_BATCH_THRESHOLD_SERVICE2': '100', 'SLOWPOKE_IS_TARGET_SERVICE_SERVICE2': 'true', 'SLOWPOKE_DELAY_MICROS_SERVICE3': '0.0', 'SLOWPOKE_POKER_BATCH_THRESHOLD_SERVICE3': '100', 'SLOWPOKE_IS_TARGET_SERVICE_SERVICE3': 'false'}
    [exp] Executing cmd `bash run.sh synthetic fanout-w3-grpc-async 8 800 20000`:
        [run.sh] Running benchmark synthetic with request fanout-w3-grpc-async, thread 8, conn 800, duration 60
        [run.sh] Deleting all services
        configmap "config-service0" deleted
        deployment.apps "service0" deleted
        service "service0" deleted
        configmap "config-service1" deleted
        deployment.apps "service1" deleted
        service "service1" deleted
        configmap "config-service2" deleted
        deployment.apps "service2" deleted
        service "service2" deleted
        configmap "config-service3" deleted
        deployment.apps "service3" deleted
        service "service3" deleted
        deployment.apps "ubuntu-client" deleted
        [run.sh] Waiting for all pods to be deleted
        [run.sh] Deploying all services
        configmap/config-service0 created
        deployment.apps/service0 created
        service/service0 created
        configmap/config-service1 created
        deployment.apps/service1 created
        service/service1 created
        configmap/config-service2 created
        deployment.apps/service2 created
        service/service2 created
        configmap/config-service3 created
        deployment.apps/service3 created
        service/service3 created
        [run.sh] Client pod not found, deploying client
        deployment.apps/ubuntu-client created
        [run.sh] Waiting for all pods to be running
        [run.sh] All pods are running
        [run.sh] Checking heartbeat for all services
        [run.sh] Running warmup test
        [run.sh] /wrk/wrk -t8 -c800 --timeout 3s -d3s -L http://service0:80/endpoint1
        Running 3s test @ http://service0:80/endpoint1
        8 threads and 800 connections
        Thread Stats   Avg      Stdev     Max   +/- Stdev
        Latency   542.35ms  285.26ms   1.80s    77.82%
        Req/Sec   182.33    128.38   510.00     65.09%
        Latency Distribution
        50%  475.65ms
        75%  663.75ms
        90%  922.42ms
        99%    1.58s
        3892 requests in 3.02s, 604.32KB read
        Requests/sec:   1286.63
        Transfer/sec:    199.78KB
        [run.sh] Speed is 1286.63, duration is 23
        [run.sh] Fix the request number.
        [run.sh] Running the actual test
        [run.sh] /wrk/wrk --timeout 20s -t8 -c800 -d23s -L -s /wrk/fix_req_n.lua http://service0:80/endpoint1
        Running 23s test @ http://service0:80/endpoint1
        8 threads and 800 connections
        Thread Stats   Avg      Stdev     Max   +/- Stdev
        Latency   536.22ms  253.05ms   2.13s    71.28%
        Req/Sec   188.02    136.87   707.00     64.64%
        Latency Distribution
        50%  490.32ms
        75%  669.44ms
        90%  899.45ms
        99%    1.27s
        20000 requests in 23.00s, 3.03MB read
        Requests/sec:    869.56
        Transfer/sec:    135.02KB
        ------------------------------
        stop time: 13.718544
        stop time: 13.676257
        stop time: 13.833405
        stop time: 13.776328
        stop time: 13.741098
        stop time: 13.829203
        stop time: 13.728927
        stop time: 13.808459
        [run.sh] Checking the resource usage
        NAME                             CPU(cores)   MEMORY(bytes)
        service0-6fb7cc7c7f-sljnj        1478m        83Mi
        service1-76b89695f7-42hf4        1033m        23Mi
        service2-7bdbb95446-xb97q        145m         12Mi
        service3-766854894f-tkhhf        297m         12Mi
        ubuntu-client-76886f6bbd-v8scq   10m          20Mi
        [run.sh] Test finished with status 0
        > STDERR
        > No resources found in default namespace.
    [exp] Times: [13.718544, 13.676257, 13.833405, 13.776328, 13.741098, 13.829203, 13.728927, 13.808459]
    [exp] Throughput: 1453.0630528286229
[test.py] Running 0th slowdown exp
    [exp] Running (pre_run: False) workload synthetic/fanout-w3-grpc-async request with the following configuration: {'CLIENT_CPU_QUOTA': '2', 'SLOWPOKE_POKER_BATCH_THRESHOLD': '20000000', 'PROCESSING_TIME_SERVICE0': '0.00091802', 'PROCESSING_TIME_SERVICE1': '0.00084359', 'PROCESSING_TIME_SERVICE2': '0.00083384', 'PROCESSING_TIME_SERVICE3': '0.00027464', 'SLOWPOKE_DELAY_MICROS_SERVICE0': '416.5', 'SLOWPOKE_POKER_BATCH_THRESHOLD_SERVICE0': '100', 'SLOWPOKE_IS_TARGET_SERVICE_SERVICE0': 'false', 'SLOWPOKE_DELAY_MICROS_SERVICE1': '416.5', 'SLOWPOKE_POKER_BATCH_THRESHOLD_SERVICE1': '100', 'SLOWPOKE_IS_TARGET_SERVICE_SERVICE1': 'false', 'SLOWPOKE_DELAY_MICROS_SERVICE2': '0.0', 'SLOWPOKE_POKER_BATCH_THRESHOLD_SERVICE2': '100', 'SLOWPOKE_IS_TARGET_SERVICE_SERVICE2': 'true', 'SLOWPOKE_DELAY_MICROS_SERVICE3': '416.5', 'SLOWPOKE_POKER_BATCH_THRESHOLD_SERVICE3': '100', 'SLOWPOKE_IS_TARGET_SERVICE_SERVICE3': 'false'}
    [exp] Executing cmd `bash run.sh synthetic fanout-w3-grpc-async 8 800 20000`:
        [run.sh] Running benchmark synthetic with request fanout-w3-grpc-async, thread 8, conn 800, duration 60
        [run.sh] Deleting all services
        configmap "config-service0" deleted
        deployment.apps "service0" deleted
        service "service0" deleted
        configmap "config-service1" deleted
        deployment.apps "service1" deleted
        service "service1" deleted
        configmap "config-service2" deleted
        deployment.apps "service2" deleted
        service "service2" deleted
        configmap "config-service3" deleted
        deployment.apps "service3" deleted
        service "service3" deleted
        deployment.apps "ubuntu-client" deleted
        [run.sh] Waiting for all pods to be deleted
        [run.sh] Deploying all services
        configmap/config-service0 created
        deployment.apps/service0 created
        service/service0 created
        configmap/config-service1 created
        deployment.apps/service1 created
        service/service1 created
        configmap/config-service2 created
        deployment.apps/service2 created
        service/service2 created
        configmap/config-service3 created
        deployment.apps/service3 created
        service/service3 created
        [run.sh] Client pod not found, deploying client
        deployment.apps/ubuntu-client created
        [run.sh] Waiting for all pods to be running
        [run.sh] All pods are running
        [run.sh] Checking heartbeat for all services
        [run.sh] Running warmup test
        [run.sh] /wrk/wrk -t8 -c800 --timeout 3s -d3s -L http://service0:80/endpoint1
        Running 3s test @ http://service0:80/endpoint1
        8 threads and 800 connections
        Thread Stats   Avg      Stdev     Max   +/- Stdev
        Latency   904.71ms  658.90ms   2.85s    71.03%
        Req/Sec   120.21     76.80   323.00     68.39%
        Latency Distribution
        50%  619.37ms
        75%    1.42s
        90%    1.92s
        99%    2.77s
        2206 requests in 3.04s, 342.53KB read
        Requests/sec:    726.25
        Transfer/sec:    112.77KB
        [run.sh] Speed is 726.25, duration is 41
        [run.sh] Fix the request number.
        [run.sh] Running the actual test
        [run.sh] /wrk/wrk --timeout 20s -t8 -c800 -d41s -L -s /wrk/fix_req_n.lua http://service0:80/endpoint1
        [run.sh] Checking the resource usage
        Running 41s test @ http://service0:80/endpoint1
        8 threads and 800 connections
        Thread Stats   Avg      Stdev     Max   +/- Stdev
        Latency   874.45ms  399.48ms   3.26s    71.05%
        Req/Sec   128.35    112.80   680.00     77.04%
        Latency Distribution
        50%  791.37ms
        75%    1.12s
        90%    1.42s
        99%    2.03s
        20000 requests in 41.00s, 3.03MB read
        Requests/sec:    487.80
        Transfer/sec:     75.74KB
        ------------------------------
        stop time: 21.787000
        stop time: 22.106081
        stop time: 22.307496
        stop time: 22.372954
        stop time: 22.268328
        stop time: 22.566059
        stop time: 22.578735
        stop time: 22.566826
        [run.sh] Test finished with status 0
        > STDERR
        > No resources found in default namespace.
        > error: metrics not available yet
    [exp] Times: [21.787, 22.106081, 22.307496, 22.372954, 22.268328, 22.566059, 22.578735, 22.566826]
    [exp] Throughput: 896.0900728235041
[test.py] Finished running 0th optmization experiment: groundtruth->1453.0630528286229, slowdown->896.0900728235041, predicted->1430.5348504262713, err->-1.5503940010377908
[test.py] Running 1th optmization experiment
[test.py] Running 1th groundtruth exp
    [exp] Running (pre_run: False) workload synthetic/fanout-w3-grpc-async request with the following configuration: {'CLIENT_CPU_QUOTA': '2', 'SLOWPOKE_POKER_BATCH_THRESHOLD': '20000000', 'PROCESSING_TIME_SERVICE0': '0.00091802', 'PROCESSING_TIME_SERVICE1': '0.00084359', 'PROCESSING_TIME_SERVICE2': '8.3e-05', 'PROCESSING_TIME_SERVICE3': '0.00027464', 'SLOWPOKE_DELAY_MICROS_SERVICE0': '0.0', 'SLOWPOKE_POKER_BATCH_THRESHOLD_SERVICE0': '100', 'SLOWPOKE_IS_TARGET_SERVICE_SERVICE0': 'false', 'SLOWPOKE_DELAY_MICROS_SERVICE1': '0.0', 'SLOWPOKE_POKER_BATCH_THRESHOLD_SERVICE1': '100', 'SLOWPOKE_IS_TARGET_SERVICE_SERVICE1': 'false', 'SLOWPOKE_DELAY_MICROS_SERVICE2': '0.0', 'SLOWPOKE_POKER_BATCH_THRESHOLD_SERVICE2': '100', 'SLOWPOKE_IS_TARGET_SERVICE_SERVICE2': 'true', 'SLOWPOKE_DELAY_MICROS_SERVICE3': '0.0', 'SLOWPOKE_POKER_BATCH_THRESHOLD_SERVICE3': '100', 'SLOWPOKE_IS_TARGET_SERVICE_SERVICE3': 'false'}
    [exp] Executing cmd `bash run.sh synthetic fanout-w3-grpc-async 8 800 20000`:
        [run.sh] Running benchmark synthetic with request fanout-w3-grpc-async, thread 8, conn 800, duration 60
        [run.sh] Deleting all services
        configmap "config-service0" deleted
        deployment.apps "service0" deleted
        service "service0" deleted
        configmap "config-service1" deleted
        deployment.apps "service1" deleted
        service "service1" deleted
        configmap "config-service2" deleted
        deployment.apps "service2" deleted
        service "service2" deleted
        configmap "config-service3" deleted
        deployment.apps "service3" deleted
        service "service3" deleted
        deployment.apps "ubuntu-client" deleted
        [run.sh] Waiting for all pods to be deleted
        [run.sh] Deploying all services
        configmap/config-service0 created
        deployment.apps/service0 created
        service/service0 created
        configmap/config-service1 created
        deployment.apps/service1 created
        service/service1 created
        configmap/config-service2 created
        deployment.apps/service2 created
        service/service2 created
        configmap/config-service3 created
        deployment.apps/service3 created
        service/service3 created
        [run.sh] Client pod not found, deploying client
        deployment.apps/ubuntu-client created
        [run.sh] Waiting for all pods to be running
        [run.sh] All pods are running
        [run.sh] Checking heartbeat for all services
        [run.sh] Running warmup test
        [run.sh] /wrk/wrk -t8 -c800 --timeout 3s -d3s -L http://service0:80/endpoint1
        Running 3s test @ http://service0:80/endpoint1
        8 threads and 800 connections
        Thread Stats   Avg      Stdev     Max   +/- Stdev
        Latency   563.57ms  255.81ms   1.48s    64.11%
        Req/Sec   208.28    129.28   500.00     55.36%
        Latency Distribution
        50%  520.28ms
        75%  699.67ms
        90%  962.43ms
        99%    1.19s
        3954 requests in 3.03s, 613.95KB read
        Requests/sec:   1304.32
        Transfer/sec:    202.53KB
        [run.sh] Speed is 1304.32, duration is 23
        [run.sh] Fix the request number.
        [run.sh] Running the actual test
        [run.sh] /wrk/wrk --timeout 20s -t8 -c800 -d23s -L -s /wrk/fix_req_n.lua http://service0:80/endpoint1
        Running 23s test @ http://service0:80/endpoint1
        8 threads and 800 connections
        Thread Stats   Avg      Stdev     Max   +/- Stdev
        Latency   521.26ms  264.66ms   1.90s    71.60%
        Req/Sec   193.11    132.40   686.00     68.63%
        Latency Distribution
        50%  476.00ms
        75%  654.13ms
        90%  880.74ms
        99%    1.34s
        20000 requests in 23.00s, 3.03MB read
        Requests/sec:    869.56
        Transfer/sec:    135.02KB
        ------------------------------
        stop time: 12.919188
        stop time: 13.374611
        stop time: 13.482027
        stop time: 13.484330
        stop time: 13.487128
        stop time: 13.401223
        stop time: 13.303547
        stop time: 13.440922
        [run.sh] Checking the resource usage
        NAME                             CPU(cores)   MEMORY(bytes)
        service0-6fb7cc7c7f-mctjq        528m         75Mi
        service1-76b89695f7-n57dr        461m         23Mi
        service2-7bdbb95446-2fv7t        102m         11Mi
        service3-766854894f-c9sph        191m         15Mi
        ubuntu-client-76886f6bbd-8nkgt   23m          0Mi
        [run.sh] Test finished with status 0
        > STDERR
        > No resources found in default namespace.
    [exp] Times: [12.919188, 13.374611, 13.482027, 13.48433, 13.487128, 13.401223, 13.303547, 13.440922]
    [exp] Throughput: 1496.8242628028243
[test.py] Running 1th slowdown exp
    [exp] Running (pre_run: False) workload synthetic/fanout-w3-grpc-async request with the following configuration: {'CLIENT_CPU_QUOTA': '2', 'SLOWPOKE_POKER_BATCH_THRESHOLD': '20000000', 'PROCESSING_TIME_SERVICE0': '0.00091802', 'PROCESSING_TIME_SERVICE1': '0.00084359', 'PROCESSING_TIME_SERVICE2': '0.00083384', 'PROCESSING_TIME_SERVICE3': '0.00027464', 'SLOWPOKE_DELAY_MICROS_SERVICE0': '375.0', 'SLOWPOKE_POKER_BATCH_THRESHOLD_SERVICE0': '100', 'SLOWPOKE_IS_TARGET_SERVICE_SERVICE0': 'false', 'SLOWPOKE_DELAY_MICROS_SERVICE1': '375.0', 'SLOWPOKE_POKER_BATCH_THRESHOLD_SERVICE1': '100', 'SLOWPOKE_IS_TARGET_SERVICE_SERVICE1': 'false', 'SLOWPOKE_DELAY_MICROS_SERVICE2': '0.0', 'SLOWPOKE_POKER_BATCH_THRESHOLD_SERVICE2': '100', 'SLOWPOKE_IS_TARGET_SERVICE_SERVICE2': 'true', 'SLOWPOKE_DELAY_MICROS_SERVICE3': '375.0', 'SLOWPOKE_POKER_BATCH_THRESHOLD_SERVICE3': '100', 'SLOWPOKE_IS_TARGET_SERVICE_SERVICE3': 'false'}
    [exp] Executing cmd `bash run.sh synthetic fanout-w3-grpc-async 8 800 20000`:
        [run.sh] Running benchmark synthetic with request fanout-w3-grpc-async, thread 8, conn 800, duration 60
        [run.sh] Deleting all services
        configmap "config-service0" deleted
        deployment.apps "service0" deleted
        service "service0" deleted
        configmap "config-service1" deleted
        deployment.apps "service1" deleted
        service "service1" deleted
        configmap "config-service2" deleted
        deployment.apps "service2" deleted
        service "service2" deleted
        configmap "config-service3" deleted
        deployment.apps "service3" deleted
        service "service3" deleted
        deployment.apps "ubuntu-client" deleted
        [run.sh] Waiting for all pods to be deleted
        [run.sh] Deploying all services
        configmap/config-service0 created
        deployment.apps/service0 created
        service/service0 created
        configmap/config-service1 created
        deployment.apps/service1 created
        service/service1 created
        configmap/config-service2 created
        deployment.apps/service2 created
        service/service2 created
        configmap/config-service3 created
        deployment.apps/service3 created
        service/service3 created
        [run.sh] Client pod not found, deploying client
        deployment.apps/ubuntu-client created
        [run.sh] Waiting for all pods to be running
        [run.sh] All pods are running
        [run.sh] Checking heartbeat for all services
        [run.sh] Running warmup test
        [run.sh] /wrk/wrk -t8 -c800 --timeout 3s -d3s -L http://service0:80/endpoint1
        Running 3s test @ http://service0:80/endpoint1
        8 threads and 800 connections
        Thread Stats   Avg      Stdev     Max   +/- Stdev
        Latency   849.88ms  579.13ms   2.51s    71.60%
        Req/Sec   109.31    106.57   570.00     86.63%
        Latency Distribution
        50%  632.16ms
        75%    1.15s
        90%    1.80s
        99%    2.36s
        2380 requests in 3.04s, 369.55KB read
        Requests/sec:    783.85
        Transfer/sec:    121.71KB
        [run.sh] Speed is 783.85, duration is 38
        [run.sh] Fix the request number.
        [run.sh] Running the actual test
        [run.sh] /wrk/wrk --timeout 20s -t8 -c800 -d38s -L -s /wrk/fix_req_n.lua http://service0:80/endpoint1
        [run.sh] Checking the resource usage
        NAME                             CPU(cores)   MEMORY(bytes)
        service0-65b8c6f4cd-4jq22        736m         78Mi
        service1-54c6dcdcdd-bkvrs        662m         16Mi
        service2-7bdbb95446-4br8m        607m         13Mi
        service3-5f6f57c864-s447k        357m         12Mi
        ubuntu-client-76886f6bbd-n57qn   33m          24Mi
        Running 38s test @ http://service0:80/endpoint1
        8 threads and 800 connections
        Thread Stats   Avg      Stdev     Max   +/- Stdev
        Latency   817.04ms  390.38ms   2.93s    69.08%
        Req/Sec   134.87    112.22   600.00     70.28%
        Latency Distribution
        50%  770.28ms
        75%    1.02s
        90%    1.34s
        99%    1.99s
        20000 requests in 38.00s, 3.03MB read
        Requests/sec:    526.31
        Transfer/sec:     81.72KB
        ------------------------------
        stop time: 20.491377
        stop time: 20.717399
        stop time: 20.716571
        stop time: 21.032546
        stop time: 21.057284
        stop time: 21.066020
        stop time: 20.925409
        stop time: 20.709738
        [run.sh] Test finished with status 0
        > STDERR
        > No resources found in default namespace.
    [exp] Times: [20.491377, 20.717399, 20.716571, 21.032546, 21.057284, 21.06602, 20.925409, 20.709738]
    [exp] Throughput: 959.7139438230483
[test.py] Finished running 1th optmization experiment: groundtruth->1496.8242628028243, slowdown->959.7139438230483, predicted->1500.2464529860647, err->0.22863005820284787
[test.py] Running 2th optmization experiment
[test.py] Running 2th groundtruth exp
    [exp] Running (pre_run: False) workload synthetic/fanout-w3-grpc-async request with the following configuration: {'CLIENT_CPU_QUOTA': '2', 'SLOWPOKE_POKER_BATCH_THRESHOLD': '20000000', 'PROCESSING_TIME_SERVICE0': '0.00091802', 'PROCESSING_TIME_SERVICE1': '0.00084359', 'PROCESSING_TIME_SERVICE2': '0.000166', 'PROCESSING_TIME_SERVICE3': '0.00027464', 'SLOWPOKE_DELAY_MICROS_SERVICE0': '0.0', 'SLOWPOKE_POKER_BATCH_THRESHOLD_SERVICE0': '100', 'SLOWPOKE_IS_TARGET_SERVICE_SERVICE0': 'false', 'SLOWPOKE_DELAY_MICROS_SERVICE1': '0.0', 'SLOWPOKE_POKER_BATCH_THRESHOLD_SERVICE1': '100', 'SLOWPOKE_IS_TARGET_SERVICE_SERVICE1': 'false', 'SLOWPOKE_DELAY_MICROS_SERVICE2': '0.0', 'SLOWPOKE_POKER_BATCH_THRESHOLD_SERVICE2': '100', 'SLOWPOKE_IS_TARGET_SERVICE_SERVICE2': 'true', 'SLOWPOKE_DELAY_MICROS_SERVICE3': '0.0', 'SLOWPOKE_POKER_BATCH_THRESHOLD_SERVICE3': '100', 'SLOWPOKE_IS_TARGET_SERVICE_SERVICE3': 'false'}
    [exp] Executing cmd `bash run.sh synthetic fanout-w3-grpc-async 8 800 20000`:
        [run.sh] Running benchmark synthetic with request fanout-w3-grpc-async, thread 8, conn 800, duration 60
        [run.sh] Deleting all services
        configmap "config-service0" deleted
        deployment.apps "service0" deleted
        service "service0" deleted
        configmap "config-service1" deleted
        deployment.apps "service1" deleted
        service "service1" deleted
        configmap "config-service2" deleted
        deployment.apps "service2" deleted
        service "service2" deleted
        configmap "config-service3" deleted
        deployment.apps "service3" deleted
        service "service3" deleted
        deployment.apps "ubuntu-client" deleted
        [run.sh] Waiting for all pods to be deleted
        [run.sh] Deploying all services
        configmap/config-service0 created
        deployment.apps/service0 created
        service/service0 created
        configmap/config-service1 created
        deployment.apps/service1 created
        service/service1 created
        configmap/config-service2 created
        deployment.apps/service2 created
        service/service2 created
        configmap/config-service3 created
        deployment.apps/service3 created
        service/service3 created
        [run.sh] Client pod not found, deploying client
        deployment.apps/ubuntu-client created
        [run.sh] Waiting for all pods to be running
        [run.sh] All pods are running
        [run.sh] Checking heartbeat for all services
        [run.sh] Running warmup test
        [run.sh] /wrk/wrk -t8 -c800 --timeout 3s -d3s -L http://service0:80/endpoint1
        Running 3s test @ http://service0:80/endpoint1
        8 threads and 800 connections
        Thread Stats   Avg      Stdev     Max   +/- Stdev
        Latency   569.05ms  250.18ms   2.03s    65.93%
        Req/Sec   181.22    133.59   585.00     63.55%
        Latency Distribution
        50%  559.31ms
        75%  718.72ms
        90%  916.94ms
        99%    1.16s
        3920 requests in 3.04s, 608.67KB read
        Requests/sec:   1290.43
        Transfer/sec:    200.37KB
        [run.sh] Speed is 1290.43, duration is 23
        [run.sh] Fix the request number.
        [run.sh] Running the actual test
        [run.sh] /wrk/wrk --timeout 20s -t8 -c800 -d23s -L -s /wrk/fix_req_n.lua http://service0:80/endpoint1
        Running 23s test @ http://service0:80/endpoint1
        8 threads and 800 connections
        Thread Stats   Avg      Stdev     Max   +/- Stdev
        Latency   533.18ms  235.27ms   1.59s    69.51%
        Req/Sec   196.57    137.69   636.00     64.65%
        Latency Distribution
        50%  491.90ms
        75%  661.23ms
        90%  876.18ms
        99%    1.21s
        20000 requests in 23.00s, 3.03MB read
        Requests/sec:    869.56
        Transfer/sec:    135.02KB
        ------------------------------
        stop time: 13.375976
        stop time: 13.665063
        stop time: 13.662077
        stop time: 13.724913
        stop time: 13.758788
        stop time: 13.752864
        stop time: 13.832535
        stop time: 13.823036
        [run.sh] Checking the resource usage
        NAME                        CPU(cores)   MEMORY(bytes)
        service0-6fb7cc7c7f-xmxt7   358m         86Mi
        service1-76b89695f7-phr7w   135m         13Mi
        service2-7bdbb95446-pcz4t   83m          13Mi
        service3-766854894f-4vbjx   0m           11Mi
        [run.sh] Test finished with status 0
        > STDERR
        > No resources found in default namespace.
    [exp] Times: [13.375976, 13.665063, 13.662077, 13.724913, 13.758788, 13.752864, 13.832535, 13.823036]
    [exp] Throughput: 1459.917259919253
[test.py] Running 2th slowdown exp
    [exp] Running (pre_run: False) workload synthetic/fanout-w3-grpc-async request with the following configuration: {'CLIENT_CPU_QUOTA': '2', 'SLOWPOKE_POKER_BATCH_THRESHOLD': '20000000', 'PROCESSING_TIME_SERVICE0': '0.00091802', 'PROCESSING_TIME_SERVICE1': '0.00084359', 'PROCESSING_TIME_SERVICE2': '0.00083384', 'PROCESSING_TIME_SERVICE3': '0.00027464', 'SLOWPOKE_DELAY_MICROS_SERVICE0': '333.5', 'SLOWPOKE_POKER_BATCH_THRESHOLD_SERVICE0': '100', 'SLOWPOKE_IS_TARGET_SERVICE_SERVICE0': 'false', 'SLOWPOKE_DELAY_MICROS_SERVICE1': '333.5', 'SLOWPOKE_POKER_BATCH_THRESHOLD_SERVICE1': '100', 'SLOWPOKE_IS_TARGET_SERVICE_SERVICE1': 'false', 'SLOWPOKE_DELAY_MICROS_SERVICE2': '0.0', 'SLOWPOKE_POKER_BATCH_THRESHOLD_SERVICE2': '100', 'SLOWPOKE_IS_TARGET_SERVICE_SERVICE2': 'true', 'SLOWPOKE_DELAY_MICROS_SERVICE3': '333.5', 'SLOWPOKE_POKER_BATCH_THRESHOLD_SERVICE3': '100', 'SLOWPOKE_IS_TARGET_SERVICE_SERVICE3': 'false'}
    [exp] Executing cmd `bash run.sh synthetic fanout-w3-grpc-async 8 800 20000`:
        [run.sh] Running benchmark synthetic with request fanout-w3-grpc-async, thread 8, conn 800, duration 60
        [run.sh] Deleting all services
        configmap "config-service0" deleted
        deployment.apps "service0" deleted
        service "service0" deleted
        configmap "config-service1" deleted
        deployment.apps "service1" deleted
        service "service1" deleted
        configmap "config-service2" deleted
        deployment.apps "service2" deleted
        service "service2" deleted
        configmap "config-service3" deleted
        deployment.apps "service3" deleted
        service "service3" deleted
        deployment.apps "ubuntu-client" deleted
        [run.sh] Waiting for all pods to be deleted
        [run.sh] Deploying all services
        configmap/config-service0 created
        deployment.apps/service0 created
        service/service0 created
        configmap/config-service1 created
        deployment.apps/service1 created
        service/service1 created
        configmap/config-service2 created
        deployment.apps/service2 created
        service/service2 created
        configmap/config-service3 created
        deployment.apps/service3 created
        service/service3 created
        [run.sh] Client pod not found, deploying client
        deployment.apps/ubuntu-client created
        [run.sh] Waiting for all pods to be running
        [run.sh] All pods are running
        [run.sh] Checking heartbeat for all services
        [run.sh] Running warmup test
        [run.sh] /wrk/wrk -t8 -c800 --timeout 3s -d3s -L http://service0:80/endpoint1
        Running 3s test @ http://service0:80/endpoint1
        8 threads and 800 connections
        Thread Stats   Avg      Stdev     Max   +/- Stdev
        Latency   823.01ms  386.23ms   2.42s    74.25%
        Req/Sec   155.79    132.25   610.00     76.69%
        Latency Distribution
        50%  758.30ms
        75%  927.78ms
        90%    1.32s
        99%    2.09s
        2723 requests in 3.04s, 422.81KB read
        Requests/sec:    895.01
        Transfer/sec:    138.97KB
        [run.sh] Speed is 895.01, duration is 33
        [run.sh] Fix the request number.
        [run.sh] Running the actual test
        [run.sh] /wrk/wrk --timeout 20s -t8 -c800 -d33s -L -s /wrk/fix_req_n.lua http://service0:80/endpoint1
        Running 33s test @ http://service0:80/endpoint1
        8 threads and 800 connections
        Thread Stats   Avg      Stdev     Max   +/- Stdev
        Latency   804.39ms  336.17ms   2.88s    69.36%
        Req/Sec   133.91    114.47   590.00     75.35%
        Latency Distribution
        50%  753.90ms
        75%    1.01s
        90%    1.25s
        99%    1.76s
        20000 requests in 33.00s, 3.03MB read
        Requests/sec:    606.06
        Transfer/sec:     94.10KB
        ------------------------------
        stop time: 20.668253
        stop time: 20.604904
        stop time: 20.362020
        stop time: 20.633719
        stop time: 20.629497
        stop time: 20.804372
        stop time: 20.793458
        stop time: 20.788002
        [run.sh] Checking the resource usage
        NAME                             CPU(cores)   MEMORY(bytes)
        service0-667c9bc5-nxtnh          842m         76Mi
        service1-6978cb9557-cxjlp        965m         24Mi
        service2-7bdbb95446-hltt2        651m         20Mi
        service3-56dd775cfc-ghppg        407m         11Mi
        ubuntu-client-76886f6bbd-xh9rt   36m          23Mi
        [run.sh] Test finished with status 0
        > STDERR
        > No resources found in default namespace.
    [exp] Times: [20.668253, 20.604904, 20.36202, 20.633719, 20.629497, 20.804372, 20.793458, 20.788002]
    [exp] Throughput: 968.0294656068963
[test.py] Finished running 2th optmization experiment: groundtruth->1459.917259919253, slowdown->968.0294656068963, predicted->1430.397420278253, err->-2.0220214152843554
[test.py] Running 3th optmization experiment
[test.py] Running 3th groundtruth exp
    [exp] Running (pre_run: False) workload synthetic/fanout-w3-grpc-async request with the following configuration: {'CLIENT_CPU_QUOTA': '2', 'SLOWPOKE_POKER_BATCH_THRESHOLD': '20000000', 'PROCESSING_TIME_SERVICE0': '0.00091802', 'PROCESSING_TIME_SERVICE1': '0.00084359', 'PROCESSING_TIME_SERVICE2': '0.000249', 'PROCESSING_TIME_SERVICE3': '0.00027464', 'SLOWPOKE_DELAY_MICROS_SERVICE0': '0.0', 'SLOWPOKE_POKER_BATCH_THRESHOLD_SERVICE0': '100', 'SLOWPOKE_IS_TARGET_SERVICE_SERVICE0': 'false', 'SLOWPOKE_DELAY_MICROS_SERVICE1': '0.0', 'SLOWPOKE_POKER_BATCH_THRESHOLD_SERVICE1': '100', 'SLOWPOKE_IS_TARGET_SERVICE_SERVICE1': 'false', 'SLOWPOKE_DELAY_MICROS_SERVICE2': '0.0', 'SLOWPOKE_POKER_BATCH_THRESHOLD_SERVICE2': '100', 'SLOWPOKE_IS_TARGET_SERVICE_SERVICE2': 'true', 'SLOWPOKE_DELAY_MICROS_SERVICE3': '0.0', 'SLOWPOKE_POKER_BATCH_THRESHOLD_SERVICE3': '100', 'SLOWPOKE_IS_TARGET_SERVICE_SERVICE3': 'false'}
    [exp] Executing cmd `bash run.sh synthetic fanout-w3-grpc-async 8 800 20000`:
        [run.sh] Running benchmark synthetic with request fanout-w3-grpc-async, thread 8, conn 800, duration 60
        [run.sh] Deleting all services
        configmap "config-service0" deleted
        deployment.apps "service0" deleted
        service "service0" deleted
        configmap "config-service1" deleted
        deployment.apps "service1" deleted
        service "service1" deleted
        configmap "config-service2" deleted
        deployment.apps "service2" deleted
        service "service2" deleted
        configmap "config-service3" deleted
        deployment.apps "service3" deleted
        service "service3" deleted
        deployment.apps "ubuntu-client" deleted
        [run.sh] Waiting for all pods to be deleted
        [run.sh] Deploying all services
        configmap/config-service0 created
        deployment.apps/service0 created
        service/service0 created
        configmap/config-service1 created
        deployment.apps/service1 created
        service/service1 created
        configmap/config-service2 created
        deployment.apps/service2 created
        service/service2 created
        configmap/config-service3 created
        deployment.apps/service3 created
        service/service3 created
        [run.sh] Client pod not found, deploying client
        deployment.apps/ubuntu-client created
        [run.sh] Waiting for all pods to be running
        [run.sh] All pods are running
        [run.sh] Checking heartbeat for all services
        [run.sh] Running warmup test
        [run.sh] /wrk/wrk -t8 -c800 --timeout 3s -d3s -L http://service0:80/endpoint1
        Running 3s test @ http://service0:80/endpoint1
        8 threads and 800 connections
        Thread Stats   Avg      Stdev     Max   +/- Stdev
        Latency   556.67ms  242.79ms   1.77s    73.90%
        Req/Sec   194.17    109.06   464.00     62.63%
        Latency Distribution
        50%  515.32ms
        75%  665.70ms
        90%  845.83ms
        99%    1.34s
        4016 requests in 3.04s, 623.58KB read
        Requests/sec:   1322.09
        Transfer/sec:    205.28KB
        [run.sh] Speed is 1322.09, duration is 22
        [run.sh] Fix the request number.
        [run.sh] Running the actual test
        [run.sh] /wrk/wrk --timeout 20s -t8 -c800 -d22s -L -s /wrk/fix_req_n.lua http://service0:80/endpoint1
        Running 22s test @ http://service0:80/endpoint1
        8 threads and 800 connections
        Thread Stats   Avg      Stdev     Max   +/- Stdev
        Latency   513.42ms  272.58ms   1.97s    71.55%
        Req/Sec   195.78    147.57   848.00     68.86%
        Latency Distribution
        50%  467.09ms
        75%  643.22ms
        90%  880.07ms
        99%    1.34s
        20000 requests in 22.00s, 3.03MB read
        Requests/sec:    909.09
        Transfer/sec:    141.16KB
        ------------------------------
        stop time: 12.857586
        stop time: 12.811284
        stop time: 12.887216
        stop time: 13.180996
        stop time: 13.498532
        stop time: 13.467299
        stop time: 13.446287
        stop time: 13.506298
        [run.sh] Checking the resource usage
        [run.sh] Test finished with status 0
        > STDERR
        > No resources found in default namespace.
        > error: metrics not available yet
    [exp] Times: [12.857586, 12.811284, 12.887216, 13.180996, 13.498532, 13.467299, 13.446287, 13.506298]
    [exp] Throughput: 1514.355646688637
[test.py] Running 3th slowdown exp
    [exp] Running (pre_run: False) workload synthetic/fanout-w3-grpc-async request with the following configuration: {'CLIENT_CPU_QUOTA': '2', 'SLOWPOKE_POKER_BATCH_THRESHOLD': '20000000', 'PROCESSING_TIME_SERVICE0': '0.00091802', 'PROCESSING_TIME_SERVICE1': '0.00084359', 'PROCESSING_TIME_SERVICE2': '0.00083384', 'PROCESSING_TIME_SERVICE3': '0.00027464', 'SLOWPOKE_DELAY_MICROS_SERVICE0': '292.0', 'SLOWPOKE_POKER_BATCH_THRESHOLD_SERVICE0': '100', 'SLOWPOKE_IS_TARGET_SERVICE_SERVICE0': 'false', 'SLOWPOKE_DELAY_MICROS_SERVICE1': '292.0', 'SLOWPOKE_POKER_BATCH_THRESHOLD_SERVICE1': '100', 'SLOWPOKE_IS_TARGET_SERVICE_SERVICE1': 'false', 'SLOWPOKE_DELAY_MICROS_SERVICE2': '0.0', 'SLOWPOKE_POKER_BATCH_THRESHOLD_SERVICE2': '100', 'SLOWPOKE_IS_TARGET_SERVICE_SERVICE2': 'true', 'SLOWPOKE_DELAY_MICROS_SERVICE3': '292.0', 'SLOWPOKE_POKER_BATCH_THRESHOLD_SERVICE3': '100', 'SLOWPOKE_IS_TARGET_SERVICE_SERVICE3': 'false'}
    [exp] Executing cmd `bash run.sh synthetic fanout-w3-grpc-async 8 800 20000`:
        [run.sh] Running benchmark synthetic with request fanout-w3-grpc-async, thread 8, conn 800, duration 60
        [run.sh] Deleting all services
        configmap "config-service0" deleted
        deployment.apps "service0" deleted
        service "service0" deleted
        configmap "config-service1" deleted
        deployment.apps "service1" deleted
        service "service1" deleted
        configmap "config-service2" deleted
        deployment.apps "service2" deleted
        service "service2" deleted
        configmap "config-service3" deleted
        deployment.apps "service3" deleted
        service "service3" deleted
        deployment.apps "ubuntu-client" deleted
        [run.sh] Waiting for all pods to be deleted
        [run.sh] Deploying all services
        configmap/config-service0 created
        deployment.apps/service0 created
        service/service0 created
        configmap/config-service1 created
        deployment.apps/service1 created
        service/service1 created
        configmap/config-service2 created
        deployment.apps/service2 created
        service/service2 created
        configmap/config-service3 created
        deployment.apps/service3 created
        service/service3 created
        [run.sh] Client pod not found, deploying client
        deployment.apps/ubuntu-client created
        [run.sh] Waiting for all pods to be running
        [run.sh] All pods are running
        [run.sh] Checking heartbeat for all services
        [run.sh] Running warmup test
        [run.sh] /wrk/wrk -t8 -c800 --timeout 3s -d3s -L http://service0:80/endpoint1
        Running 3s test @ http://service0:80/endpoint1
        8 threads and 800 connections
        Thread Stats   Avg      Stdev     Max   +/- Stdev
        Latency   777.62ms  337.03ms   2.04s    68.89%
        Req/Sec   172.03    161.24   570.00     74.31%
        Latency Distribution
        50%  794.93ms
        75%  943.00ms
        90%    1.19s
        99%    1.84s
        2942 requests in 3.04s, 456.81KB read
        Requests/sec:    969.07
        Transfer/sec:    150.47KB
        [run.sh] Speed is 969.07, duration is 30
        [run.sh] Fix the request number.
        [run.sh] Running the actual test
        [run.sh] /wrk/wrk --timeout 20s -t8 -c800 -d30s -L -s /wrk/fix_req_n.lua http://service0:80/endpoint1
        Running 30s test @ http://service0:80/endpoint1
        8 threads and 800 connections
        Thread Stats   Avg      Stdev     Max   +/- Stdev
        Latency   758.28ms  375.29ms   2.46s    70.55%
        Req/Sec   139.44    107.11   606.00     69.98%
        Latency Distribution
        50%  703.42ms
        75%  984.99ms
        90%    1.25s
        99%    1.83s
        20000 requests in 30.00s, 3.03MB read
        Requests/sec:    666.66
        Transfer/sec:    103.52KB
        ------------------------------
        stop time: 19.598624
        stop time: 19.529738
        stop time: 19.054920
        stop time: 19.031895
        stop time: 19.514216
        stop time: 19.531485
        stop time: 19.513955
        stop time: 19.569673
        [run.sh] Checking the resource usage
        NAME                             CPU(cores)   MEMORY(bytes)
        service0-5c789958cd-nncbm        341m         85Mi
        service1-57b875f968-c4gn8        124m         18Mi
        service2-7bdbb95446-mj825        262m         14Mi
        service3-6f5d57dbbd-rmzj7        389m         13Mi
        ubuntu-client-76886f6bbd-2zqlx   22m          23Mi
        [run.sh] Test finished with status 0
        > STDERR
        > No resources found in default namespace.
    [exp] Times: [19.598624, 19.529738, 19.05492, 19.031895, 19.514216, 19.531485, 19.513955, 19.569673]
    [exp] Throughput: 1029.9688358466956
[test.py] Finished running 3th optmization experiment: groundtruth->1514.355646688637, slowdown->1029.9688358466956, predicted->1473.875926876815, err->-2.6730655972615867
[test.py] Running 4th optmization experiment
[test.py] Running 4th groundtruth exp
    [exp] Running (pre_run: False) workload synthetic/fanout-w3-grpc-async request with the following configuration: {'CLIENT_CPU_QUOTA': '2', 'SLOWPOKE_POKER_BATCH_THRESHOLD': '20000000', 'PROCESSING_TIME_SERVICE0': '0.00091802', 'PROCESSING_TIME_SERVICE1': '0.00084359', 'PROCESSING_TIME_SERVICE2': '0.000332', 'PROCESSING_TIME_SERVICE3': '0.00027464', 'SLOWPOKE_DELAY_MICROS_SERVICE0': '0.0', 'SLOWPOKE_POKER_BATCH_THRESHOLD_SERVICE0': '100', 'SLOWPOKE_IS_TARGET_SERVICE_SERVICE0': 'false', 'SLOWPOKE_DELAY_MICROS_SERVICE1': '0.0', 'SLOWPOKE_POKER_BATCH_THRESHOLD_SERVICE1': '100', 'SLOWPOKE_IS_TARGET_SERVICE_SERVICE1': 'false', 'SLOWPOKE_DELAY_MICROS_SERVICE2': '0.0', 'SLOWPOKE_POKER_BATCH_THRESHOLD_SERVICE2': '100', 'SLOWPOKE_IS_TARGET_SERVICE_SERVICE2': 'true', 'SLOWPOKE_DELAY_MICROS_SERVICE3': '0.0', 'SLOWPOKE_POKER_BATCH_THRESHOLD_SERVICE3': '100', 'SLOWPOKE_IS_TARGET_SERVICE_SERVICE3': 'false'}
    [exp] Executing cmd `bash run.sh synthetic fanout-w3-grpc-async 8 800 20000`:
        [run.sh] Running benchmark synthetic with request fanout-w3-grpc-async, thread 8, conn 800, duration 60
        [run.sh] Deleting all services
        configmap "config-service0" deleted
        deployment.apps "service0" deleted
        service "service0" deleted
        configmap "config-service1" deleted
        deployment.apps "service1" deleted
        service "service1" deleted
        configmap "config-service2" deleted
        deployment.apps "service2" deleted
        service "service2" deleted
        configmap "config-service3" deleted
        deployment.apps "service3" deleted
        service "service3" deleted
        deployment.apps "ubuntu-client" deleted
        [run.sh] Waiting for all pods to be deleted
        [run.sh] Deploying all services
        configmap/config-service0 created
        deployment.apps/service0 created
        service/service0 created
        configmap/config-service1 created
        deployment.apps/service1 created
        service/service1 created
        configmap/config-service2 created
        deployment.apps/service2 created
        service/service2 created
        configmap/config-service3 created
        deployment.apps/service3 created
        service/service3 created
        [run.sh] Client pod not found, deploying client
        deployment.apps/ubuntu-client created
        [run.sh] Waiting for all pods to be running
        [run.sh] All pods are running
        [run.sh] Checking heartbeat for all services
        [run.sh] Running warmup test
        [run.sh] /wrk/wrk -t8 -c800 --timeout 3s -d3s -L http://service0:80/endpoint1
        Running 3s test @ http://service0:80/endpoint1
        8 threads and 800 connections
        Thread Stats   Avg      Stdev     Max   +/- Stdev
        Latency   532.18ms  229.10ms   1.30s    65.77%
        Req/Sec   191.52    147.97   666.00     67.65%
        Latency Distribution
        50%  514.45ms
        75%  686.00ms
        90%  873.32ms
        99%    1.07s
        3950 requests in 3.03s, 613.33KB read
        Requests/sec:   1304.94
        Transfer/sec:    202.62KB
        [run.sh] Speed is 1304.94, duration is 22
        [run.sh] Fix the request number.
        [run.sh] Running the actual test
        [run.sh] /wrk/wrk --timeout 20s -t8 -c800 -d22s -L -s /wrk/fix_req_n.lua http://service0:80/endpoint1
        Running 22s test @ http://service0:80/endpoint1
        8 threads and 800 connections
        Thread Stats   Avg      Stdev     Max   +/- Stdev
        Latency   527.78ms  276.44ms   1.83s    73.96%
        Req/Sec   194.77    127.71   616.00     66.09%
        Latency Distribution
        50%  484.72ms
        75%  651.20ms
        90%  888.08ms
        99%    1.47s
        20000 requests in 22.00s, 3.03MB read
        Requests/sec:    909.08
        Transfer/sec:    141.16KB
        ------------------------------
        stop time: 13.522185
        stop time: 13.267497
        stop time: 13.180020
        stop time: 13.530234
        stop time: 13.515069
        stop time: 13.671802
        stop time: 13.549531
        stop time: 13.680060
        [run.sh] Checking the resource usage
        [run.sh] Test finished with status 0
        > STDERR
        > No resources found in default namespace.
        > error: metrics not available yet
    [exp] Times: [13.522185, 13.267497, 13.18002, 13.530234, 13.515069, 13.671802, 13.549531, 13.68006]
    [exp] Throughput: 1482.6291737424372
[test.py] Running 4th slowdown exp
    [exp] Running (pre_run: False) workload synthetic/fanout-w3-grpc-async request with the following configuration: {'CLIENT_CPU_QUOTA': '2', 'SLOWPOKE_POKER_BATCH_THRESHOLD': '20000000', 'PROCESSING_TIME_SERVICE0': '0.00091802', 'PROCESSING_TIME_SERVICE1': '0.00084359', 'PROCESSING_TIME_SERVICE2': '0.00083384', 'PROCESSING_TIME_SERVICE3': '0.00027464', 'SLOWPOKE_DELAY_MICROS_SERVICE0': '250.5', 'SLOWPOKE_POKER_BATCH_THRESHOLD_SERVICE0': '100', 'SLOWPOKE_IS_TARGET_SERVICE_SERVICE0': 'false', 'SLOWPOKE_DELAY_MICROS_SERVICE1': '250.5', 'SLOWPOKE_POKER_BATCH_THRESHOLD_SERVICE1': '100', 'SLOWPOKE_IS_TARGET_SERVICE_SERVICE1': 'false', 'SLOWPOKE_DELAY_MICROS_SERVICE2': '0.0', 'SLOWPOKE_POKER_BATCH_THRESHOLD_SERVICE2': '100', 'SLOWPOKE_IS_TARGET_SERVICE_SERVICE2': 'true', 'SLOWPOKE_DELAY_MICROS_SERVICE3': '250.5', 'SLOWPOKE_POKER_BATCH_THRESHOLD_SERVICE3': '100', 'SLOWPOKE_IS_TARGET_SERVICE_SERVICE3': 'false'}
    [exp] Executing cmd `bash run.sh synthetic fanout-w3-grpc-async 8 800 20000`:
        [run.sh] Running benchmark synthetic with request fanout-w3-grpc-async, thread 8, conn 800, duration 60
        [run.sh] Deleting all services
        configmap "config-service0" deleted
        deployment.apps "service0" deleted
        service "service0" deleted
        configmap "config-service1" deleted
        deployment.apps "service1" deleted
        service "service1" deleted
        configmap "config-service2" deleted
        deployment.apps "service2" deleted
        service "service2" deleted
        configmap "config-service3" deleted
        deployment.apps "service3" deleted
        service "service3" deleted
        deployment.apps "ubuntu-client" deleted
        [run.sh] Waiting for all pods to be deleted
        [run.sh] Deploying all services
        configmap/config-service0 created
        deployment.apps/service0 created
        service/service0 created
        configmap/config-service1 created
        deployment.apps/service1 created
        service/service1 created
        configmap/config-service2 created
        deployment.apps/service2 created
        service/service2 created
        configmap/config-service3 created
        deployment.apps/service3 created
        service/service3 created
        [run.sh] Client pod not found, deploying client
        deployment.apps/ubuntu-client created
        [run.sh] Waiting for all pods to be running
        [run.sh] All pods are running
        [run.sh] Checking heartbeat for all services
        [run.sh] Running warmup test
        [run.sh] /wrk/wrk -t8 -c800 --timeout 3s -d3s -L http://service0:80/endpoint1
        Running 3s test @ http://service0:80/endpoint1
        8 threads and 800 connections
        Thread Stats   Avg      Stdev     Max   +/- Stdev
        Latency   746.81ms  336.82ms   1.69s    62.14%
        Req/Sec   138.18     93.02   380.00     63.29%
        Latency Distribution
        50%  681.36ms
        75%    1.04s
        90%    1.29s
        99%    1.50s
        2900 requests in 3.03s, 450.29KB read
        Requests/sec:    957.92
        Transfer/sec:    148.74KB
        [run.sh] Speed is 957.92, duration is 31
        [run.sh] Fix the request number.
        [run.sh] Running the actual test
        [run.sh] /wrk/wrk --timeout 20s -t8 -c800 -d31s -L -s /wrk/fix_req_n.lua http://service0:80/endpoint1
        Running 31s test @ http://service0:80/endpoint1
        8 threads and 800 connections
        Thread Stats   Avg      Stdev     Max   +/- Stdev
        Latency   736.08ms  335.48ms   2.25s    70.49%
        Req/Sec   145.11    110.19   600.00     65.70%
        Latency Distribution
        50%  712.78ms
        75%  934.18ms
        90%    1.16s
        99%    1.74s
        20000 requests in 31.00s, 3.03MB read
        Requests/sec:    645.16
        Transfer/sec:    100.18KB
        ------------------------------
        stop time: 18.725133
        stop time: 18.810578
        stop time: 18.745980
        stop time: 18.758984
        stop time: 18.916724
        stop time: 18.908354
        stop time: 18.907000
        stop time: 18.934650
        [run.sh] Checking the resource usage
        NAME                             CPU(cores)   MEMORY(bytes)
        service0-5bb5f67c99-f74zv        230m         71Mi
        service1-677745bffc-9sc9d        325m         24Mi
        service2-7bdbb95446-qf9zv        181m         13Mi
        service3-74465689b5-8cwpb        227m         11Mi
        ubuntu-client-76886f6bbd-kdqnn   5m           20Mi
        [run.sh] Test finished with status 0
        > STDERR
        > No resources found in default namespace.
    [exp] Times: [18.725133, 18.810578, 18.74598, 18.758984, 18.916724, 18.908354, 18.907, 18.93465]
    [exp] Throughput: 1061.659857545286
[test.py] Finished running 4th optmization experiment: groundtruth->1482.6291737424372, slowdown->1061.659857545286, predicted->1447.175345725442, err->-2.391280884316003
[test.py] Running 5th optmization experiment
[test.py] Running 5th groundtruth exp
    [exp] Running (pre_run: False) workload synthetic/fanout-w3-grpc-async request with the following configuration: {'CLIENT_CPU_QUOTA': '2', 'SLOWPOKE_POKER_BATCH_THRESHOLD': '20000000', 'PROCESSING_TIME_SERVICE0': '0.00091802', 'PROCESSING_TIME_SERVICE1': '0.00084359', 'PROCESSING_TIME_SERVICE2': '0.000415', 'PROCESSING_TIME_SERVICE3': '0.00027464', 'SLOWPOKE_DELAY_MICROS_SERVICE0': '0.0', 'SLOWPOKE_POKER_BATCH_THRESHOLD_SERVICE0': '100', 'SLOWPOKE_IS_TARGET_SERVICE_SERVICE0': 'false', 'SLOWPOKE_DELAY_MICROS_SERVICE1': '0.0', 'SLOWPOKE_POKER_BATCH_THRESHOLD_SERVICE1': '100', 'SLOWPOKE_IS_TARGET_SERVICE_SERVICE1': 'false', 'SLOWPOKE_DELAY_MICROS_SERVICE2': '0.0', 'SLOWPOKE_POKER_BATCH_THRESHOLD_SERVICE2': '100', 'SLOWPOKE_IS_TARGET_SERVICE_SERVICE2': 'true', 'SLOWPOKE_DELAY_MICROS_SERVICE3': '0.0', 'SLOWPOKE_POKER_BATCH_THRESHOLD_SERVICE3': '100', 'SLOWPOKE_IS_TARGET_SERVICE_SERVICE3': 'false'}
    [exp] Executing cmd `bash run.sh synthetic fanout-w3-grpc-async 8 800 20000`:
        [run.sh] Running benchmark synthetic with request fanout-w3-grpc-async, thread 8, conn 800, duration 60
        [run.sh] Deleting all services
        configmap "config-service0" deleted
        deployment.apps "service0" deleted
        service "service0" deleted
        configmap "config-service1" deleted
        deployment.apps "service1" deleted
        service "service1" deleted
        configmap "config-service2" deleted
        deployment.apps "service2" deleted
        service "service2" deleted
        configmap "config-service3" deleted
        deployment.apps "service3" deleted
        service "service3" deleted
        deployment.apps "ubuntu-client" deleted
        [run.sh] Waiting for all pods to be deleted
        [run.sh] Deploying all services
        configmap/config-service0 created
        deployment.apps/service0 created
        service/service0 created
        configmap/config-service1 created
        deployment.apps/service1 created
        service/service1 created
        configmap/config-service2 created
        deployment.apps/service2 created
        service/service2 created
        configmap/config-service3 created
        deployment.apps/service3 created
        service/service3 created
        [run.sh] Client pod not found, deploying client
        deployment.apps/ubuntu-client created
        [run.sh] Waiting for all pods to be running
        [run.sh] All pods are running
        [run.sh] Checking heartbeat for all services
        [run.sh] Running warmup test
        [run.sh] /wrk/wrk -t8 -c800 --timeout 3s -d3s -L http://service0:80/endpoint1
        Running 3s test @ http://service0:80/endpoint1
        8 threads and 800 connections
        Thread Stats   Avg      Stdev     Max   +/- Stdev
        Latency   531.08ms  188.39ms   1.38s    68.48%
        Req/Sec   189.07    130.46   530.00     63.44%
        Latency Distribution
        50%  522.25ms
        75%  624.37ms
        90%  812.92ms
        99%  975.75ms
        3956 requests in 3.02s, 614.26KB read
        Requests/sec:   1309.96
        Transfer/sec:    203.40KB
        [run.sh] Speed is 1309.96, duration is 22
        [run.sh] Fix the request number.
        [run.sh] Running the actual test
        [run.sh] /wrk/wrk --timeout 20s -t8 -c800 -d22s -L -s /wrk/fix_req_n.lua http://service0:80/endpoint1
        Running 22s test @ http://service0:80/endpoint1
        8 threads and 800 connections
        Thread Stats   Avg      Stdev     Max   +/- Stdev
        Latency   537.92ms  264.32ms   1.87s    73.31%
        Req/Sec   197.59    149.35   828.00     71.64%
        Latency Distribution
        50%  495.09ms
        75%  657.97ms
        90%  902.69ms
        99%    1.34s
        20000 requests in 22.00s, 3.03MB read
        Requests/sec:    909.09
        Transfer/sec:    141.16KB
        ------------------------------
        stop time: 13.763319
        stop time: 13.613505
        stop time: 13.839493
        stop time: 13.694150
        stop time: 13.671863
        stop time: 13.662393
        stop time: 13.750026
        stop time: 13.592201
        [run.sh] Checking the resource usage
        NAME                             CPU(cores)   MEMORY(bytes)
        service0-6fb7cc7c7f-kghc6        3m           74Mi
        service1-76b89695f7-pv6fd        0m           19Mi
        service2-7bdbb95446-bmgk5        0m           12Mi
        service3-766854894f-lgtk2        0m           12Mi
        ubuntu-client-76886f6bbd-dqn69   3m           0Mi
        [run.sh] Test finished with status 0
        > STDERR
        > No resources found in default namespace.
    [exp] Times: [13.763319, 13.613505, 13.839493, 13.69415, 13.671863, 13.662393, 13.750026, 13.592201]
    [exp] Throughput: 1460.0278591565875
[test.py] Running 5th slowdown exp
    [exp] Running (pre_run: False) workload synthetic/fanout-w3-grpc-async request with the following configuration: {'CLIENT_CPU_QUOTA': '2', 'SLOWPOKE_POKER_BATCH_THRESHOLD': '20000000', 'PROCESSING_TIME_SERVICE0': '0.00091802', 'PROCESSING_TIME_SERVICE1': '0.00084359', 'PROCESSING_TIME_SERVICE2': '0.00083384', 'PROCESSING_TIME_SERVICE3': '0.00027464', 'SLOWPOKE_DELAY_MICROS_SERVICE0': '209.0', 'SLOWPOKE_POKER_BATCH_THRESHOLD_SERVICE0': '100', 'SLOWPOKE_IS_TARGET_SERVICE_SERVICE0': 'false', 'SLOWPOKE_DELAY_MICROS_SERVICE1': '209.0', 'SLOWPOKE_POKER_BATCH_THRESHOLD_SERVICE1': '100', 'SLOWPOKE_IS_TARGET_SERVICE_SERVICE1': 'false', 'SLOWPOKE_DELAY_MICROS_SERVICE2': '0.0', 'SLOWPOKE_POKER_BATCH_THRESHOLD_SERVICE2': '100', 'SLOWPOKE_IS_TARGET_SERVICE_SERVICE2': 'true', 'SLOWPOKE_DELAY_MICROS_SERVICE3': '209.0', 'SLOWPOKE_POKER_BATCH_THRESHOLD_SERVICE3': '100', 'SLOWPOKE_IS_TARGET_SERVICE_SERVICE3': 'false'}
    [exp] Executing cmd `bash run.sh synthetic fanout-w3-grpc-async 8 800 20000`:
        [run.sh] Running benchmark synthetic with request fanout-w3-grpc-async, thread 8, conn 800, duration 60
        [run.sh] Deleting all services
        configmap "config-service0" deleted
        deployment.apps "service0" deleted
        service "service0" deleted
        configmap "config-service1" deleted
        deployment.apps "service1" deleted
        service "service1" deleted
        configmap "config-service2" deleted
        deployment.apps "service2" deleted
        service "service2" deleted
        configmap "config-service3" deleted
        deployment.apps "service3" deleted
        service "service3" deleted
        deployment.apps "ubuntu-client" deleted
        [run.sh] Waiting for all pods to be deleted
        [run.sh] Deploying all services
        configmap/config-service0 created
        deployment.apps/service0 created
        service/service0 created
        configmap/config-service1 created
        deployment.apps/service1 created
        service/service1 created
        configmap/config-service2 created
        deployment.apps/service2 created
        service/service2 created
        configmap/config-service3 created
        deployment.apps/service3 created
        service/service3 created
        [run.sh] Client pod not found, deploying client
        deployment.apps/ubuntu-client created
        [run.sh] Waiting for all pods to be running
        [run.sh] All pods are running
        [run.sh] Checking heartbeat for all services
        [run.sh] Running warmup test
        [run.sh] /wrk/wrk -t8 -c800 --timeout 3s -d3s -L http://service0:80/endpoint1
        Running 3s test @ http://service0:80/endpoint1
        8 threads and 800 connections
        Thread Stats   Avg      Stdev     Max   +/- Stdev
        Latency   704.76ms  318.46ms   1.65s    68.00%
        Req/Sec   144.02    109.48   515.00     67.44%
        Latency Distribution
        50%  641.73ms
        75%  896.05ms
        90%    1.18s
        99%    1.43s
        2672 requests in 3.04s, 414.89KB read
        Requests/sec:    878.66
        Transfer/sec:    136.43KB
        [run.sh] Speed is 878.66, duration is 34
        [run.sh] Fix the request number.
        [run.sh] Running the actual test
        [run.sh] /wrk/wrk --timeout 20s -t8 -c800 -d34s -L -s /wrk/fix_req_n.lua http://service0:80/endpoint1
        Running 34s test @ http://service0:80/endpoint1
        8 threads and 800 connections
        Thread Stats   Avg      Stdev     Max   +/- Stdev
        Latency   684.49ms  296.15ms   2.23s    68.35%
        Req/Sec   158.72    121.76   640.00     70.38%
        Latency Distribution
        50%  655.61ms
        75%  873.51ms
        90%    1.09s
        99%    1.48s
        20000 requests in 34.00s, 3.03MB read
        Requests/sec:    588.23
        Transfer/sec:     91.34KB
        ------------------------------
        stop time: 17.615878
        stop time: 17.503529
        stop time: 17.333112
        stop time: 17.325316
        stop time: 17.322870
        stop time: 17.500209
        stop time: 17.538074
        stop time: 17.728850
        [run.sh] Checking the resource usage
        NAME                             CPU(cores)   MEMORY(bytes)
        service0-6dc7846dd6-rttgx        457m         73Mi
        service1-7d5c9ccd88-d5q84        338m         14Mi
        service2-7bdbb95446-l5x7f        335m         12Mi
        service3-54b76c4d8-tkblj         35m          12Mi
        ubuntu-client-76886f6bbd-6s4jb   19m          0Mi
        [run.sh] Test finished with status 0
        > STDERR
        > No resources found in default namespace.
    [exp] Times: [17.615878, 17.503529, 17.333112, 17.325316, 17.32287, 17.500209, 17.538074, 17.72885]
    [exp] Throughput: 1143.9370357608586
[test.py] Finished running 5th optmization experiment: groundtruth->1460.0278591565875, slowdown->1143.9370357608586, predicted->1504.3159105533007, err->3.0333702962556477
[test.py] Running 6th optmization experiment
[test.py] Running 6th groundtruth exp
    [exp] Running (pre_run: False) workload synthetic/fanout-w3-grpc-async request with the following configuration: {'CLIENT_CPU_QUOTA': '2', 'SLOWPOKE_POKER_BATCH_THRESHOLD': '20000000', 'PROCESSING_TIME_SERVICE0': '0.00091802', 'PROCESSING_TIME_SERVICE1': '0.00084359', 'PROCESSING_TIME_SERVICE2': '0.000498', 'PROCESSING_TIME_SERVICE3': '0.00027464', 'SLOWPOKE_DELAY_MICROS_SERVICE0': '0.0', 'SLOWPOKE_POKER_BATCH_THRESHOLD_SERVICE0': '100', 'SLOWPOKE_IS_TARGET_SERVICE_SERVICE0': 'false', 'SLOWPOKE_DELAY_MICROS_SERVICE1': '0.0', 'SLOWPOKE_POKER_BATCH_THRESHOLD_SERVICE1': '100', 'SLOWPOKE_IS_TARGET_SERVICE_SERVICE1': 'false', 'SLOWPOKE_DELAY_MICROS_SERVICE2': '0.0', 'SLOWPOKE_POKER_BATCH_THRESHOLD_SERVICE2': '100', 'SLOWPOKE_IS_TARGET_SERVICE_SERVICE2': 'true', 'SLOWPOKE_DELAY_MICROS_SERVICE3': '0.0', 'SLOWPOKE_POKER_BATCH_THRESHOLD_SERVICE3': '100', 'SLOWPOKE_IS_TARGET_SERVICE_SERVICE3': 'false'}
    [exp] Executing cmd `bash run.sh synthetic fanout-w3-grpc-async 8 800 20000`:
        [run.sh] Running benchmark synthetic with request fanout-w3-grpc-async, thread 8, conn 800, duration 60
        [run.sh] Deleting all services
        configmap "config-service0" deleted
        deployment.apps "service0" deleted
        service "service0" deleted
        configmap "config-service1" deleted
        deployment.apps "service1" deleted
        service "service1" deleted
        configmap "config-service2" deleted
        deployment.apps "service2" deleted
        service "service2" deleted
        configmap "config-service3" deleted
        deployment.apps "service3" deleted
        service "service3" deleted
        deployment.apps "ubuntu-client" deleted
        [run.sh] Waiting for all pods to be deleted
        [run.sh] Deploying all services
        configmap/config-service0 created
        deployment.apps/service0 created
        service/service0 created
        configmap/config-service1 created
        deployment.apps/service1 created
        service/service1 created
        configmap/config-service2 created
        deployment.apps/service2 created
        service/service2 created
        configmap/config-service3 created
        deployment.apps/service3 created
        service/service3 created
        [run.sh] Client pod not found, deploying client
        deployment.apps/ubuntu-client created
        [run.sh] Waiting for all pods to be running
        [run.sh] All pods are running
        [run.sh] Checking heartbeat for all services
        [run.sh] Running warmup test
        [run.sh] /wrk/wrk -t8 -c800 --timeout 3s -d3s -L http://service0:80/endpoint1
        Running 3s test @ http://service0:80/endpoint1
        8 threads and 800 connections
        Thread Stats   Avg      Stdev     Max   +/- Stdev
        Latency   513.01ms  239.74ms   1.27s    66.36%
        Req/Sec   206.59    133.84   545.00     61.67%
        Latency Distribution
        50%  514.44ms
        75%  670.43ms
        90%  817.23ms
        99%    1.12s
        4021 requests in 3.03s, 624.35KB read
        Requests/sec:   1327.08
        Transfer/sec:    206.06KB
        [run.sh] Speed is 1327.08, duration is 22
        [run.sh] Fix the request number.
        [run.sh] Running the actual test
        [run.sh] /wrk/wrk --timeout 20s -t8 -c800 -d22s -L -s /wrk/fix_req_n.lua http://service0:80/endpoint1
        Running 22s test @ http://service0:80/endpoint1
        8 threads and 800 connections
        Thread Stats   Avg      Stdev     Max   +/- Stdev
        Latency   536.91ms  257.51ms   1.82s    70.43%
        Req/Sec   194.72    147.43   830.00     67.69%
        Latency Distribution
        50%  517.90ms
        75%  669.20ms
        90%  845.20ms
        99%    1.34s
        20000 requests in 22.00s, 3.03MB read
        Requests/sec:    909.08
        Transfer/sec:    141.16KB
        ------------------------------
        stop time: 13.799926
        stop time: 13.659409
        stop time: 13.700551
        stop time: 13.795843
        stop time: 13.635921
        stop time: 13.737407
        stop time: 13.695089
        stop time: 13.774506
        [run.sh] Checking the resource usage
        NAME                             CPU(cores)   MEMORY(bytes)
        service0-6fb7cc7c7f-25l6m        845m         81Mi
        service1-76b89695f7-f8jcj        844m         19Mi
        service2-7bdbb95446-bbmvv        434m         16Mi
        service3-766854894f-7zdpd        470m         13Mi
        ubuntu-client-76886f6bbd-qb7hr   21m          0Mi
        [run.sh] Test finished with status 0
        > STDERR
        > No resources found in default namespace.
    [exp] Times: [13.799926, 13.659409, 13.700551, 13.795843, 13.635921, 13.737407, 13.695089, 13.774506]
    [exp] Throughput: 1457.2127898255071
[test.py] Running 6th slowdown exp
    [exp] Running (pre_run: False) workload synthetic/fanout-w3-grpc-async request with the following configuration: {'CLIENT_CPU_QUOTA': '2', 'SLOWPOKE_POKER_BATCH_THRESHOLD': '20000000', 'PROCESSING_TIME_SERVICE0': '0.00091802', 'PROCESSING_TIME_SERVICE1': '0.00084359', 'PROCESSING_TIME_SERVICE2': '0.00083384', 'PROCESSING_TIME_SERVICE3': '0.00027464', 'SLOWPOKE_DELAY_MICROS_SERVICE0': '167.5', 'SLOWPOKE_POKER_BATCH_THRESHOLD_SERVICE0': '100', 'SLOWPOKE_IS_TARGET_SERVICE_SERVICE0': 'false', 'SLOWPOKE_DELAY_MICROS_SERVICE1': '167.5', 'SLOWPOKE_POKER_BATCH_THRESHOLD_SERVICE1': '100', 'SLOWPOKE_IS_TARGET_SERVICE_SERVICE1': 'false', 'SLOWPOKE_DELAY_MICROS_SERVICE2': '0.0', 'SLOWPOKE_POKER_BATCH_THRESHOLD_SERVICE2': '100', 'SLOWPOKE_IS_TARGET_SERVICE_SERVICE2': 'true', 'SLOWPOKE_DELAY_MICROS_SERVICE3': '167.5', 'SLOWPOKE_POKER_BATCH_THRESHOLD_SERVICE3': '100', 'SLOWPOKE_IS_TARGET_SERVICE_SERVICE3': 'false'}
    [exp] Executing cmd `bash run.sh synthetic fanout-w3-grpc-async 8 800 20000`:
        [run.sh] Running benchmark synthetic with request fanout-w3-grpc-async, thread 8, conn 800, duration 60
        [run.sh] Deleting all services
        configmap "config-service0" deleted
        deployment.apps "service0" deleted
        service "service0" deleted
        configmap "config-service1" deleted
        deployment.apps "service1" deleted
        service "service1" deleted
        configmap "config-service2" deleted
        deployment.apps "service2" deleted
        service "service2" deleted
        configmap "config-service3" deleted
        deployment.apps "service3" deleted
        service "service3" deleted
        deployment.apps "ubuntu-client" deleted
        [run.sh] Waiting for all pods to be deleted
        [run.sh] Deploying all services
        configmap/config-service0 created
        deployment.apps/service0 created
        service/service0 created
        configmap/config-service1 created
        deployment.apps/service1 created
        service/service1 created
        configmap/config-service2 created
        deployment.apps/service2 created
        service/service2 created
        configmap/config-service3 created
        deployment.apps/service3 created
        service/service3 created
        [run.sh] Client pod not found, deploying client
        deployment.apps/ubuntu-client created
        [run.sh] Waiting for all pods to be running
        [run.sh] All pods are running
        [run.sh] Checking heartbeat for all services
        [run.sh] Running warmup test
        [run.sh] /wrk/wrk -t8 -c800 --timeout 3s -d3s -L http://service0:80/endpoint1
        Running 3s test @ http://service0:80/endpoint1
        8 threads and 800 connections
        Thread Stats   Avg      Stdev     Max   +/- Stdev
        Latency   689.75ms  278.32ms   1.75s    67.64%
        Req/Sec   166.99    122.71   535.00     61.87%
        Latency Distribution
        50%  705.98ms
        75%  863.51ms
        90%    1.12s
        99%    1.33s
        3103 requests in 3.02s, 481.81KB read
        Requests/sec:   1025.84
        Transfer/sec:    159.29KB
        [run.sh] Speed is 1025.84, duration is 29
        [run.sh] Fix the request number.
        [run.sh] Running the actual test
        [run.sh] /wrk/wrk --timeout 20s -t8 -c800 -d29s -L -s /wrk/fix_req_n.lua http://service0:80/endpoint1
        Running 29s test @ http://service0:80/endpoint1
        8 threads and 800 connections
        Thread Stats   Avg      Stdev     Max   +/- Stdev
        Latency   666.40ms  342.71ms   2.71s    71.54%
        Req/Sec   156.90    118.82   696.00     71.52%
        Latency Distribution
        50%  614.76ms
        75%  845.80ms
        90%    1.12s
        99%    1.72s
        20000 requests in 29.00s, 3.03MB read
        Requests/sec:    689.65
        Transfer/sec:    107.08KB
        ------------------------------
        stop time: 17.210469
        stop time: 16.934519
        stop time: 16.539138
        stop time: 16.881658
        stop time: 17.258600
        stop time: 17.292364
        stop time: 17.235046
        stop time: 17.188324
        [run.sh] Checking the resource usage
        NAME                             CPU(cores)   MEMORY(bytes)
        service0-fbd57688d-qbnvv         104m         68Mi
        service1-6bc9b865b6-cqjkq        0m           13Mi
        service2-7bdbb95446-42j28        2m           15Mi
        ubuntu-client-76886f6bbd-vfkqh   7m           0Mi
        [run.sh] Test finished with status 0
        > STDERR
        > No resources found in default namespace.
    [exp] Times: [17.210469, 16.934519, 16.539138, 16.881658, 17.2586, 17.292364, 17.235046, 17.188324]
    [exp] Throughput: 1171.8167696324972
[test.py] Finished running 6th optmization experiment: groundtruth->1457.2127898255071, slowdown->1171.8167696324972, predicted->1458.8834045611877, err->0.11464452874316645
[test.py] Running 7th optmization experiment
[test.py] Running 7th groundtruth exp
    [exp] Running (pre_run: False) workload synthetic/fanout-w3-grpc-async request with the following configuration: {'CLIENT_CPU_QUOTA': '2', 'SLOWPOKE_POKER_BATCH_THRESHOLD': '20000000', 'PROCESSING_TIME_SERVICE0': '0.00091802', 'PROCESSING_TIME_SERVICE1': '0.00084359', 'PROCESSING_TIME_SERVICE2': '0.000581', 'PROCESSING_TIME_SERVICE3': '0.00027464', 'SLOWPOKE_DELAY_MICROS_SERVICE0': '0.0', 'SLOWPOKE_POKER_BATCH_THRESHOLD_SERVICE0': '100', 'SLOWPOKE_IS_TARGET_SERVICE_SERVICE0': 'false', 'SLOWPOKE_DELAY_MICROS_SERVICE1': '0.0', 'SLOWPOKE_POKER_BATCH_THRESHOLD_SERVICE1': '100', 'SLOWPOKE_IS_TARGET_SERVICE_SERVICE1': 'false', 'SLOWPOKE_DELAY_MICROS_SERVICE2': '0.0', 'SLOWPOKE_POKER_BATCH_THRESHOLD_SERVICE2': '100', 'SLOWPOKE_IS_TARGET_SERVICE_SERVICE2': 'true', 'SLOWPOKE_DELAY_MICROS_SERVICE3': '0.0', 'SLOWPOKE_POKER_BATCH_THRESHOLD_SERVICE3': '100', 'SLOWPOKE_IS_TARGET_SERVICE_SERVICE3': 'false'}
    [exp] Executing cmd `bash run.sh synthetic fanout-w3-grpc-async 8 800 20000`:
        [run.sh] Running benchmark synthetic with request fanout-w3-grpc-async, thread 8, conn 800, duration 60
        [run.sh] Deleting all services
        configmap "config-service0" deleted
        deployment.apps "service0" deleted
        service "service0" deleted
        configmap "config-service1" deleted
        deployment.apps "service1" deleted
        service "service1" deleted
        configmap "config-service2" deleted
        deployment.apps "service2" deleted
        service "service2" deleted
        configmap "config-service3" deleted
        deployment.apps "service3" deleted
        service "service3" deleted
        deployment.apps "ubuntu-client" deleted
        [run.sh] Waiting for all pods to be deleted
        [run.sh] Deploying all services
        configmap/config-service0 created
        deployment.apps/service0 created
        service/service0 created
        configmap/config-service1 created
        deployment.apps/service1 created
        service/service1 created
        configmap/config-service2 created
        deployment.apps/service2 created
        service/service2 created
        configmap/config-service3 created
        deployment.apps/service3 created
        service/service3 created
        [run.sh] Client pod not found, deploying client
        deployment.apps/ubuntu-client created
        [run.sh] Waiting for all pods to be running
        [run.sh] All pods are running
        [run.sh] Checking heartbeat for all services
        [run.sh] Running warmup test
        [run.sh] /wrk/wrk -t8 -c800 --timeout 3s -d3s -L http://service0:80/endpoint1
        Running 3s test @ http://service0:80/endpoint1
        8 threads and 800 connections
        Thread Stats   Avg      Stdev     Max   +/- Stdev
        Latency   583.44ms  276.95ms   1.55s    67.16%
        Req/Sec   189.13    122.06   565.00     62.50%
        Latency Distribution
        50%  544.97ms
        75%  772.03ms
        90%  960.76ms
        99%    1.39s
        3777 requests in 3.03s, 586.47KB read
        Requests/sec:   1245.64
        Transfer/sec:    193.42KB
        [run.sh] Speed is 1245.64, duration is 24
        [run.sh] Fix the request number.
        [run.sh] Running the actual test
        [run.sh] /wrk/wrk --timeout 20s -t8 -c800 -d24s -L -s /wrk/fix_req_n.lua http://service0:80/endpoint1
        Running 24s test @ http://service0:80/endpoint1
        8 threads and 800 connections
        Thread Stats   Avg      Stdev     Max   +/- Stdev
        Latency   527.36ms  247.17ms   1.97s    69.87%
        Req/Sec   192.86    132.42   660.00     64.93%
        Latency Distribution
        50%  493.74ms
        75%  660.91ms
        90%  873.26ms
        99%    1.23s
        20000 requests in 24.00s, 3.03MB read
        Requests/sec:    833.33
        Transfer/sec:    129.39KB
        ------------------------------
        stop time: 13.200469
        stop time: 13.588818
        stop time: 13.199419
        stop time: 13.674437
        stop time: 13.617264
        stop time: 13.616587
        stop time: 13.756277
        stop time: 13.748730
        [run.sh] Checking the resource usage
        NAME                             CPU(cores)   MEMORY(bytes)
        service0-6fb7cc7c7f-2sdqf        1625m        69Mi
        service1-76b89695f7-wdlph        1443m        21Mi
        service2-7bdbb95446-nfmmn        937m         15Mi
        service3-766854894f-7gxxq        615m         10Mi
        ubuntu-client-76886f6bbd-z8mxb   43m          20Mi
        [run.sh] Test finished with status 0
        > STDERR
        > No resources found in default namespace.
    [exp] Times: [13.200469, 13.588818, 13.199419, 13.674437, 13.617264, 13.616587, 13.756277, 13.74873]
    [exp] Throughput: 1475.9875142895196
[test.py] Running 7th slowdown exp
    [exp] Running (pre_run: False) workload synthetic/fanout-w3-grpc-async request with the following configuration: {'CLIENT_CPU_QUOTA': '2', 'SLOWPOKE_POKER_BATCH_THRESHOLD': '20000000', 'PROCESSING_TIME_SERVICE0': '0.00091802', 'PROCESSING_TIME_SERVICE1': '0.00084359', 'PROCESSING_TIME_SERVICE2': '0.00083384', 'PROCESSING_TIME_SERVICE3': '0.00027464', 'SLOWPOKE_DELAY_MICROS_SERVICE0': '126.0', 'SLOWPOKE_POKER_BATCH_THRESHOLD_SERVICE0': '100', 'SLOWPOKE_IS_TARGET_SERVICE_SERVICE0': 'false', 'SLOWPOKE_DELAY_MICROS_SERVICE1': '126.0', 'SLOWPOKE_POKER_BATCH_THRESHOLD_SERVICE1': '100', 'SLOWPOKE_IS_TARGET_SERVICE_SERVICE1': 'false', 'SLOWPOKE_DELAY_MICROS_SERVICE2': '0.0', 'SLOWPOKE_POKER_BATCH_THRESHOLD_SERVICE2': '100', 'SLOWPOKE_IS_TARGET_SERVICE_SERVICE2': 'true', 'SLOWPOKE_DELAY_MICROS_SERVICE3': '126.0', 'SLOWPOKE_POKER_BATCH_THRESHOLD_SERVICE3': '100', 'SLOWPOKE_IS_TARGET_SERVICE_SERVICE3': 'false'}
    [exp] Executing cmd `bash run.sh synthetic fanout-w3-grpc-async 8 800 20000`:
        [run.sh] Running benchmark synthetic with request fanout-w3-grpc-async, thread 8, conn 800, duration 60
        [run.sh] Deleting all services
        configmap "config-service0" deleted
        deployment.apps "service0" deleted
        service "service0" deleted
        configmap "config-service1" deleted
        deployment.apps "service1" deleted
        service "service1" deleted
        configmap "config-service2" deleted
        deployment.apps "service2" deleted
        service "service2" deleted
        configmap "config-service3" deleted
        deployment.apps "service3" deleted
        service "service3" deleted
        deployment.apps "ubuntu-client" deleted
        [run.sh] Waiting for all pods to be deleted
        [run.sh] Deploying all services
        configmap/config-service0 created
        deployment.apps/service0 created
        service/service0 created
        configmap/config-service1 created
        deployment.apps/service1 created
        service/service1 created
        configmap/config-service2 created
        deployment.apps/service2 created
        service/service2 created
        configmap/config-service3 created
        deployment.apps/service3 created
        service/service3 created
        [run.sh] Client pod not found, deploying client
        deployment.apps/ubuntu-client created
        [run.sh] Waiting for all pods to be running
        [run.sh] All pods are running
        [run.sh] Checking heartbeat for all services
        [run.sh] Running warmup test
        [run.sh] /wrk/wrk -t8 -c800 --timeout 3s -d3s -L http://service0:80/endpoint1
        Running 3s test @ http://service0:80/endpoint1
        8 threads and 800 connections
        Thread Stats   Avg      Stdev     Max   +/- Stdev
        Latency   671.65ms  291.13ms   1.81s    63.37%
        Req/Sec   161.63    124.90   550.00     63.22%
        Latency Distribution
        50%  695.99ms
        75%  848.62ms
        90%    1.02s
        99%    1.43s
        2987 requests in 3.02s, 463.80KB read
        Requests/sec:    987.71
        Transfer/sec:    153.37KB
        [run.sh] Speed is 987.71, duration is 30
        [run.sh] Fix the request number.
        [run.sh] Running the actual test
        [run.sh] /wrk/wrk --timeout 20s -t8 -c800 -d30s -L -s /wrk/fix_req_n.lua http://service0:80/endpoint1
        Running 30s test @ http://service0:80/endpoint1
        8 threads and 800 connections
        Thread Stats   Avg      Stdev     Max   +/- Stdev
        Latency   618.30ms  317.57ms   2.64s    73.95%
        Req/Sec   167.79    118.86   620.00     70.47%
        Latency Distribution
        50%  567.39ms
        75%  787.88ms
        90%    1.00s
        99%    1.69s
        20000 requests in 30.00s, 3.03MB read
        Requests/sec:    666.66
        Transfer/sec:    103.52KB
        ------------------------------
        stop time: 15.411798
        stop time: 15.392235
        stop time: 15.695566
        stop time: 15.703259
        stop time: 15.863150
        stop time: 16.109434
        stop time: 15.967389
        stop time: 15.988299
        [run.sh] Checking the resource usage
        [run.sh] Test finished with status 0
        > STDERR
        > No resources found in default namespace.
        > error: metrics not available yet
    [exp] Times: [15.411798, 15.392235, 15.695566, 15.703259, 15.86315, 16.109434, 15.967389, 15.988299]
    [exp] Throughput: 1268.5211018088874
[test.py] Finished running 7th optmization experiment: groundtruth->1475.9875142895196, slowdown->1268.5211018088874, predicted->1510.8032345919553, err->2.358808591900221
[test.py] Running 8th optmization experiment
[test.py] Running 8th groundtruth exp
    [exp] Running (pre_run: False) workload synthetic/fanout-w3-grpc-async request with the following configuration: {'CLIENT_CPU_QUOTA': '2', 'SLOWPOKE_POKER_BATCH_THRESHOLD': '20000000', 'PROCESSING_TIME_SERVICE0': '0.00091802', 'PROCESSING_TIME_SERVICE1': '0.00084359', 'PROCESSING_TIME_SERVICE2': '0.000664', 'PROCESSING_TIME_SERVICE3': '0.00027464', 'SLOWPOKE_DELAY_MICROS_SERVICE0': '0.0', 'SLOWPOKE_POKER_BATCH_THRESHOLD_SERVICE0': '100', 'SLOWPOKE_IS_TARGET_SERVICE_SERVICE0': 'false', 'SLOWPOKE_DELAY_MICROS_SERVICE1': '0.0', 'SLOWPOKE_POKER_BATCH_THRESHOLD_SERVICE1': '100', 'SLOWPOKE_IS_TARGET_SERVICE_SERVICE1': 'false', 'SLOWPOKE_DELAY_MICROS_SERVICE2': '0.0', 'SLOWPOKE_POKER_BATCH_THRESHOLD_SERVICE2': '100', 'SLOWPOKE_IS_TARGET_SERVICE_SERVICE2': 'true', 'SLOWPOKE_DELAY_MICROS_SERVICE3': '0.0', 'SLOWPOKE_POKER_BATCH_THRESHOLD_SERVICE3': '100', 'SLOWPOKE_IS_TARGET_SERVICE_SERVICE3': 'false'}
    [exp] Executing cmd `bash run.sh synthetic fanout-w3-grpc-async 8 800 20000`:
        [run.sh] Running benchmark synthetic with request fanout-w3-grpc-async, thread 8, conn 800, duration 60
        [run.sh] Deleting all services
        configmap "config-service0" deleted
        deployment.apps "service0" deleted
        service "service0" deleted
        configmap "config-service1" deleted
        deployment.apps "service1" deleted
        service "service1" deleted
        configmap "config-service2" deleted
        deployment.apps "service2" deleted
        service "service2" deleted
        configmap "config-service3" deleted
        deployment.apps "service3" deleted
        service "service3" deleted
        deployment.apps "ubuntu-client" deleted
        [run.sh] Waiting for all pods to be deleted
        [run.sh] Deploying all services
        configmap/config-service0 created
        deployment.apps/service0 created
        service/service0 created
        configmap/config-service1 created
        deployment.apps/service1 created
        service/service1 created
        configmap/config-service2 created
        deployment.apps/service2 created
        service/service2 created
        configmap/config-service3 created
        deployment.apps/service3 created
        service/service3 created
        [run.sh] Client pod not found, deploying client
        deployment.apps/ubuntu-client created
        [run.sh] Waiting for all pods to be running
        [run.sh] All pods are running
        [run.sh] Checking heartbeat for all services
        [run.sh] Running warmup test
        [run.sh] /wrk/wrk -t8 -c800 --timeout 3s -d3s -L http://service0:80/endpoint1
        Running 3s test @ http://service0:80/endpoint1
        8 threads and 800 connections
        Thread Stats   Avg      Stdev     Max   +/- Stdev
        Latency   546.53ms  320.84ms   1.62s    62.42%
        Req/Sec   212.27    132.57   540.00     66.67%
        Latency Distribution
        50%  475.97ms
        75%  790.72ms
        90%    1.02s
        99%    1.34s
        4011 requests in 3.03s, 622.80KB read
        Requests/sec:   1325.58
        Transfer/sec:    205.83KB
        [run.sh] Speed is 1325.58, duration is 22
        [run.sh] Fix the request number.
        [run.sh] Running the actual test
        [run.sh] /wrk/wrk --timeout 20s -t8 -c800 -d22s -L -s /wrk/fix_req_n.lua http://service0:80/endpoint1
        Running 22s test @ http://service0:80/endpoint1
        8 threads and 800 connections
        Thread Stats   Avg      Stdev     Max   +/- Stdev
        Latency   533.46ms  261.90ms   2.03s    71.29%
        Req/Sec   192.08    136.02   730.00     66.36%
        Latency Distribution
        50%  486.49ms
        75%  672.80ms
        90%  896.51ms
        99%    1.28s
        20000 requests in 22.00s, 3.03MB read
        Requests/sec:    909.09
        Transfer/sec:    141.16KB
        ------------------------------
        stop time: 13.627423
        stop time: 13.621987
        stop time: 13.623092
        stop time: 13.613004
        stop time: 13.611718
        stop time: 13.656068
        stop time: 13.687174
        stop time: 13.646294
        [run.sh] Checking the resource usage
        NAME                             CPU(cores)   MEMORY(bytes)
        service0-6fb7cc7c7f-8m67k        1877m        84Mi
        service1-76b89695f7-6qbzz        1235m        15Mi
        service2-7bdbb95446-mwrpv        1189m        14Mi
        service3-766854894f-fz6tq        383m         12Mi
        ubuntu-client-76886f6bbd-rn4rq   50m          20Mi
        [run.sh] Test finished with status 0
        > STDERR
        > No resources found in default namespace.
    [exp] Times: [13.627423, 13.621987, 13.623092, 13.613004, 13.611718, 13.656068, 13.687174, 13.646294]
    [exp] Throughput: 1466.7224510105534
[test.py] Running 8th slowdown exp
    [exp] Running (pre_run: False) workload synthetic/fanout-w3-grpc-async request with the following configuration: {'CLIENT_CPU_QUOTA': '2', 'SLOWPOKE_POKER_BATCH_THRESHOLD': '20000000', 'PROCESSING_TIME_SERVICE0': '0.00091802', 'PROCESSING_TIME_SERVICE1': '0.00084359', 'PROCESSING_TIME_SERVICE2': '0.00083384', 'PROCESSING_TIME_SERVICE3': '0.00027464', 'SLOWPOKE_DELAY_MICROS_SERVICE0': '84.5', 'SLOWPOKE_POKER_BATCH_THRESHOLD_SERVICE0': '100', 'SLOWPOKE_IS_TARGET_SERVICE_SERVICE0': 'false', 'SLOWPOKE_DELAY_MICROS_SERVICE1': '84.5', 'SLOWPOKE_POKER_BATCH_THRESHOLD_SERVICE1': '100', 'SLOWPOKE_IS_TARGET_SERVICE_SERVICE1': 'false', 'SLOWPOKE_DELAY_MICROS_SERVICE2': '0.0', 'SLOWPOKE_POKER_BATCH_THRESHOLD_SERVICE2': '100', 'SLOWPOKE_IS_TARGET_SERVICE_SERVICE2': 'true', 'SLOWPOKE_DELAY_MICROS_SERVICE3': '84.5', 'SLOWPOKE_POKER_BATCH_THRESHOLD_SERVICE3': '100', 'SLOWPOKE_IS_TARGET_SERVICE_SERVICE3': 'false'}
    [exp] Executing cmd `bash run.sh synthetic fanout-w3-grpc-async 8 800 20000`:
        [run.sh] Running benchmark synthetic with request fanout-w3-grpc-async, thread 8, conn 800, duration 60
        [run.sh] Deleting all services
        configmap "config-service0" deleted
        deployment.apps "service0" deleted
        service "service0" deleted
        configmap "config-service1" deleted
        deployment.apps "service1" deleted
        service "service1" deleted
        configmap "config-service2" deleted
        deployment.apps "service2" deleted
        service "service2" deleted
        configmap "config-service3" deleted
        deployment.apps "service3" deleted
        service "service3" deleted
        deployment.apps "ubuntu-client" deleted
        [run.sh] Waiting for all pods to be deleted
        [run.sh] Deploying all services
        configmap/config-service0 created
        deployment.apps/service0 created
        service/service0 created
        configmap/config-service1 created
        deployment.apps/service1 created
        service/service1 created
        configmap/config-service2 created
        deployment.apps/service2 created
        service/service2 created
        configmap/config-service3 created
        deployment.apps/service3 created
        service/service3 created
        [run.sh] Client pod not found, deploying client
        deployment.apps/ubuntu-client created
        [run.sh] Waiting for all pods to be running
        [run.sh] All pods are running
        [run.sh] Checking heartbeat for all services
        [run.sh] Running warmup test
        [run.sh] /wrk/wrk -t8 -c800 --timeout 3s -d3s -L http://service0:80/endpoint1
        Running 3s test @ http://service0:80/endpoint1
        8 threads and 800 connections
        Thread Stats   Avg      Stdev     Max   +/- Stdev
        Latency   621.91ms  323.13ms   1.80s    61.05%
        Req/Sec   162.56    128.41   545.00     70.83%
        Latency Distribution
        50%  570.93ms
        75%  884.74ms
        90%    1.08s
        99%    1.34s
        3196 requests in 3.03s, 496.25KB read
        Requests/sec:   1055.94
        Transfer/sec:    163.96KB
        [run.sh] Speed is 1055.94, duration is 28
        [run.sh] Fix the request number.
        [run.sh] Running the actual test
        [run.sh] /wrk/wrk --timeout 20s -t8 -c800 -d28s -L -s /wrk/fix_req_n.lua http://service0:80/endpoint1
        Running 28s test @ http://service0:80/endpoint1
        8 threads and 800 connections
        Thread Stats   Avg      Stdev     Max   +/- Stdev
        Latency   622.75ms  307.57ms   1.83s    66.83%
        Req/Sec   172.60    123.91   640.00     69.88%
        Latency Distribution
        50%  575.90ms
        75%  814.90ms
        90%    1.07s
        99%    1.46s
        20000 requests in 28.00s, 3.03MB read
        Requests/sec:    714.28
        Transfer/sec:    110.91KB
        ------------------------------
        stop time: 15.753084
        stop time: 15.780794
        stop time: 15.631748
        stop time: 15.750916
        stop time: 15.780539
        stop time: 15.993824
        stop time: 15.791886
        stop time: 16.058816
        [run.sh] Checking the resource usage
        [run.sh] Test finished with status 0
        > STDERR
        > No resources found in default namespace.
        > error: metrics not available yet
    [exp] Times: [15.753084, 15.780794, 15.631748, 15.750916, 15.780539, 15.993824, 15.791886, 16.058816]
    [exp] Throughput: 1264.4062596739425
[test.py] Finished running 8th optmization experiment: groundtruth->1466.7224510105534, slowdown->1264.4062596739425, predicted->1416.500730245965, err->-3.42407799989604
[test.py] Running 9th optmization experiment
[test.py] Running 9th groundtruth exp
    [exp] Running (pre_run: False) workload synthetic/fanout-w3-grpc-async request with the following configuration: {'CLIENT_CPU_QUOTA': '2', 'SLOWPOKE_POKER_BATCH_THRESHOLD': '20000000', 'PROCESSING_TIME_SERVICE0': '0.00091802', 'PROCESSING_TIME_SERVICE1': '0.00084359', 'PROCESSING_TIME_SERVICE2': '0.000747', 'PROCESSING_TIME_SERVICE3': '0.00027464', 'SLOWPOKE_DELAY_MICROS_SERVICE0': '0.0', 'SLOWPOKE_POKER_BATCH_THRESHOLD_SERVICE0': '100', 'SLOWPOKE_IS_TARGET_SERVICE_SERVICE0': 'false', 'SLOWPOKE_DELAY_MICROS_SERVICE1': '0.0', 'SLOWPOKE_POKER_BATCH_THRESHOLD_SERVICE1': '100', 'SLOWPOKE_IS_TARGET_SERVICE_SERVICE1': 'false', 'SLOWPOKE_DELAY_MICROS_SERVICE2': '0.0', 'SLOWPOKE_POKER_BATCH_THRESHOLD_SERVICE2': '100', 'SLOWPOKE_IS_TARGET_SERVICE_SERVICE2': 'true', 'SLOWPOKE_DELAY_MICROS_SERVICE3': '0.0', 'SLOWPOKE_POKER_BATCH_THRESHOLD_SERVICE3': '100', 'SLOWPOKE_IS_TARGET_SERVICE_SERVICE3': 'false'}
    [exp] Executing cmd `bash run.sh synthetic fanout-w3-grpc-async 8 800 20000`:
        [run.sh] Running benchmark synthetic with request fanout-w3-grpc-async, thread 8, conn 800, duration 60
        [run.sh] Deleting all services
        configmap "config-service0" deleted
        deployment.apps "service0" deleted
        service "service0" deleted
        configmap "config-service1" deleted
        deployment.apps "service1" deleted
        service "service1" deleted
        configmap "config-service2" deleted
        deployment.apps "service2" deleted
        service "service2" deleted
        configmap "config-service3" deleted
        deployment.apps "service3" deleted
        service "service3" deleted
        deployment.apps "ubuntu-client" deleted
        [run.sh] Waiting for all pods to be deleted
        [run.sh] Deploying all services
        configmap/config-service0 created
        deployment.apps/service0 created
        service/service0 created
        configmap/config-service1 created
        deployment.apps/service1 created
        service/service1 created
        configmap/config-service2 created
        deployment.apps/service2 created
        service/service2 created
        configmap/config-service3 created
        deployment.apps/service3 created
        service/service3 created
        [run.sh] Client pod not found, deploying client
        deployment.apps/ubuntu-client created
        [run.sh] Waiting for all pods to be running
        [run.sh] All pods are running
        [run.sh] Checking heartbeat for all services
        [run.sh] Running warmup test
        [run.sh] /wrk/wrk -t8 -c800 --timeout 3s -d3s -L http://service0:80/endpoint1
        Running 3s test @ http://service0:80/endpoint1
        8 threads and 800 connections
        Thread Stats   Avg      Stdev     Max   +/- Stdev
        Latency   534.77ms  267.68ms   1.60s    62.32%
        Req/Sec   194.46    143.98   650.00     71.00%
        Latency Distribution
        50%  474.91ms
        75%  726.68ms
        90%  912.37ms
        99%    1.19s
        3924 requests in 3.02s, 609.29KB read
        Requests/sec:   1297.81
        Transfer/sec:    201.52KB
        [run.sh] Speed is 1297.81, duration is 23
        [run.sh] Fix the request number.
        [run.sh] Running the actual test
        [run.sh] /wrk/wrk --timeout 20s -t8 -c800 -d23s -L -s /wrk/fix_req_n.lua http://service0:80/endpoint1
        Running 23s test @ http://service0:80/endpoint1
        8 threads and 800 connections
        Thread Stats   Avg      Stdev     Max   +/- Stdev
        Latency   512.98ms  240.84ms   1.63s    70.07%
        Req/Sec   199.45    125.28   650.00     62.63%
        Latency Distribution
        50%  472.21ms
        75%  648.03ms
        90%  856.43ms
        99%    1.22s
        20001 requests in 23.00s, 3.03MB read
        Requests/sec:    869.60
        Transfer/sec:    135.03KB
        ------------------------------
        stop time: 13.100945
        stop time: 13.075536
        stop time: 13.243975
        stop time: 13.261019
        stop time: 13.248155
        stop time: 13.237362
        stop time: 13.259698
        stop time: 13.279529
        [run.sh] Checking the resource usage
        NAME                             CPU(cores)   MEMORY(bytes)
        service0-6fb7cc7c7f-xtqm9        938m         81Mi
        service1-76b89695f7-tc97v        513m         17Mi
        service2-7bdbb95446-qlvh7        650m         12Mi
        service3-766854894f-mnpr2        72m          11Mi
        ubuntu-client-76886f6bbd-jqhd2   24m          19Mi
        [run.sh] Test finished with status 0
        > STDERR
        > No resources found in default namespace.
    [exp] Times: [13.100945, 13.075536, 13.243975, 13.261019, 13.248155, 13.237362, 13.259698, 13.279529]
    [exp] Throughput: 1513.629013634477
[test.py] Running 9th slowdown exp
    [exp] Running (pre_run: False) workload synthetic/fanout-w3-grpc-async request with the following configuration: {'CLIENT_CPU_QUOTA': '2', 'SLOWPOKE_POKER_BATCH_THRESHOLD': '20000000', 'PROCESSING_TIME_SERVICE0': '0.00091802', 'PROCESSING_TIME_SERVICE1': '0.00084359', 'PROCESSING_TIME_SERVICE2': '0.00083384', 'PROCESSING_TIME_SERVICE3': '0.00027464', 'SLOWPOKE_DELAY_MICROS_SERVICE0': '43.0', 'SLOWPOKE_POKER_BATCH_THRESHOLD_SERVICE0': '100', 'SLOWPOKE_IS_TARGET_SERVICE_SERVICE0': 'false', 'SLOWPOKE_DELAY_MICROS_SERVICE1': '43.0', 'SLOWPOKE_POKER_BATCH_THRESHOLD_SERVICE1': '100', 'SLOWPOKE_IS_TARGET_SERVICE_SERVICE1': 'false', 'SLOWPOKE_DELAY_MICROS_SERVICE2': '0.0', 'SLOWPOKE_POKER_BATCH_THRESHOLD_SERVICE2': '100', 'SLOWPOKE_IS_TARGET_SERVICE_SERVICE2': 'true', 'SLOWPOKE_DELAY_MICROS_SERVICE3': '43.0', 'SLOWPOKE_POKER_BATCH_THRESHOLD_SERVICE3': '100', 'SLOWPOKE_IS_TARGET_SERVICE_SERVICE3': 'false'}
    [exp] Executing cmd `bash run.sh synthetic fanout-w3-grpc-async 8 800 20000`:
        [run.sh] Running benchmark synthetic with request fanout-w3-grpc-async, thread 8, conn 800, duration 60
        [run.sh] Deleting all services
        configmap "config-service0" deleted
        deployment.apps "service0" deleted
        service "service0" deleted
        configmap "config-service1" deleted
        deployment.apps "service1" deleted
        service "service1" deleted
        configmap "config-service2" deleted
        deployment.apps "service2" deleted
        service "service2" deleted
        configmap "config-service3" deleted
        deployment.apps "service3" deleted
        service "service3" deleted
        deployment.apps "ubuntu-client" deleted
        [run.sh] Waiting for all pods to be deleted
        [run.sh] Deploying all services
        configmap/config-service0 created
        deployment.apps/service0 created
        service/service0 created
        configmap/config-service1 created
        deployment.apps/service1 created
        service/service1 created
        configmap/config-service2 created
        deployment.apps/service2 created
        service/service2 created
        configmap/config-service3 created
        deployment.apps/service3 created
        service/service3 created
        [run.sh] Client pod not found, deploying client
        deployment.apps/ubuntu-client created
        [run.sh] Waiting for all pods to be running
        [run.sh] All pods are running
        [run.sh] Checking heartbeat for all services
        [run.sh] Running warmup test
        [run.sh] /wrk/wrk -t8 -c800 --timeout 3s -d3s -L http://service0:80/endpoint1
        Running 3s test @ http://service0:80/endpoint1
        8 threads and 800 connections
        Thread Stats   Avg      Stdev     Max   +/- Stdev
        Latency   608.81ms  268.86ms   1.41s    61.83%
        Req/Sec   174.81    146.39   640.00     76.84%
        Latency Distribution
        50%  565.58ms
        75%  844.46ms
        90%  966.05ms
        99%    1.19s
        3348 requests in 3.02s, 519.86KB read
        Requests/sec:   1107.79
        Transfer/sec:    172.01KB
        [run.sh] Speed is 1107.79, duration is 27
        [run.sh] Fix the request number.
        [run.sh] Running the actual test
        [run.sh] /wrk/wrk --timeout 20s -t8 -c800 -d27s -L -s /wrk/fix_req_n.lua http://service0:80/endpoint1
        Running 27s test @ http://service0:80/endpoint1
        8 threads and 800 connections
        Thread Stats   Avg      Stdev     Max   +/- Stdev
        Latency   564.52ms  262.94ms   1.97s    71.09%
        Req/Sec   180.73    132.15   580.00     64.28%
        Latency Distribution
        50%  527.66ms
        75%  708.11ms
        90%  910.28ms
        99%    1.32s
        20000 requests in 27.00s, 3.03MB read
        Requests/sec:    740.74
        Transfer/sec:    115.02KB
        ------------------------------
        stop time: 14.042961
        stop time: 14.343188
        stop time: 14.113597
        stop time: 14.353997
        stop time: 14.599751
        stop time: 14.506303
        stop time: 14.591389
        stop time: 14.519378
        [run.sh] Checking the resource usage
        [run.sh] Test finished with status 0
        > STDERR
        > No resources found in default namespace.
        > error: metrics not available yet
    [exp] Times: [14.042961, 14.343188, 14.113597, 14.353997, 14.599751, 14.506303, 14.591389, 14.519378]
    [exp] Throughput: 1390.4511669900219
[test.py] Finished running 9th optmization experiment: groundtruth->1513.629013634477, slowdown->1390.4511669900219, predicted->1479.7911763085729, err->-2.235543651786492
[test.py] Baseline throughput:  1444.8927565376837
[test.py] Groundtruth:  [1453.0630528286229, 1496.8242628028243, 1459.917259919253, 1514.355646688637, 1482.6291737424372, 1460.0278591565875, 1457.2127898255071, 1475.9875142895196, 1466.7224510105534, 1513.629013634477]
[test.py] Slowdown:  [896.0900728235041, 959.7139438230483, 968.0294656068963, 1029.9688358466956, 1061.659857545286, 1143.9370357608586, 1171.8167696324972, 1268.5211018088874, 1264.4062596739425, 1390.4511669900219]
[test.py] Predicted:  [1430.5348504262713, 1500.2464529860647, 1430.397420278253, 1473.875926876815, 1447.175345725442, 1504.3159105533007, 1458.8834045611877, 1510.8032345919553, 1416.500730245965, 1479.7911763085729]
[test.py] Error percentage:  [-1.5503940010377908, 0.22863005820284787, -2.0220214152843554, -2.6730655972615867, -2.391280884316003, 3.0333702962556477, 0.11464452874316645, 2.358808591900221, -3.42407799989604, -2.235543651786492]
[test.py] >>>>>>>>>>>>>>>>>>>>>>>>>>>>> Running experiment 3...
[test.py] Actual processing time range: [0, 83, 166, 249, 332, 415, 498, 581, 664, 747]
[test.py] Running baseline experiment
    [exp] Running (pre_run: False) workload synthetic/fanout-w3-grpc-async request with the following configuration: {'CLIENT_CPU_QUOTA': '2', 'SLOWPOKE_POKER_BATCH_THRESHOLD': '20000000', 'PROCESSING_TIME_SERVICE0': '0.00091802', 'PROCESSING_TIME_SERVICE1': '0.00084359', 'PROCESSING_TIME_SERVICE2': '0.00083384', 'PROCESSING_TIME_SERVICE3': '0.00027464', 'SLOWPOKE_DELAY_MICROS_SERVICE0': '0.0', 'SLOWPOKE_POKER_BATCH_THRESHOLD_SERVICE0': '100', 'SLOWPOKE_IS_TARGET_SERVICE_SERVICE0': 'false', 'SLOWPOKE_DELAY_MICROS_SERVICE1': '0.0', 'SLOWPOKE_POKER_BATCH_THRESHOLD_SERVICE1': '100', 'SLOWPOKE_IS_TARGET_SERVICE_SERVICE1': 'false', 'SLOWPOKE_DELAY_MICROS_SERVICE2': '0.0', 'SLOWPOKE_POKER_BATCH_THRESHOLD_SERVICE2': '100', 'SLOWPOKE_IS_TARGET_SERVICE_SERVICE2': 'true', 'SLOWPOKE_DELAY_MICROS_SERVICE3': '0.0', 'SLOWPOKE_POKER_BATCH_THRESHOLD_SERVICE3': '100', 'SLOWPOKE_IS_TARGET_SERVICE_SERVICE3': 'false'}
    [exp] Executing cmd `bash run.sh synthetic fanout-w3-grpc-async 8 800 20000`:
        [run.sh] Running benchmark synthetic with request fanout-w3-grpc-async, thread 8, conn 800, duration 60
        [run.sh] Deleting all services
        configmap "config-service0" deleted
        deployment.apps "service0" deleted
        service "service0" deleted
        configmap "config-service1" deleted
        deployment.apps "service1" deleted
        service "service1" deleted
        configmap "config-service2" deleted
        deployment.apps "service2" deleted
        service "service2" deleted
        configmap "config-service3" deleted
        deployment.apps "service3" deleted
        service "service3" deleted
        deployment.apps "ubuntu-client" deleted
        [run.sh] Waiting for all pods to be deleted
        [run.sh] Deploying all services
        configmap/config-service0 created
        deployment.apps/service0 created
        service/service0 created
        configmap/config-service1 created
        deployment.apps/service1 created
        service/service1 created
        configmap/config-service2 created
        deployment.apps/service2 created
        service/service2 created
        configmap/config-service3 created
        deployment.apps/service3 created
        service/service3 created
        [run.sh] Client pod not found, deploying client
        deployment.apps/ubuntu-client created
        [run.sh] Waiting for all pods to be running
        [run.sh] All pods are running
        [run.sh] Checking heartbeat for all services
        [run.sh] Running warmup test
        [run.sh] /wrk/wrk -t8 -c800 --timeout 3s -d3s -L http://service0:80/endpoint1
        Running 3s test @ http://service0:80/endpoint1
        8 threads and 800 connections
        Thread Stats   Avg      Stdev     Max   +/- Stdev
        Latency   553.56ms  254.34ms   1.53s    61.38%
        Req/Sec   211.15    137.27   520.00     60.89%
        Latency Distribution
        50%  531.96ms
        75%  753.80ms
        90%  908.13ms
        99%    1.11s
        3973 requests in 3.03s, 616.90KB read
        Requests/sec:   1312.51
        Transfer/sec:    203.80KB
        [run.sh] Speed is 1312.51, duration is 22
        [run.sh] Fix the request number.
        [run.sh] Running the actual test
        [run.sh] /wrk/wrk --timeout 20s -t8 -c800 -d22s -L -s /wrk/fix_req_n.lua http://service0:80/endpoint1
        Running 22s test @ http://service0:80/endpoint1
        8 threads and 800 connections
        Thread Stats   Avg      Stdev     Max   +/- Stdev
        Latency   545.55ms  253.99ms   1.63s    68.65%
        Req/Sec   188.87    127.35   670.00     66.77%
        Latency Distribution
        50%  503.21ms
        75%  687.49ms
        90%  914.55ms
        99%    1.21s
        20000 requests in 22.00s, 3.03MB read
        Requests/sec:    909.08
        Transfer/sec:    141.16KB
        ------------------------------
        stop time: 14.093417
        stop time: 14.068095
        stop time: 14.039779
        stop time: 13.800077
        stop time: 14.038914
        stop time: 14.106415
        stop time: 14.030361
        stop time: 13.855133
        [run.sh] Checking the resource usage
        NAME                             CPU(cores)   MEMORY(bytes)
        service0-6fb7cc7c7f-65s54        128m         76Mi
        service1-76b89695f7-mpgvp        121m         16Mi
        service2-7bdbb95446-rjzst        76m          17Mi
        service3-766854894f-n4mdq        197m         13Mi
        ubuntu-client-76886f6bbd-6tvcr   7m           16Mi
        [run.sh] Test finished with status 0
        > STDERR
        > No resources found in default namespace.
    [exp] Times: [14.093417, 14.068095, 14.039779, 13.800077, 14.038914, 14.106415, 14.030361, 13.855133]
    [exp] Throughput: 1428.1609470620815
[test.py] Baseline throughput: 1428.1609470620815
[test.py] Running 0th optmization experiment
[test.py] Running 0th groundtruth exp
    [exp] Running (pre_run: False) workload synthetic/fanout-w3-grpc-async request with the following configuration: {'CLIENT_CPU_QUOTA': '2', 'SLOWPOKE_POKER_BATCH_THRESHOLD': '20000000', 'PROCESSING_TIME_SERVICE0': '0.00091802', 'PROCESSING_TIME_SERVICE1': '0.00084359', 'PROCESSING_TIME_SERVICE2': '0.0', 'PROCESSING_TIME_SERVICE3': '0.00027464', 'SLOWPOKE_DELAY_MICROS_SERVICE0': '0.0', 'SLOWPOKE_POKER_BATCH_THRESHOLD_SERVICE0': '100', 'SLOWPOKE_IS_TARGET_SERVICE_SERVICE0': 'false', 'SLOWPOKE_DELAY_MICROS_SERVICE1': '0.0', 'SLOWPOKE_POKER_BATCH_THRESHOLD_SERVICE1': '100', 'SLOWPOKE_IS_TARGET_SERVICE_SERVICE1': 'false', 'SLOWPOKE_DELAY_MICROS_SERVICE2': '0.0', 'SLOWPOKE_POKER_BATCH_THRESHOLD_SERVICE2': '100', 'SLOWPOKE_IS_TARGET_SERVICE_SERVICE2': 'true', 'SLOWPOKE_DELAY_MICROS_SERVICE3': '0.0', 'SLOWPOKE_POKER_BATCH_THRESHOLD_SERVICE3': '100', 'SLOWPOKE_IS_TARGET_SERVICE_SERVICE3': 'false'}
    [exp] Executing cmd `bash run.sh synthetic fanout-w3-grpc-async 8 800 20000`:
        [run.sh] Running benchmark synthetic with request fanout-w3-grpc-async, thread 8, conn 800, duration 60
        [run.sh] Deleting all services
        configmap "config-service0" deleted
        deployment.apps "service0" deleted
        service "service0" deleted
        configmap "config-service1" deleted
        deployment.apps "service1" deleted
        service "service1" deleted
        configmap "config-service2" deleted
        deployment.apps "service2" deleted
        service "service2" deleted
        configmap "config-service3" deleted
        deployment.apps "service3" deleted
        service "service3" deleted
        deployment.apps "ubuntu-client" deleted
        [run.sh] Waiting for all pods to be deleted
        [run.sh] Deploying all services
        configmap/config-service0 created
        deployment.apps/service0 created
        service/service0 created
        configmap/config-service1 created
        deployment.apps/service1 created
        service/service1 created
        configmap/config-service2 created
        deployment.apps/service2 created
        service/service2 created
        configmap/config-service3 created
        deployment.apps/service3 created
        service/service3 created
        [run.sh] Client pod not found, deploying client
        deployment.apps/ubuntu-client created
        [run.sh] Waiting for all pods to be running
        [run.sh] All pods are running
        [run.sh] Checking heartbeat for all services
        [run.sh] Running warmup test
        [run.sh] /wrk/wrk -t8 -c800 --timeout 3s -d3s -L http://service0:80/endpoint1
        Running 3s test @ http://service0:80/endpoint1
        8 threads and 800 connections
        Thread Stats   Avg      Stdev     Max   +/- Stdev
        Latency   554.23ms  235.40ms   1.27s    66.12%
        Req/Sec   202.25    143.50   616.00     65.97%
        Latency Distribution
        50%  533.35ms
        75%  704.73ms
        90%  907.94ms
        99%    1.16s
        4045 requests in 3.03s, 628.08KB read
        Requests/sec:   1335.69
        Transfer/sec:    207.40KB
        [run.sh] Speed is 1335.69, duration is 22
        [run.sh] Fix the request number.
        [run.sh] Running the actual test
        [run.sh] /wrk/wrk --timeout 20s -t8 -c800 -d22s -L -s /wrk/fix_req_n.lua http://service0:80/endpoint1
        Running 22s test @ http://service0:80/endpoint1
        8 threads and 800 connections
        Thread Stats   Avg      Stdev     Max   +/- Stdev
        Latency   520.66ms  276.43ms   2.03s    73.21%
        Req/Sec   192.76    148.37   780.00     67.52%
        Latency Distribution
        50%  462.54ms
        75%  651.84ms
        90%  894.96ms
        99%    1.41s
        20000 requests in 22.00s, 3.03MB read
        Requests/sec:    909.09
        Transfer/sec:    141.16KB
        ------------------------------
        stop time: 13.217174
        stop time: 13.231923
        stop time: 13.259970
        stop time: 13.264347
        stop time: 13.484516
        stop time: 13.454826
        stop time: 13.495177
        stop time: 13.490837
        [run.sh] Checking the resource usage
        NAME                             CPU(cores)   MEMORY(bytes)
        service0-6fb7cc7c7f-2zdkq        3m           77Mi
        service1-76b89695f7-6wk46        0m           20Mi
        service2-7bdbb95446-ml2m8        0m           10Mi
        service3-766854894f-xlb87        0m           11Mi
        ubuntu-client-76886f6bbd-wxphb   3m           0Mi
        [run.sh] Test finished with status 0
        > STDERR
        > No resources found in default namespace.
    [exp] Times: [13.217174, 13.231923, 13.25997, 13.264347, 13.484516, 13.454826, 13.495177, 13.490837]
    [exp] Throughput: 1496.7431337142607
[test.py] Running 0th slowdown exp
    [exp] Running (pre_run: False) workload synthetic/fanout-w3-grpc-async request with the following configuration: {'CLIENT_CPU_QUOTA': '2', 'SLOWPOKE_POKER_BATCH_THRESHOLD': '20000000', 'PROCESSING_TIME_SERVICE0': '0.00091802', 'PROCESSING_TIME_SERVICE1': '0.00084359', 'PROCESSING_TIME_SERVICE2': '0.00083384', 'PROCESSING_TIME_SERVICE3': '0.00027464', 'SLOWPOKE_DELAY_MICROS_SERVICE0': '416.5', 'SLOWPOKE_POKER_BATCH_THRESHOLD_SERVICE0': '100', 'SLOWPOKE_IS_TARGET_SERVICE_SERVICE0': 'false', 'SLOWPOKE_DELAY_MICROS_SERVICE1': '416.5', 'SLOWPOKE_POKER_BATCH_THRESHOLD_SERVICE1': '100', 'SLOWPOKE_IS_TARGET_SERVICE_SERVICE1': 'false', 'SLOWPOKE_DELAY_MICROS_SERVICE2': '0.0', 'SLOWPOKE_POKER_BATCH_THRESHOLD_SERVICE2': '100', 'SLOWPOKE_IS_TARGET_SERVICE_SERVICE2': 'true', 'SLOWPOKE_DELAY_MICROS_SERVICE3': '416.5', 'SLOWPOKE_POKER_BATCH_THRESHOLD_SERVICE3': '100', 'SLOWPOKE_IS_TARGET_SERVICE_SERVICE3': 'false'}
    [exp] Executing cmd `bash run.sh synthetic fanout-w3-grpc-async 8 800 20000`:
        [run.sh] Running benchmark synthetic with request fanout-w3-grpc-async, thread 8, conn 800, duration 60
        [run.sh] Deleting all services
        configmap "config-service0" deleted
        deployment.apps "service0" deleted
        service "service0" deleted
        configmap "config-service1" deleted
        deployment.apps "service1" deleted
        service "service1" deleted
        configmap "config-service2" deleted
        deployment.apps "service2" deleted
        service "service2" deleted
        configmap "config-service3" deleted
        deployment.apps "service3" deleted
        service "service3" deleted
        deployment.apps "ubuntu-client" deleted
        [run.sh] Waiting for all pods to be deleted
        [run.sh] Deploying all services
        configmap/config-service0 created
        deployment.apps/service0 created
        service/service0 created
        configmap/config-service1 created
        deployment.apps/service1 created
        service/service1 created
        configmap/config-service2 created
        deployment.apps/service2 created
        service/service2 created
        configmap/config-service3 created
        deployment.apps/service3 created
        service/service3 created
        [run.sh] Client pod not found, deploying client
        deployment.apps/ubuntu-client created
        [run.sh] Waiting for all pods to be running
        [run.sh] All pods are running
        [run.sh] Checking heartbeat for all services
        [run.sh] Running warmup test
        [run.sh] /wrk/wrk -t8 -c800 --timeout 3s -d3s -L http://service0:80/endpoint1
        Running 3s test @ http://service0:80/endpoint1
        8 threads and 800 connections
        Thread Stats   Avg      Stdev     Max   +/- Stdev
        Latency   881.49ms  293.60ms   1.93s    67.37%
        Req/Sec   140.97    126.68   500.00     68.39%
        Latency Distribution
        50%  900.52ms
        75%    1.09s
        90%    1.28s
        99%    1.57s
        2311 requests in 3.03s, 358.84KB read
        Requests/sec:    761.95
        Transfer/sec:    118.31KB
        [run.sh] Speed is 761.95, duration is 39
        [run.sh] Fix the request number.
        [run.sh] Running the actual test
        [run.sh] /wrk/wrk --timeout 20s -t8 -c800 -d39s -L -s /wrk/fix_req_n.lua http://service0:80/endpoint1
        [run.sh] Checking the resource usage
        NAME                             CPU(cores)   MEMORY(bytes)
        service0-64d856754c-24l8b        411m         66Mi
        service1-7d6c7f95c-r65d6         303m         16Mi
        service2-7bdbb95446-zxpls        302m         11Mi
        service3-84b974d7d9-trzcz        124m         11Mi
        ubuntu-client-76886f6bbd-pl9ct   18m          0Mi
        Running 39s test @ http://service0:80/endpoint1
        8 threads and 800 connections
        Thread Stats   Avg      Stdev     Max   +/- Stdev
        Latency   854.98ms  372.46ms   2.65s    69.69%
        Req/Sec   128.12    102.18   600.00     71.81%
        Latency Distribution
        50%  807.67ms
        75%    1.05s
        90%    1.33s
        99%    2.11s
        20000 requests in 39.00s, 3.03MB read
        Requests/sec:    512.82
        Transfer/sec:     79.63KB
        ------------------------------
        stop time: 21.534406
        stop time: 21.304550
        stop time: 21.791654
        stop time: 21.836533
        stop time: 21.928495
        stop time: 21.949596
        stop time: 22.099779
        stop time: 22.408010
        [run.sh] Test finished with status 0
        > STDERR
        > No resources found in default namespace.
    [exp] Times: [21.534406, 21.30455, 21.791654, 21.836533, 21.928495, 21.949596, 22.099779, 22.40801]
    [exp] Throughput: 915.0542395826923
[test.py] Finished running 0th optmization experiment: groundtruth->1496.7431337142607, slowdown->915.0542395826923, predicted->1479.4838631909067, err->-1.1531217437773718
[test.py] Running 1th optmization experiment
[test.py] Running 1th groundtruth exp
    [exp] Running (pre_run: False) workload synthetic/fanout-w3-grpc-async request with the following configuration: {'CLIENT_CPU_QUOTA': '2', 'SLOWPOKE_POKER_BATCH_THRESHOLD': '20000000', 'PROCESSING_TIME_SERVICE0': '0.00091802', 'PROCESSING_TIME_SERVICE1': '0.00084359', 'PROCESSING_TIME_SERVICE2': '8.3e-05', 'PROCESSING_TIME_SERVICE3': '0.00027464', 'SLOWPOKE_DELAY_MICROS_SERVICE0': '0.0', 'SLOWPOKE_POKER_BATCH_THRESHOLD_SERVICE0': '100', 'SLOWPOKE_IS_TARGET_SERVICE_SERVICE0': 'false', 'SLOWPOKE_DELAY_MICROS_SERVICE1': '0.0', 'SLOWPOKE_POKER_BATCH_THRESHOLD_SERVICE1': '100', 'SLOWPOKE_IS_TARGET_SERVICE_SERVICE1': 'false', 'SLOWPOKE_DELAY_MICROS_SERVICE2': '0.0', 'SLOWPOKE_POKER_BATCH_THRESHOLD_SERVICE2': '100', 'SLOWPOKE_IS_TARGET_SERVICE_SERVICE2': 'true', 'SLOWPOKE_DELAY_MICROS_SERVICE3': '0.0', 'SLOWPOKE_POKER_BATCH_THRESHOLD_SERVICE3': '100', 'SLOWPOKE_IS_TARGET_SERVICE_SERVICE3': 'false'}
    [exp] Executing cmd `bash run.sh synthetic fanout-w3-grpc-async 8 800 20000`:
        [run.sh] Running benchmark synthetic with request fanout-w3-grpc-async, thread 8, conn 800, duration 60
        [run.sh] Deleting all services
        configmap "config-service0" deleted
        deployment.apps "service0" deleted
        service "service0" deleted
        configmap "config-service1" deleted
        deployment.apps "service1" deleted
        service "service1" deleted
        configmap "config-service2" deleted
        deployment.apps "service2" deleted
        service "service2" deleted
        configmap "config-service3" deleted
        deployment.apps "service3" deleted
        service "service3" deleted
        deployment.apps "ubuntu-client" deleted
        [run.sh] Waiting for all pods to be deleted
        [run.sh] Deploying all services
        configmap/config-service0 created
        deployment.apps/service0 created
        service/service0 created
        configmap/config-service1 created
        deployment.apps/service1 created
        service/service1 created
        configmap/config-service2 created
        deployment.apps/service2 created
        service/service2 created
        configmap/config-service3 created
        deployment.apps/service3 created
        service/service3 created
        [run.sh] Client pod not found, deploying client
        deployment.apps/ubuntu-client created
        [run.sh] Waiting for all pods to be running
        [run.sh] All pods are running
        [run.sh] Checking heartbeat for all services
        [run.sh] Running warmup test
        [run.sh] /wrk/wrk -t8 -c800 --timeout 3s -d3s -L http://service0:80/endpoint1
        Running 3s test @ http://service0:80/endpoint1
        8 threads and 800 connections
        Thread Stats   Avg      Stdev     Max   +/- Stdev
        Latency   534.37ms  246.55ms   1.73s    69.08%
        Req/Sec   188.72    159.05   610.00     66.67%
        Latency Distribution
        50%  490.32ms
        75%  654.12ms
        90%  903.98ms
        99%    1.37s
        3780 requests in 3.03s, 586.93KB read
        Requests/sec:   1249.33
        Transfer/sec:    193.99KB
        [run.sh] Speed is 1249.33, duration is 24
        [run.sh] Fix the request number.
        [run.sh] Running the actual test
        [run.sh] /wrk/wrk --timeout 20s -t8 -c800 -d24s -L -s /wrk/fix_req_n.lua http://service0:80/endpoint1
        Running 24s test @ http://service0:80/endpoint1
        8 threads and 800 connections
        Thread Stats   Avg      Stdev     Max   +/- Stdev
        Latency   519.02ms  227.77ms   1.77s    70.68%
        Req/Sec   195.97    124.47   640.00     63.87%
        Latency Distribution
        50%  483.31ms
        75%  655.15ms
        90%  823.26ms
        99%    1.16s
        20000 requests in 24.00s, 3.03MB read
        Requests/sec:    833.33
        Transfer/sec:    129.39KB
        ------------------------------
        stop time: 13.362750
        stop time: 13.163481
        stop time: 13.169127
        stop time: 13.292059
        stop time: 13.167837
        stop time: 13.357978
        stop time: 13.153697
        stop time: 13.265084
        [run.sh] Checking the resource usage
        NAME                             CPU(cores)   MEMORY(bytes)
        service0-6fb7cc7c7f-cz6v7        1552m        85Mi
        service1-76b89695f7-45488        1081m        18Mi
        service2-7bdbb95446-jbgm9        182m         11Mi
        service3-766854894f-6rwzr        598m         12Mi
        ubuntu-client-76886f6bbd-6dr4f   41m          19Mi
        [run.sh] Test finished with status 0
        > STDERR
        > No resources found in default namespace.
    [exp] Times: [13.36275, 13.163481, 13.169127, 13.292059, 13.167837, 13.357978, 13.153697, 13.265084]
    [exp] Throughput: 1510.4027146165909
[test.py] Running 1th slowdown exp
    [exp] Running (pre_run: False) workload synthetic/fanout-w3-grpc-async request with the following configuration: {'CLIENT_CPU_QUOTA': '2', 'SLOWPOKE_POKER_BATCH_THRESHOLD': '20000000', 'PROCESSING_TIME_SERVICE0': '0.00091802', 'PROCESSING_TIME_SERVICE1': '0.00084359', 'PROCESSING_TIME_SERVICE2': '0.00083384', 'PROCESSING_TIME_SERVICE3': '0.00027464', 'SLOWPOKE_DELAY_MICROS_SERVICE0': '375.0', 'SLOWPOKE_POKER_BATCH_THRESHOLD_SERVICE0': '100', 'SLOWPOKE_IS_TARGET_SERVICE_SERVICE0': 'false', 'SLOWPOKE_DELAY_MICROS_SERVICE1': '375.0', 'SLOWPOKE_POKER_BATCH_THRESHOLD_SERVICE1': '100', 'SLOWPOKE_IS_TARGET_SERVICE_SERVICE1': 'false', 'SLOWPOKE_DELAY_MICROS_SERVICE2': '0.0', 'SLOWPOKE_POKER_BATCH_THRESHOLD_SERVICE2': '100', 'SLOWPOKE_IS_TARGET_SERVICE_SERVICE2': 'true', 'SLOWPOKE_DELAY_MICROS_SERVICE3': '375.0', 'SLOWPOKE_POKER_BATCH_THRESHOLD_SERVICE3': '100', 'SLOWPOKE_IS_TARGET_SERVICE_SERVICE3': 'false'}
    [exp] Executing cmd `bash run.sh synthetic fanout-w3-grpc-async 8 800 20000`:
        [run.sh] Running benchmark synthetic with request fanout-w3-grpc-async, thread 8, conn 800, duration 60
        [run.sh] Deleting all services
        configmap "config-service0" deleted
        deployment.apps "service0" deleted
        service "service0" deleted
        configmap "config-service1" deleted
        deployment.apps "service1" deleted
        service "service1" deleted
        configmap "config-service2" deleted
        deployment.apps "service2" deleted
        service "service2" deleted
        configmap "config-service3" deleted
        deployment.apps "service3" deleted
        service "service3" deleted
        deployment.apps "ubuntu-client" deleted
        [run.sh] Waiting for all pods to be deleted
        [run.sh] Deploying all services
        configmap/config-service0 created
        deployment.apps/service0 created
        service/service0 created
        configmap/config-service1 created
        deployment.apps/service1 created
        service/service1 created
        configmap/config-service2 created
        deployment.apps/service2 created
        service/service2 created
        configmap/config-service3 created
        deployment.apps/service3 created
        service/service3 created
        [run.sh] Client pod not found, deploying client
        deployment.apps/ubuntu-client created
        [run.sh] Waiting for all pods to be running
        [run.sh] All pods are running
        [run.sh] Checking heartbeat for all services
        [run.sh] Running warmup test
        [run.sh] /wrk/wrk -t8 -c800 --timeout 3s -d3s -L http://service0:80/endpoint1
        Running 3s test @ http://service0:80/endpoint1
        8 threads and 800 connections
        Thread Stats   Avg      Stdev     Max   +/- Stdev
        Latency   861.97ms  282.81ms   1.82s    60.65%
        Req/Sec   123.62    108.95   530.00     81.76%
        Latency Distribution
        50%  886.25ms
        75%    1.02s
        90%    1.23s
        99%    1.53s
        2338 requests in 3.03s, 363.03KB read
        Requests/sec:    772.87
        Transfer/sec:    120.01KB
        [run.sh] Speed is 772.87, duration is 38
        [run.sh] Fix the request number.
        [run.sh] Running the actual test
        [run.sh] /wrk/wrk --timeout 20s -t8 -c800 -d38s -L -s /wrk/fix_req_n.lua http://service0:80/endpoint1
        [run.sh] Checking the resource usage
        Running 38s test @ http://service0:80/endpoint1
        8 threads and 800 connections
        Thread Stats   Avg      Stdev     Max   +/- Stdev
        Latency   823.55ms  337.99ms   2.45s    71.04%
        Req/Sec   135.70    118.53   820.00     74.71%
        Latency Distribution
        50%  789.06ms
        75%    1.01s
        90%    1.26s
        99%    1.78s
        20000 requests in 38.00s, 3.03MB read
        Requests/sec:    526.31
        Transfer/sec:     81.72KB
        ------------------------------
        stop time: 21.095478
        stop time: 20.983424
        stop time: 20.719290
        stop time: 20.984606
        stop time: 20.746551
        stop time: 21.079291
        stop time: 21.228621
        stop time: 21.218294
        [run.sh] Test finished with status 0
        > STDERR
        > No resources found in default namespace.
        > error: metrics not available yet
    [exp] Times: [21.095478, 20.983424, 20.71929, 20.984606, 20.746551, 21.079291, 21.228621, 21.218294]
    [exp] Throughput: 952.0661188498055
[test.py] Finished running 1th optmization experiment: groundtruth->1510.4027146165909, slowdown->952.0661188498055, predicted->1481.6412380760878, err->-1.904225691742353
[test.py] Running 2th optmization experiment
[test.py] Running 2th groundtruth exp
    [exp] Running (pre_run: False) workload synthetic/fanout-w3-grpc-async request with the following configuration: {'CLIENT_CPU_QUOTA': '2', 'SLOWPOKE_POKER_BATCH_THRESHOLD': '20000000', 'PROCESSING_TIME_SERVICE0': '0.00091802', 'PROCESSING_TIME_SERVICE1': '0.00084359', 'PROCESSING_TIME_SERVICE2': '0.000166', 'PROCESSING_TIME_SERVICE3': '0.00027464', 'SLOWPOKE_DELAY_MICROS_SERVICE0': '0.0', 'SLOWPOKE_POKER_BATCH_THRESHOLD_SERVICE0': '100', 'SLOWPOKE_IS_TARGET_SERVICE_SERVICE0': 'false', 'SLOWPOKE_DELAY_MICROS_SERVICE1': '0.0', 'SLOWPOKE_POKER_BATCH_THRESHOLD_SERVICE1': '100', 'SLOWPOKE_IS_TARGET_SERVICE_SERVICE1': 'false', 'SLOWPOKE_DELAY_MICROS_SERVICE2': '0.0', 'SLOWPOKE_POKER_BATCH_THRESHOLD_SERVICE2': '100', 'SLOWPOKE_IS_TARGET_SERVICE_SERVICE2': 'true', 'SLOWPOKE_DELAY_MICROS_SERVICE3': '0.0', 'SLOWPOKE_POKER_BATCH_THRESHOLD_SERVICE3': '100', 'SLOWPOKE_IS_TARGET_SERVICE_SERVICE3': 'false'}
    [exp] Executing cmd `bash run.sh synthetic fanout-w3-grpc-async 8 800 20000`:
        [run.sh] Running benchmark synthetic with request fanout-w3-grpc-async, thread 8, conn 800, duration 60
        [run.sh] Deleting all services
        configmap "config-service0" deleted
        deployment.apps "service0" deleted
        service "service0" deleted
        configmap "config-service1" deleted
        deployment.apps "service1" deleted
        service "service1" deleted
        configmap "config-service2" deleted
        deployment.apps "service2" deleted
        service "service2" deleted
        configmap "config-service3" deleted
        deployment.apps "service3" deleted
        service "service3" deleted
        deployment.apps "ubuntu-client" deleted
        [run.sh] Waiting for all pods to be deleted
        [run.sh] Deploying all services
        configmap/config-service0 created
        deployment.apps/service0 created
        service/service0 created
        configmap/config-service1 created
        deployment.apps/service1 created
        service/service1 created
        configmap/config-service2 created
        deployment.apps/service2 created
        service/service2 created
        configmap/config-service3 created
        deployment.apps/service3 created
        service/service3 created
        [run.sh] Client pod not found, deploying client
        deployment.apps/ubuntu-client created
        [run.sh] Waiting for all pods to be running
        [run.sh] All pods are running
        [run.sh] Checking heartbeat for all services
        [run.sh] Running warmup test
        [run.sh] /wrk/wrk -t8 -c800 --timeout 3s -d3s -L http://service0:80/endpoint1
        Running 3s test @ http://service0:80/endpoint1
        8 threads and 800 connections
        Thread Stats   Avg      Stdev     Max   +/- Stdev
        Latency   550.11ms  284.08ms   1.48s    66.19%
        Req/Sec   200.37    138.72   606.00     69.74%
        Latency Distribution
        50%  498.46ms
        75%  737.67ms
        90%  943.58ms
        99%    1.30s
        3946 requests in 3.03s, 612.71KB read
        Requests/sec:   1302.20
        Transfer/sec:    202.20KB
        [run.sh] Speed is 1302.20, duration is 23
        [run.sh] Fix the request number.
        [run.sh] Running the actual test
        [run.sh] /wrk/wrk --timeout 20s -t8 -c800 -d23s -L -s /wrk/fix_req_n.lua http://service0:80/endpoint1
        Running 23s test @ http://service0:80/endpoint1
        8 threads and 800 connections
        Thread Stats   Avg      Stdev     Max   +/- Stdev
        Latency   521.95ms  233.41ms   1.64s    71.50%
        Req/Sec   195.63    139.33   650.00     65.79%
        Latency Distribution
        50%  494.24ms
        75%  638.67ms
        90%  835.84ms
        99%    1.22s
        20000 requests in 23.00s, 3.03MB read
        Requests/sec:    869.56
        Transfer/sec:    135.02KB
        ------------------------------
        stop time: 13.237113
        stop time: 13.064594
        stop time: 13.298265
        stop time: 13.256889
        stop time: 13.422906
        stop time: 13.394454
        stop time: 13.409275
        stop time: 13.384443
        [run.sh] Checking the resource usage
        NAME                             CPU(cores)   MEMORY(bytes)
        service0-6fb7cc7c7f-kr4gr        111m         81Mi
        service1-76b89695f7-zv56m        1151m        17Mi
        service2-7bdbb95446-pk8hx        43m          14Mi
        service3-766854894f-lrx2z        329m         14Mi
        ubuntu-client-76886f6bbd-pr8vm   37m          19Mi
        [run.sh] Test finished with status 0
        > STDERR
        > No resources found in default namespace.
    [exp] Times: [13.237113, 13.064594, 13.298265, 13.256889, 13.422906, 13.394454, 13.409275, 13.384443]
    [exp] Throughput: 1502.7998240860095
[test.py] Running 2th slowdown exp
    [exp] Running (pre_run: False) workload synthetic/fanout-w3-grpc-async request with the following configuration: {'CLIENT_CPU_QUOTA': '2', 'SLOWPOKE_POKER_BATCH_THRESHOLD': '20000000', 'PROCESSING_TIME_SERVICE0': '0.00091802', 'PROCESSING_TIME_SERVICE1': '0.00084359', 'PROCESSING_TIME_SERVICE2': '0.00083384', 'PROCESSING_TIME_SERVICE3': '0.00027464', 'SLOWPOKE_DELAY_MICROS_SERVICE0': '333.5', 'SLOWPOKE_POKER_BATCH_THRESHOLD_SERVICE0': '100', 'SLOWPOKE_IS_TARGET_SERVICE_SERVICE0': 'false', 'SLOWPOKE_DELAY_MICROS_SERVICE1': '333.5', 'SLOWPOKE_POKER_BATCH_THRESHOLD_SERVICE1': '100', 'SLOWPOKE_IS_TARGET_SERVICE_SERVICE1': 'false', 'SLOWPOKE_DELAY_MICROS_SERVICE2': '0.0', 'SLOWPOKE_POKER_BATCH_THRESHOLD_SERVICE2': '100', 'SLOWPOKE_IS_TARGET_SERVICE_SERVICE2': 'true', 'SLOWPOKE_DELAY_MICROS_SERVICE3': '333.5', 'SLOWPOKE_POKER_BATCH_THRESHOLD_SERVICE3': '100', 'SLOWPOKE_IS_TARGET_SERVICE_SERVICE3': 'false'}
    [exp] Executing cmd `bash run.sh synthetic fanout-w3-grpc-async 8 800 20000`:
        [run.sh] Running benchmark synthetic with request fanout-w3-grpc-async, thread 8, conn 800, duration 60
        [run.sh] Deleting all services
        configmap "config-service0" deleted
        deployment.apps "service0" deleted
        service "service0" deleted
        configmap "config-service1" deleted
        deployment.apps "service1" deleted
        service "service1" deleted
        configmap "config-service2" deleted
        deployment.apps "service2" deleted
        service "service2" deleted
        configmap "config-service3" deleted
        deployment.apps "service3" deleted
        service "service3" deleted
        deployment.apps "ubuntu-client" deleted
        [run.sh] Waiting for all pods to be deleted
        [run.sh] Deploying all services
        configmap/config-service0 created
        deployment.apps/service0 created
        service/service0 created
        configmap/config-service1 created
        deployment.apps/service1 created
        service/service1 created
        configmap/config-service2 created
        deployment.apps/service2 created
        service/service2 created
        configmap/config-service3 created
        deployment.apps/service3 created
        service/service3 created
        [run.sh] Client pod not found, deploying client
        deployment.apps/ubuntu-client created
        [run.sh] Waiting for all pods to be running
        [run.sh] All pods are running
        [run.sh] Checking heartbeat for all services
        [run.sh] Running warmup test
        [run.sh] /wrk/wrk -t8 -c800 --timeout 3s -d3s -L http://service0:80/endpoint1
        Running 3s test @ http://service0:80/endpoint1
        8 threads and 800 connections
        Thread Stats   Avg      Stdev     Max   +/- Stdev
        Latency   828.11ms  352.74ms   1.95s    66.42%
        Req/Sec   146.18    116.60   480.00     64.44%
        Latency Distribution
        50%  836.34ms
        75%    1.06s
        90%    1.24s
        99%    1.72s
        2329 requests in 3.03s, 361.63KB read
        Requests/sec:    769.22
        Transfer/sec:    119.44KB
        [run.sh] Speed is 769.22, duration is 39
        [run.sh] Fix the request number.
        [run.sh] Running the actual test
        [run.sh] /wrk/wrk --timeout 20s -t8 -c800 -d39s -L -s /wrk/fix_req_n.lua http://service0:80/endpoint1
        [run.sh] Checking the resource usage
        Running 39s test @ http://service0:80/endpoint1
        8 threads and 800 connections
        Thread Stats   Avg      Stdev     Max   +/- Stdev
        Latency   806.04ms  334.16ms   2.15s    68.10%
        Req/Sec   141.34    114.18   565.00     71.34%
        Latency Distribution
        50%  769.70ms
        75%    1.01s
        90%    1.23s
        99%    1.71s
        20000 requests in 39.00s, 3.03MB read
        Requests/sec:    512.82
        Transfer/sec:     79.63KB
        ------------------------------
        stop time: 20.268387
        stop time: 20.224402
        stop time: 20.244751
        stop time: 20.439893
        stop time: 20.666072
        stop time: 20.873033
        stop time: 20.868921
        stop time: 20.862453
        [run.sh] Test finished with status 0
        > STDERR
        > No resources found in default namespace.
        > error: metrics not available yet
    [exp] Times: [20.268387, 20.224402, 20.244751, 20.439893, 20.666072, 20.873033, 20.868921, 20.862453]
    [exp] Throughput: 972.9524568241402
[test.py] Finished running 2th optmization experiment: groundtruth->1502.7998240860095, slowdown->972.9524568241402, predicted->1441.17252643813, err->-4.100832104193296
[test.py] Running 3th optmization experiment
[test.py] Running 3th groundtruth exp
    [exp] Running (pre_run: False) workload synthetic/fanout-w3-grpc-async request with the following configuration: {'CLIENT_CPU_QUOTA': '2', 'SLOWPOKE_POKER_BATCH_THRESHOLD': '20000000', 'PROCESSING_TIME_SERVICE0': '0.00091802', 'PROCESSING_TIME_SERVICE1': '0.00084359', 'PROCESSING_TIME_SERVICE2': '0.000249', 'PROCESSING_TIME_SERVICE3': '0.00027464', 'SLOWPOKE_DELAY_MICROS_SERVICE0': '0.0', 'SLOWPOKE_POKER_BATCH_THRESHOLD_SERVICE0': '100', 'SLOWPOKE_IS_TARGET_SERVICE_SERVICE0': 'false', 'SLOWPOKE_DELAY_MICROS_SERVICE1': '0.0', 'SLOWPOKE_POKER_BATCH_THRESHOLD_SERVICE1': '100', 'SLOWPOKE_IS_TARGET_SERVICE_SERVICE1': 'false', 'SLOWPOKE_DELAY_MICROS_SERVICE2': '0.0', 'SLOWPOKE_POKER_BATCH_THRESHOLD_SERVICE2': '100', 'SLOWPOKE_IS_TARGET_SERVICE_SERVICE2': 'true', 'SLOWPOKE_DELAY_MICROS_SERVICE3': '0.0', 'SLOWPOKE_POKER_BATCH_THRESHOLD_SERVICE3': '100', 'SLOWPOKE_IS_TARGET_SERVICE_SERVICE3': 'false'}
    [exp] Executing cmd `bash run.sh synthetic fanout-w3-grpc-async 8 800 20000`:
        [run.sh] Running benchmark synthetic with request fanout-w3-grpc-async, thread 8, conn 800, duration 60
        [run.sh] Deleting all services
        configmap "config-service0" deleted
        deployment.apps "service0" deleted
        service "service0" deleted
        configmap "config-service1" deleted
        deployment.apps "service1" deleted
        service "service1" deleted
        configmap "config-service2" deleted
        deployment.apps "service2" deleted
        service "service2" deleted
        configmap "config-service3" deleted
        deployment.apps "service3" deleted
        service "service3" deleted
        deployment.apps "ubuntu-client" deleted
        [run.sh] Waiting for all pods to be deleted
        [run.sh] Deploying all services
        configmap/config-service0 created
        deployment.apps/service0 created
        service/service0 created
        configmap/config-service1 created
        deployment.apps/service1 created
        service/service1 created
        configmap/config-service2 created
        deployment.apps/service2 created
        service/service2 created
        configmap/config-service3 created
        deployment.apps/service3 created
        service/service3 created
        [run.sh] Client pod not found, deploying client
        deployment.apps/ubuntu-client created
        [run.sh] Waiting for all pods to be running
        [run.sh] All pods are running
        [run.sh] Checking heartbeat for all services
        [run.sh] Running warmup test
        [run.sh] /wrk/wrk -t8 -c800 --timeout 3s -d3s -L http://service0:80/endpoint1
        Running 3s test @ http://service0:80/endpoint1
        8 threads and 800 connections
        Thread Stats   Avg      Stdev     Max   +/- Stdev
        Latency   551.12ms  219.65ms   1.34s    71.32%
        Req/Sec   200.26    164.64   720.00     77.23%
        Latency Distribution
        50%  519.12ms
        75%  712.42ms
        90%  810.56ms
        99%    1.11s
        4155 requests in 3.03s, 645.16KB read
        Requests/sec:   1371.31
        Transfer/sec:    212.93KB
        [run.sh] Speed is 1371.31, duration is 21
        [run.sh] Fix the request number.
        [run.sh] Running the actual test
        [run.sh] /wrk/wrk --timeout 20s -t8 -c800 -d21s -L -s /wrk/fix_req_n.lua http://service0:80/endpoint1
        Running 21s test @ http://service0:80/endpoint1
        8 threads and 800 connections
        Thread Stats   Avg      Stdev     Max   +/- Stdev
        Latency   523.31ms  227.20ms   2.14s    70.20%
        Req/Sec   197.62    145.05   800.00     69.62%
        Latency Distribution
        50%  502.10ms
        75%  643.68ms
        90%  812.31ms
        99%    1.19s
        20000 requests in 21.00s, 3.03MB read
        Requests/sec:    952.37
        Transfer/sec:    147.88KB
        ------------------------------
        stop time: 13.182772
        stop time: 13.264904
        stop time: 13.187587
        stop time: 13.507719
        stop time: 13.207335
        stop time: 13.245585
        stop time: 13.561386
        stop time: 13.578893
        [run.sh] Checking the resource usage
        NAME                             CPU(cores)   MEMORY(bytes)
        service0-6fb7cc7c7f-768m5        578m         52Mi
        service1-76b89695f7-b8pkm        170m         14Mi
        service2-7bdbb95446-t8k9b        135m         11Mi
        service3-766854894f-7w8qv        201m         12Mi
        ubuntu-client-76886f6bbd-t77ns   23m          0Mi
        [run.sh] Test finished with status 0
        > STDERR
        > No resources found in default namespace.
    [exp] Times: [13.182772, 13.264904, 13.187587, 13.507719, 13.207335, 13.245585, 13.561386, 13.578893]
    [exp] Throughput: 1499.0230913358234
[test.py] Running 3th slowdown exp
    [exp] Running (pre_run: False) workload synthetic/fanout-w3-grpc-async request with the following configuration: {'CLIENT_CPU_QUOTA': '2', 'SLOWPOKE_POKER_BATCH_THRESHOLD': '20000000', 'PROCESSING_TIME_SERVICE0': '0.00091802', 'PROCESSING_TIME_SERVICE1': '0.00084359', 'PROCESSING_TIME_SERVICE2': '0.00083384', 'PROCESSING_TIME_SERVICE3': '0.00027464', 'SLOWPOKE_DELAY_MICROS_SERVICE0': '292.0', 'SLOWPOKE_POKER_BATCH_THRESHOLD_SERVICE0': '100', 'SLOWPOKE_IS_TARGET_SERVICE_SERVICE0': 'false', 'SLOWPOKE_DELAY_MICROS_SERVICE1': '292.0', 'SLOWPOKE_POKER_BATCH_THRESHOLD_SERVICE1': '100', 'SLOWPOKE_IS_TARGET_SERVICE_SERVICE1': 'false', 'SLOWPOKE_DELAY_MICROS_SERVICE2': '0.0', 'SLOWPOKE_POKER_BATCH_THRESHOLD_SERVICE2': '100', 'SLOWPOKE_IS_TARGET_SERVICE_SERVICE2': 'true', 'SLOWPOKE_DELAY_MICROS_SERVICE3': '292.0', 'SLOWPOKE_POKER_BATCH_THRESHOLD_SERVICE3': '100', 'SLOWPOKE_IS_TARGET_SERVICE_SERVICE3': 'false'}
    [exp] Executing cmd `bash run.sh synthetic fanout-w3-grpc-async 8 800 20000`:
        [run.sh] Running benchmark synthetic with request fanout-w3-grpc-async, thread 8, conn 800, duration 60
        [run.sh] Deleting all services
        configmap "config-service0" deleted
        deployment.apps "service0" deleted
        service "service0" deleted
        configmap "config-service1" deleted
        deployment.apps "service1" deleted
        service "service1" deleted
        configmap "config-service2" deleted
        deployment.apps "service2" deleted
        service "service2" deleted
        configmap "config-service3" deleted
        deployment.apps "service3" deleted
        service "service3" deleted
        deployment.apps "ubuntu-client" deleted
        [run.sh] Waiting for all pods to be deleted
        [run.sh] Deploying all services
        configmap/config-service0 created
        deployment.apps/service0 created
        service/service0 created
        configmap/config-service1 created
        deployment.apps/service1 created
        service/service1 created
        configmap/config-service2 created
        deployment.apps/service2 created
        service/service2 created
        configmap/config-service3 created
        deployment.apps/service3 created
        service/service3 created
        [run.sh] Client pod not found, deploying client
        deployment.apps/ubuntu-client created
        [run.sh] Waiting for all pods to be running
        [run.sh] All pods are running
        [run.sh] Checking heartbeat for all services
        [run.sh] Running warmup test
        [run.sh] /wrk/wrk -t8 -c800 --timeout 3s -d3s -L http://service0:80/endpoint1
        Running 3s test @ http://service0:80/endpoint1
        8 threads and 800 connections
        Thread Stats   Avg      Stdev     Max   +/- Stdev
        Latency   789.87ms  297.66ms   1.76s    64.58%
        Req/Sec   136.16    106.73   460.00     67.04%
        Latency Distribution
        50%  735.48ms
        75%    1.01s
        90%    1.16s
        99%    1.59s
        2753 requests in 3.03s, 427.47KB read
        Requests/sec:    910.00
        Transfer/sec:    141.30KB
        [run.sh] Speed is 910.00, duration is 32
        [run.sh] Fix the request number.
        [run.sh] Running the actual test
        [run.sh] /wrk/wrk --timeout 20s -t8 -c800 -d32s -L -s /wrk/fix_req_n.lua http://service0:80/endpoint1
        Running 32s test @ http://service0:80/endpoint1
        8 threads and 800 connections
        Thread Stats   Avg      Stdev     Max   +/- Stdev
        Latency   741.23ms  294.98ms   1.99s    69.88%
        Req/Sec   143.06    120.54   707.00     70.28%
        Latency Distribution
        50%  702.34ms
        75%  912.63ms
        90%    1.15s
        99%    1.52s
        20000 requests in 32.00s, 3.03MB read
        Requests/sec:    625.00
        Transfer/sec:     97.05KB
        ------------------------------
        stop time: 19.195803
        stop time: 18.959608
        stop time: 19.291884
        stop time: 18.999279
        stop time: 19.150229
        stop time: 19.239623
        stop time: 18.971516
        stop time: 19.269656
        [run.sh] Checking the resource usage
        NAME                             CPU(cores)   MEMORY(bytes)
        service0-5c789958cd-ltl4c        1367m        76Mi
        service1-57b875f968-xxh95        1031m        19Mi
        service2-7bdbb95446-t25ln        1002m        13Mi
        service3-6f5d57dbbd-fdk79        253m         11Mi
        ubuntu-client-76886f6bbd-4gghb   19m          21Mi
        [run.sh] Test finished with status 0
        > STDERR
        > No resources found in default namespace.
    [exp] Times: [19.195803, 18.959608, 19.291884, 18.999279, 19.150229, 19.239623, 18.971516, 19.269656]
    [exp] Throughput: 1045.2215222243035
[test.py] Finished running 3th optmization experiment: groundtruth->1499.0230913358234, slowdown->1045.2215222243035, predicted->1505.3100092823063, err->0.41940100741746333
[test.py] Running 4th optmization experiment
[test.py] Running 4th groundtruth exp
    [exp] Running (pre_run: False) workload synthetic/fanout-w3-grpc-async request with the following configuration: {'CLIENT_CPU_QUOTA': '2', 'SLOWPOKE_POKER_BATCH_THRESHOLD': '20000000', 'PROCESSING_TIME_SERVICE0': '0.00091802', 'PROCESSING_TIME_SERVICE1': '0.00084359', 'PROCESSING_TIME_SERVICE2': '0.000332', 'PROCESSING_TIME_SERVICE3': '0.00027464', 'SLOWPOKE_DELAY_MICROS_SERVICE0': '0.0', 'SLOWPOKE_POKER_BATCH_THRESHOLD_SERVICE0': '100', 'SLOWPOKE_IS_TARGET_SERVICE_SERVICE0': 'false', 'SLOWPOKE_DELAY_MICROS_SERVICE1': '0.0', 'SLOWPOKE_POKER_BATCH_THRESHOLD_SERVICE1': '100', 'SLOWPOKE_IS_TARGET_SERVICE_SERVICE1': 'false', 'SLOWPOKE_DELAY_MICROS_SERVICE2': '0.0', 'SLOWPOKE_POKER_BATCH_THRESHOLD_SERVICE2': '100', 'SLOWPOKE_IS_TARGET_SERVICE_SERVICE2': 'true', 'SLOWPOKE_DELAY_MICROS_SERVICE3': '0.0', 'SLOWPOKE_POKER_BATCH_THRESHOLD_SERVICE3': '100', 'SLOWPOKE_IS_TARGET_SERVICE_SERVICE3': 'false'}
    [exp] Executing cmd `bash run.sh synthetic fanout-w3-grpc-async 8 800 20000`:
        [run.sh] Running benchmark synthetic with request fanout-w3-grpc-async, thread 8, conn 800, duration 60
        [run.sh] Deleting all services
        configmap "config-service0" deleted
        deployment.apps "service0" deleted
        service "service0" deleted
        configmap "config-service1" deleted
        deployment.apps "service1" deleted
        service "service1" deleted
        configmap "config-service2" deleted
        deployment.apps "service2" deleted
        service "service2" deleted
        configmap "config-service3" deleted
        deployment.apps "service3" deleted
        service "service3" deleted
        deployment.apps "ubuntu-client" deleted
        [run.sh] Waiting for all pods to be deleted
        [run.sh] Deploying all services
        configmap/config-service0 created
        deployment.apps/service0 created
        service/service0 created
        configmap/config-service1 created
        deployment.apps/service1 created
        service/service1 created
        configmap/config-service2 created
        deployment.apps/service2 created
        service/service2 created
        configmap/config-service3 created
        deployment.apps/service3 created
        service/service3 created
        [run.sh] Client pod not found, deploying client
        deployment.apps/ubuntu-client created
        [run.sh] Waiting for all pods to be running
        [run.sh] All pods are running
        [run.sh] Checking heartbeat for all services
        [run.sh] Running warmup test
        [run.sh] /wrk/wrk -t8 -c800 --timeout 3s -d3s -L http://service0:80/endpoint1
        Running 3s test @ http://service0:80/endpoint1
        8 threads and 800 connections
        Thread Stats   Avg      Stdev     Max   +/- Stdev
        Latency   540.08ms  256.14ms   1.45s    71.39%
        Req/Sec   196.00    139.94   626.00     64.13%
        Latency Distribution
        50%  506.81ms
        75%  698.34ms
        90%  869.55ms
        99%    1.23s
        3772 requests in 3.02s, 585.69KB read
        Requests/sec:   1247.77
        Transfer/sec:    193.75KB
        [run.sh] Speed is 1247.77, duration is 24
        [run.sh] Fix the request number.
        [run.sh] Running the actual test
        [run.sh] /wrk/wrk --timeout 20s -t8 -c800 -d24s -L -s /wrk/fix_req_n.lua http://service0:80/endpoint1
        Running 24s test @ http://service0:80/endpoint1
        8 threads and 800 connections
        Thread Stats   Avg      Stdev     Max   +/- Stdev
        Latency   530.66ms  237.13ms   1.64s    71.30%
        Req/Sec   195.66    138.35   700.00     66.22%
        Latency Distribution
        50%  497.00ms
        75%  661.38ms
        90%  840.23ms
        99%    1.26s
        20000 requests in 24.00s, 3.03MB read
        Requests/sec:    833.33
        Transfer/sec:    129.39KB
        ------------------------------
        stop time: 13.413651
        stop time: 13.682429
        stop time: 13.515869
        stop time: 13.390164
        stop time: 13.776789
        stop time: 13.772112
        stop time: 13.754553
        stop time: 13.704452
        [run.sh] Checking the resource usage
        NAME                             CPU(cores)   MEMORY(bytes)
        service0-6fb7cc7c7f-bjv6z        0m           77Mi
        service2-7bdbb95446-pctz4        0m           10Mi
        service3-766854894f-dzjgx        184m         11Mi
        ubuntu-client-76886f6bbd-v9phz   22m          0Mi
        [run.sh] Test finished with status 0
        > STDERR
        > No resources found in default namespace.
    [exp] Times: [13.413651, 13.682429, 13.515869, 13.390164, 13.776789, 13.772112, 13.754553, 13.704452]
    [exp] Throughput: 1467.7549959880291
[test.py] Running 4th slowdown exp
    [exp] Running (pre_run: False) workload synthetic/fanout-w3-grpc-async request with the following configuration: {'CLIENT_CPU_QUOTA': '2', 'SLOWPOKE_POKER_BATCH_THRESHOLD': '20000000', 'PROCESSING_TIME_SERVICE0': '0.00091802', 'PROCESSING_TIME_SERVICE1': '0.00084359', 'PROCESSING_TIME_SERVICE2': '0.00083384', 'PROCESSING_TIME_SERVICE3': '0.00027464', 'SLOWPOKE_DELAY_MICROS_SERVICE0': '250.5', 'SLOWPOKE_POKER_BATCH_THRESHOLD_SERVICE0': '100', 'SLOWPOKE_IS_TARGET_SERVICE_SERVICE0': 'false', 'SLOWPOKE_DELAY_MICROS_SERVICE1': '250.5', 'SLOWPOKE_POKER_BATCH_THRESHOLD_SERVICE1': '100', 'SLOWPOKE_IS_TARGET_SERVICE_SERVICE1': 'false', 'SLOWPOKE_DELAY_MICROS_SERVICE2': '0.0', 'SLOWPOKE_POKER_BATCH_THRESHOLD_SERVICE2': '100', 'SLOWPOKE_IS_TARGET_SERVICE_SERVICE2': 'true', 'SLOWPOKE_DELAY_MICROS_SERVICE3': '250.5', 'SLOWPOKE_POKER_BATCH_THRESHOLD_SERVICE3': '100', 'SLOWPOKE_IS_TARGET_SERVICE_SERVICE3': 'false'}
    [exp] Executing cmd `bash run.sh synthetic fanout-w3-grpc-async 8 800 20000`:
        [run.sh] Running benchmark synthetic with request fanout-w3-grpc-async, thread 8, conn 800, duration 60
        [run.sh] Deleting all services
        configmap "config-service0" deleted
        deployment.apps "service0" deleted
        service "service0" deleted
        configmap "config-service1" deleted
        deployment.apps "service1" deleted
        service "service1" deleted
        configmap "config-service2" deleted
        deployment.apps "service2" deleted
        service "service2" deleted
        configmap "config-service3" deleted
        deployment.apps "service3" deleted
        service "service3" deleted
        deployment.apps "ubuntu-client" deleted
        [run.sh] Waiting for all pods to be deleted
        [run.sh] Deploying all services
        configmap/config-service0 created
        deployment.apps/service0 created
        service/service0 created
        configmap/config-service1 created
        deployment.apps/service1 created
        service/service1 created
        configmap/config-service2 created
        deployment.apps/service2 created
        service/service2 created
        configmap/config-service3 created
        deployment.apps/service3 created
        service/service3 created
        [run.sh] Client pod not found, deploying client
        deployment.apps/ubuntu-client created
        [run.sh] Waiting for all pods to be running
        [run.sh] All pods are running
        [run.sh] Checking heartbeat for all services
        [run.sh] Running warmup test
        [run.sh] /wrk/wrk -t8 -c800 --timeout 3s -d3s -L http://service0:80/endpoint1
        Running 3s test @ http://service0:80/endpoint1
        8 threads and 800 connections
        Thread Stats   Avg      Stdev     Max   +/- Stdev
        Latency   732.90ms  297.11ms   2.21s    68.08%
        Req/Sec   143.71    119.32   696.00     75.88%
        Latency Distribution
        50%  671.29ms
        75%  871.49ms
        90%    1.08s
        99%    1.58s
        2808 requests in 3.03s, 436.01KB read
        Requests/sec:    928.04
        Transfer/sec:    144.10KB
        [run.sh] Speed is 928.04, duration is 32
        [run.sh] Fix the request number.
        [run.sh] Running the actual test
        [run.sh] /wrk/wrk --timeout 20s -t8 -c800 -d32s -L -s /wrk/fix_req_n.lua http://service0:80/endpoint1
        Running 32s test @ http://service0:80/endpoint1
        8 threads and 800 connections
        Thread Stats   Avg      Stdev     Max   +/- Stdev
        Latency   722.54ms  338.87ms   3.57s    74.19%
        Req/Sec   145.74    117.85   650.00     73.85%
        Latency Distribution
        50%  669.55ms
        75%  901.68ms
        90%    1.14s
        99%    1.87s
        20000 requests in 32.00s, 3.03MB read
        Requests/sec:    625.00
        Transfer/sec:     97.05KB
        ------------------------------
        stop time: 18.151895
        stop time: 18.208774
        stop time: 18.528939
        stop time: 18.525915
        stop time: 18.627224
        stop time: 18.512297
        stop time: 18.703497
        stop time: 18.533578
        [run.sh] Checking the resource usage
        NAME                             CPU(cores)   MEMORY(bytes)
        service0-5bb5f67c99-gv2gx        1398m        77Mi
        service1-677745bffc-wc4zb        1071m        18Mi
        service2-7bdbb95446-sr4tp        1046m        17Mi
        service3-74465689b5-hrrzl        409m         11Mi
        ubuntu-client-76886f6bbd-5xhlq   33m          22Mi
        [run.sh] Test finished with status 0
        > STDERR
        > No resources found in default namespace.
    [exp] Times: [18.151895, 18.208774, 18.528939, 18.525915, 18.627224, 18.512297, 18.703497, 18.533578]
    [exp] Throughput: 1082.6017048987571
[test.py] Finished running 4th optmization experiment: groundtruth->1467.7549959880291, slowdown->1082.6017048987571, predicted->1486.3683440553286, err->1.2681508915437083
[test.py] Running 5th optmization experiment
[test.py] Running 5th groundtruth exp
    [exp] Running (pre_run: False) workload synthetic/fanout-w3-grpc-async request with the following configuration: {'CLIENT_CPU_QUOTA': '2', 'SLOWPOKE_POKER_BATCH_THRESHOLD': '20000000', 'PROCESSING_TIME_SERVICE0': '0.00091802', 'PROCESSING_TIME_SERVICE1': '0.00084359', 'PROCESSING_TIME_SERVICE2': '0.000415', 'PROCESSING_TIME_SERVICE3': '0.00027464', 'SLOWPOKE_DELAY_MICROS_SERVICE0': '0.0', 'SLOWPOKE_POKER_BATCH_THRESHOLD_SERVICE0': '100', 'SLOWPOKE_IS_TARGET_SERVICE_SERVICE0': 'false', 'SLOWPOKE_DELAY_MICROS_SERVICE1': '0.0', 'SLOWPOKE_POKER_BATCH_THRESHOLD_SERVICE1': '100', 'SLOWPOKE_IS_TARGET_SERVICE_SERVICE1': 'false', 'SLOWPOKE_DELAY_MICROS_SERVICE2': '0.0', 'SLOWPOKE_POKER_BATCH_THRESHOLD_SERVICE2': '100', 'SLOWPOKE_IS_TARGET_SERVICE_SERVICE2': 'true', 'SLOWPOKE_DELAY_MICROS_SERVICE3': '0.0', 'SLOWPOKE_POKER_BATCH_THRESHOLD_SERVICE3': '100', 'SLOWPOKE_IS_TARGET_SERVICE_SERVICE3': 'false'}
    [exp] Executing cmd `bash run.sh synthetic fanout-w3-grpc-async 8 800 20000`:
        [run.sh] Running benchmark synthetic with request fanout-w3-grpc-async, thread 8, conn 800, duration 60
        [run.sh] Deleting all services
        configmap "config-service0" deleted
        deployment.apps "service0" deleted
        service "service0" deleted
        configmap "config-service1" deleted
        deployment.apps "service1" deleted
        service "service1" deleted
        configmap "config-service2" deleted
        deployment.apps "service2" deleted
        service "service2" deleted
        configmap "config-service3" deleted
        deployment.apps "service3" deleted
        service "service3" deleted
        deployment.apps "ubuntu-client" deleted
        [run.sh] Waiting for all pods to be deleted
        [run.sh] Deploying all services
        configmap/config-service0 created
        deployment.apps/service0 created
        service/service0 created
        configmap/config-service1 created
        deployment.apps/service1 created
        service/service1 created
        configmap/config-service2 created
        deployment.apps/service2 created
        service/service2 created
        configmap/config-service3 created
        deployment.apps/service3 created
        service/service3 created
        [run.sh] Client pod not found, deploying client
        deployment.apps/ubuntu-client created
        [run.sh] Waiting for all pods to be running
        [run.sh] All pods are running
        [run.sh] Checking heartbeat for all services
        [run.sh] Running warmup test
        [run.sh] /wrk/wrk -t8 -c800 --timeout 3s -d3s -L http://service0:80/endpoint1
        Running 3s test @ http://service0:80/endpoint1
        8 threads and 800 connections
        Thread Stats   Avg      Stdev     Max   +/- Stdev
        Latency   534.88ms  260.56ms   1.25s    67.49%
        Req/Sec   209.73    125.12   535.00     71.79%
        Latency Distribution
        50%  449.36ms
        75%  724.18ms
        90%  949.75ms
        99%    1.14s
        4136 requests in 3.02s, 642.21KB read
        Requests/sec:   1369.29
        Transfer/sec:    212.61KB
        [run.sh] Speed is 1369.29, duration is 21
        [run.sh] Fix the request number.
        [run.sh] Running the actual test
        [run.sh] /wrk/wrk --timeout 20s -t8 -c800 -d21s -L -s /wrk/fix_req_n.lua http://service0:80/endpoint1
        Running 21s test @ http://service0:80/endpoint1
        8 threads and 800 connections
        Thread Stats   Avg      Stdev     Max   +/- Stdev
        Latency   522.57ms  259.76ms   1.73s    71.99%
        Req/Sec   197.77    153.63   770.00     66.05%
        Latency Distribution
        50%  503.77ms
        75%  648.30ms
        90%  839.67ms
        99%    1.37s
        20001 requests in 21.00s, 3.03MB read
        Requests/sec:    952.42
        Transfer/sec:    147.89KB
        ------------------------------
        stop time: 13.489935
        stop time: 13.397660
        stop time: 13.016489
        stop time: 13.321656
        stop time: 13.352642
        stop time: 13.386046
        stop time: 13.278917
        stop time: 13.364157
        [run.sh] Checking the resource usage
        NAME                             CPU(cores)   MEMORY(bytes)
        service3-766854894f-xbwrt        0m           2Mi
        ubuntu-client-76886f6bbd-jwkpb   0m           0Mi
        [run.sh] Test finished with status 0
        > STDERR
        > No resources found in default namespace.
    [exp] Times: [13.489935, 13.39766, 13.016489, 13.321656, 13.352642, 13.386046, 13.278917, 13.364157]
    [exp] Throughput: 1500.8324648672472
[test.py] Running 5th slowdown exp
    [exp] Running (pre_run: False) workload synthetic/fanout-w3-grpc-async request with the following configuration: {'CLIENT_CPU_QUOTA': '2', 'SLOWPOKE_POKER_BATCH_THRESHOLD': '20000000', 'PROCESSING_TIME_SERVICE0': '0.00091802', 'PROCESSING_TIME_SERVICE1': '0.00084359', 'PROCESSING_TIME_SERVICE2': '0.00083384', 'PROCESSING_TIME_SERVICE3': '0.00027464', 'SLOWPOKE_DELAY_MICROS_SERVICE0': '209.0', 'SLOWPOKE_POKER_BATCH_THRESHOLD_SERVICE0': '100', 'SLOWPOKE_IS_TARGET_SERVICE_SERVICE0': 'false', 'SLOWPOKE_DELAY_MICROS_SERVICE1': '209.0', 'SLOWPOKE_POKER_BATCH_THRESHOLD_SERVICE1': '100', 'SLOWPOKE_IS_TARGET_SERVICE_SERVICE1': 'false', 'SLOWPOKE_DELAY_MICROS_SERVICE2': '0.0', 'SLOWPOKE_POKER_BATCH_THRESHOLD_SERVICE2': '100', 'SLOWPOKE_IS_TARGET_SERVICE_SERVICE2': 'true', 'SLOWPOKE_DELAY_MICROS_SERVICE3': '209.0', 'SLOWPOKE_POKER_BATCH_THRESHOLD_SERVICE3': '100', 'SLOWPOKE_IS_TARGET_SERVICE_SERVICE3': 'false'}
    [exp] Executing cmd `bash run.sh synthetic fanout-w3-grpc-async 8 800 20000`:
        [run.sh] Running benchmark synthetic with request fanout-w3-grpc-async, thread 8, conn 800, duration 60
        [run.sh] Deleting all services
        configmap "config-service0" deleted
        deployment.apps "service0" deleted
        service "service0" deleted
        configmap "config-service1" deleted
        deployment.apps "service1" deleted
        service "service1" deleted
        configmap "config-service2" deleted
        deployment.apps "service2" deleted
        service "service2" deleted
        configmap "config-service3" deleted
        deployment.apps "service3" deleted
        service "service3" deleted
        deployment.apps "ubuntu-client" deleted
        [run.sh] Waiting for all pods to be deleted
        [run.sh] Deploying all services
        configmap/config-service0 created
        deployment.apps/service0 created
        service/service0 created
        configmap/config-service1 created
        deployment.apps/service1 created
        service/service1 created
        configmap/config-service2 created
        deployment.apps/service2 created
        service/service2 created
        configmap/config-service3 created
        deployment.apps/service3 created
        service/service3 created
        [run.sh] Client pod not found, deploying client
        deployment.apps/ubuntu-client created
        [run.sh] Waiting for all pods to be running
        [run.sh] All pods are running
        [run.sh] Checking heartbeat for all services
        [run.sh] Running warmup test
        [run.sh] /wrk/wrk -t8 -c800 --timeout 3s -d3s -L http://service0:80/endpoint1
        Running 3s test @ http://service0:80/endpoint1
        8 threads and 800 connections
        Thread Stats   Avg      Stdev     Max   +/- Stdev
        Latency   710.23ms  339.74ms   1.79s    65.87%
        Req/Sec   152.00    113.26   535.00     74.86%
        Latency Distribution
        50%  741.74ms
        75%  911.94ms
        90%    1.10s
        99%    1.71s
        2851 requests in 3.02s, 442.68KB read
        Requests/sec:    944.17
        Transfer/sec:    146.61KB
        [run.sh] Speed is 944.17, duration is 31
        [run.sh] Fix the request number.
        [run.sh] Running the actual test
        [run.sh] /wrk/wrk --timeout 20s -t8 -c800 -d31s -L -s /wrk/fix_req_n.lua http://service0:80/endpoint1
        Running 31s test @ http://service0:80/endpoint1
        8 threads and 800 connections
        Thread Stats   Avg      Stdev     Max   +/- Stdev
        Latency   686.11ms  350.57ms   2.80s    74.24%
        Req/Sec   151.56    110.06   606.00     70.39%
        Latency Distribution
        50%  629.49ms
        75%  845.55ms
        90%    1.15s
        99%    1.84s
        20000 requests in 31.00s, 3.03MB read
        Requests/sec:    645.16
        Transfer/sec:    100.18KB
        ------------------------------
        stop time: 17.290594
        stop time: 17.510966
        stop time: 17.552495
        stop time: 17.668014
        stop time: 17.632742
        stop time: 17.546441
        stop time: 17.458844
        stop time: 17.511016
        [run.sh] Checking the resource usage
        NAME                             CPU(cores)   MEMORY(bytes)
        service0-6dc7846dd6-sjz8n        1334m        88Mi
        service1-7d5c9ccd88-nnxg2        764m         19Mi
        service2-7bdbb95446-mqbh5        901m         13Mi
        service3-54b76c4d8-gvpp4         198m         11Mi
        ubuntu-client-76886f6bbd-7bkdq   39m          23Mi
        [run.sh] Test finished with status 0
        > STDERR
        > No resources found in default namespace.
    [exp] Times: [17.290594, 17.510966, 17.552495, 17.668014, 17.632742, 17.546441, 17.458844, 17.511016]
    [exp] Throughput: 1141.4620153687588
[test.py] Finished running 5th optmization experiment: groundtruth->1500.8324648672472, slowdown->1141.4620153687588, predicted->1500.038738500422, err->-0.052885740774234066
[test.py] Running 6th optmization experiment
[test.py] Running 6th groundtruth exp
    [exp] Running (pre_run: False) workload synthetic/fanout-w3-grpc-async request with the following configuration: {'CLIENT_CPU_QUOTA': '2', 'SLOWPOKE_POKER_BATCH_THRESHOLD': '20000000', 'PROCESSING_TIME_SERVICE0': '0.00091802', 'PROCESSING_TIME_SERVICE1': '0.00084359', 'PROCESSING_TIME_SERVICE2': '0.000498', 'PROCESSING_TIME_SERVICE3': '0.00027464', 'SLOWPOKE_DELAY_MICROS_SERVICE0': '0.0', 'SLOWPOKE_POKER_BATCH_THRESHOLD_SERVICE0': '100', 'SLOWPOKE_IS_TARGET_SERVICE_SERVICE0': 'false', 'SLOWPOKE_DELAY_MICROS_SERVICE1': '0.0', 'SLOWPOKE_POKER_BATCH_THRESHOLD_SERVICE1': '100', 'SLOWPOKE_IS_TARGET_SERVICE_SERVICE1': 'false', 'SLOWPOKE_DELAY_MICROS_SERVICE2': '0.0', 'SLOWPOKE_POKER_BATCH_THRESHOLD_SERVICE2': '100', 'SLOWPOKE_IS_TARGET_SERVICE_SERVICE2': 'true', 'SLOWPOKE_DELAY_MICROS_SERVICE3': '0.0', 'SLOWPOKE_POKER_BATCH_THRESHOLD_SERVICE3': '100', 'SLOWPOKE_IS_TARGET_SERVICE_SERVICE3': 'false'}
    [exp] Executing cmd `bash run.sh synthetic fanout-w3-grpc-async 8 800 20000`:
        [run.sh] Running benchmark synthetic with request fanout-w3-grpc-async, thread 8, conn 800, duration 60
        [run.sh] Deleting all services
        configmap "config-service0" deleted
        deployment.apps "service0" deleted
        service "service0" deleted
        configmap "config-service1" deleted
        deployment.apps "service1" deleted
        service "service1" deleted
        configmap "config-service2" deleted
        deployment.apps "service2" deleted
        service "service2" deleted
        configmap "config-service3" deleted
        deployment.apps "service3" deleted
        service "service3" deleted
        deployment.apps "ubuntu-client" deleted
        [run.sh] Waiting for all pods to be deleted
        [run.sh] Deploying all services
        configmap/config-service0 created
        deployment.apps/service0 created
        service/service0 created
        configmap/config-service1 created
        deployment.apps/service1 created
        service/service1 created
        configmap/config-service2 created
        deployment.apps/service2 created
        service/service2 created
        configmap/config-service3 created
        deployment.apps/service3 created
        service/service3 created
        [run.sh] Client pod not found, deploying client
        deployment.apps/ubuntu-client created
        [run.sh] Waiting for all pods to be running
        [run.sh] All pods are running
        [run.sh] Checking heartbeat for all services
        [run.sh] Running warmup test
        [run.sh] /wrk/wrk -t8 -c800 --timeout 3s -d3s -L http://service0:80/endpoint1
        Running 3s test @ http://service0:80/endpoint1
        8 threads and 800 connections
        Thread Stats   Avg      Stdev     Max   +/- Stdev
        Latency   536.35ms  260.24ms   1.34s    65.51%
        Req/Sec   198.18    166.62   797.00     76.80%
        Latency Distribution
        50%  512.73ms
        75%  724.09ms
        90%  918.67ms
        99%    1.12s
        3731 requests in 3.02s, 579.33KB read
        Requests/sec:   1234.06
        Transfer/sec:    191.62KB
        [run.sh] Speed is 1234.06, duration is 24
        [run.sh] Fix the request number.
        [run.sh] Running the actual test
        [run.sh] /wrk/wrk --timeout 20s -t8 -c800 -d24s -L -s /wrk/fix_req_n.lua http://service0:80/endpoint1
        Running 24s test @ http://service0:80/endpoint1
        8 threads and 800 connections
        Thread Stats   Avg      Stdev     Max   +/- Stdev
        Latency   534.09ms  249.21ms   1.63s    70.18%
        Req/Sec   191.37    141.63   630.00     69.28%
        Latency Distribution
        50%  499.01ms
        75%  678.02ms
        90%  871.28ms
        99%    1.25s
        20000 requests in 24.00s, 3.03MB read
        Requests/sec:    833.33
        Transfer/sec:    129.39KB
        ------------------------------
        stop time: 13.593642
        stop time: 13.889613
        stop time: 13.698948
        stop time: 13.801937
        stop time: 13.616012
        stop time: 13.832431
        stop time: 13.796276
        stop time: 13.649293
        [run.sh] Checking the resource usage
        [run.sh] Test finished with status 0
        > STDERR
        > No resources found in default namespace.
        > error: metrics not available yet
    [exp] Times: [13.593642, 13.889613, 13.698948, 13.801937, 13.616012, 13.832431, 13.796276, 13.649293]
    [exp] Throughput: 1456.1584545033118
[test.py] Running 6th slowdown exp
    [exp] Running (pre_run: False) workload synthetic/fanout-w3-grpc-async request with the following configuration: {'CLIENT_CPU_QUOTA': '2', 'SLOWPOKE_POKER_BATCH_THRESHOLD': '20000000', 'PROCESSING_TIME_SERVICE0': '0.00091802', 'PROCESSING_TIME_SERVICE1': '0.00084359', 'PROCESSING_TIME_SERVICE2': '0.00083384', 'PROCESSING_TIME_SERVICE3': '0.00027464', 'SLOWPOKE_DELAY_MICROS_SERVICE0': '167.5', 'SLOWPOKE_POKER_BATCH_THRESHOLD_SERVICE0': '100', 'SLOWPOKE_IS_TARGET_SERVICE_SERVICE0': 'false', 'SLOWPOKE_DELAY_MICROS_SERVICE1': '167.5', 'SLOWPOKE_POKER_BATCH_THRESHOLD_SERVICE1': '100', 'SLOWPOKE_IS_TARGET_SERVICE_SERVICE1': 'false', 'SLOWPOKE_DELAY_MICROS_SERVICE2': '0.0', 'SLOWPOKE_POKER_BATCH_THRESHOLD_SERVICE2': '100', 'SLOWPOKE_IS_TARGET_SERVICE_SERVICE2': 'true', 'SLOWPOKE_DELAY_MICROS_SERVICE3': '167.5', 'SLOWPOKE_POKER_BATCH_THRESHOLD_SERVICE3': '100', 'SLOWPOKE_IS_TARGET_SERVICE_SERVICE3': 'false'}
    [exp] Executing cmd `bash run.sh synthetic fanout-w3-grpc-async 8 800 20000`:
        [run.sh] Running benchmark synthetic with request fanout-w3-grpc-async, thread 8, conn 800, duration 60
        [run.sh] Deleting all services
        configmap "config-service0" deleted
        deployment.apps "service0" deleted
        service "service0" deleted
        configmap "config-service1" deleted
        deployment.apps "service1" deleted
        service "service1" deleted
        configmap "config-service2" deleted
        deployment.apps "service2" deleted
        service "service2" deleted
        configmap "config-service3" deleted
        deployment.apps "service3" deleted
        service "service3" deleted
        deployment.apps "ubuntu-client" deleted
        [run.sh] Waiting for all pods to be deleted
        [run.sh] Deploying all services
        configmap/config-service0 created
        deployment.apps/service0 created
        service/service0 created
        configmap/config-service1 created
        deployment.apps/service1 created
        service/service1 created
        configmap/config-service2 created
        deployment.apps/service2 created
        service/service2 created
        configmap/config-service3 created
        deployment.apps/service3 created
        service/service3 created
        [run.sh] Client pod not found, deploying client
        deployment.apps/ubuntu-client created
        [run.sh] Waiting for all pods to be running
        [run.sh] All pods are running
        [run.sh] Checking heartbeat for all services
        [run.sh] Running warmup test
        [run.sh] /wrk/wrk -t8 -c800 --timeout 3s -d3s -L http://service0:80/endpoint1
        Running 3s test @ http://service0:80/endpoint1
        8 threads and 800 connections
        Thread Stats   Avg      Stdev     Max   +/- Stdev
        Latency   649.45ms  261.63ms   1.51s    62.65%
        Req/Sec   164.59    103.06   424.00     63.83%
        Latency Distribution
        50%  640.11ms
        75%  855.62ms
        90%    1.01s
        99%    1.31s
        3183 requests in 3.04s, 494.24KB read
        Requests/sec:   1047.08
        Transfer/sec:    162.58KB
        [run.sh] Speed is 1047.08, duration is 28
        [run.sh] Fix the request number.
        [run.sh] Running the actual test
        [run.sh] /wrk/wrk --timeout 20s -t8 -c800 -d28s -L -s /wrk/fix_req_n.lua http://service0:80/endpoint1
        Running 28s test @ http://service0:80/endpoint1
        8 threads and 800 connections
        Thread Stats   Avg      Stdev     Max   +/- Stdev
        Latency   666.83ms  324.84ms   2.05s    69.99%
        Req/Sec   156.29    118.91   720.00     70.03%
        Latency Distribution
        50%  616.66ms
        75%  859.04ms
        90%    1.10s
        99%    1.62s
        20000 requests in 28.00s, 3.03MB read
        Requests/sec:    714.28
        Transfer/sec:    110.91KB
        ------------------------------
        stop time: 17.015624
        stop time: 16.892194
        stop time: 16.806646
        stop time: 17.112779
        stop time: 16.765490
        stop time: 17.044061
        stop time: 17.044319
        stop time: 17.093941
        [run.sh] Checking the resource usage
        NAME                             CPU(cores)   MEMORY(bytes)
        service0-fbd57688d-rjcrd         447m         75Mi
        service1-6bc9b865b6-svc7w        73m          19Mi
        service2-7bdbb95446-fcs5b        199m         12Mi
        service3-5bc685c58-jf6kb         98m          11Mi
        ubuntu-client-76886f6bbd-nrcc2   13m          21Mi
        [run.sh] Test finished with status 0
        > STDERR
        > No resources found in default namespace.
    [exp] Times: [17.015624, 16.892194, 16.806646, 17.112779, 16.76549, 17.044061, 17.044319, 17.093941]
    [exp] Throughput: 1178.4197117682604
[test.py] Finished running 6th optmization experiment: groundtruth->1456.1584545033118, slowdown->1178.4197117682604, predicted->1469.1318773024395, err->0.8909348264267671
[test.py] Running 7th optmization experiment
[test.py] Running 7th groundtruth exp
    [exp] Running (pre_run: False) workload synthetic/fanout-w3-grpc-async request with the following configuration: {'CLIENT_CPU_QUOTA': '2', 'SLOWPOKE_POKER_BATCH_THRESHOLD': '20000000', 'PROCESSING_TIME_SERVICE0': '0.00091802', 'PROCESSING_TIME_SERVICE1': '0.00084359', 'PROCESSING_TIME_SERVICE2': '0.000581', 'PROCESSING_TIME_SERVICE3': '0.00027464', 'SLOWPOKE_DELAY_MICROS_SERVICE0': '0.0', 'SLOWPOKE_POKER_BATCH_THRESHOLD_SERVICE0': '100', 'SLOWPOKE_IS_TARGET_SERVICE_SERVICE0': 'false', 'SLOWPOKE_DELAY_MICROS_SERVICE1': '0.0', 'SLOWPOKE_POKER_BATCH_THRESHOLD_SERVICE1': '100', 'SLOWPOKE_IS_TARGET_SERVICE_SERVICE1': 'false', 'SLOWPOKE_DELAY_MICROS_SERVICE2': '0.0', 'SLOWPOKE_POKER_BATCH_THRESHOLD_SERVICE2': '100', 'SLOWPOKE_IS_TARGET_SERVICE_SERVICE2': 'true', 'SLOWPOKE_DELAY_MICROS_SERVICE3': '0.0', 'SLOWPOKE_POKER_BATCH_THRESHOLD_SERVICE3': '100', 'SLOWPOKE_IS_TARGET_SERVICE_SERVICE3': 'false'}
    [exp] Executing cmd `bash run.sh synthetic fanout-w3-grpc-async 8 800 20000`:
        [run.sh] Running benchmark synthetic with request fanout-w3-grpc-async, thread 8, conn 800, duration 60
        [run.sh] Deleting all services
        configmap "config-service0" deleted
        deployment.apps "service0" deleted
        service "service0" deleted
        configmap "config-service1" deleted
        deployment.apps "service1" deleted
        service "service1" deleted
        configmap "config-service2" deleted
        deployment.apps "service2" deleted
        service "service2" deleted
        configmap "config-service3" deleted
        deployment.apps "service3" deleted
        service "service3" deleted
        deployment.apps "ubuntu-client" deleted
        [run.sh] Waiting for all pods to be deleted
        [run.sh] Deploying all services
        configmap/config-service0 created
        deployment.apps/service0 created
        service/service0 created
        configmap/config-service1 created
        deployment.apps/service1 created
        service/service1 created
        configmap/config-service2 created
        deployment.apps/service2 created
        service/service2 created
        configmap/config-service3 created
        deployment.apps/service3 created
        service/service3 created
        [run.sh] Client pod not found, deploying client
        deployment.apps/ubuntu-client created
        [run.sh] Waiting for all pods to be running
        [run.sh] All pods are running
        [run.sh] Checking heartbeat for all services
        [run.sh] Running warmup test
        [run.sh] /wrk/wrk -t8 -c800 --timeout 3s -d3s -L http://service0:80/endpoint1
        Running 3s test @ http://service0:80/endpoint1
        8 threads and 800 connections
        Thread Stats   Avg      Stdev     Max   +/- Stdev
        Latency   534.33ms  255.77ms   1.74s    69.49%
        Req/Sec   180.47    130.06   490.00     60.20%
        Latency Distribution
        50%  521.97ms
        75%  684.55ms
        90%  848.74ms
        99%    1.21s
        3802 requests in 3.04s, 590.35KB read
        Requests/sec:   1251.11
        Transfer/sec:    194.26KB
        [run.sh] Speed is 1251.11, duration is 23
        [run.sh] Fix the request number.
        [run.sh] Running the actual test
        [run.sh] /wrk/wrk --timeout 20s -t8 -c800 -d23s -L -s /wrk/fix_req_n.lua http://service0:80/endpoint1
        Running 23s test @ http://service0:80/endpoint1
        8 threads and 800 connections
        Thread Stats   Avg      Stdev     Max   +/- Stdev
        Latency   532.07ms  237.00ms   1.54s    67.92%
        Req/Sec   195.54    152.47   780.00     65.99%
        Latency Distribution
        50%  501.91ms
        75%  677.48ms
        90%  857.58ms
        99%    1.17s
        20000 requests in 23.00s, 3.03MB read
        Requests/sec:    869.56
        Transfer/sec:    135.02KB
        ------------------------------
        stop time: 13.510771
        stop time: 13.442801
        stop time: 13.372684
        stop time: 13.505064
        stop time: 13.476290
        stop time: 13.701489
        stop time: 13.493200
        stop time: 13.701608
        [run.sh] Checking the resource usage
        NAME                             CPU(cores)   MEMORY(bytes)
        service0-6fb7cc7c7f-kzk54        3m           72Mi
        service1-76b89695f7-d5ff7        0m           17Mi
        service2-7bdbb95446-8lvdz        0m           12Mi
        service3-766854894f-5lm79        0m           10Mi
        ubuntu-client-76886f6bbd-xtljz   3m           0Mi
        [run.sh] Test finished with status 0
        > STDERR
        > No resources found in default namespace.
    [exp] Times: [13.510771, 13.442801, 13.372684, 13.505064, 13.47629, 13.701489, 13.4932, 13.701608]
    [exp] Throughput: 1478.6896743016864
[test.py] Running 7th slowdown exp
    [exp] Running (pre_run: False) workload synthetic/fanout-w3-grpc-async request with the following configuration: {'CLIENT_CPU_QUOTA': '2', 'SLOWPOKE_POKER_BATCH_THRESHOLD': '20000000', 'PROCESSING_TIME_SERVICE0': '0.00091802', 'PROCESSING_TIME_SERVICE1': '0.00084359', 'PROCESSING_TIME_SERVICE2': '0.00083384', 'PROCESSING_TIME_SERVICE3': '0.00027464', 'SLOWPOKE_DELAY_MICROS_SERVICE0': '126.0', 'SLOWPOKE_POKER_BATCH_THRESHOLD_SERVICE0': '100', 'SLOWPOKE_IS_TARGET_SERVICE_SERVICE0': 'false', 'SLOWPOKE_DELAY_MICROS_SERVICE1': '126.0', 'SLOWPOKE_POKER_BATCH_THRESHOLD_SERVICE1': '100', 'SLOWPOKE_IS_TARGET_SERVICE_SERVICE1': 'false', 'SLOWPOKE_DELAY_MICROS_SERVICE2': '0.0', 'SLOWPOKE_POKER_BATCH_THRESHOLD_SERVICE2': '100', 'SLOWPOKE_IS_TARGET_SERVICE_SERVICE2': 'true', 'SLOWPOKE_DELAY_MICROS_SERVICE3': '126.0', 'SLOWPOKE_POKER_BATCH_THRESHOLD_SERVICE3': '100', 'SLOWPOKE_IS_TARGET_SERVICE_SERVICE3': 'false'}
    [exp] Executing cmd `bash run.sh synthetic fanout-w3-grpc-async 8 800 20000`:
        [run.sh] Running benchmark synthetic with request fanout-w3-grpc-async, thread 8, conn 800, duration 60
        [run.sh] Deleting all services
        configmap "config-service0" deleted
        deployment.apps "service0" deleted
        service "service0" deleted
        configmap "config-service1" deleted
        deployment.apps "service1" deleted
        service "service1" deleted
        configmap "config-service2" deleted
        deployment.apps "service2" deleted
        service "service2" deleted
        configmap "config-service3" deleted
        deployment.apps "service3" deleted
        service "service3" deleted
        deployment.apps "ubuntu-client" deleted
        [run.sh] Waiting for all pods to be deleted
        [run.sh] Deploying all services
        configmap/config-service0 created
        deployment.apps/service0 created
        service/service0 created
        configmap/config-service1 created
        deployment.apps/service1 created
        service/service1 created
        configmap/config-service2 created
        deployment.apps/service2 created
        service/service2 created
        configmap/config-service3 created
        deployment.apps/service3 created
        service/service3 created
        [run.sh] Client pod not found, deploying client
        deployment.apps/ubuntu-client created
        [run.sh] Waiting for all pods to be running
        [run.sh] All pods are running
        [run.sh] Checking heartbeat for all services
        [run.sh] Running warmup test
        [run.sh] /wrk/wrk -t8 -c800 --timeout 3s -d3s -L http://service0:80/endpoint1
        Running 3s test @ http://service0:80/endpoint1
        8 threads and 800 connections
        Thread Stats   Avg      Stdev     Max   +/- Stdev
        Latency   731.88ms  393.70ms   2.54s    62.54%
        Req/Sec   141.70    138.81   600.00     85.56%
        Latency Distribution
        50%  654.62ms
        75%    1.05s
        90%    1.26s
        99%    1.91s
        2846 requests in 3.03s, 441.91KB read
        Requests/sec:    939.97
        Transfer/sec:    145.95KB
        [run.sh] Speed is 939.97, duration is 31
        [run.sh] Fix the request number.
        [run.sh] Running the actual test
        [run.sh] /wrk/wrk --timeout 20s -t8 -c800 -d31s -L -s /wrk/fix_req_n.lua http://service0:80/endpoint1
        Running 31s test @ http://service0:80/endpoint1
        8 threads and 800 connections
        Thread Stats   Avg      Stdev     Max   +/- Stdev
        Latency   611.43ms  272.57ms   2.04s    69.65%
        Req/Sec   166.27    118.24   666.00     74.15%
        Latency Distribution
        50%  583.86ms
        75%  760.36ms
        90%  962.80ms
        99%    1.43s
        20000 requests in 31.00s, 3.03MB read
        Requests/sec:    645.16
        Transfer/sec:    100.18KB
        ------------------------------
        stop time: 15.079780
        stop time: 15.633495
        stop time: 15.906868
        stop time: 15.839054
        stop time: 15.948711
        stop time: 16.027748
        stop time: 15.951254
        stop time: 15.959784
        [run.sh] Checking the resource usage
        NAME                             CPU(cores)   MEMORY(bytes)
        service0-646bf9594d-z4g7v        191m         80Mi
        service1-fdd9dcc8-khpzw          356m         16Mi
        service2-7bdbb95446-jf287        262m         14Mi
        service3-7449ffc594-r4bj5        155m         11Mi
        ubuntu-client-76886f6bbd-x5fgv   20m          12Mi
        [run.sh] Test finished with status 0
        > STDERR
        > No resources found in default namespace.
    [exp] Times: [15.07978, 15.633495, 15.906868, 15.839054, 15.948711, 16.027748, 15.951254, 15.959784]
    [exp] Throughput: 1266.3568387472012
[test.py] Finished running 7th optmization experiment: groundtruth->1478.6896743016864, slowdown->1266.3568387472012, predicted->1507.734290553628, err->1.9642130973598568
[test.py] Running 8th optmization experiment
[test.py] Running 8th groundtruth exp
    [exp] Running (pre_run: False) workload synthetic/fanout-w3-grpc-async request with the following configuration: {'CLIENT_CPU_QUOTA': '2', 'SLOWPOKE_POKER_BATCH_THRESHOLD': '20000000', 'PROCESSING_TIME_SERVICE0': '0.00091802', 'PROCESSING_TIME_SERVICE1': '0.00084359', 'PROCESSING_TIME_SERVICE2': '0.000664', 'PROCESSING_TIME_SERVICE3': '0.00027464', 'SLOWPOKE_DELAY_MICROS_SERVICE0': '0.0', 'SLOWPOKE_POKER_BATCH_THRESHOLD_SERVICE0': '100', 'SLOWPOKE_IS_TARGET_SERVICE_SERVICE0': 'false', 'SLOWPOKE_DELAY_MICROS_SERVICE1': '0.0', 'SLOWPOKE_POKER_BATCH_THRESHOLD_SERVICE1': '100', 'SLOWPOKE_IS_TARGET_SERVICE_SERVICE1': 'false', 'SLOWPOKE_DELAY_MICROS_SERVICE2': '0.0', 'SLOWPOKE_POKER_BATCH_THRESHOLD_SERVICE2': '100', 'SLOWPOKE_IS_TARGET_SERVICE_SERVICE2': 'true', 'SLOWPOKE_DELAY_MICROS_SERVICE3': '0.0', 'SLOWPOKE_POKER_BATCH_THRESHOLD_SERVICE3': '100', 'SLOWPOKE_IS_TARGET_SERVICE_SERVICE3': 'false'}
    [exp] Executing cmd `bash run.sh synthetic fanout-w3-grpc-async 8 800 20000`:
        [run.sh] Running benchmark synthetic with request fanout-w3-grpc-async, thread 8, conn 800, duration 60
        [run.sh] Deleting all services
        configmap "config-service0" deleted
        deployment.apps "service0" deleted
        service "service0" deleted
        configmap "config-service1" deleted
        deployment.apps "service1" deleted
        service "service1" deleted
        configmap "config-service2" deleted
        deployment.apps "service2" deleted
        service "service2" deleted
        configmap "config-service3" deleted
        deployment.apps "service3" deleted
        service "service3" deleted
        deployment.apps "ubuntu-client" deleted
        [run.sh] Waiting for all pods to be deleted
        [run.sh] Deploying all services
        configmap/config-service0 created
        deployment.apps/service0 created
        service/service0 created
        configmap/config-service1 created
        deployment.apps/service1 created
        service/service1 created
        configmap/config-service2 created
        deployment.apps/service2 created
        service/service2 created
        configmap/config-service3 created
        deployment.apps/service3 created
        service/service3 created
        [run.sh] Client pod not found, deploying client
        deployment.apps/ubuntu-client created
        [run.sh] Waiting for all pods to be running
        [run.sh] All pods are running
        [run.sh] Checking heartbeat for all services
        [run.sh] Running warmup test
        [run.sh] /wrk/wrk -t8 -c800 --timeout 3s -d3s -L http://service0:80/endpoint1
        Running 3s test @ http://service0:80/endpoint1
        8 threads and 800 connections
        Thread Stats   Avg      Stdev     Max   +/- Stdev
        Latency   551.02ms  211.90ms   1.25s    65.81%
        Req/Sec   189.88    109.20   500.00     68.69%
        Latency Distribution
        50%  529.76ms
        75%  682.64ms
        90%  849.31ms
        99%    1.05s
        3840 requests in 3.03s, 596.25KB read
        Requests/sec:   1268.04
        Transfer/sec:    196.89KB
        [run.sh] Speed is 1268.04, duration is 23
        [run.sh] Fix the request number.
        [run.sh] Running the actual test
        [run.sh] /wrk/wrk --timeout 20s -t8 -c800 -d23s -L -s /wrk/fix_req_n.lua http://service0:80/endpoint1
        Running 23s test @ http://service0:80/endpoint1
        8 threads and 800 connections
        Thread Stats   Avg      Stdev     Max   +/- Stdev
        Latency   521.64ms  253.71ms   2.06s    72.03%
        Req/Sec   195.43    133.20   680.00     66.50%
        Latency Distribution
        50%  478.63ms
        75%  644.11ms
        90%  851.21ms
        99%    1.33s
        20000 requests in 23.00s, 3.03MB read
        Requests/sec:    869.56
        Transfer/sec:    135.02KB
        ------------------------------
        stop time: 13.106303
        stop time: 13.393495
        stop time: 13.554107
        stop time: 13.480673
        stop time: 13.503805
        stop time: 13.346881
        stop time: 13.587340
        stop time: 13.550046
        [run.sh] Checking the resource usage
        NAME                             CPU(cores)   MEMORY(bytes)
        service0-6fb7cc7c7f-kz247        3m           80Mi
        service1-76b89695f7-l6mdk        105m         22Mi
        service2-7bdbb95446-nq87f        0m           14Mi
        service3-766854894f-hxwxt        195m         11Mi
        ubuntu-client-76886f6bbd-j46gj   23m          0Mi
        [run.sh] Test finished with status 0
        > STDERR
        > No resources found in default namespace.
    [exp] Times: [13.106303, 13.393495, 13.554107, 13.480673, 13.503805, 13.346881, 13.58734, 13.550046]
    [exp] Throughput: 1488.058562544729
[test.py] Running 8th slowdown exp
    [exp] Running (pre_run: False) workload synthetic/fanout-w3-grpc-async request with the following configuration: {'CLIENT_CPU_QUOTA': '2', 'SLOWPOKE_POKER_BATCH_THRESHOLD': '20000000', 'PROCESSING_TIME_SERVICE0': '0.00091802', 'PROCESSING_TIME_SERVICE1': '0.00084359', 'PROCESSING_TIME_SERVICE2': '0.00083384', 'PROCESSING_TIME_SERVICE3': '0.00027464', 'SLOWPOKE_DELAY_MICROS_SERVICE0': '84.5', 'SLOWPOKE_POKER_BATCH_THRESHOLD_SERVICE0': '100', 'SLOWPOKE_IS_TARGET_SERVICE_SERVICE0': 'false', 'SLOWPOKE_DELAY_MICROS_SERVICE1': '84.5', 'SLOWPOKE_POKER_BATCH_THRESHOLD_SERVICE1': '100', 'SLOWPOKE_IS_TARGET_SERVICE_SERVICE1': 'false', 'SLOWPOKE_DELAY_MICROS_SERVICE2': '0.0', 'SLOWPOKE_POKER_BATCH_THRESHOLD_SERVICE2': '100', 'SLOWPOKE_IS_TARGET_SERVICE_SERVICE2': 'true', 'SLOWPOKE_DELAY_MICROS_SERVICE3': '84.5', 'SLOWPOKE_POKER_BATCH_THRESHOLD_SERVICE3': '100', 'SLOWPOKE_IS_TARGET_SERVICE_SERVICE3': 'false'}
    [exp] Executing cmd `bash run.sh synthetic fanout-w3-grpc-async 8 800 20000`:
        [run.sh] Running benchmark synthetic with request fanout-w3-grpc-async, thread 8, conn 800, duration 60
        [run.sh] Deleting all services
        configmap "config-service0" deleted
        deployment.apps "service0" deleted
        service "service0" deleted
        configmap "config-service1" deleted
        deployment.apps "service1" deleted
        service "service1" deleted
        configmap "config-service2" deleted
        deployment.apps "service2" deleted
        service "service2" deleted
        configmap "config-service3" deleted
        deployment.apps "service3" deleted
        service "service3" deleted
        deployment.apps "ubuntu-client" deleted
        [run.sh] Waiting for all pods to be deleted
        [run.sh] Deploying all services
        configmap/config-service0 created
        deployment.apps/service0 created
        service/service0 created
        configmap/config-service1 created
        deployment.apps/service1 created
        service/service1 created
        configmap/config-service2 created
        deployment.apps/service2 created
        service/service2 created
        configmap/config-service3 created
        deployment.apps/service3 created
        service/service3 created
        [run.sh] Client pod not found, deploying client
        deployment.apps/ubuntu-client created
        [run.sh] Waiting for all pods to be running
        [run.sh] All pods are running
        [run.sh] Checking heartbeat for all services
        [run.sh] Running warmup test
        [run.sh] /wrk/wrk -t8 -c800 --timeout 3s -d3s -L http://service0:80/endpoint1
        Running 3s test @ http://service0:80/endpoint1
        8 threads and 800 connections
        Thread Stats   Avg      Stdev     Max   +/- Stdev
        Latency   601.73ms  308.42ms   1.47s    63.54%
        Req/Sec   178.13    100.67   500.00     65.41%
        Latency Distribution
        50%  611.28ms
        75%  777.65ms
        90%    1.01s
        99%    1.38s
        3522 requests in 3.02s, 546.87KB read
        Requests/sec:   1165.87
        Transfer/sec:    181.03KB
        [run.sh] Speed is 1165.87, duration is 25
        [run.sh] Fix the request number.
        [run.sh] Running the actual test
        [run.sh] /wrk/wrk --timeout 20s -t8 -c800 -d25s -L -s /wrk/fix_req_n.lua http://service0:80/endpoint1
        Running 25s test @ http://service0:80/endpoint1
        8 threads and 800 connections
        Thread Stats   Avg      Stdev     Max   +/- Stdev
        Latency   603.82ms  303.23ms   1.97s    69.76%
        Req/Sec   173.69    130.22   636.00     64.70%
        Latency Distribution
        50%  551.62ms
        75%  761.57ms
        90%    1.03s
        99%    1.47s
        20000 requests in 25.00s, 3.03MB read
        Requests/sec:    800.00
        Transfer/sec:    124.22KB
        ------------------------------
        stop time: 15.466334
        stop time: 15.486619
        stop time: 15.070987
        stop time: 15.544396
        stop time: 15.510276
        stop time: 15.538284
        stop time: 15.689209
        stop time: 15.664039
        [run.sh] Checking the resource usage
        NAME                             CPU(cores)   MEMORY(bytes)
        service0-65c69d6cd4-9d5r6        567m         38Mi
        service1-86786875db-kknpn        389m         14Mi
        service2-7bdbb95446-6t6fq        415m         17Mi
        service3-57b7c887c4-hmx4p        31m          9Mi
        ubuntu-client-76886f6bbd-npmcv   0m           0Mi
        [run.sh] Test finished with status 0
        > STDERR
        > No resources found in default namespace.
    [exp] Times: [15.466334, 15.486619, 15.070987, 15.544396, 15.510276, 15.538284, 15.689209, 15.664039]
    [exp] Throughput: 1290.6333318448028
[test.py] Finished running 8th optmization experiment: groundtruth->1488.058562544729, slowdown->1290.6333318448028, predicted->1449.4992994569886, err->-2.591246343275645
[test.py] Running 9th optmization experiment
[test.py] Running 9th groundtruth exp
    [exp] Running (pre_run: False) workload synthetic/fanout-w3-grpc-async request with the following configuration: {'CLIENT_CPU_QUOTA': '2', 'SLOWPOKE_POKER_BATCH_THRESHOLD': '20000000', 'PROCESSING_TIME_SERVICE0': '0.00091802', 'PROCESSING_TIME_SERVICE1': '0.00084359', 'PROCESSING_TIME_SERVICE2': '0.000747', 'PROCESSING_TIME_SERVICE3': '0.00027464', 'SLOWPOKE_DELAY_MICROS_SERVICE0': '0.0', 'SLOWPOKE_POKER_BATCH_THRESHOLD_SERVICE0': '100', 'SLOWPOKE_IS_TARGET_SERVICE_SERVICE0': 'false', 'SLOWPOKE_DELAY_MICROS_SERVICE1': '0.0', 'SLOWPOKE_POKER_BATCH_THRESHOLD_SERVICE1': '100', 'SLOWPOKE_IS_TARGET_SERVICE_SERVICE1': 'false', 'SLOWPOKE_DELAY_MICROS_SERVICE2': '0.0', 'SLOWPOKE_POKER_BATCH_THRESHOLD_SERVICE2': '100', 'SLOWPOKE_IS_TARGET_SERVICE_SERVICE2': 'true', 'SLOWPOKE_DELAY_MICROS_SERVICE3': '0.0', 'SLOWPOKE_POKER_BATCH_THRESHOLD_SERVICE3': '100', 'SLOWPOKE_IS_TARGET_SERVICE_SERVICE3': 'false'}
    [exp] Executing cmd `bash run.sh synthetic fanout-w3-grpc-async 8 800 20000`:
        [run.sh] Running benchmark synthetic with request fanout-w3-grpc-async, thread 8, conn 800, duration 60
        [run.sh] Deleting all services
        configmap "config-service0" deleted
        deployment.apps "service0" deleted
        service "service0" deleted
        configmap "config-service1" deleted
        deployment.apps "service1" deleted
        service "service1" deleted
        configmap "config-service2" deleted
        deployment.apps "service2" deleted
        service "service2" deleted
        configmap "config-service3" deleted
        deployment.apps "service3" deleted
        service "service3" deleted
        deployment.apps "ubuntu-client" deleted
        [run.sh] Waiting for all pods to be deleted
        [run.sh] Deploying all services
        configmap/config-service0 created
        deployment.apps/service0 created
        service/service0 created
        configmap/config-service1 created
        deployment.apps/service1 created
        service/service1 created
        configmap/config-service2 created
        deployment.apps/service2 created
        service/service2 created
        configmap/config-service3 created
        deployment.apps/service3 created
        service/service3 created
        [run.sh] Client pod not found, deploying client
        deployment.apps/ubuntu-client created
        [run.sh] Waiting for all pods to be running
        [run.sh] All pods are running
        [run.sh] Checking heartbeat for all services
        [run.sh] Running warmup test
        [run.sh] /wrk/wrk -t8 -c800 --timeout 3s -d3s -L http://service0:80/endpoint1
        Running 3s test @ http://service0:80/endpoint1
        8 threads and 800 connections
        Thread Stats   Avg      Stdev     Max   +/- Stdev
        Latency   563.85ms  244.77ms   1.27s    60.92%
        Req/Sec   203.12    148.00   494.00     53.63%
        Latency Distribution
        50%  548.79ms
        75%  758.43ms
        90%  880.92ms
        99%    1.07s
        3690 requests in 3.02s, 572.96KB read
        Requests/sec:   1220.01
        Transfer/sec:    189.43KB
        [run.sh] Speed is 1220.01, duration is 24
        [run.sh] Fix the request number.
        [run.sh] Running the actual test
        [run.sh] /wrk/wrk --timeout 20s -t8 -c800 -d24s -L -s /wrk/fix_req_n.lua http://service0:80/endpoint1
        Running 24s test @ http://service0:80/endpoint1
        8 threads and 800 connections
        Thread Stats   Avg      Stdev     Max   +/- Stdev
        Latency   535.25ms  288.38ms   2.28s    69.69%
        Req/Sec   192.37    136.80   720.00     66.80%
        Latency Distribution
        50%  482.24ms
        75%  708.89ms
        90%  926.77ms
        99%    1.42s
        20000 requests in 24.00s, 3.03MB read
        Requests/sec:    833.33
        Transfer/sec:    129.39KB
        ------------------------------
        stop time: 13.530200
        stop time: 13.534289
        stop time: 13.525661
        stop time: 13.522308
        stop time: 13.714851
        stop time: 13.690992
        stop time: 13.796305
        stop time: 13.807750
        [run.sh] Checking the resource usage
        NAME                             CPU(cores)   MEMORY(bytes)
        service0-6fb7cc7c7f-z79t4        673m         76Mi
        service1-76b89695f7-c7th5        861m         19Mi
        service2-7bdbb95446-gmfxm        649m         15Mi
        service3-766854894f-fgfsm        519m         12Mi
        ubuntu-client-76886f6bbd-qdpv9   48m          20Mi
        [run.sh] Test finished with status 0
        > STDERR
        > No resources found in default namespace.
    [exp] Times: [13.5302, 13.534289, 13.525661, 13.522308, 13.714851, 13.690992, 13.796305, 13.80775]
    [exp] Throughput: 1466.2440022830885
[test.py] Running 9th slowdown exp
    [exp] Running (pre_run: False) workload synthetic/fanout-w3-grpc-async request with the following configuration: {'CLIENT_CPU_QUOTA': '2', 'SLOWPOKE_POKER_BATCH_THRESHOLD': '20000000', 'PROCESSING_TIME_SERVICE0': '0.00091802', 'PROCESSING_TIME_SERVICE1': '0.00084359', 'PROCESSING_TIME_SERVICE2': '0.00083384', 'PROCESSING_TIME_SERVICE3': '0.00027464', 'SLOWPOKE_DELAY_MICROS_SERVICE0': '43.0', 'SLOWPOKE_POKER_BATCH_THRESHOLD_SERVICE0': '100', 'SLOWPOKE_IS_TARGET_SERVICE_SERVICE0': 'false', 'SLOWPOKE_DELAY_MICROS_SERVICE1': '43.0', 'SLOWPOKE_POKER_BATCH_THRESHOLD_SERVICE1': '100', 'SLOWPOKE_IS_TARGET_SERVICE_SERVICE1': 'false', 'SLOWPOKE_DELAY_MICROS_SERVICE2': '0.0', 'SLOWPOKE_POKER_BATCH_THRESHOLD_SERVICE2': '100', 'SLOWPOKE_IS_TARGET_SERVICE_SERVICE2': 'true', 'SLOWPOKE_DELAY_MICROS_SERVICE3': '43.0', 'SLOWPOKE_POKER_BATCH_THRESHOLD_SERVICE3': '100', 'SLOWPOKE_IS_TARGET_SERVICE_SERVICE3': 'false'}
    [exp] Executing cmd `bash run.sh synthetic fanout-w3-grpc-async 8 800 20000`:
        [run.sh] Running benchmark synthetic with request fanout-w3-grpc-async, thread 8, conn 800, duration 60
        [run.sh] Deleting all services
        configmap "config-service0" deleted
        deployment.apps "service0" deleted
        service "service0" deleted
        configmap "config-service1" deleted
        deployment.apps "service1" deleted
        service "service1" deleted
        configmap "config-service2" deleted
        deployment.apps "service2" deleted
        service "service2" deleted
        configmap "config-service3" deleted
        deployment.apps "service3" deleted
        service "service3" deleted
        deployment.apps "ubuntu-client" deleted
        [run.sh] Waiting for all pods to be deleted
        [run.sh] Deploying all services
        configmap/config-service0 created
        deployment.apps/service0 created
        service/service0 created
        configmap/config-service1 created
        deployment.apps/service1 created
        service/service1 created
        configmap/config-service2 created
        deployment.apps/service2 created
        service/service2 created
        configmap/config-service3 created
        deployment.apps/service3 created
        service/service3 created
        [run.sh] Client pod not found, deploying client
        deployment.apps/ubuntu-client created
        [run.sh] Waiting for all pods to be running
        [run.sh] All pods are running
        [run.sh] Checking heartbeat for all services
        [run.sh] Running warmup test
        [run.sh] /wrk/wrk -t8 -c800 --timeout 3s -d3s -L http://service0:80/endpoint1
        Running 3s test @ http://service0:80/endpoint1
        8 threads and 800 connections
        Thread Stats   Avg      Stdev     Max   +/- Stdev
        Latency   627.50ms  295.24ms   1.66s    63.04%
        Req/Sec   179.46    160.40   720.00     78.98%
        Latency Distribution
        50%  613.25ms
        75%  830.69ms
        90%    1.05s
        99%    1.22s
        3262 requests in 3.04s, 506.50KB read
        Requests/sec:   1073.42
        Transfer/sec:    166.67KB
        [run.sh] Speed is 1073.42, duration is 27
        [run.sh] Fix the request number.
        [run.sh] Running the actual test
        [run.sh] /wrk/wrk --timeout 20s -t8 -c800 -d27s -L -s /wrk/fix_req_n.lua http://service0:80/endpoint1
        Running 27s test @ http://service0:80/endpoint1
        8 threads and 800 connections
        Thread Stats   Avg      Stdev     Max   +/- Stdev
        Latency   565.10ms  260.94ms   1.66s    69.40%
        Req/Sec   183.16    136.07   640.00     66.48%
        Latency Distribution
        50%  522.39ms
        75%  707.74ms
        90%  914.40ms
        99%    1.34s
        20000 requests in 27.00s, 3.03MB read
        Requests/sec:    740.74
        Transfer/sec:    115.02KB
        ------------------------------
        stop time: 14.341948
        stop time: 14.326705
        stop time: 14.348858
        stop time: 14.458180
        stop time: 14.454738
        stop time: 14.540674
        stop time: 14.647324
        stop time: 14.614355
        [run.sh] Checking the resource usage
        NAME                        CPU(cores)   MEMORY(bytes)
        service0-c48fbcc78-6flvg    216m         84Mi
        service1-65cd8b9688-2hcrs   0m           19Mi
        service2-7bdbb95446-pl789   0m           15Mi
        [run.sh] Test finished with status 0
        > STDERR
        > No resources found in default namespace.
    [exp] Times: [14.341948, 14.326705, 14.348858, 14.45818, 14.454738, 14.540674, 14.647324, 14.614355]
    [exp] Throughput: 1382.4950652270677
[test.py] Finished running 9th optmization experiment: groundtruth->1466.2440022830885, slowdown->1382.4950652270677, predicted->1470.7831410967678, err->0.3095759509748315
[test.py] Baseline throughput:  1428.1609470620815
[test.py] Groundtruth:  [1496.7431337142607, 1510.4027146165909, 1502.7998240860095, 1499.0230913358234, 1467.7549959880291, 1500.8324648672472, 1456.1584545033118, 1478.6896743016864, 1488.058562544729, 1466.2440022830885]
[test.py] Slowdown:  [915.0542395826923, 952.0661188498055, 972.9524568241402, 1045.2215222243035, 1082.6017048987571, 1141.4620153687588, 1178.4197117682604, 1266.3568387472012, 1290.6333318448028, 1382.4950652270677]
[test.py] Predicted:  [1479.4838631909067, 1481.6412380760878, 1441.17252643813, 1505.3100092823063, 1486.3683440553286, 1500.038738500422, 1469.1318773024395, 1507.734290553628, 1449.4992994569886, 1470.7831410967678]
[test.py] Error percentage:  [-1.1531217437773718, -1.904225691742353, -4.100832104193296, 0.41940100741746333, 1.2681508915437083, -0.052885740774234066, 0.8909348264267671, 1.9642130973598568, -2.591246343275645, 0.3095759509748315]
[test.py] >>>>>>>>>>>>>>>>>>>>>>>>>>>>> Running experiment 4...
[test.py] Actual processing time range: [0, 83, 166, 249, 332, 415, 498, 581, 664, 747]
[test.py] Running baseline experiment
    [exp] Running (pre_run: False) workload synthetic/fanout-w3-grpc-async request with the following configuration: {'CLIENT_CPU_QUOTA': '2', 'SLOWPOKE_POKER_BATCH_THRESHOLD': '20000000', 'PROCESSING_TIME_SERVICE0': '0.00091802', 'PROCESSING_TIME_SERVICE1': '0.00084359', 'PROCESSING_TIME_SERVICE2': '0.00083384', 'PROCESSING_TIME_SERVICE3': '0.00027464', 'SLOWPOKE_DELAY_MICROS_SERVICE0': '0.0', 'SLOWPOKE_POKER_BATCH_THRESHOLD_SERVICE0': '100', 'SLOWPOKE_IS_TARGET_SERVICE_SERVICE0': 'false', 'SLOWPOKE_DELAY_MICROS_SERVICE1': '0.0', 'SLOWPOKE_POKER_BATCH_THRESHOLD_SERVICE1': '100', 'SLOWPOKE_IS_TARGET_SERVICE_SERVICE1': 'false', 'SLOWPOKE_DELAY_MICROS_SERVICE2': '0.0', 'SLOWPOKE_POKER_BATCH_THRESHOLD_SERVICE2': '100', 'SLOWPOKE_IS_TARGET_SERVICE_SERVICE2': 'true', 'SLOWPOKE_DELAY_MICROS_SERVICE3': '0.0', 'SLOWPOKE_POKER_BATCH_THRESHOLD_SERVICE3': '100', 'SLOWPOKE_IS_TARGET_SERVICE_SERVICE3': 'false'}
    [exp] Executing cmd `bash run.sh synthetic fanout-w3-grpc-async 8 800 20000`:
        [run.sh] Running benchmark synthetic with request fanout-w3-grpc-async, thread 8, conn 800, duration 60
        [run.sh] Deleting all services
        configmap "config-service0" deleted
        deployment.apps "service0" deleted
        service "service0" deleted
        configmap "config-service1" deleted
        deployment.apps "service1" deleted
        service "service1" deleted
        configmap "config-service2" deleted
        deployment.apps "service2" deleted
        service "service2" deleted
        configmap "config-service3" deleted
        deployment.apps "service3" deleted
        service "service3" deleted
        deployment.apps "ubuntu-client" deleted
        [run.sh] Waiting for all pods to be deleted
        [run.sh] Deploying all services
        configmap/config-service0 created
        deployment.apps/service0 created
        service/service0 created
        configmap/config-service1 created
        deployment.apps/service1 created
        service/service1 created
        configmap/config-service2 created
        deployment.apps/service2 created
        service/service2 created
        configmap/config-service3 created
        deployment.apps/service3 created
        service/service3 created
        [run.sh] Client pod not found, deploying client
        deployment.apps/ubuntu-client created
        [run.sh] Waiting for all pods to be running
        [run.sh] All pods are running
        [run.sh] Checking heartbeat for all services
        [run.sh] Running warmup test
        [run.sh] /wrk/wrk -t8 -c800 --timeout 3s -d3s -L http://service0:80/endpoint1
        Running 3s test @ http://service0:80/endpoint1
        8 threads and 800 connections
        Thread Stats   Avg      Stdev     Max   +/- Stdev
        Latency   574.52ms  238.79ms   1.25s    64.39%
        Req/Sec   183.99    143.06   640.00     69.12%
        Latency Distribution
        50%  557.97ms
        75%  736.24ms
        90%  896.64ms
        99%    1.11s
        3844 requests in 3.02s, 596.87KB read
        Requests/sec:   1272.56
        Transfer/sec:    197.60KB
        [run.sh] Speed is 1272.56, duration is 23
        [run.sh] Fix the request number.
        [run.sh] Running the actual test
        [run.sh] /wrk/wrk --timeout 20s -t8 -c800 -d23s -L -s /wrk/fix_req_n.lua http://service0:80/endpoint1
        Running 23s test @ http://service0:80/endpoint1
        8 threads and 800 connections
        Thread Stats   Avg      Stdev     Max   +/- Stdev
        Latency   527.06ms  255.56ms   1.88s    69.59%
        Req/Sec   196.64    142.76   720.00     67.42%
        Latency Distribution
        50%  504.78ms
        75%  668.83ms
        90%  869.13ms
        99%    1.26s
        20000 requests in 23.00s, 3.03MB read
        Requests/sec:    869.56
        Transfer/sec:    135.02KB
        ------------------------------
        stop time: 13.097414
        stop time: 12.983081
        stop time: 13.460997
        stop time: 13.450064
        stop time: 13.601159
        stop time: 13.653191
        stop time: 13.566316
        stop time: 13.564229
        [run.sh] Checking the resource usage
        NAME                             CPU(cores)   MEMORY(bytes)
        service0-6fb7cc7c7f-rzf8h        1154m        75Mi
        service1-76b89695f7-txt5m        1457m        19Mi
        service2-7bdbb95446-btrj8        1300m        14Mi
        service3-766854894f-vgn4x        611m         19Mi
        ubuntu-client-76886f6bbd-99z55   47m          20Mi
        [run.sh] Test finished with status 0
        > STDERR
        > No resources found in default namespace.
    [exp] Times: [13.097414, 12.983081, 13.460997, 13.450064, 13.601159, 13.653191, 13.566316, 13.564229]
    [exp] Throughput: 1490.0846369005064
[test.py] Baseline throughput: 1490.0846369005064
[test.py] Running 0th optmization experiment
[test.py] Running 0th groundtruth exp
    [exp] Running (pre_run: False) workload synthetic/fanout-w3-grpc-async request with the following configuration: {'CLIENT_CPU_QUOTA': '2', 'SLOWPOKE_POKER_BATCH_THRESHOLD': '20000000', 'PROCESSING_TIME_SERVICE0': '0.00091802', 'PROCESSING_TIME_SERVICE1': '0.00084359', 'PROCESSING_TIME_SERVICE2': '0.0', 'PROCESSING_TIME_SERVICE3': '0.00027464', 'SLOWPOKE_DELAY_MICROS_SERVICE0': '0.0', 'SLOWPOKE_POKER_BATCH_THRESHOLD_SERVICE0': '100', 'SLOWPOKE_IS_TARGET_SERVICE_SERVICE0': 'false', 'SLOWPOKE_DELAY_MICROS_SERVICE1': '0.0', 'SLOWPOKE_POKER_BATCH_THRESHOLD_SERVICE1': '100', 'SLOWPOKE_IS_TARGET_SERVICE_SERVICE1': 'false', 'SLOWPOKE_DELAY_MICROS_SERVICE2': '0.0', 'SLOWPOKE_POKER_BATCH_THRESHOLD_SERVICE2': '100', 'SLOWPOKE_IS_TARGET_SERVICE_SERVICE2': 'true', 'SLOWPOKE_DELAY_MICROS_SERVICE3': '0.0', 'SLOWPOKE_POKER_BATCH_THRESHOLD_SERVICE3': '100', 'SLOWPOKE_IS_TARGET_SERVICE_SERVICE3': 'false'}
    [exp] Executing cmd `bash run.sh synthetic fanout-w3-grpc-async 8 800 20000`:
        [run.sh] Running benchmark synthetic with request fanout-w3-grpc-async, thread 8, conn 800, duration 60
        [run.sh] Deleting all services
        configmap "config-service0" deleted
        deployment.apps "service0" deleted
        service "service0" deleted
        configmap "config-service1" deleted
        deployment.apps "service1" deleted
        service "service1" deleted
        configmap "config-service2" deleted
        deployment.apps "service2" deleted
        service "service2" deleted
        configmap "config-service3" deleted
        deployment.apps "service3" deleted
        service "service3" deleted
        deployment.apps "ubuntu-client" deleted
        [run.sh] Waiting for all pods to be deleted
        [run.sh] Deploying all services
        configmap/config-service0 created
        deployment.apps/service0 created
        service/service0 created
        configmap/config-service1 created
        deployment.apps/service1 created
        service/service1 created
        configmap/config-service2 created
        deployment.apps/service2 created
        service/service2 created
        configmap/config-service3 created
        deployment.apps/service3 created
        service/service3 created
        [run.sh] Client pod not found, deploying client
        deployment.apps/ubuntu-client created
        [run.sh] Waiting for all pods to be running
        [run.sh] All pods are running
        [run.sh] Checking heartbeat for all services
        [run.sh] Running warmup test
        [run.sh] /wrk/wrk -t8 -c800 --timeout 3s -d3s -L http://service0:80/endpoint1
        Running 3s test @ http://service0:80/endpoint1
        8 threads and 800 connections
        Thread Stats   Avg      Stdev     Max   +/- Stdev
        Latency   601.19ms  280.95ms   1.43s    57.67%
        Req/Sec   170.19    121.57   555.00     71.11%
        Latency Distribution
        50%  579.31ms
        75%  871.03ms
        90%  914.71ms
        99%    1.27s
        3392 requests in 3.04s, 526.69KB read
        Requests/sec:   1117.25
        Transfer/sec:    173.48KB
        [run.sh] Speed is 1117.25, duration is 26
        [run.sh] Fix the request number.
        [run.sh] Running the actual test
        [run.sh] /wrk/wrk --timeout 20s -t8 -c800 -d26s -L -s /wrk/fix_req_n.lua http://service0:80/endpoint1
        Running 26s test @ http://service0:80/endpoint1
        8 threads and 800 connections
        Thread Stats   Avg      Stdev     Max   +/- Stdev
        Latency   515.69ms  242.09ms   2.00s    74.15%
        Req/Sec   199.33    139.33   760.00     65.80%
        Latency Distribution
        50%  480.70ms
        75%  632.85ms
        90%  821.19ms
        99%    1.31s
        20000 requests in 26.00s, 3.03MB read
        Requests/sec:    769.23
        Transfer/sec:    119.44KB
        ------------------------------
        stop time: 12.642481
        stop time: 13.113262
        stop time: 12.810357
        stop time: 13.383035
        stop time: 13.169032
        stop time: 13.317137
        stop time: 13.365684
        stop time: 13.318984
        [run.sh] Checking the resource usage
        [run.sh] Test finished with status 0
        > STDERR
        > No resources found in default namespace.
        > error: metrics not available yet
    [exp] Times: [12.642481, 13.113262, 12.810357, 13.383035, 13.169032, 13.317137, 13.365684, 13.318984]
    [exp] Throughput: 1522.070420642806
[test.py] Running 0th slowdown exp
    [exp] Running (pre_run: False) workload synthetic/fanout-w3-grpc-async request with the following configuration: {'CLIENT_CPU_QUOTA': '2', 'SLOWPOKE_POKER_BATCH_THRESHOLD': '20000000', 'PROCESSING_TIME_SERVICE0': '0.00091802', 'PROCESSING_TIME_SERVICE1': '0.00084359', 'PROCESSING_TIME_SERVICE2': '0.00083384', 'PROCESSING_TIME_SERVICE3': '0.00027464', 'SLOWPOKE_DELAY_MICROS_SERVICE0': '416.5', 'SLOWPOKE_POKER_BATCH_THRESHOLD_SERVICE0': '100', 'SLOWPOKE_IS_TARGET_SERVICE_SERVICE0': 'false', 'SLOWPOKE_DELAY_MICROS_SERVICE1': '416.5', 'SLOWPOKE_POKER_BATCH_THRESHOLD_SERVICE1': '100', 'SLOWPOKE_IS_TARGET_SERVICE_SERVICE1': 'false', 'SLOWPOKE_DELAY_MICROS_SERVICE2': '0.0', 'SLOWPOKE_POKER_BATCH_THRESHOLD_SERVICE2': '100', 'SLOWPOKE_IS_TARGET_SERVICE_SERVICE2': 'true', 'SLOWPOKE_DELAY_MICROS_SERVICE3': '416.5', 'SLOWPOKE_POKER_BATCH_THRESHOLD_SERVICE3': '100', 'SLOWPOKE_IS_TARGET_SERVICE_SERVICE3': 'false'}
    [exp] Executing cmd `bash run.sh synthetic fanout-w3-grpc-async 8 800 20000`:
        [run.sh] Running benchmark synthetic with request fanout-w3-grpc-async, thread 8, conn 800, duration 60
        [run.sh] Deleting all services
        configmap "config-service0" deleted
        deployment.apps "service0" deleted
        service "service0" deleted
        configmap "config-service1" deleted
        deployment.apps "service1" deleted
        service "service1" deleted
        configmap "config-service2" deleted
        deployment.apps "service2" deleted
        service "service2" deleted
        configmap "config-service3" deleted
        deployment.apps "service3" deleted
        service "service3" deleted
        deployment.apps "ubuntu-client" deleted
        [run.sh] Waiting for all pods to be deleted
        [run.sh] Deploying all services
        configmap/config-service0 created
        deployment.apps/service0 created
        service/service0 created
        configmap/config-service1 created
        deployment.apps/service1 created
        service/service1 created
        configmap/config-service2 created
        deployment.apps/service2 created
        service/service2 created
        configmap/config-service3 created
        deployment.apps/service3 created
        service/service3 created
        [run.sh] Client pod not found, deploying client
        deployment.apps/ubuntu-client created
        [run.sh] Waiting for all pods to be running
        [run.sh] All pods are running
        [run.sh] Checking heartbeat for all services
        [run.sh] Running warmup test
        [run.sh] /wrk/wrk -t8 -c800 --timeout 3s -d3s -L http://service0:80/endpoint1
        Running 3s test @ http://service0:80/endpoint1
        8 threads and 800 connections
        Thread Stats   Avg      Stdev     Max   +/- Stdev
        Latency   908.27ms  292.35ms   1.77s    61.81%
        Req/Sec   135.58    135.88   560.00     87.22%
        Latency Distribution
        50%  899.38ms
        75%    1.02s
        90%    1.34s
        99%    1.65s
        2231 requests in 3.03s, 346.42KB read
        Requests/sec:    735.94
        Transfer/sec:    114.27KB
        [run.sh] Speed is 735.94, duration is 40
        [run.sh] Fix the request number.
        [run.sh] Running the actual test
        [run.sh] /wrk/wrk --timeout 20s -t8 -c800 -d40s -L -s /wrk/fix_req_n.lua http://service0:80/endpoint1
        [run.sh] Checking the resource usage
        NAME                             CPU(cores)   MEMORY(bytes)
        service0-64d856754c-f549k        40m          69Mi
        service1-7d6c7f95c-j5jv4         645m         16Mi
        service2-7bdbb95446-qpl6r        186m         14Mi
        service3-84b974d7d9-c8dlp        173m         11Mi
        ubuntu-client-76886f6bbd-rxl9t   11m          21Mi
        Running 40s test @ http://service0:80/endpoint1
        8 threads and 800 connections
        Thread Stats   Avg      Stdev     Max   +/- Stdev
        Latency   854.11ms  374.34ms   2.80s    72.00%
        Req/Sec   130.55    111.72   800.00     76.37%
        Latency Distribution
        50%  781.51ms
        75%    1.07s
        90%    1.38s
        99%    1.96s
        20000 requests in 40.00s, 3.03MB read
        Requests/sec:    500.00
        Transfer/sec:     77.64KB
        ------------------------------
        stop time: 21.500878
        stop time: 21.689656
        stop time: 21.697194
        stop time: 21.534087
        stop time: 21.804307
        stop time: 22.106677
        stop time: 21.986576
        stop time: 22.102512
        [run.sh] Test finished with status 0
        > STDERR
        > No resources found in default namespace.
    [exp] Times: [21.500878, 21.689656, 21.697194, 21.534087, 21.804307, 22.106677, 21.986576, 22.102512]
    [exp] Throughput: 917.3160705456651
[test.py] Finished running 0th optmization experiment: groundtruth->1522.070420642806, slowdown->917.3160705456651, predicted->1485.4056067581575, err->-2.408877630587166
[test.py] Running 1th optmization experiment
[test.py] Running 1th groundtruth exp
    [exp] Running (pre_run: False) workload synthetic/fanout-w3-grpc-async request with the following configuration: {'CLIENT_CPU_QUOTA': '2', 'SLOWPOKE_POKER_BATCH_THRESHOLD': '20000000', 'PROCESSING_TIME_SERVICE0': '0.00091802', 'PROCESSING_TIME_SERVICE1': '0.00084359', 'PROCESSING_TIME_SERVICE2': '8.3e-05', 'PROCESSING_TIME_SERVICE3': '0.00027464', 'SLOWPOKE_DELAY_MICROS_SERVICE0': '0.0', 'SLOWPOKE_POKER_BATCH_THRESHOLD_SERVICE0': '100', 'SLOWPOKE_IS_TARGET_SERVICE_SERVICE0': 'false', 'SLOWPOKE_DELAY_MICROS_SERVICE1': '0.0', 'SLOWPOKE_POKER_BATCH_THRESHOLD_SERVICE1': '100', 'SLOWPOKE_IS_TARGET_SERVICE_SERVICE1': 'false', 'SLOWPOKE_DELAY_MICROS_SERVICE2': '0.0', 'SLOWPOKE_POKER_BATCH_THRESHOLD_SERVICE2': '100', 'SLOWPOKE_IS_TARGET_SERVICE_SERVICE2': 'true', 'SLOWPOKE_DELAY_MICROS_SERVICE3': '0.0', 'SLOWPOKE_POKER_BATCH_THRESHOLD_SERVICE3': '100', 'SLOWPOKE_IS_TARGET_SERVICE_SERVICE3': 'false'}
    [exp] Executing cmd `bash run.sh synthetic fanout-w3-grpc-async 8 800 20000`:
        [run.sh] Running benchmark synthetic with request fanout-w3-grpc-async, thread 8, conn 800, duration 60
        [run.sh] Deleting all services
        configmap "config-service0" deleted
        deployment.apps "service0" deleted
        service "service0" deleted
        configmap "config-service1" deleted
        deployment.apps "service1" deleted
        service "service1" deleted
        configmap "config-service2" deleted
        deployment.apps "service2" deleted
        service "service2" deleted
        configmap "config-service3" deleted
        deployment.apps "service3" deleted
        service "service3" deleted
        deployment.apps "ubuntu-client" deleted
        [run.sh] Waiting for all pods to be deleted
        [run.sh] Deploying all services
        configmap/config-service0 created
        deployment.apps/service0 created
        service/service0 created
        configmap/config-service1 created
        deployment.apps/service1 created
        service/service1 created
        configmap/config-service2 created
        deployment.apps/service2 created
        service/service2 created
        configmap/config-service3 created
        deployment.apps/service3 created
        service/service3 created
        [run.sh] Client pod not found, deploying client
        deployment.apps/ubuntu-client created
        [run.sh] Waiting for all pods to be running
        [run.sh] All pods are running
        [run.sh] Checking heartbeat for all services
        [run.sh] Running warmup test
        [run.sh] /wrk/wrk -t8 -c800 --timeout 3s -d3s -L http://service0:80/endpoint1
        Running 3s test @ http://service0:80/endpoint1
        8 threads and 800 connections
        Thread Stats   Avg      Stdev     Max   +/- Stdev
        Latency   544.10ms  253.87ms   1.56s    66.30%
        Req/Sec   194.50    135.99   565.00     63.59%
        Latency Distribution
        50%  507.69ms
        75%  687.90ms
        90%  898.08ms
        99%    1.19s
        4094 requests in 3.03s, 635.69KB read
        Requests/sec:   1353.26
        Transfer/sec:    210.13KB
        [run.sh] Speed is 1353.26, duration is 22
        [run.sh] Fix the request number.
        [run.sh] Running the actual test
        [run.sh] /wrk/wrk --timeout 20s -t8 -c800 -d22s -L -s /wrk/fix_req_n.lua http://service0:80/endpoint1
        Running 22s test @ http://service0:80/endpoint1
        8 threads and 800 connections
        Thread Stats   Avg      Stdev     Max   +/- Stdev
        Latency   522.37ms  259.62ms   2.12s    69.78%
        Req/Sec   194.68    139.25   700.00     67.89%
        Latency Distribution
        50%  482.69ms
        75%  658.93ms
        90%  895.62ms
        99%    1.27s
        20001 requests in 22.00s, 3.03MB read
        Requests/sec:    909.13
        Transfer/sec:    141.16KB
        ------------------------------
        stop time: 13.605379
        stop time: 13.247180
        stop time: 13.285131
        stop time: 13.631925
        stop time: 13.559809
        stop time: 13.660099
        stop time: 13.659562
        stop time: 13.537086
        [run.sh] Checking the resource usage
        NAME                             CPU(cores)   MEMORY(bytes)
        service0-6fb7cc7c7f-vxpx4        185m         80Mi
        service1-76b89695f7-rg75s        0m           26Mi
        service2-7bdbb95446-mjjzt        76m          10Mi
        service3-766854894f-zscj7        0m           12Mi
        ubuntu-client-76886f6bbd-c7bdq   3m           0Mi
        [run.sh] Test finished with status 0
        > STDERR
        > No resources found in default namespace.
    [exp] Times: [13.605379, 13.24718, 13.285131, 13.631925, 13.559809, 13.660099, 13.659562, 13.537086]
    [exp] Throughput: 1478.932090128229
[test.py] Running 1th slowdown exp
    [exp] Running (pre_run: False) workload synthetic/fanout-w3-grpc-async request with the following configuration: {'CLIENT_CPU_QUOTA': '2', 'SLOWPOKE_POKER_BATCH_THRESHOLD': '20000000', 'PROCESSING_TIME_SERVICE0': '0.00091802', 'PROCESSING_TIME_SERVICE1': '0.00084359', 'PROCESSING_TIME_SERVICE2': '0.00083384', 'PROCESSING_TIME_SERVICE3': '0.00027464', 'SLOWPOKE_DELAY_MICROS_SERVICE0': '375.0', 'SLOWPOKE_POKER_BATCH_THRESHOLD_SERVICE0': '100', 'SLOWPOKE_IS_TARGET_SERVICE_SERVICE0': 'false', 'SLOWPOKE_DELAY_MICROS_SERVICE1': '375.0', 'SLOWPOKE_POKER_BATCH_THRESHOLD_SERVICE1': '100', 'SLOWPOKE_IS_TARGET_SERVICE_SERVICE1': 'false', 'SLOWPOKE_DELAY_MICROS_SERVICE2': '0.0', 'SLOWPOKE_POKER_BATCH_THRESHOLD_SERVICE2': '100', 'SLOWPOKE_IS_TARGET_SERVICE_SERVICE2': 'true', 'SLOWPOKE_DELAY_MICROS_SERVICE3': '375.0', 'SLOWPOKE_POKER_BATCH_THRESHOLD_SERVICE3': '100', 'SLOWPOKE_IS_TARGET_SERVICE_SERVICE3': 'false'}
    [exp] Executing cmd `bash run.sh synthetic fanout-w3-grpc-async 8 800 20000`:
        [run.sh] Running benchmark synthetic with request fanout-w3-grpc-async, thread 8, conn 800, duration 60
        [run.sh] Deleting all services
        configmap "config-service0" deleted
        deployment.apps "service0" deleted
        service "service0" deleted
        configmap "config-service1" deleted
        deployment.apps "service1" deleted
        service "service1" deleted
        configmap "config-service2" deleted
        deployment.apps "service2" deleted
        service "service2" deleted
        configmap "config-service3" deleted
        deployment.apps "service3" deleted
        service "service3" deleted
        deployment.apps "ubuntu-client" deleted
        [run.sh] Waiting for all pods to be deleted
        [run.sh] Deploying all services
        configmap/config-service0 created
        deployment.apps/service0 created
        service/service0 created
        configmap/config-service1 created
        deployment.apps/service1 created
        service/service1 created
        configmap/config-service2 created
        deployment.apps/service2 created
        service/service2 created
        configmap/config-service3 created
        deployment.apps/service3 created
        service/service3 created
        [run.sh] Client pod not found, deploying client
        deployment.apps/ubuntu-client created
        [run.sh] Waiting for all pods to be running
        [run.sh] All pods are running
        [run.sh] Checking heartbeat for all services
        [run.sh] Running warmup test
        [run.sh] /wrk/wrk -t8 -c800 --timeout 3s -d3s -L http://service0:80/endpoint1
        Running 3s test @ http://service0:80/endpoint1
        8 threads and 800 connections
        Thread Stats   Avg      Stdev     Max   +/- Stdev
        Latency   773.23ms  416.13ms   2.34s    64.28%
        Req/Sec   118.04     99.41   440.00     72.28%
        Latency Distribution
        50%  713.66ms
        75%    1.04s
        90%    1.41s
        99%    1.84s
        2443 requests in 3.03s, 379.33KB read
        Requests/sec:    806.30
        Transfer/sec:    125.20KB
        [run.sh] Speed is 806.30, duration is 37
        [run.sh] Fix the request number.
        [run.sh] Running the actual test
        [run.sh] /wrk/wrk --timeout 20s -t8 -c800 -d37s -L -s /wrk/fix_req_n.lua http://service0:80/endpoint1
        [run.sh] Checking the resource usage
        NAME                             CPU(cores)   MEMORY(bytes)
        service0-65b8c6f4cd-kzz4n        430m         65Mi
        service1-54c6dcdcdd-x4dsh        252m         14Mi
        service2-7bdbb95446-twcsl        191m         11Mi
        service3-5f6f57c864-qnqhr        135m         11Mi
        ubuntu-client-76886f6bbd-mbssg   19m          0Mi
        Running 37s test @ http://service0:80/endpoint1
        8 threads and 800 connections
        Thread Stats   Avg      Stdev     Max   +/- Stdev
        Latency   823.34ms  389.44ms   2.80s    72.07%
        Req/Sec   135.21    111.68   640.00     71.34%
        Latency Distribution
        50%  783.38ms
        75%    1.03s
        90%    1.32s
        99%    1.95s
        20000 requests in 37.00s, 3.03MB read
        Requests/sec:    540.54
        Transfer/sec:     83.93KB
        ------------------------------
        stop time: 21.149676
        stop time: 21.157200
        stop time: 21.090927
        stop time: 21.087586
        stop time: 21.392847
        stop time: 21.414917
        stop time: 21.383045
        stop time: 21.478651
        [run.sh] Test finished with status 0
        > STDERR
        > No resources found in default namespace.
    [exp] Times: [21.149676, 21.1572, 21.090927, 21.087586, 21.392847, 21.414917, 21.383045, 21.478651]
    [exp] Throughput: 940.3199552661587
[test.py] Finished running 1th optmization experiment: groundtruth->1478.932090128229, slowdown->940.3199552661587, predicted->1453.3873822666517, err->-1.7272400830360295
[test.py] Running 2th optmization experiment
[test.py] Running 2th groundtruth exp
    [exp] Running (pre_run: False) workload synthetic/fanout-w3-grpc-async request with the following configuration: {'CLIENT_CPU_QUOTA': '2', 'SLOWPOKE_POKER_BATCH_THRESHOLD': '20000000', 'PROCESSING_TIME_SERVICE0': '0.00091802', 'PROCESSING_TIME_SERVICE1': '0.00084359', 'PROCESSING_TIME_SERVICE2': '0.000166', 'PROCESSING_TIME_SERVICE3': '0.00027464', 'SLOWPOKE_DELAY_MICROS_SERVICE0': '0.0', 'SLOWPOKE_POKER_BATCH_THRESHOLD_SERVICE0': '100', 'SLOWPOKE_IS_TARGET_SERVICE_SERVICE0': 'false', 'SLOWPOKE_DELAY_MICROS_SERVICE1': '0.0', 'SLOWPOKE_POKER_BATCH_THRESHOLD_SERVICE1': '100', 'SLOWPOKE_IS_TARGET_SERVICE_SERVICE1': 'false', 'SLOWPOKE_DELAY_MICROS_SERVICE2': '0.0', 'SLOWPOKE_POKER_BATCH_THRESHOLD_SERVICE2': '100', 'SLOWPOKE_IS_TARGET_SERVICE_SERVICE2': 'true', 'SLOWPOKE_DELAY_MICROS_SERVICE3': '0.0', 'SLOWPOKE_POKER_BATCH_THRESHOLD_SERVICE3': '100', 'SLOWPOKE_IS_TARGET_SERVICE_SERVICE3': 'false'}
    [exp] Executing cmd `bash run.sh synthetic fanout-w3-grpc-async 8 800 20000`:
        [run.sh] Running benchmark synthetic with request fanout-w3-grpc-async, thread 8, conn 800, duration 60
        [run.sh] Deleting all services
        configmap "config-service0" deleted
        deployment.apps "service0" deleted
        service "service0" deleted
        configmap "config-service1" deleted
        deployment.apps "service1" deleted
        service "service1" deleted
        configmap "config-service2" deleted
        deployment.apps "service2" deleted
        service "service2" deleted
        configmap "config-service3" deleted
        deployment.apps "service3" deleted
        service "service3" deleted
        deployment.apps "ubuntu-client" deleted
        [run.sh] Waiting for all pods to be deleted
        [run.sh] Deploying all services
        configmap/config-service0 created
        deployment.apps/service0 created
        service/service0 created
        configmap/config-service1 created
        deployment.apps/service1 created
        service/service1 created
        configmap/config-service2 created
        deployment.apps/service2 created
        service/service2 created
        configmap/config-service3 created
        deployment.apps/service3 created
        service/service3 created
        [run.sh] Client pod not found, deploying client
        deployment.apps/ubuntu-client created
        [run.sh] Waiting for all pods to be running
        [run.sh] All pods are running
        [run.sh] Checking heartbeat for all services
        [run.sh] Running warmup test
        [run.sh] /wrk/wrk -t8 -c800 --timeout 3s -d3s -L http://service0:80/endpoint1
        Running 3s test @ http://service0:80/endpoint1
        8 threads and 800 connections
        Thread Stats   Avg      Stdev     Max   +/- Stdev
        Latency   555.69ms  280.79ms   1.70s    69.52%
        Req/Sec   203.39    123.76   494.00     63.92%
        Latency Distribution
        50%  559.09ms
        75%  716.37ms
        90%  862.86ms
        99%    1.35s
        4072 requests in 3.02s, 632.27KB read
        Requests/sec:   1346.64
        Transfer/sec:    209.10KB
        [run.sh] Speed is 1346.64, duration is 22
        [run.sh] Fix the request number.
        [run.sh] Running the actual test
        [run.sh] /wrk/wrk --timeout 20s -t8 -c800 -d22s -L -s /wrk/fix_req_n.lua http://service0:80/endpoint1
        Running 22s test @ http://service0:80/endpoint1
        8 threads and 800 connections
        Thread Stats   Avg      Stdev     Max   +/- Stdev
        Latency   539.51ms  263.91ms   1.73s    72.93%
        Req/Sec   191.98    138.15   737.00     67.01%
        Latency Distribution
        50%  494.97ms
        75%  679.06ms
        90%  891.46ms
        99%    1.37s
        20000 requests in 22.00s, 3.03MB read
        Requests/sec:    909.09
        Transfer/sec:    141.16KB
        ------------------------------
        stop time: 13.550553
        stop time: 13.476272
        stop time: 13.783049
        stop time: 13.855282
        stop time: 13.892709
        stop time: 13.831724
        stop time: 13.816434
        stop time: 13.826224
        [run.sh] Checking the resource usage
        NAME                             CPU(cores)   MEMORY(bytes)
        service0-6fb7cc7c7f-nzpf6        1497m        83Mi
        service1-76b89695f7-5mldx        1395m        21Mi
        service2-7bdbb95446-8mz8r        400m         11Mi
        service3-766854894f-vlh8n        207m         13Mi
        ubuntu-client-76886f6bbd-67hs8   33m          0Mi
        [run.sh] Test finished with status 0
        > STDERR
        > No resources found in default namespace.
    [exp] Times: [13.550553, 13.476272, 13.783049, 13.855282, 13.892709, 13.831724, 13.816434, 13.826224]
    [exp] Throughput: 1454.1191729002862
[test.py] Running 2th slowdown exp
    [exp] Running (pre_run: False) workload synthetic/fanout-w3-grpc-async request with the following configuration: {'CLIENT_CPU_QUOTA': '2', 'SLOWPOKE_POKER_BATCH_THRESHOLD': '20000000', 'PROCESSING_TIME_SERVICE0': '0.00091802', 'PROCESSING_TIME_SERVICE1': '0.00084359', 'PROCESSING_TIME_SERVICE2': '0.00083384', 'PROCESSING_TIME_SERVICE3': '0.00027464', 'SLOWPOKE_DELAY_MICROS_SERVICE0': '333.5', 'SLOWPOKE_POKER_BATCH_THRESHOLD_SERVICE0': '100', 'SLOWPOKE_IS_TARGET_SERVICE_SERVICE0': 'false', 'SLOWPOKE_DELAY_MICROS_SERVICE1': '333.5', 'SLOWPOKE_POKER_BATCH_THRESHOLD_SERVICE1': '100', 'SLOWPOKE_IS_TARGET_SERVICE_SERVICE1': 'false', 'SLOWPOKE_DELAY_MICROS_SERVICE2': '0.0', 'SLOWPOKE_POKER_BATCH_THRESHOLD_SERVICE2': '100', 'SLOWPOKE_IS_TARGET_SERVICE_SERVICE2': 'true', 'SLOWPOKE_DELAY_MICROS_SERVICE3': '333.5', 'SLOWPOKE_POKER_BATCH_THRESHOLD_SERVICE3': '100', 'SLOWPOKE_IS_TARGET_SERVICE_SERVICE3': 'false'}
    [exp] Executing cmd `bash run.sh synthetic fanout-w3-grpc-async 8 800 20000`:
        [run.sh] Running benchmark synthetic with request fanout-w3-grpc-async, thread 8, conn 800, duration 60
        [run.sh] Deleting all services
        configmap "config-service0" deleted
        deployment.apps "service0" deleted
        service "service0" deleted
        configmap "config-service1" deleted
        deployment.apps "service1" deleted
        service "service1" deleted
        configmap "config-service2" deleted
        deployment.apps "service2" deleted
        service "service2" deleted
        configmap "config-service3" deleted
        deployment.apps "service3" deleted
        service "service3" deleted
        deployment.apps "ubuntu-client" deleted
        [run.sh] Waiting for all pods to be deleted
        [run.sh] Deploying all services
        configmap/config-service0 created
        deployment.apps/service0 created
        service/service0 created
        configmap/config-service1 created
        deployment.apps/service1 created
        service/service1 created
        configmap/config-service2 created
        deployment.apps/service2 created
        service/service2 created
        configmap/config-service3 created
        deployment.apps/service3 created
        service/service3 created
        [run.sh] Client pod not found, deploying client
        deployment.apps/ubuntu-client created
        [run.sh] Waiting for all pods to be running
        [run.sh] All pods are running
        [run.sh] Checking heartbeat for all services
        [run.sh] Running warmup test
        [run.sh] /wrk/wrk -t8 -c800 --timeout 3s -d3s -L http://service0:80/endpoint1
        Running 3s test @ http://service0:80/endpoint1
        8 threads and 800 connections
        Thread Stats   Avg      Stdev     Max   +/- Stdev
        Latency   841.79ms  478.44ms   2.71s    67.21%
        Req/Sec   108.36     86.20   434.00     70.59%
        Latency Distribution
        50%  703.81ms
        75%    1.06s
        90%    1.58s
        99%    2.29s
        2147 requests in 3.03s, 333.37KB read
        Requests/sec:    709.56
        Transfer/sec:    110.18KB
        [run.sh] Speed is 709.56, duration is 42
        [run.sh] Fix the request number.
        [run.sh] Running the actual test
        [run.sh] /wrk/wrk --timeout 20s -t8 -c800 -d42s -L -s /wrk/fix_req_n.lua http://service0:80/endpoint1
        [run.sh] Checking the resource usage
        NAME                        CPU(cores)   MEMORY(bytes)
        service3-56dd775cfc-jndsg   69m          12Mi
        Running 42s test @ http://service0:80/endpoint1
        8 threads and 800 connections
        Thread Stats   Avg      Stdev     Max   +/- Stdev
        Latency   809.94ms  357.35ms   2.49s    68.29%
        Req/Sec   130.08    117.51   670.00     77.56%
        Latency Distribution
        50%  775.34ms
        75%    1.00s
        90%    1.32s
        99%    1.78s
        20000 requests in 42.00s, 3.03MB read
        Requests/sec:    476.19
        Transfer/sec:     73.94KB
        ------------------------------
        stop time: 20.350031
        stop time: 20.533252
        stop time: 20.308015
        stop time: 20.750013
        stop time: 20.912915
        stop time: 20.910775
        stop time: 20.936655
        stop time: 20.974549
        [run.sh] Test finished with status 0
        > STDERR
        > No resources found in default namespace.
    [exp] Times: [20.350031, 20.533252, 20.308015, 20.750013, 20.912915, 20.910775, 20.936655, 20.974549]
    [exp] Throughput: 965.7391657419967
[test.py] Finished running 2th optmization experiment: groundtruth->1454.1191729002862, slowdown->965.7391657419967, predicted->1425.4023899810966, err->-1.9748575945060356
[test.py] Running 3th optmization experiment
[test.py] Running 3th groundtruth exp
    [exp] Running (pre_run: False) workload synthetic/fanout-w3-grpc-async request with the following configuration: {'CLIENT_CPU_QUOTA': '2', 'SLOWPOKE_POKER_BATCH_THRESHOLD': '20000000', 'PROCESSING_TIME_SERVICE0': '0.00091802', 'PROCESSING_TIME_SERVICE1': '0.00084359', 'PROCESSING_TIME_SERVICE2': '0.000249', 'PROCESSING_TIME_SERVICE3': '0.00027464', 'SLOWPOKE_DELAY_MICROS_SERVICE0': '0.0', 'SLOWPOKE_POKER_BATCH_THRESHOLD_SERVICE0': '100', 'SLOWPOKE_IS_TARGET_SERVICE_SERVICE0': 'false', 'SLOWPOKE_DELAY_MICROS_SERVICE1': '0.0', 'SLOWPOKE_POKER_BATCH_THRESHOLD_SERVICE1': '100', 'SLOWPOKE_IS_TARGET_SERVICE_SERVICE1': 'false', 'SLOWPOKE_DELAY_MICROS_SERVICE2': '0.0', 'SLOWPOKE_POKER_BATCH_THRESHOLD_SERVICE2': '100', 'SLOWPOKE_IS_TARGET_SERVICE_SERVICE2': 'true', 'SLOWPOKE_DELAY_MICROS_SERVICE3': '0.0', 'SLOWPOKE_POKER_BATCH_THRESHOLD_SERVICE3': '100', 'SLOWPOKE_IS_TARGET_SERVICE_SERVICE3': 'false'}
    [exp] Executing cmd `bash run.sh synthetic fanout-w3-grpc-async 8 800 20000`:
        [run.sh] Running benchmark synthetic with request fanout-w3-grpc-async, thread 8, conn 800, duration 60
        [run.sh] Deleting all services
        configmap "config-service0" deleted
        deployment.apps "service0" deleted
        service "service0" deleted
        configmap "config-service1" deleted
        deployment.apps "service1" deleted
        service "service1" deleted
        configmap "config-service2" deleted
        deployment.apps "service2" deleted
        service "service2" deleted
        configmap "config-service3" deleted
        deployment.apps "service3" deleted
        service "service3" deleted
        deployment.apps "ubuntu-client" deleted
        [run.sh] Waiting for all pods to be deleted
        [run.sh] Deploying all services
        configmap/config-service0 created
        deployment.apps/service0 created
        service/service0 created
        configmap/config-service1 created
        deployment.apps/service1 created
        service/service1 created
        configmap/config-service2 created
        deployment.apps/service2 created
        service/service2 created
        configmap/config-service3 created
        deployment.apps/service3 created
        service/service3 created
        [run.sh] Client pod not found, deploying client
        deployment.apps/ubuntu-client created
        [run.sh] Waiting for all pods to be running
        [run.sh] All pods are running
        [run.sh] Checking heartbeat for all services
        [run.sh] Running warmup test
        [run.sh] /wrk/wrk -t8 -c800 --timeout 3s -d3s -L http://service0:80/endpoint1
        Running 3s test @ http://service0:80/endpoint1
        8 threads and 800 connections
        Thread Stats   Avg      Stdev     Max   +/- Stdev
        Latency   525.62ms  189.13ms   1.19s    64.27%
        Req/Sec   209.38    160.13   686.00     72.07%
        Latency Distribution
        50%  523.51ms
        75%  661.11ms
        90%  764.67ms
        99%  992.69ms
        4097 requests in 3.03s, 636.16KB read
        Requests/sec:   1353.88
        Transfer/sec:    210.22KB
        [run.sh] Speed is 1353.88, duration is 22
        [run.sh] Fix the request number.
        [run.sh] Running the actual test
        [run.sh] /wrk/wrk --timeout 20s -t8 -c800 -d22s -L -s /wrk/fix_req_n.lua http://service0:80/endpoint1
        Running 22s test @ http://service0:80/endpoint1
        8 threads and 800 connections
        Thread Stats   Avg      Stdev     Max   +/- Stdev
        Latency   525.31ms  252.41ms   2.29s    73.36%
        Req/Sec   194.09    134.59   808.00     67.48%
        Latency Distribution
        50%  484.10ms
        75%  650.74ms
        90%  853.29ms
        99%    1.36s
        20000 requests in 22.00s, 3.03MB read
        Requests/sec:    909.09
        Transfer/sec:    141.16KB
        ------------------------------
        stop time: 13.431584
        stop time: 13.129121
        stop time: 13.443809
        stop time: 13.572543
        stop time: 13.578413
        stop time: 13.545728
        stop time: 13.553101
        stop time: 13.620116
        [run.sh] Checking the resource usage
        NAME                             CPU(cores)   MEMORY(bytes)
        service0-6fb7cc7c7f-vjcxb        614m         84Mi
        service1-76b89695f7-bmrsd        50m          20Mi
        service2-7bdbb95446-klnlt        101m         11Mi
        service3-766854894f-qcppf        491m         12Mi
        ubuntu-client-76886f6bbd-hvgbk   26m          20Mi
        [run.sh] Test finished with status 0
        > STDERR
        > No resources found in default namespace.
    [exp] Times: [13.431584, 13.129121, 13.443809, 13.572543, 13.578413, 13.545728, 13.553101, 13.620116]
    [exp] Throughput: 1483.206189345268
[test.py] Running 3th slowdown exp
    [exp] Running (pre_run: False) workload synthetic/fanout-w3-grpc-async request with the following configuration: {'CLIENT_CPU_QUOTA': '2', 'SLOWPOKE_POKER_BATCH_THRESHOLD': '20000000', 'PROCESSING_TIME_SERVICE0': '0.00091802', 'PROCESSING_TIME_SERVICE1': '0.00084359', 'PROCESSING_TIME_SERVICE2': '0.00083384', 'PROCESSING_TIME_SERVICE3': '0.00027464', 'SLOWPOKE_DELAY_MICROS_SERVICE0': '292.0', 'SLOWPOKE_POKER_BATCH_THRESHOLD_SERVICE0': '100', 'SLOWPOKE_IS_TARGET_SERVICE_SERVICE0': 'false', 'SLOWPOKE_DELAY_MICROS_SERVICE1': '292.0', 'SLOWPOKE_POKER_BATCH_THRESHOLD_SERVICE1': '100', 'SLOWPOKE_IS_TARGET_SERVICE_SERVICE1': 'false', 'SLOWPOKE_DELAY_MICROS_SERVICE2': '0.0', 'SLOWPOKE_POKER_BATCH_THRESHOLD_SERVICE2': '100', 'SLOWPOKE_IS_TARGET_SERVICE_SERVICE2': 'true', 'SLOWPOKE_DELAY_MICROS_SERVICE3': '292.0', 'SLOWPOKE_POKER_BATCH_THRESHOLD_SERVICE3': '100', 'SLOWPOKE_IS_TARGET_SERVICE_SERVICE3': 'false'}
    [exp] Executing cmd `bash run.sh synthetic fanout-w3-grpc-async 8 800 20000`:
        [run.sh] Running benchmark synthetic with request fanout-w3-grpc-async, thread 8, conn 800, duration 60
        [run.sh] Deleting all services
        configmap "config-service0" deleted
        deployment.apps "service0" deleted
        service "service0" deleted
        configmap "config-service1" deleted
        deployment.apps "service1" deleted
        service "service1" deleted
        configmap "config-service2" deleted
        deployment.apps "service2" deleted
        service "service2" deleted
        configmap "config-service3" deleted
        deployment.apps "service3" deleted
        service "service3" deleted
        deployment.apps "ubuntu-client" deleted
        [run.sh] Waiting for all pods to be deleted
        [run.sh] Deploying all services
        configmap/config-service0 created
        deployment.apps/service0 created
        service/service0 created
        configmap/config-service1 created
        deployment.apps/service1 created
        service/service1 created
        configmap/config-service2 created
        deployment.apps/service2 created
        service/service2 created
        configmap/config-service3 created
        deployment.apps/service3 created
        service/service3 created
        [run.sh] Client pod not found, deploying client
        deployment.apps/ubuntu-client created
        [run.sh] Waiting for all pods to be running
        [run.sh] All pods are running
        [run.sh] Checking heartbeat for all services
        [run.sh] Running warmup test
        [run.sh] /wrk/wrk -t8 -c800 --timeout 3s -d3s -L http://service0:80/endpoint1
        Running 3s test @ http://service0:80/endpoint1
        8 threads and 800 connections
        Thread Stats   Avg      Stdev     Max   +/- Stdev
        Latency   876.78ms  332.88ms   2.22s    70.65%
        Req/Sec   125.20    136.24   606.00     85.28%
        Latency Distribution
        50%  869.16ms
        75%    1.10s
        90%    1.25s
        99%    2.05s
        2191 requests in 3.02s, 340.20KB read
        Requests/sec:    724.45
        Transfer/sec:    112.49KB
        [run.sh] Speed is 724.45, duration is 41
        [run.sh] Fix the request number.
        [run.sh] Running the actual test
        [run.sh] /wrk/wrk --timeout 20s -t8 -c800 -d41s -L -s /wrk/fix_req_n.lua http://service0:80/endpoint1
        [run.sh] Checking the resource usage
        Running 41s test @ http://service0:80/endpoint1
        8 threads and 800 connections
        Thread Stats   Avg      Stdev     Max   +/- Stdev
        Latency   741.74ms  352.62ms   2.53s    70.07%
        Req/Sec   147.63    115.46   630.00     66.77%
        Latency Distribution
        50%  691.80ms
        75%  936.25ms
        90%    1.22s
        99%    1.77s
        20000 requests in 41.00s, 3.03MB read
        Requests/sec:    487.80
        Transfer/sec:     75.74KB
        ------------------------------
        stop time: 19.117676
        stop time: 18.573490
        stop time: 18.914905
        stop time: 18.808674
        stop time: 18.890745
        stop time: 18.797833
        stop time: 19.077208
        stop time: 18.952406
        [run.sh] Test finished with status 0
        > STDERR
        > No resources found in default namespace.
        > error: metrics not available yet
    [exp] Times: [19.117676, 18.57349, 18.914905, 18.808674, 18.890745, 18.797833, 19.077208, 18.952406]
    [exp] Throughput: 1058.6706192310683
[test.py] Finished running 3th optmization experiment: groundtruth->1483.206189345268, slowdown->1058.6706192310683, predicted->1533.3640319201545, err->3.38171745339248
[test.py] Running 4th optmization experiment
[test.py] Running 4th groundtruth exp
    [exp] Running (pre_run: False) workload synthetic/fanout-w3-grpc-async request with the following configuration: {'CLIENT_CPU_QUOTA': '2', 'SLOWPOKE_POKER_BATCH_THRESHOLD': '20000000', 'PROCESSING_TIME_SERVICE0': '0.00091802', 'PROCESSING_TIME_SERVICE1': '0.00084359', 'PROCESSING_TIME_SERVICE2': '0.000332', 'PROCESSING_TIME_SERVICE3': '0.00027464', 'SLOWPOKE_DELAY_MICROS_SERVICE0': '0.0', 'SLOWPOKE_POKER_BATCH_THRESHOLD_SERVICE0': '100', 'SLOWPOKE_IS_TARGET_SERVICE_SERVICE0': 'false', 'SLOWPOKE_DELAY_MICROS_SERVICE1': '0.0', 'SLOWPOKE_POKER_BATCH_THRESHOLD_SERVICE1': '100', 'SLOWPOKE_IS_TARGET_SERVICE_SERVICE1': 'false', 'SLOWPOKE_DELAY_MICROS_SERVICE2': '0.0', 'SLOWPOKE_POKER_BATCH_THRESHOLD_SERVICE2': '100', 'SLOWPOKE_IS_TARGET_SERVICE_SERVICE2': 'true', 'SLOWPOKE_DELAY_MICROS_SERVICE3': '0.0', 'SLOWPOKE_POKER_BATCH_THRESHOLD_SERVICE3': '100', 'SLOWPOKE_IS_TARGET_SERVICE_SERVICE3': 'false'}
    [exp] Executing cmd `bash run.sh synthetic fanout-w3-grpc-async 8 800 20000`:
        [run.sh] Running benchmark synthetic with request fanout-w3-grpc-async, thread 8, conn 800, duration 60
        [run.sh] Deleting all services
        configmap "config-service0" deleted
        deployment.apps "service0" deleted
        service "service0" deleted
        configmap "config-service1" deleted
        deployment.apps "service1" deleted
        service "service1" deleted
        configmap "config-service2" deleted
        deployment.apps "service2" deleted
        service "service2" deleted
        configmap "config-service3" deleted
        deployment.apps "service3" deleted
        service "service3" deleted
        deployment.apps "ubuntu-client" deleted
        [run.sh] Waiting for all pods to be deleted
        [run.sh] Deploying all services
        configmap/config-service0 created
        deployment.apps/service0 created
        service/service0 created
        configmap/config-service1 created
        deployment.apps/service1 created
        service/service1 created
        configmap/config-service2 created
        deployment.apps/service2 created
        service/service2 created
        configmap/config-service3 created
        deployment.apps/service3 created
        service/service3 created
        [run.sh] Client pod not found, deploying client
        deployment.apps/ubuntu-client created
        [run.sh] Waiting for all pods to be running
        [run.sh] All pods are running
        [run.sh] Checking heartbeat for all services
        [run.sh] Running warmup test
        [run.sh] /wrk/wrk -t8 -c800 --timeout 3s -d3s -L http://service0:80/endpoint1
        Running 3s test @ http://service0:80/endpoint1
        8 threads and 800 connections
        Thread Stats   Avg      Stdev     Max   +/- Stdev
        Latency   568.52ms  230.24ms   1.26s    70.48%
        Req/Sec   212.58    172.03   710.00     67.47%
        Latency Distribution
        50%  567.57ms
        75%  735.35ms
        90%  844.39ms
        99%    1.11s
        3953 requests in 3.02s, 613.80KB read
        Requests/sec:   1307.70
        Transfer/sec:    203.05KB
        [run.sh] Speed is 1307.70, duration is 22
        [run.sh] Fix the request number.
        [run.sh] Running the actual test
        [run.sh] /wrk/wrk --timeout 20s -t8 -c800 -d22s -L -s /wrk/fix_req_n.lua http://service0:80/endpoint1
        Running 22s test @ http://service0:80/endpoint1
        8 threads and 800 connections
        Thread Stats   Avg      Stdev     Max   +/- Stdev
        Latency   523.02ms  233.01ms   2.05s    72.65%
        Req/Sec   192.53    124.82   670.00     63.65%
        Latency Distribution
        50%  487.17ms
        75%  635.04ms
        90%  823.60ms
        99%    1.27s
        20000 requests in 22.00s, 3.03MB read
        Requests/sec:    909.09
        Transfer/sec:    141.16KB
        ------------------------------
        stop time: 13.407999
        stop time: 13.310597
        stop time: 13.130823
        stop time: 13.199320
        stop time: 13.352403
        stop time: 13.441377
        stop time: 13.434572
        stop time: 13.510959
        [run.sh] Checking the resource usage
        NAME                             CPU(cores)   MEMORY(bytes)
        service0-6fb7cc7c7f-9mbfd        617m         70Mi
        service1-76b89695f7-78fwz        299m         15Mi
        service2-7bdbb95446-mjgch        218m         11Mi
        service3-766854894f-wqj22        192m         11Mi
        ubuntu-client-76886f6bbd-kfk54   22m          0Mi
        [run.sh] Test finished with status 0
        > STDERR
        > No resources found in default namespace.
    [exp] Times: [13.407999, 13.310597, 13.130823, 13.19932, 13.352403, 13.441377, 13.434572, 13.510959]
    [exp] Throughput: 1498.2949871263686
[test.py] Running 4th slowdown exp
    [exp] Running (pre_run: False) workload synthetic/fanout-w3-grpc-async request with the following configuration: {'CLIENT_CPU_QUOTA': '2', 'SLOWPOKE_POKER_BATCH_THRESHOLD': '20000000', 'PROCESSING_TIME_SERVICE0': '0.00091802', 'PROCESSING_TIME_SERVICE1': '0.00084359', 'PROCESSING_TIME_SERVICE2': '0.00083384', 'PROCESSING_TIME_SERVICE3': '0.00027464', 'SLOWPOKE_DELAY_MICROS_SERVICE0': '250.5', 'SLOWPOKE_POKER_BATCH_THRESHOLD_SERVICE0': '100', 'SLOWPOKE_IS_TARGET_SERVICE_SERVICE0': 'false', 'SLOWPOKE_DELAY_MICROS_SERVICE1': '250.5', 'SLOWPOKE_POKER_BATCH_THRESHOLD_SERVICE1': '100', 'SLOWPOKE_IS_TARGET_SERVICE_SERVICE1': 'false', 'SLOWPOKE_DELAY_MICROS_SERVICE2': '0.0', 'SLOWPOKE_POKER_BATCH_THRESHOLD_SERVICE2': '100', 'SLOWPOKE_IS_TARGET_SERVICE_SERVICE2': 'true', 'SLOWPOKE_DELAY_MICROS_SERVICE3': '250.5', 'SLOWPOKE_POKER_BATCH_THRESHOLD_SERVICE3': '100', 'SLOWPOKE_IS_TARGET_SERVICE_SERVICE3': 'false'}
    [exp] Executing cmd `bash run.sh synthetic fanout-w3-grpc-async 8 800 20000`:
        [run.sh] Running benchmark synthetic with request fanout-w3-grpc-async, thread 8, conn 800, duration 60
        [run.sh] Deleting all services
        configmap "config-service0" deleted
        deployment.apps "service0" deleted
        service "service0" deleted
        configmap "config-service1" deleted
        deployment.apps "service1" deleted
        service "service1" deleted
        configmap "config-service2" deleted
        deployment.apps "service2" deleted
        service "service2" deleted
        configmap "config-service3" deleted
        deployment.apps "service3" deleted
        service "service3" deleted
        deployment.apps "ubuntu-client" deleted
        [run.sh] Waiting for all pods to be deleted
        [run.sh] Deploying all services
        configmap/config-service0 created
        deployment.apps/service0 created
        service/service0 created
        configmap/config-service1 created
        deployment.apps/service1 created
        service/service1 created
        configmap/config-service2 created
        deployment.apps/service2 created
        service/service2 created
        configmap/config-service3 created
        deployment.apps/service3 created
        service/service3 created
        [run.sh] Client pod not found, deploying client
        deployment.apps/ubuntu-client created
        [run.sh] Waiting for all pods to be running
        [run.sh] All pods are running
        [run.sh] Checking heartbeat for all services
        [run.sh] Running warmup test
        [run.sh] /wrk/wrk -t8 -c800 --timeout 3s -d3s -L http://service0:80/endpoint1
        Running 3s test @ http://service0:80/endpoint1
        8 threads and 800 connections
        Thread Stats   Avg      Stdev     Max   +/- Stdev
        Latency   751.59ms  375.64ms   1.84s    70.06%
        Req/Sec   145.39    126.17   570.00     70.43%
        Latency Distribution
        50%  755.81ms
        75%  983.37ms
        90%    1.25s
        99%    1.70s
        2822 requests in 3.04s, 438.18KB read
        Requests/sec:    929.20
        Transfer/sec:    144.28KB
        [run.sh] Speed is 929.20, duration is 32
        [run.sh] Fix the request number.
        [run.sh] Running the actual test
        [run.sh] /wrk/wrk --timeout 20s -t8 -c800 -d32s -L -s /wrk/fix_req_n.lua http://service0:80/endpoint1
        Running 32s test @ http://service0:80/endpoint1
        8 threads and 800 connections
        Thread Stats   Avg      Stdev     Max   +/- Stdev
        Latency   736.40ms  370.83ms   2.50s    70.18%
        Req/Sec   149.09    120.58   696.00     71.03%
        Latency Distribution
        50%  679.46ms
        75%  930.32ms
        90%    1.24s
        99%    1.89s
        20000 requests in 32.00s, 3.03MB read
        Requests/sec:    625.00
        Transfer/sec:     97.05KB
        ------------------------------
        stop time: 18.326638
        stop time: 18.697470
        stop time: 18.681587
        stop time: 18.918911
        stop time: 18.686458
        stop time: 19.046949
        stop time: 19.015519
        stop time: 19.009416
        [run.sh] Checking the resource usage
        NAME                             CPU(cores)   MEMORY(bytes)
        service0-5bb5f67c99-phpdr        1242m        85Mi
        service1-677745bffc-bvjhw        1098m        21Mi
        service2-7bdbb95446-bz9c9        1080m        20Mi
        service3-74465689b5-8whs5        434m         13Mi
        ubuntu-client-76886f6bbd-hfj8p   34m          23Mi
        [run.sh] Test finished with status 0
        > STDERR
        > No resources found in default namespace.
    [exp] Times: [18.326638, 18.69747, 18.681587, 18.918911, 18.686458, 19.046949, 19.015519, 19.009416]
    [exp] Throughput: 1063.9504154420486
[test.py] Finished running 4th optmization experiment: groundtruth->1498.2949871263686, slowdown->1063.9504154420486, predicted->1451.4347922780908, err->-3.1275680190422728
[test.py] Running 5th optmization experiment
[test.py] Running 5th groundtruth exp
    [exp] Running (pre_run: False) workload synthetic/fanout-w3-grpc-async request with the following configuration: {'CLIENT_CPU_QUOTA': '2', 'SLOWPOKE_POKER_BATCH_THRESHOLD': '20000000', 'PROCESSING_TIME_SERVICE0': '0.00091802', 'PROCESSING_TIME_SERVICE1': '0.00084359', 'PROCESSING_TIME_SERVICE2': '0.000415', 'PROCESSING_TIME_SERVICE3': '0.00027464', 'SLOWPOKE_DELAY_MICROS_SERVICE0': '0.0', 'SLOWPOKE_POKER_BATCH_THRESHOLD_SERVICE0': '100', 'SLOWPOKE_IS_TARGET_SERVICE_SERVICE0': 'false', 'SLOWPOKE_DELAY_MICROS_SERVICE1': '0.0', 'SLOWPOKE_POKER_BATCH_THRESHOLD_SERVICE1': '100', 'SLOWPOKE_IS_TARGET_SERVICE_SERVICE1': 'false', 'SLOWPOKE_DELAY_MICROS_SERVICE2': '0.0', 'SLOWPOKE_POKER_BATCH_THRESHOLD_SERVICE2': '100', 'SLOWPOKE_IS_TARGET_SERVICE_SERVICE2': 'true', 'SLOWPOKE_DELAY_MICROS_SERVICE3': '0.0', 'SLOWPOKE_POKER_BATCH_THRESHOLD_SERVICE3': '100', 'SLOWPOKE_IS_TARGET_SERVICE_SERVICE3': 'false'}
    [exp] Executing cmd `bash run.sh synthetic fanout-w3-grpc-async 8 800 20000`:
        [run.sh] Running benchmark synthetic with request fanout-w3-grpc-async, thread 8, conn 800, duration 60
        [run.sh] Deleting all services
        configmap "config-service0" deleted
        deployment.apps "service0" deleted
        service "service0" deleted
        configmap "config-service1" deleted
        deployment.apps "service1" deleted
        service "service1" deleted
        configmap "config-service2" deleted
        deployment.apps "service2" deleted
        service "service2" deleted
        configmap "config-service3" deleted
        deployment.apps "service3" deleted
        service "service3" deleted
        deployment.apps "ubuntu-client" deleted
        [run.sh] Waiting for all pods to be deleted
        [run.sh] Deploying all services
        configmap/config-service0 created
        deployment.apps/service0 created
        service/service0 created
        configmap/config-service1 created
        deployment.apps/service1 created
        service/service1 created
        configmap/config-service2 created
        deployment.apps/service2 created
        service/service2 created
        configmap/config-service3 created
        deployment.apps/service3 created
        service/service3 created
        [run.sh] Client pod not found, deploying client
        deployment.apps/ubuntu-client created
        [run.sh] Waiting for all pods to be running
        [run.sh] All pods are running
        [run.sh] Checking heartbeat for all services
        [run.sh] Running warmup test
        [run.sh] /wrk/wrk -t8 -c800 --timeout 3s -d3s -L http://service0:80/endpoint1
        Running 3s test @ http://service0:80/endpoint1
        8 threads and 800 connections
        Thread Stats   Avg      Stdev     Max   +/- Stdev
        Latency   563.69ms  273.90ms   1.89s    72.65%
        Req/Sec   198.37    125.45   505.00     61.80%
        Latency Distribution
        50%  490.57ms
        75%  744.14ms
        90%  913.60ms
        99%    1.53s
        3774 requests in 3.02s, 586.00KB read
        Requests/sec:   1248.87
        Transfer/sec:    193.92KB
        [run.sh] Speed is 1248.87, duration is 24
        [run.sh] Fix the request number.
        [run.sh] Running the actual test
        [run.sh] /wrk/wrk --timeout 20s -t8 -c800 -d24s -L -s /wrk/fix_req_n.lua http://service0:80/endpoint1
        Running 24s test @ http://service0:80/endpoint1
        8 threads and 800 connections
        Thread Stats   Avg      Stdev     Max   +/- Stdev
        Latency   537.57ms  258.38ms   1.68s    69.35%
        Req/Sec   196.02    151.12   840.00     69.59%
        Latency Distribution
        50%  510.28ms
        75%  676.78ms
        90%  900.84ms
        99%    1.25s
        20000 requests in 24.00s, 3.03MB read
        Requests/sec:    833.33
        Transfer/sec:    129.39KB
        ------------------------------
        stop time: 13.292584
        stop time: 13.488869
        stop time: 13.508877
        stop time: 13.671688
        stop time: 13.685585
        stop time: 14.049022
        stop time: 14.011171
        stop time: 14.012432
        [run.sh] Checking the resource usage
        NAME                             CPU(cores)   MEMORY(bytes)
        service0-6fb7cc7c7f-jx4xg        65m          76Mi
        service2-7bdbb95446-fvjl7        0m           14Mi
        ubuntu-client-76886f6bbd-z9w9c   0m           0Mi
        [run.sh] Test finished with status 0
        > STDERR
        > No resources found in default namespace.
    [exp] Times: [13.292584, 13.488869, 13.508877, 13.671688, 13.685585, 14.049022, 14.011171, 14.012432]
    [exp] Throughput: 1458.2543521509997
[test.py] Running 5th slowdown exp
    [exp] Running (pre_run: False) workload synthetic/fanout-w3-grpc-async request with the following configuration: {'CLIENT_CPU_QUOTA': '2', 'SLOWPOKE_POKER_BATCH_THRESHOLD': '20000000', 'PROCESSING_TIME_SERVICE0': '0.00091802', 'PROCESSING_TIME_SERVICE1': '0.00084359', 'PROCESSING_TIME_SERVICE2': '0.00083384', 'PROCESSING_TIME_SERVICE3': '0.00027464', 'SLOWPOKE_DELAY_MICROS_SERVICE0': '209.0', 'SLOWPOKE_POKER_BATCH_THRESHOLD_SERVICE0': '100', 'SLOWPOKE_IS_TARGET_SERVICE_SERVICE0': 'false', 'SLOWPOKE_DELAY_MICROS_SERVICE1': '209.0', 'SLOWPOKE_POKER_BATCH_THRESHOLD_SERVICE1': '100', 'SLOWPOKE_IS_TARGET_SERVICE_SERVICE1': 'false', 'SLOWPOKE_DELAY_MICROS_SERVICE2': '0.0', 'SLOWPOKE_POKER_BATCH_THRESHOLD_SERVICE2': '100', 'SLOWPOKE_IS_TARGET_SERVICE_SERVICE2': 'true', 'SLOWPOKE_DELAY_MICROS_SERVICE3': '209.0', 'SLOWPOKE_POKER_BATCH_THRESHOLD_SERVICE3': '100', 'SLOWPOKE_IS_TARGET_SERVICE_SERVICE3': 'false'}
    [exp] Executing cmd `bash run.sh synthetic fanout-w3-grpc-async 8 800 20000`:
        [run.sh] Running benchmark synthetic with request fanout-w3-grpc-async, thread 8, conn 800, duration 60
        [run.sh] Deleting all services
        configmap "config-service0" deleted
        deployment.apps "service0" deleted
        service "service0" deleted
        configmap "config-service1" deleted
        deployment.apps "service1" deleted
        service "service1" deleted
        configmap "config-service2" deleted
        deployment.apps "service2" deleted
        service "service2" deleted
        configmap "config-service3" deleted
        deployment.apps "service3" deleted
        service "service3" deleted
        deployment.apps "ubuntu-client" deleted
        [run.sh] Waiting for all pods to be deleted
        [run.sh] Deploying all services
        configmap/config-service0 created
        deployment.apps/service0 created
        service/service0 created
        configmap/config-service1 created
        deployment.apps/service1 created
        service/service1 created
        configmap/config-service2 created
        deployment.apps/service2 created
        service/service2 created
        configmap/config-service3 created
        deployment.apps/service3 created
        service/service3 created
        [run.sh] Client pod not found, deploying client
        deployment.apps/ubuntu-client created
        [run.sh] Waiting for all pods to be running
        [run.sh] All pods are running
        [run.sh] Checking heartbeat for all services
        [run.sh] Running warmup test
        [run.sh] /wrk/wrk -t8 -c800 --timeout 3s -d3s -L http://service0:80/endpoint1
        Running 3s test @ http://service0:80/endpoint1
        8 threads and 800 connections
        Thread Stats   Avg      Stdev     Max   +/- Stdev
        Latency   755.87ms  389.76ms   2.96s    74.26%
        Req/Sec   141.87    125.06   560.00     76.12%
        Latency Distribution
        50%  682.74ms
        75%  933.31ms
        90%    1.22s
        99%    2.03s
        2930 requests in 3.03s, 454.95KB read
        Requests/sec:    967.43
        Transfer/sec:    150.22KB
        [run.sh] Speed is 967.43, duration is 31
        [run.sh] Fix the request number.
        [run.sh] Running the actual test
        [run.sh] /wrk/wrk --timeout 20s -t8 -c800 -d31s -L -s /wrk/fix_req_n.lua http://service0:80/endpoint1
        Running 31s test @ http://service0:80/endpoint1
        8 threads and 800 connections
        Thread Stats   Avg      Stdev     Max   +/- Stdev
        Latency   713.45ms  311.92ms   2.06s    71.38%
        Req/Sec   155.16    127.17   595.00     68.91%
        Latency Distribution
        50%  659.92ms
        75%  878.46ms
        90%    1.12s
        99%    1.63s
        20001 requests in 31.00s, 3.03MB read
        Requests/sec:    645.19
        Transfer/sec:    100.18KB
        ------------------------------
        stop time: 18.244612
        stop time: 18.191553
        stop time: 18.165787
        stop time: 18.218951
        stop time: 18.332488
        stop time: 18.321741
        stop time: 18.428269
        stop time: 18.402585
        [run.sh] Checking the resource usage
        NAME                             CPU(cores)   MEMORY(bytes)
        service0-6dc7846dd6-dmkcv        1472m        91Mi
        service1-7d5c9ccd88-v49tz        1105m        22Mi
        service2-7bdbb95446-bvb5z        1095m        15Mi
        service3-54b76c4d8-txvbf         361m         13Mi
        ubuntu-client-76886f6bbd-szfr2   40m          22Mi
        [run.sh] Test finished with status 0
        > STDERR
        > No resources found in default namespace.
    [exp] Times: [18.244612, 18.191553, 18.165787, 18.218951, 18.332488, 18.321741, 18.428269, 18.402585]
    [exp] Throughput: 1093.5984533127717
[test.py] Finished running 5th optmization experiment: groundtruth->1458.2543521509997, slowdown->1093.5984533127717, predicted->1418.4549823080547, err->-2.729247458390156
[test.py] Running 6th optmization experiment
[test.py] Running 6th groundtruth exp
    [exp] Running (pre_run: False) workload synthetic/fanout-w3-grpc-async request with the following configuration: {'CLIENT_CPU_QUOTA': '2', 'SLOWPOKE_POKER_BATCH_THRESHOLD': '20000000', 'PROCESSING_TIME_SERVICE0': '0.00091802', 'PROCESSING_TIME_SERVICE1': '0.00084359', 'PROCESSING_TIME_SERVICE2': '0.000498', 'PROCESSING_TIME_SERVICE3': '0.00027464', 'SLOWPOKE_DELAY_MICROS_SERVICE0': '0.0', 'SLOWPOKE_POKER_BATCH_THRESHOLD_SERVICE0': '100', 'SLOWPOKE_IS_TARGET_SERVICE_SERVICE0': 'false', 'SLOWPOKE_DELAY_MICROS_SERVICE1': '0.0', 'SLOWPOKE_POKER_BATCH_THRESHOLD_SERVICE1': '100', 'SLOWPOKE_IS_TARGET_SERVICE_SERVICE1': 'false', 'SLOWPOKE_DELAY_MICROS_SERVICE2': '0.0', 'SLOWPOKE_POKER_BATCH_THRESHOLD_SERVICE2': '100', 'SLOWPOKE_IS_TARGET_SERVICE_SERVICE2': 'true', 'SLOWPOKE_DELAY_MICROS_SERVICE3': '0.0', 'SLOWPOKE_POKER_BATCH_THRESHOLD_SERVICE3': '100', 'SLOWPOKE_IS_TARGET_SERVICE_SERVICE3': 'false'}
    [exp] Executing cmd `bash run.sh synthetic fanout-w3-grpc-async 8 800 20000`:
        [run.sh] Running benchmark synthetic with request fanout-w3-grpc-async, thread 8, conn 800, duration 60
        [run.sh] Deleting all services
        configmap "config-service0" deleted
        deployment.apps "service0" deleted
        service "service0" deleted
        configmap "config-service1" deleted
        deployment.apps "service1" deleted
        service "service1" deleted
        configmap "config-service2" deleted
        deployment.apps "service2" deleted
        service "service2" deleted
        configmap "config-service3" deleted
        deployment.apps "service3" deleted
        service "service3" deleted
        deployment.apps "ubuntu-client" deleted
        [run.sh] Waiting for all pods to be deleted
        [run.sh] Deploying all services
        configmap/config-service0 created
        deployment.apps/service0 created
        service/service0 created
        configmap/config-service1 created
        deployment.apps/service1 created
        service/service1 created
        configmap/config-service2 created
        deployment.apps/service2 created
        service/service2 created
        configmap/config-service3 created
        deployment.apps/service3 created
        service/service3 created
        [run.sh] Client pod not found, deploying client
        deployment.apps/ubuntu-client created
        [run.sh] Waiting for all pods to be running
        [run.sh] All pods are running
        [run.sh] Checking heartbeat for all services
        [run.sh] Running warmup test
        [run.sh] /wrk/wrk -t8 -c800 --timeout 3s -d3s -L http://service0:80/endpoint1
        Running 3s test @ http://service0:80/endpoint1
        8 threads and 800 connections
        Thread Stats   Avg      Stdev     Max   +/- Stdev
        Latency   531.11ms  325.54ms   1.59s    72.37%
        Req/Sec   204.25    116.47   555.00     66.48%
        Latency Distribution
        50%  465.82ms
        75%  699.99ms
        90%    1.04s
        99%    1.47s
        3993 requests in 3.02s, 620.01KB read
        Requests/sec:   1321.52
        Transfer/sec:    205.20KB
        [run.sh] Speed is 1321.52, duration is 22
        [run.sh] Fix the request number.
        [run.sh] Running the actual test
        [run.sh] /wrk/wrk --timeout 20s -t8 -c800 -d22s -L -s /wrk/fix_req_n.lua http://service0:80/endpoint1
        Running 22s test @ http://service0:80/endpoint1
        8 threads and 800 connections
        Thread Stats   Avg      Stdev     Max   +/- Stdev
        Latency   533.70ms  235.77ms   1.87s    69.18%
        Req/Sec   192.12    153.21   626.00     68.82%
        Latency Distribution
        50%  504.55ms
        75%  666.75ms
        90%  860.39ms
        99%    1.18s
        20000 requests in 22.00s, 3.03MB read
        Requests/sec:    909.09
        Transfer/sec:    141.16KB
        ------------------------------
        stop time: 13.619064
        stop time: 13.718618
        stop time: 13.716906
        stop time: 13.697744
        stop time: 13.776871
        stop time: 13.742414
        stop time: 13.686722
        stop time: 13.722009
        [run.sh] Checking the resource usage
        [run.sh] Test finished with status 0
        > STDERR
        > No resources found in default namespace.
        > error: metrics not available yet
    [exp] Times: [13.619064, 13.718618, 13.716906, 13.697744, 13.776871, 13.742414, 13.686722, 13.722009]
    [exp] Throughput: 1458.7845764311398
[test.py] Running 6th slowdown exp
    [exp] Running (pre_run: False) workload synthetic/fanout-w3-grpc-async request with the following configuration: {'CLIENT_CPU_QUOTA': '2', 'SLOWPOKE_POKER_BATCH_THRESHOLD': '20000000', 'PROCESSING_TIME_SERVICE0': '0.00091802', 'PROCESSING_TIME_SERVICE1': '0.00084359', 'PROCESSING_TIME_SERVICE2': '0.00083384', 'PROCESSING_TIME_SERVICE3': '0.00027464', 'SLOWPOKE_DELAY_MICROS_SERVICE0': '167.5', 'SLOWPOKE_POKER_BATCH_THRESHOLD_SERVICE0': '100', 'SLOWPOKE_IS_TARGET_SERVICE_SERVICE0': 'false', 'SLOWPOKE_DELAY_MICROS_SERVICE1': '167.5', 'SLOWPOKE_POKER_BATCH_THRESHOLD_SERVICE1': '100', 'SLOWPOKE_IS_TARGET_SERVICE_SERVICE1': 'false', 'SLOWPOKE_DELAY_MICROS_SERVICE2': '0.0', 'SLOWPOKE_POKER_BATCH_THRESHOLD_SERVICE2': '100', 'SLOWPOKE_IS_TARGET_SERVICE_SERVICE2': 'true', 'SLOWPOKE_DELAY_MICROS_SERVICE3': '167.5', 'SLOWPOKE_POKER_BATCH_THRESHOLD_SERVICE3': '100', 'SLOWPOKE_IS_TARGET_SERVICE_SERVICE3': 'false'}
    [exp] Executing cmd `bash run.sh synthetic fanout-w3-grpc-async 8 800 20000`:
        [run.sh] Running benchmark synthetic with request fanout-w3-grpc-async, thread 8, conn 800, duration 60
        [run.sh] Deleting all services
        configmap "config-service0" deleted
        deployment.apps "service0" deleted
        service "service0" deleted
        configmap "config-service1" deleted
        deployment.apps "service1" deleted
        service "service1" deleted
        configmap "config-service2" deleted
        deployment.apps "service2" deleted
        service "service2" deleted
        configmap "config-service3" deleted
        deployment.apps "service3" deleted
        service "service3" deleted
        deployment.apps "ubuntu-client" deleted
        [run.sh] Waiting for all pods to be deleted
        [run.sh] Deploying all services
        configmap/config-service0 created
        deployment.apps/service0 created
        service/service0 created
        configmap/config-service1 created
        deployment.apps/service1 created
        service/service1 created
        configmap/config-service2 created
        deployment.apps/service2 created
        service/service2 created
        configmap/config-service3 created
        deployment.apps/service3 created
        service/service3 created
        [run.sh] Client pod not found, deploying client
        deployment.apps/ubuntu-client created
        [run.sh] Waiting for all pods to be running
        [run.sh] All pods are running
        [run.sh] Checking heartbeat for all services
        [run.sh] Running warmup test
        [run.sh] /wrk/wrk -t8 -c800 --timeout 3s -d3s -L http://service0:80/endpoint1
        Running 3s test @ http://service0:80/endpoint1
        8 threads and 800 connections
        Thread Stats   Avg      Stdev     Max   +/- Stdev
        Latency   667.30ms  380.28ms   1.93s    78.17%
        Req/Sec   150.31    121.35   640.00     75.50%
        Latency Distribution
        50%  586.62ms
        75%  799.50ms
        90%    1.25s
        99%    1.75s
        3138 requests in 3.03s, 487.25KB read
        Requests/sec:   1034.74
        Transfer/sec:    160.67KB
        [run.sh] Speed is 1034.74, duration is 28
        [run.sh] Fix the request number.
        [run.sh] Running the actual test
        [run.sh] /wrk/wrk --timeout 20s -t8 -c800 -d28s -L -s /wrk/fix_req_n.lua http://service0:80/endpoint1
        Running 28s test @ http://service0:80/endpoint1
        8 threads and 800 connections
        Thread Stats   Avg      Stdev     Max   +/- Stdev
        Latency   660.72ms  290.83ms   1.98s    67.58%
        Req/Sec   158.14    122.64   620.00     66.56%
        Latency Distribution
        50%  614.95ms
        75%  832.66ms
        90%    1.05s
        99%    1.47s
        20000 requests in 28.00s, 3.03MB read
        Requests/sec:    714.28
        Transfer/sec:    110.91KB
        ------------------------------
        stop time: 16.462609
        stop time: 16.941129
        stop time: 16.987491
        stop time: 16.988688
        stop time: 17.051354
        stop time: 16.901842
        stop time: 16.944170
        stop time: 17.120145
        [run.sh] Checking the resource usage
        NAME                             CPU(cores)   MEMORY(bytes)
        service0-fbd57688d-44x9r         1297m        80Mi
        service1-6bc9b865b6-m8xj4        589m         21Mi
        service2-7bdbb95446-jfbtv        760m         16Mi
        service3-5bc685c58-8qr76         115m         12Mi
        ubuntu-client-76886f6bbd-nkpnn   34m          20Mi
        [run.sh] Test finished with status 0
        > STDERR
        > No resources found in default namespace.
    [exp] Times: [16.462609, 16.941129, 16.987491, 16.988688, 17.051354, 16.901842, 16.94417, 17.120145]
    [exp] Throughput: 1181.706346740944
[test.py] Finished running 6th optmization experiment: groundtruth->1458.7845764311398, slowdown->1181.706346740944, predicted->1474.243654956663, err->1.0597231952741932
[test.py] Running 7th optmization experiment
[test.py] Running 7th groundtruth exp
    [exp] Running (pre_run: False) workload synthetic/fanout-w3-grpc-async request with the following configuration: {'CLIENT_CPU_QUOTA': '2', 'SLOWPOKE_POKER_BATCH_THRESHOLD': '20000000', 'PROCESSING_TIME_SERVICE0': '0.00091802', 'PROCESSING_TIME_SERVICE1': '0.00084359', 'PROCESSING_TIME_SERVICE2': '0.000581', 'PROCESSING_TIME_SERVICE3': '0.00027464', 'SLOWPOKE_DELAY_MICROS_SERVICE0': '0.0', 'SLOWPOKE_POKER_BATCH_THRESHOLD_SERVICE0': '100', 'SLOWPOKE_IS_TARGET_SERVICE_SERVICE0': 'false', 'SLOWPOKE_DELAY_MICROS_SERVICE1': '0.0', 'SLOWPOKE_POKER_BATCH_THRESHOLD_SERVICE1': '100', 'SLOWPOKE_IS_TARGET_SERVICE_SERVICE1': 'false', 'SLOWPOKE_DELAY_MICROS_SERVICE2': '0.0', 'SLOWPOKE_POKER_BATCH_THRESHOLD_SERVICE2': '100', 'SLOWPOKE_IS_TARGET_SERVICE_SERVICE2': 'true', 'SLOWPOKE_DELAY_MICROS_SERVICE3': '0.0', 'SLOWPOKE_POKER_BATCH_THRESHOLD_SERVICE3': '100', 'SLOWPOKE_IS_TARGET_SERVICE_SERVICE3': 'false'}
    [exp] Executing cmd `bash run.sh synthetic fanout-w3-grpc-async 8 800 20000`:
        [run.sh] Running benchmark synthetic with request fanout-w3-grpc-async, thread 8, conn 800, duration 60
        [run.sh] Deleting all services
        configmap "config-service0" deleted
        deployment.apps "service0" deleted
        service "service0" deleted
        configmap "config-service1" deleted
        deployment.apps "service1" deleted
        service "service1" deleted
        configmap "config-service2" deleted
        deployment.apps "service2" deleted
        service "service2" deleted
        configmap "config-service3" deleted
        deployment.apps "service3" deleted
        service "service3" deleted
        deployment.apps "ubuntu-client" deleted
        [run.sh] Waiting for all pods to be deleted
        [run.sh] Deploying all services
        configmap/config-service0 created
        deployment.apps/service0 created
        service/service0 created
        configmap/config-service1 created
        deployment.apps/service1 created
        service/service1 created
        configmap/config-service2 created
        deployment.apps/service2 created
        service/service2 created
        configmap/config-service3 created
        deployment.apps/service3 created
        service/service3 created
        [run.sh] Client pod not found, deploying client
        deployment.apps/ubuntu-client created
        [run.sh] Waiting for all pods to be running
        [run.sh] All pods are running
        [run.sh] Checking heartbeat for all services
        [run.sh] Running warmup test
        [run.sh] /wrk/wrk -t8 -c800 --timeout 3s -d3s -L http://service0:80/endpoint1
        Running 3s test @ http://service0:80/endpoint1
        8 threads and 800 connections
        Thread Stats   Avg      Stdev     Max   +/- Stdev
        Latency   572.65ms  265.52ms   1.30s    58.26%
        Req/Sec   206.30    145.06   575.00     59.06%
        Latency Distribution
        50%  550.87ms
        75%  814.65ms
        90%  973.27ms
        99%    1.11s
        3735 requests in 3.04s, 579.95KB read
        Requests/sec:   1227.40
        Transfer/sec:    190.58KB
        [run.sh] Speed is 1227.40, duration is 24
        [run.sh] Fix the request number.
        [run.sh] Running the actual test
        [run.sh] /wrk/wrk --timeout 20s -t8 -c800 -d24s -L -s /wrk/fix_req_n.lua http://service0:80/endpoint1
        Running 24s test @ http://service0:80/endpoint1
        8 threads and 800 connections
        Thread Stats   Avg      Stdev     Max   +/- Stdev
        Latency   537.05ms  254.37ms   1.98s    68.28%
        Req/Sec   194.15    144.78   680.00     64.47%
        Latency Distribution
        50%  502.66ms
        75%  696.88ms
        90%  877.52ms
        99%    1.23s
        20001 requests in 24.00s, 3.03MB read
        Requests/sec:    833.37
        Transfer/sec:    129.40KB
        ------------------------------
        stop time: 13.469728
        stop time: 13.702491
        stop time: 13.751194
        stop time: 13.747513
        stop time: 13.705258
        stop time: 13.798289
        stop time: 13.708888
        stop time: 13.724223
        [run.sh] Checking the resource usage
        [run.sh] Test finished with status 0
        > STDERR
        > No resources found in default namespace.
        > error: metrics not available yet
    [exp] Times: [13.469728, 13.702491, 13.751194, 13.747513, 13.705258, 13.798289, 13.708888, 13.724223]
    [exp] Throughput: 1459.7530039527194
[test.py] Running 7th slowdown exp
    [exp] Running (pre_run: False) workload synthetic/fanout-w3-grpc-async request with the following configuration: {'CLIENT_CPU_QUOTA': '2', 'SLOWPOKE_POKER_BATCH_THRESHOLD': '20000000', 'PROCESSING_TIME_SERVICE0': '0.00091802', 'PROCESSING_TIME_SERVICE1': '0.00084359', 'PROCESSING_TIME_SERVICE2': '0.00083384', 'PROCESSING_TIME_SERVICE3': '0.00027464', 'SLOWPOKE_DELAY_MICROS_SERVICE0': '126.0', 'SLOWPOKE_POKER_BATCH_THRESHOLD_SERVICE0': '100', 'SLOWPOKE_IS_TARGET_SERVICE_SERVICE0': 'false', 'SLOWPOKE_DELAY_MICROS_SERVICE1': '126.0', 'SLOWPOKE_POKER_BATCH_THRESHOLD_SERVICE1': '100', 'SLOWPOKE_IS_TARGET_SERVICE_SERVICE1': 'false', 'SLOWPOKE_DELAY_MICROS_SERVICE2': '0.0', 'SLOWPOKE_POKER_BATCH_THRESHOLD_SERVICE2': '100', 'SLOWPOKE_IS_TARGET_SERVICE_SERVICE2': 'true', 'SLOWPOKE_DELAY_MICROS_SERVICE3': '126.0', 'SLOWPOKE_POKER_BATCH_THRESHOLD_SERVICE3': '100', 'SLOWPOKE_IS_TARGET_SERVICE_SERVICE3': 'false'}
    [exp] Executing cmd `bash run.sh synthetic fanout-w3-grpc-async 8 800 20000`:
        [run.sh] Running benchmark synthetic with request fanout-w3-grpc-async, thread 8, conn 800, duration 60
        [run.sh] Deleting all services
        configmap "config-service0" deleted
        deployment.apps "service0" deleted
        service "service0" deleted
        configmap "config-service1" deleted
        deployment.apps "service1" deleted
        service "service1" deleted
        configmap "config-service2" deleted
        deployment.apps "service2" deleted
        service "service2" deleted
        configmap "config-service3" deleted
        deployment.apps "service3" deleted
        service "service3" deleted
        deployment.apps "ubuntu-client" deleted
        [run.sh] Waiting for all pods to be deleted
        [run.sh] Deploying all services
        configmap/config-service0 created
        deployment.apps/service0 created
        service/service0 created
        configmap/config-service1 created
        deployment.apps/service1 created
        service/service1 created
        configmap/config-service2 created
        deployment.apps/service2 created
        service/service2 created
        configmap/config-service3 created
        deployment.apps/service3 created
        service/service3 created
        [run.sh] Client pod not found, deploying client
        deployment.apps/ubuntu-client created
        [run.sh] Waiting for all pods to be running
        [run.sh] All pods are running
        [run.sh] Checking heartbeat for all services
        [run.sh] Running warmup test
        [run.sh] /wrk/wrk -t8 -c800 --timeout 3s -d3s -L http://service0:80/endpoint1
        Running 3s test @ http://service0:80/endpoint1
        8 threads and 800 connections
        Thread Stats   Avg      Stdev     Max   +/- Stdev
        Latency   626.64ms  281.63ms   1.40s    60.27%
        Req/Sec   194.50    155.31   580.00     58.58%
        Latency Distribution
        50%  660.48ms
        75%  881.44ms
        90%  966.39ms
        99%    1.26s
        3481 requests in 3.02s, 540.51KB read
        Requests/sec:   1151.38
        Transfer/sec:    178.78KB
        [run.sh] Speed is 1151.38, duration is 26
        [run.sh] Fix the request number.
        [run.sh] Running the actual test
        [run.sh] /wrk/wrk --timeout 20s -t8 -c800 -d26s -L -s /wrk/fix_req_n.lua http://service0:80/endpoint1
        Running 26s test @ http://service0:80/endpoint1
        8 threads and 800 connections
        Thread Stats   Avg      Stdev     Max   +/- Stdev
        Latency   616.33ms  268.08ms   2.18s    69.52%
        Req/Sec   168.69    129.61   686.00     71.84%
        Latency Distribution
        50%  596.34ms
        75%  767.57ms
        90%  953.90ms
        99%    1.42s
        20000 requests in 26.00s, 3.03MB read
        Requests/sec:    769.23
        Transfer/sec:    119.44KB
        ------------------------------
        stop time: 15.395007
        stop time: 15.399226
        stop time: 15.495928
        stop time: 15.795974
        stop time: 15.784951
        stop time: 15.937247
        stop time: 15.962098
        stop time: 16.039767
        [run.sh] Checking the resource usage
        NAME                             CPU(cores)   MEMORY(bytes)
        service0-646bf9594d-ps65p        338m         81Mi
        service1-fdd9dcc8-nqvml          182m         15Mi
        service2-7bdbb95446-fxvkx        42m          13Mi
        service3-7449ffc594-4sbcx        174m         12Mi
        ubuntu-client-76886f6bbd-rzfp5   7m           16Mi
        [run.sh] Test finished with status 0
        > STDERR
        > No resources found in default namespace.
    [exp] Times: [15.395007, 15.399226, 15.495928, 15.795974, 15.784951, 15.937247, 15.962098, 16.039767]
    [exp] Throughput: 1271.7570001757729
[test.py] Finished running 7th optmization experiment: groundtruth->1459.7530039527194, slowdown->1271.7570001757729, predicted->1515.3954995670804, err->3.81177469501294
[test.py] Running 8th optmization experiment
[test.py] Running 8th groundtruth exp
    [exp] Running (pre_run: False) workload synthetic/fanout-w3-grpc-async request with the following configuration: {'CLIENT_CPU_QUOTA': '2', 'SLOWPOKE_POKER_BATCH_THRESHOLD': '20000000', 'PROCESSING_TIME_SERVICE0': '0.00091802', 'PROCESSING_TIME_SERVICE1': '0.00084359', 'PROCESSING_TIME_SERVICE2': '0.000664', 'PROCESSING_TIME_SERVICE3': '0.00027464', 'SLOWPOKE_DELAY_MICROS_SERVICE0': '0.0', 'SLOWPOKE_POKER_BATCH_THRESHOLD_SERVICE0': '100', 'SLOWPOKE_IS_TARGET_SERVICE_SERVICE0': 'false', 'SLOWPOKE_DELAY_MICROS_SERVICE1': '0.0', 'SLOWPOKE_POKER_BATCH_THRESHOLD_SERVICE1': '100', 'SLOWPOKE_IS_TARGET_SERVICE_SERVICE1': 'false', 'SLOWPOKE_DELAY_MICROS_SERVICE2': '0.0', 'SLOWPOKE_POKER_BATCH_THRESHOLD_SERVICE2': '100', 'SLOWPOKE_IS_TARGET_SERVICE_SERVICE2': 'true', 'SLOWPOKE_DELAY_MICROS_SERVICE3': '0.0', 'SLOWPOKE_POKER_BATCH_THRESHOLD_SERVICE3': '100', 'SLOWPOKE_IS_TARGET_SERVICE_SERVICE3': 'false'}
    [exp] Executing cmd `bash run.sh synthetic fanout-w3-grpc-async 8 800 20000`:
        [run.sh] Running benchmark synthetic with request fanout-w3-grpc-async, thread 8, conn 800, duration 60
        [run.sh] Deleting all services
        configmap "config-service0" deleted
        deployment.apps "service0" deleted
        service "service0" deleted
        configmap "config-service1" deleted
        deployment.apps "service1" deleted
        service "service1" deleted
        configmap "config-service2" deleted
        deployment.apps "service2" deleted
        service "service2" deleted
        configmap "config-service3" deleted
        deployment.apps "service3" deleted
        service "service3" deleted
        deployment.apps "ubuntu-client" deleted
        [run.sh] Waiting for all pods to be deleted
        [run.sh] Deploying all services
        configmap/config-service0 created
        deployment.apps/service0 created
        service/service0 created
        configmap/config-service1 created
        deployment.apps/service1 created
        service/service1 created
        configmap/config-service2 created
        deployment.apps/service2 created
        service/service2 created
        configmap/config-service3 created
        deployment.apps/service3 created
        service/service3 created
        [run.sh] Client pod not found, deploying client
        deployment.apps/ubuntu-client created
        [run.sh] Waiting for all pods to be running
        [run.sh] All pods are running
        [run.sh] Checking heartbeat for all services
        [run.sh] Running warmup test
        [run.sh] /wrk/wrk -t8 -c800 --timeout 3s -d3s -L http://service0:80/endpoint1
        Running 3s test @ http://service0:80/endpoint1
        8 threads and 800 connections
        Thread Stats   Avg      Stdev     Max   +/- Stdev
        Latency   531.69ms  207.62ms   1.43s    69.70%
        Req/Sec   194.54    142.95   530.00     57.87%
        Latency Distribution
        50%  537.89ms
        75%  649.26ms
        90%  775.14ms
        99%    1.26s
        4115 requests in 3.02s, 638.95KB read
        Requests/sec:   1361.79
        Transfer/sec:    211.45KB
        [run.sh] Speed is 1361.79, duration is 22
        [run.sh] Fix the request number.
        [run.sh] Running the actual test
        [run.sh] /wrk/wrk --timeout 20s -t8 -c800 -d22s -L -s /wrk/fix_req_n.lua http://service0:80/endpoint1
        Running 22s test @ http://service0:80/endpoint1
        8 threads and 800 connections
        Thread Stats   Avg      Stdev     Max   +/- Stdev
        Latency   530.69ms  270.62ms   2.11s    70.38%
        Req/Sec   198.10    146.39   780.00     69.26%
        Latency Distribution
        50%  485.98ms
        75%  678.71ms
        90%  906.95ms
        99%    1.35s
        20001 requests in 22.00s, 3.03MB read
        Requests/sec:    909.13
        Transfer/sec:    141.16KB
        ------------------------------
        stop time: 13.322088
        stop time: 13.321965
        stop time: 13.492711
        stop time: 13.517984
        stop time: 13.474584
        stop time: 13.489982
        stop time: 13.728973
        stop time: 13.720416
        [run.sh] Checking the resource usage
        NAME                             CPU(cores)   MEMORY(bytes)
        service0-6fb7cc7c7f-dvk8m        644m         82Mi
        service1-76b89695f7-5q6pd        0m           15Mi
        service2-7bdbb95446-hxlcp        0m           20Mi
        service3-766854894f-9w25x        0m           13Mi
        ubuntu-client-76886f6bbd-nndzr   3m           0Mi
        [run.sh] Test finished with status 0
        > STDERR
        > No resources found in default namespace.
    [exp] Times: [13.322088, 13.321965, 13.492711, 13.517984, 13.474584, 13.489982, 13.728973, 13.720416]
    [exp] Throughput: 1480.5396526319003
[test.py] Running 8th slowdown exp
    [exp] Running (pre_run: False) workload synthetic/fanout-w3-grpc-async request with the following configuration: {'CLIENT_CPU_QUOTA': '2', 'SLOWPOKE_POKER_BATCH_THRESHOLD': '20000000', 'PROCESSING_TIME_SERVICE0': '0.00091802', 'PROCESSING_TIME_SERVICE1': '0.00084359', 'PROCESSING_TIME_SERVICE2': '0.00083384', 'PROCESSING_TIME_SERVICE3': '0.00027464', 'SLOWPOKE_DELAY_MICROS_SERVICE0': '84.5', 'SLOWPOKE_POKER_BATCH_THRESHOLD_SERVICE0': '100', 'SLOWPOKE_IS_TARGET_SERVICE_SERVICE0': 'false', 'SLOWPOKE_DELAY_MICROS_SERVICE1': '84.5', 'SLOWPOKE_POKER_BATCH_THRESHOLD_SERVICE1': '100', 'SLOWPOKE_IS_TARGET_SERVICE_SERVICE1': 'false', 'SLOWPOKE_DELAY_MICROS_SERVICE2': '0.0', 'SLOWPOKE_POKER_BATCH_THRESHOLD_SERVICE2': '100', 'SLOWPOKE_IS_TARGET_SERVICE_SERVICE2': 'true', 'SLOWPOKE_DELAY_MICROS_SERVICE3': '84.5', 'SLOWPOKE_POKER_BATCH_THRESHOLD_SERVICE3': '100', 'SLOWPOKE_IS_TARGET_SERVICE_SERVICE3': 'false'}
    [exp] Executing cmd `bash run.sh synthetic fanout-w3-grpc-async 8 800 20000`:
        [run.sh] Running benchmark synthetic with request fanout-w3-grpc-async, thread 8, conn 800, duration 60
        [run.sh] Deleting all services
        configmap "config-service0" deleted
        deployment.apps "service0" deleted
        service "service0" deleted
        configmap "config-service1" deleted
        deployment.apps "service1" deleted
        service "service1" deleted
        configmap "config-service2" deleted
        deployment.apps "service2" deleted
        service "service2" deleted
        configmap "config-service3" deleted
        deployment.apps "service3" deleted
        service "service3" deleted
        deployment.apps "ubuntu-client" deleted
        [run.sh] Waiting for all pods to be deleted
        [run.sh] Deploying all services
        configmap/config-service0 created
        deployment.apps/service0 created
        service/service0 created
        configmap/config-service1 created
        deployment.apps/service1 created
        service/service1 created
        configmap/config-service2 created
        deployment.apps/service2 created
        service/service2 created
        configmap/config-service3 created
        deployment.apps/service3 created
        service/service3 created
        [run.sh] Client pod not found, deploying client
        deployment.apps/ubuntu-client created
        [run.sh] Waiting for all pods to be running
        [run.sh] All pods are running
        [run.sh] Checking heartbeat for all services
        [run.sh] Running warmup test
        [run.sh] /wrk/wrk -t8 -c800 --timeout 3s -d3s -L http://service0:80/endpoint1
        Running 3s test @ http://service0:80/endpoint1
        8 threads and 800 connections
        Thread Stats   Avg      Stdev     Max   +/- Stdev
        Latency   620.39ms  257.48ms   1.50s    62.06%
        Req/Sec   173.63    113.40   530.00     65.56%
        Latency Distribution
        50%  567.45ms
        75%  836.19ms
        90%  989.35ms
        99%    1.18s
        3258 requests in 3.04s, 505.88KB read
        Requests/sec:   1070.71
        Transfer/sec:    166.25KB
        [run.sh] Speed is 1070.71, duration is 28
        [run.sh] Fix the request number.
        [run.sh] Running the actual test
        [run.sh] /wrk/wrk --timeout 20s -t8 -c800 -d28s -L -s /wrk/fix_req_n.lua http://service0:80/endpoint1
        Running 28s test @ http://service0:80/endpoint1
        8 threads and 800 connections
        Thread Stats   Avg      Stdev     Max   +/- Stdev
        Latency   584.44ms  287.98ms   2.01s    65.91%
        Req/Sec   178.43    125.98   636.00     66.01%
        Latency Distribution
        50%  538.69ms
        75%  767.34ms
        90%  986.94ms
        99%    1.37s
        20000 requests in 28.00s, 3.03MB read
        Requests/sec:    714.28
        Transfer/sec:    110.91KB
        ------------------------------
        stop time: 14.797742
        stop time: 14.630542
        stop time: 14.786425
        stop time: 14.800735
        stop time: 14.848275
        stop time: 14.969752
        stop time: 15.140838
        stop time: 14.956625
        [run.sh] Checking the resource usage
        NAME                             CPU(cores)   MEMORY(bytes)
        service0-65c69d6cd4-wktkr        216m         79Mi
        service1-86786875db-mpsvg        392m         16Mi
        service2-7bdbb95446-k2kmq        392m         11Mi
        service3-57b7c887c4-bzt2h        167m         11Mi
        ubuntu-client-76886f6bbd-9l7n4   20m          0Mi
        [run.sh] Test finished with status 0
        > STDERR
        > No resources found in default namespace.
    [exp] Times: [14.797742, 14.630542, 14.786425, 14.800735, 14.848275, 14.969752, 15.140838, 14.956625]
    [exp] Throughput: 1345.3186199647603
[test.py] Finished running 8th optmization experiment: groundtruth->1480.5396526319003, slowdown->1345.3186199647603, predicted->1518.8373710011076, err->2.5867404700121965
[test.py] Running 9th optmization experiment
[test.py] Running 9th groundtruth exp
    [exp] Running (pre_run: False) workload synthetic/fanout-w3-grpc-async request with the following configuration: {'CLIENT_CPU_QUOTA': '2', 'SLOWPOKE_POKER_BATCH_THRESHOLD': '20000000', 'PROCESSING_TIME_SERVICE0': '0.00091802', 'PROCESSING_TIME_SERVICE1': '0.00084359', 'PROCESSING_TIME_SERVICE2': '0.000747', 'PROCESSING_TIME_SERVICE3': '0.00027464', 'SLOWPOKE_DELAY_MICROS_SERVICE0': '0.0', 'SLOWPOKE_POKER_BATCH_THRESHOLD_SERVICE0': '100', 'SLOWPOKE_IS_TARGET_SERVICE_SERVICE0': 'false', 'SLOWPOKE_DELAY_MICROS_SERVICE1': '0.0', 'SLOWPOKE_POKER_BATCH_THRESHOLD_SERVICE1': '100', 'SLOWPOKE_IS_TARGET_SERVICE_SERVICE1': 'false', 'SLOWPOKE_DELAY_MICROS_SERVICE2': '0.0', 'SLOWPOKE_POKER_BATCH_THRESHOLD_SERVICE2': '100', 'SLOWPOKE_IS_TARGET_SERVICE_SERVICE2': 'true', 'SLOWPOKE_DELAY_MICROS_SERVICE3': '0.0', 'SLOWPOKE_POKER_BATCH_THRESHOLD_SERVICE3': '100', 'SLOWPOKE_IS_TARGET_SERVICE_SERVICE3': 'false'}
    [exp] Executing cmd `bash run.sh synthetic fanout-w3-grpc-async 8 800 20000`:
        [run.sh] Running benchmark synthetic with request fanout-w3-grpc-async, thread 8, conn 800, duration 60
        [run.sh] Deleting all services
        configmap "config-service0" deleted
        deployment.apps "service0" deleted
        service "service0" deleted
        configmap "config-service1" deleted
        deployment.apps "service1" deleted
        service "service1" deleted
        configmap "config-service2" deleted
        deployment.apps "service2" deleted
        service "service2" deleted
        configmap "config-service3" deleted
        deployment.apps "service3" deleted
        service "service3" deleted
        deployment.apps "ubuntu-client" deleted
        [run.sh] Waiting for all pods to be deleted
        [run.sh] Deploying all services
        configmap/config-service0 created
        deployment.apps/service0 created
        service/service0 created
        configmap/config-service1 created
        deployment.apps/service1 created
        service/service1 created
        configmap/config-service2 created
        deployment.apps/service2 created
        service/service2 created
        configmap/config-service3 created
        deployment.apps/service3 created
        service/service3 created
        [run.sh] Client pod not found, deploying client
        deployment.apps/ubuntu-client created
        [run.sh] Waiting for all pods to be running
        [run.sh] All pods are running
        [run.sh] Checking heartbeat for all services
        [run.sh] Running warmup test
        [run.sh] /wrk/wrk -t8 -c800 --timeout 3s -d3s -L http://service0:80/endpoint1
        Running 3s test @ http://service0:80/endpoint1
        8 threads and 800 connections
        Thread Stats   Avg      Stdev     Max   +/- Stdev
        Latency   522.95ms  226.69ms   1.34s    70.85%
        Req/Sec   198.37    128.38   510.00     63.86%
        Latency Distribution
        50%  508.56ms
        75%  650.43ms
        90%  812.70ms
        99%    1.19s
        4058 requests in 3.02s, 630.10KB read
        Requests/sec:   1341.92
        Transfer/sec:    208.36KB
        [run.sh] Speed is 1341.92, duration is 22
        [run.sh] Fix the request number.
        [run.sh] Running the actual test
        [run.sh] /wrk/wrk --timeout 20s -t8 -c800 -d22s -L -s /wrk/fix_req_n.lua http://service0:80/endpoint1
        Running 22s test @ http://service0:80/endpoint1
        8 threads and 800 connections
        Thread Stats   Avg      Stdev     Max   +/- Stdev
        Latency   540.20ms  283.59ms   2.17s    72.05%
        Req/Sec   193.97    141.55   660.00     67.95%
        Latency Distribution
        50%  474.12ms
        75%  681.21ms
        90%  948.74ms
        99%    1.43s
        20000 requests in 22.00s, 3.03MB read
        Requests/sec:    909.09
        Transfer/sec:    141.16KB
        ------------------------------
        stop time: 13.718026
        stop time: 13.724860
        stop time: 13.858090
        stop time: 13.722426
        stop time: 13.959131
        stop time: 13.970778
        stop time: 14.003613
        stop time: 13.989734
        [run.sh] Checking the resource usage
        NAME                             CPU(cores)   MEMORY(bytes)
        service0-6fb7cc7c7f-tqzn5        1460m        76Mi
        service1-76b89695f7-42mgp        182m         24Mi
        service2-7bdbb95446-fq567        0m           19Mi
        service3-766854894f-q2scc        250m         11Mi
        ubuntu-client-76886f6bbd-swkqz   6m           0Mi
        [run.sh] Test finished with status 0
        > STDERR
        > No resources found in default namespace.
    [exp] Times: [13.718026, 13.72486, 13.85809, 13.722426, 13.959131, 13.970778, 14.003613, 13.989734]
    [exp] Throughput: 1442.1344715043151
[test.py] Running 9th slowdown exp
    [exp] Running (pre_run: False) workload synthetic/fanout-w3-grpc-async request with the following configuration: {'CLIENT_CPU_QUOTA': '2', 'SLOWPOKE_POKER_BATCH_THRESHOLD': '20000000', 'PROCESSING_TIME_SERVICE0': '0.00091802', 'PROCESSING_TIME_SERVICE1': '0.00084359', 'PROCESSING_TIME_SERVICE2': '0.00083384', 'PROCESSING_TIME_SERVICE3': '0.00027464', 'SLOWPOKE_DELAY_MICROS_SERVICE0': '43.0', 'SLOWPOKE_POKER_BATCH_THRESHOLD_SERVICE0': '100', 'SLOWPOKE_IS_TARGET_SERVICE_SERVICE0': 'false', 'SLOWPOKE_DELAY_MICROS_SERVICE1': '43.0', 'SLOWPOKE_POKER_BATCH_THRESHOLD_SERVICE1': '100', 'SLOWPOKE_IS_TARGET_SERVICE_SERVICE1': 'false', 'SLOWPOKE_DELAY_MICROS_SERVICE2': '0.0', 'SLOWPOKE_POKER_BATCH_THRESHOLD_SERVICE2': '100', 'SLOWPOKE_IS_TARGET_SERVICE_SERVICE2': 'true', 'SLOWPOKE_DELAY_MICROS_SERVICE3': '43.0', 'SLOWPOKE_POKER_BATCH_THRESHOLD_SERVICE3': '100', 'SLOWPOKE_IS_TARGET_SERVICE_SERVICE3': 'false'}
    [exp] Executing cmd `bash run.sh synthetic fanout-w3-grpc-async 8 800 20000`:
        [run.sh] Running benchmark synthetic with request fanout-w3-grpc-async, thread 8, conn 800, duration 60
        [run.sh] Deleting all services
        configmap "config-service0" deleted
        deployment.apps "service0" deleted
        service "service0" deleted
        configmap "config-service1" deleted
        deployment.apps "service1" deleted
        service "service1" deleted
        configmap "config-service2" deleted
        deployment.apps "service2" deleted
        service "service2" deleted
        configmap "config-service3" deleted
        deployment.apps "service3" deleted
        service "service3" deleted
        deployment.apps "ubuntu-client" deleted
        [run.sh] Waiting for all pods to be deleted
        [run.sh] Deploying all services
        configmap/config-service0 created
        deployment.apps/service0 created
        service/service0 created
        configmap/config-service1 created
        deployment.apps/service1 created
        service/service1 created
        configmap/config-service2 created
        deployment.apps/service2 created
        service/service2 created
        configmap/config-service3 created
        deployment.apps/service3 created
        service/service3 created
        [run.sh] Client pod not found, deploying client
        deployment.apps/ubuntu-client created
        [run.sh] Waiting for all pods to be running
        [run.sh] All pods are running
        [run.sh] Checking heartbeat for all services
        [run.sh] Running warmup test
        [run.sh] /wrk/wrk -t8 -c800 --timeout 3s -d3s -L http://service0:80/endpoint1
        Running 3s test @ http://service0:80/endpoint1
        8 threads and 800 connections
        Thread Stats   Avg      Stdev     Max   +/- Stdev
        Latency   575.00ms  370.28ms   1.48s    67.47%
        Req/Sec   187.72    141.65   590.00     62.05%
        Latency Distribution
        50%  511.20ms
        75%  764.16ms
        90%    1.19s
        99%    1.44s
        3716 requests in 3.03s, 577.00KB read
        Requests/sec:   1225.17
        Transfer/sec:    190.24KB
        [run.sh] Speed is 1225.17, duration is 24
        [run.sh] Fix the request number.
        [run.sh] Running the actual test
        [run.sh] /wrk/wrk --timeout 20s -t8 -c800 -d24s -L -s /wrk/fix_req_n.lua http://service0:80/endpoint1
        Running 24s test @ http://service0:80/endpoint1
        8 threads and 800 connections
        Thread Stats   Avg      Stdev     Max   +/- Stdev
        Latency   557.16ms  273.94ms   1.97s    71.02%
        Req/Sec   186.26    126.39   710.00     66.96%
        Latency Distribution
        50%  510.98ms
        75%  701.72ms
        90%  924.79ms
        99%    1.34s
        20000 requests in 24.00s, 3.03MB read
        Requests/sec:    833.33
        Transfer/sec:    129.39KB
        ------------------------------
        stop time: 13.946977
        stop time: 14.195064
        stop time: 14.171604
        stop time: 14.438598
        stop time: 14.305399
        stop time: 14.224420
        stop time: 14.284406
        stop time: 14.234571
        [run.sh] Checking the resource usage
        NAME                             CPU(cores)   MEMORY(bytes)
        service1-65cd8b9688-t9lfw        368m         16Mi
        service2-7bdbb95446-q5lc4        437m         11Mi
        service3-6758f7d4d8-hkz2t        0m           11Mi
        ubuntu-client-76886f6bbd-thdq5   21m          0Mi
        [run.sh] Test finished with status 0
        > STDERR
        > No resources found in default namespace.
    [exp] Times: [13.946977, 14.195064, 14.171604, 14.438598, 14.305399, 14.22442, 14.284406, 14.234571]
    [exp] Throughput: 1405.962558918289
[test.py] Finished running 9th optmization experiment: groundtruth->1442.1344715043151, slowdown->1405.962558918289, predicted->1497.3724996441165, err->3.8302966353880743
[test.py] Baseline throughput:  1490.0846369005064
[test.py] Groundtruth:  [1522.070420642806, 1478.932090128229, 1454.1191729002862, 1483.206189345268, 1498.2949871263686, 1458.2543521509997, 1458.7845764311398, 1459.7530039527194, 1480.5396526319003, 1442.1344715043151]
[test.py] Slowdown:  [917.3160705456651, 940.3199552661587, 965.7391657419967, 1058.6706192310683, 1063.9504154420486, 1093.5984533127717, 1181.706346740944, 1271.7570001757729, 1345.3186199647603, 1405.962558918289]
[test.py] Predicted:  [1485.4056067581575, 1453.3873822666517, 1425.4023899810966, 1533.3640319201545, 1451.4347922780908, 1418.4549823080547, 1474.243654956663, 1515.3954995670804, 1518.8373710011076, 1497.3724996441165]
[test.py] Error percentage:  [-2.408877630587166, -1.7272400830360295, -1.9748575945060356, 3.38171745339248, -3.1275680190422728, -2.729247458390156, 1.0597231952741932, 3.81177469501294, 2.5867404700121965, 3.8302966353880743]
[test.py] ++++++++++++++++++++++++++++++++ Summary: 
[test.py] Result for the experiment 0: 
    Baseline throughput: 1463.5902828289431
    Groundtruth: [1453.180864870401, 1503.9522125200283, 1515.5671336043754, 1466.118111244754, 1459.7646972439807, 1485.2907709647748, 1454.915704139145, 1482.1687137084043, 1488.5195603099285, 1173.4426316915246]
    Slowdown:    [930.5511853576189, 954.3459734628354, 977.3997505052744, 1039.0132864863024, 1078.908712967369, 1153.2720128993474, 1183.352303949956, 1268.5973698472023, 1121.1246853773782, 1083.2990040392701]
    Predicted:   [1520.4225147738982, 1487.1701275408257, 1450.9516714931513, 1492.466922455598, 1479.4158334257663, 1520.5006248307252, 1476.8062956252384, 1510.9114198245197, 1239.0937293245595, 1136.7690301601026]
    Error Perc:  [4.627204467731147, -1.1158655733537244, -4.263450999861243, 1.7971820284297313, 1.3461851912768397, 2.370569760093492, 1.5045951750892526, 1.9392330879931212, -16.75663777864198, -3.125299911641766]
[test.py] Result for the experiment 1: 
    Baseline throughput: 1490.024329024118
    Groundtruth: [1477.6105932193725, 1080.081757328662, 1476.855655054295, 1491.7473413729256, 1456.2537063363375, 1503.3958140875177, 1423.922220811748, 1469.258434872636, 1490.3185738515633, 1445.7370257119628]
    Slowdown:    [772.7622630512881, 927.9442745336592, 984.8355211115896, 1037.2985323133403, 1094.1024078212567, 1116.5508772004014, 1186.6039239953486, 1276.582944899728, 1330.6492253371878, 1386.2998295509701]
    Predicted:   [1140.0700949296465, 1424.0329972654026, 1467.3988412153117, 1488.931377200105, 1508.1336096284379, 1457.3111528997101, 1481.874040891758, 1522.2526218185042, 1500.1660918264602, 1475.090134460735]
    Error Perc:  [-22.84367070990626, 31.844926331079446, -0.6403343350867785, -0.18876951174780182, 3.5625593992560907, -3.0653711255527565, 4.069872583839092, 3.6068662726759912, 0.6607659696172897, 2.030321436522461]
[test.py] Result for the experiment 2: 
    Baseline throughput: 1444.8927565376837
    Groundtruth: [1453.0630528286229, 1496.8242628028243, 1459.917259919253, 1514.355646688637, 1482.6291737424372, 1460.0278591565875, 1457.2127898255071, 1475.9875142895196, 1466.7224510105534, 1513.629013634477]
    Slowdown:    [896.0900728235041, 959.7139438230483, 968.0294656068963, 1029.9688358466956, 1061.659857545286, 1143.9370357608586, 1171.8167696324972, 1268.5211018088874, 1264.4062596739425, 1390.4511669900219]
    Predicted:   [1430.5348504262713, 1500.2464529860647, 1430.397420278253, 1473.875926876815, 1447.175345725442, 1504.3159105533007, 1458.8834045611877, 1510.8032345919553, 1416.500730245965, 1479.7911763085729]
    Error Perc:  [-1.5503940010377908, 0.22863005820284787, -2.0220214152843554, -2.6730655972615867, -2.391280884316003, 3.0333702962556477, 0.11464452874316645, 2.358808591900221, -3.42407799989604, -2.235543651786492]
[test.py] Result for the experiment 3: 
    Baseline throughput: 1428.1609470620815
    Groundtruth: [1496.7431337142607, 1510.4027146165909, 1502.7998240860095, 1499.0230913358234, 1467.7549959880291, 1500.8324648672472, 1456.1584545033118, 1478.6896743016864, 1488.058562544729, 1466.2440022830885]
    Slowdown:    [915.0542395826923, 952.0661188498055, 972.9524568241402, 1045.2215222243035, 1082.6017048987571, 1141.4620153687588, 1178.4197117682604, 1266.3568387472012, 1290.6333318448028, 1382.4950652270677]
    Predicted:   [1479.4838631909067, 1481.6412380760878, 1441.17252643813, 1505.3100092823063, 1486.3683440553286, 1500.038738500422, 1469.1318773024395, 1507.734290553628, 1449.4992994569886, 1470.7831410967678]
    Error Perc:  [-1.1531217437773718, -1.904225691742353, -4.100832104193296, 0.41940100741746333, 1.2681508915437083, -0.052885740774234066, 0.8909348264267671, 1.9642130973598568, -2.591246343275645, 0.3095759509748315]
[test.py] Result for the experiment 4: 
    Baseline throughput: 1490.0846369005064
    Groundtruth: [1522.070420642806, 1478.932090128229, 1454.1191729002862, 1483.206189345268, 1498.2949871263686, 1458.2543521509997, 1458.7845764311398, 1459.7530039527194, 1480.5396526319003, 1442.1344715043151]
    Slowdown:    [917.3160705456651, 940.3199552661587, 965.7391657419967, 1058.6706192310683, 1063.9504154420486, 1093.5984533127717, 1181.706346740944, 1271.7570001757729, 1345.3186199647603, 1405.962558918289]
    Predicted:   [1485.4056067581575, 1453.3873822666517, 1425.4023899810966, 1533.3640319201545, 1451.4347922780908, 1418.4549823080547, 1474.243654956663, 1515.3954995670804, 1518.8373710011076, 1497.3724996441165]
    Error Perc:  [-2.408877630587166, -1.7272400830360295, -1.9748575945060356, 3.38171745339248, -3.1275680190422728, -2.729247458390156, 1.0597231952741932, 3.81177469501294, 2.5867404700121965, 3.8302966353880743]
