benchmark                        : mutex
num_threads                      : 8
num_conns                        : 512
target_service                   : service1
request_type                     : mix
repetitions                      : 3
target_num_exp                   : 10
pre_run                          : False
num_req                          : 100000
groundtruths                     : []
slowdowns                        : []
predicteds                       : []
errs                             : []
client_cpu_quota                 : 8
random_seed                      : 1234
request_ratio                    : {'service1': 1, 'service2': 1}
baseline_service_processing_time : {'service1': 400, 'service2': 0}
cpu_quota                        : {'service1': 2, 'service2': 2}
target_processing_time_range     : [0, 400]
baseline_throughputs             : []
poker_batch                      : 20000000
[test.py] Starting experiment...
[test.py] >>>>>>>>>>>>>>>>>>>>>>>>>>>>> Running experiment 0...
[test.py] Actual processing time range: [0, 40, 80, 120, 160, 200, 240, 280, 320, 360]
[test.py] Running baseline experiment
    [exp] Running (pre_run: False) workload mutex/mix request with the following configuration: {'CLIENT_CPU_QUOTA': '8', 'SLOWPOKE_POKER_BATCH_THRESHOLD': '20000000', 'SLOWPOKE_PROCESSING_MICROS_SERVICE1': '400', 'SLOWPOKE_PROCESSING_MICROS_SERVICE2': '0', 'SLOWPOKE_DELAY_MICROS_SERVICE1': '0.0', 'SLOWPOKE_DELAY_MICROS_SERVICE2': '0.0'}
    [exp] Executing cmd `bash run.sh mutex mix 8 512 100000`:
        [run.sh] Running benchmark mutex with request mix, thread 8, conn 512, duration 60
        [run.sh] Deleting all services
        service "service1" deleted
        deployment.apps "service1" deleted
        service "service2" deleted
        deployment.apps "service2" deleted
        deployment.apps "ubuntu-client" deleted
        [run.sh] Waiting for all pods to be deleted
        [run.sh] Deploying all services
        service/service1 created
        deployment.apps/service1 created
        service/service2 created
        deployment.apps/service2 created
        [run.sh] Client pod not found, deploying client
        deployment.apps/ubuntu-client created
        [run.sh] Waiting for all pods to be running
        [run.sh] All pods are running
        [run.sh] Starting the rust proxy first for mutex
        [run.sh] Running warmup test
        [run.sh] /wrk/wrk -t8 -c512 -d3s -L http://service1:80/
        Running 3s test @ http://service1:80/
        8 threads and 512 connections
        Thread Stats   Avg      Stdev     Max   +/- Stdev
        Latency   259.73ms   43.61ms 518.50ms   91.31%
        Req/Sec   250.93     71.23   474.00     78.57%
        Latency Distribution
        50%  249.74ms
        75%  261.87ms
        90%  280.86ms
        99%  460.13ms
        5649 requests in 3.03s, 799.91KB read
        Requests/sec:   1867.23
        Transfer/sec:    264.40KB
        [run.sh] Speed is 1867.23, duration is 80
        [run.sh] Fix the request number.
        [run.sh] Running the actual test
        [run.sh] /wrk/wrk --timeout 20s -t8 -c512 -d80s -L -s /wrk/fix_req_n.lua http://service1:80/
        [run.sh] Checking the resource usage
        NAME                             CPU(cores)   MEMORY(bytes)
        service1-5fbf55cb56-zfs2n        1950m        39Mi
        service2-756bdb8c65-dxjgx        907m         10Mi
        ubuntu-client-76886f6bbd-j8cjt   65m          11Mi
        Running 1m test @ http://service1:80/
        8 threads and 512 connections
        Thread Stats   Avg      Stdev     Max   +/- Stdev
        Latency   250.33ms   27.11ms 559.87ms   85.97%
        Req/Sec   257.03     52.82   610.00     71.67%
        Latency Distribution
        50%  248.69ms
        75%  260.62ms
        90%  273.09ms
        99%  330.18ms
        100000 requests in 1.33m, 13.83MB read
        Requests/sec:   1250.00
        Transfer/sec:    177.00KB
        ------------------------------
        stop time: 48.849079
        stop time: 48.947882
        stop time: 49.011336
        stop time: 49.088733
        stop time: 49.076133
        stop time: 49.014693
        stop time: 49.033622
        stop time: 49.050216
        [run.sh] Test finished with status 0
        > STDERR
        > No resources found in default namespace.
        > error: Found argument 'mutex' which wasn't expected, or isn't valid in this context
        > 
        > USAGE:
        > proxy <SUBCOMMAND>
        > 
        > For more information try --help
    [exp] Times: [48.849079, 48.947882, 49.011336, 49.088733, 49.076133, 49.014693, 49.033622, 49.050216]
    [exp] Throughput: 2040.4431440541587
[test.py] Baseline throughput: 2040.4431440541587
[test.py] Running groundtruth experiment
    [exp] Running (pre_run: False) workload mutex/mix request with the following configuration: {'CLIENT_CPU_QUOTA': '8', 'SLOWPOKE_POKER_BATCH_THRESHOLD': '20000000', 'SLOWPOKE_PROCESSING_MICROS_SERVICE1': '0', 'SLOWPOKE_PROCESSING_MICROS_SERVICE2': '0', 'SLOWPOKE_DELAY_MICROS_SERVICE1': '0.0', 'SLOWPOKE_DELAY_MICROS_SERVICE2': '0.0'}
    [exp] Executing cmd `bash run.sh mutex mix 8 512 100000`:
        [run.sh] Running benchmark mutex with request mix, thread 8, conn 512, duration 60
        [run.sh] Deleting all services
        service "service1" deleted
        deployment.apps "service1" deleted
        service "service2" deleted
        deployment.apps "service2" deleted
        deployment.apps "ubuntu-client" deleted
        [run.sh] Waiting for all pods to be deleted
        [run.sh] Deploying all services
        service/service1 created
        deployment.apps/service1 created
        service/service2 created
        deployment.apps/service2 created
        [run.sh] Client pod not found, deploying client
        deployment.apps/ubuntu-client created
        [run.sh] Waiting for all pods to be running
        [run.sh] All pods are running
        [run.sh] Starting the rust proxy first for mutex
        [run.sh] Running warmup test
        [run.sh] /wrk/wrk -t8 -c512 -d3s -L http://service1:80/
        Running 3s test @ http://service1:80/
        8 threads and 512 connections
        Thread Stats   Avg      Stdev     Max   +/- Stdev
        Latency   187.68ms   20.55ms 336.80ms   92.28%
        Req/Sec   339.86    113.37   590.00     68.10%
        Latency Distribution
        50%  183.71ms
        75%  184.89ms
        90%  190.65ms
        99%  306.04ms
        7918 requests in 3.02s, 1.09MB read
        Requests/sec:   2620.34
        Transfer/sec:    371.04KB
        [run.sh] Speed is 2620.34, duration is 57
        [run.sh] Fix the request number.
        [run.sh] Running the actual test
        [run.sh] /wrk/wrk --timeout 20s -t8 -c512 -d57s -L -s /wrk/fix_req_n.lua http://service1:80/
        [run.sh] Checking the resource usage
        NAME                             CPU(cores)   MEMORY(bytes)
        service1-dd7fb8868-qttdx         1446m        37Mi
        service2-756bdb8c65-qt6v9        1192m        11Mi
        ubuntu-client-76886f6bbd-dvzj6   82m          9Mi
        Running 1m test @ http://service1:80/
        8 threads and 512 connections
        Thread Stats   Avg      Stdev     Max   +/- Stdev
        Latency   184.36ms    6.16ms 305.21ms   90.72%
        Req/Sec   348.25     66.57   560.00     70.52%
        Latency Distribution
        50%  183.78ms
        75%  184.98ms
        90%  188.06ms
        99%  203.60ms
        100000 requests in 0.95m, 13.83MB read
        Requests/sec:   1754.38
        Transfer/sec:    248.42KB
        ------------------------------
        stop time: 36.038748
        stop time: 36.120795
        stop time: 36.138211
        stop time: 36.141470
        stop time: 36.152995
        stop time: 36.133455
        stop time: 36.125192
        stop time: 36.125968
        [run.sh] Test finished with status 0
        > STDERR
        > No resources found in default namespace.
        > error: Found argument 'mutex' which wasn't expected, or isn't valid in this context
        > 
        > USAGE:
        > proxy <SUBCOMMAND>
        > 
        > For more information try --help
    [exp] Times: [36.038748, 36.120795, 36.138211, 36.14147, 36.152995, 36.133455, 36.125192, 36.125968]
    [exp] Throughput: 2768.3880016486028
    [exp] Running (pre_run: False) workload mutex/mix request with the following configuration: {'CLIENT_CPU_QUOTA': '8', 'SLOWPOKE_POKER_BATCH_THRESHOLD': '20000000', 'SLOWPOKE_PROCESSING_MICROS_SERVICE1': '40', 'SLOWPOKE_PROCESSING_MICROS_SERVICE2': '0', 'SLOWPOKE_DELAY_MICROS_SERVICE1': '0.0', 'SLOWPOKE_DELAY_MICROS_SERVICE2': '0.0'}
    [exp] Executing cmd `bash run.sh mutex mix 8 512 100000`:
        [run.sh] Running benchmark mutex with request mix, thread 8, conn 512, duration 60
        [run.sh] Deleting all services
        service "service1" deleted
        deployment.apps "service1" deleted
        service "service2" deleted
        deployment.apps "service2" deleted
        deployment.apps "ubuntu-client" deleted
        [run.sh] Waiting for all pods to be deleted
        [run.sh] Deploying all services
        service/service1 created
        deployment.apps/service1 created
        service/service2 created
        deployment.apps/service2 created
        [run.sh] Client pod not found, deploying client
        deployment.apps/ubuntu-client created
        [run.sh] Waiting for all pods to be running
        [run.sh] All pods are running
        [run.sh] Starting the rust proxy first for mutex
        [run.sh] Running warmup test
        [run.sh] /wrk/wrk -t8 -c512 -d3s -L http://service1:80/
        Running 3s test @ http://service1:80/
        8 threads and 512 connections
        Thread Stats   Avg      Stdev     Max   +/- Stdev
        Latency   191.10ms   23.48ms 349.93ms   93.31%
        Req/Sec   334.86    115.17   545.00     62.77%
        Latency Distribution
        50%  184.20ms
        75%  187.49ms
        90%  210.48ms
        99%  322.35ms
        7785 requests in 3.02s, 1.08MB read
        Requests/sec:   2580.01
        Transfer/sec:    365.33KB
        [run.sh] Speed is 2580.01, duration is 58
        [run.sh] Fix the request number.
        [run.sh] Running the actual test
        [run.sh] /wrk/wrk --timeout 20s -t8 -c512 -d58s -L -s /wrk/fix_req_n.lua http://service1:80/
        [run.sh] Checking the resource usage
        NAME                             CPU(cores)   MEMORY(bytes)
        service1-f7b6dd58b-58cp5         1723m        38Mi
        service2-756bdb8c65-9fvlc        1199m        11Mi
        ubuntu-client-76886f6bbd-tpfcb   83m          9Mi
        Running 1m test @ http://service1:80/
        8 threads and 512 connections
        Thread Stats   Avg      Stdev     Max   +/- Stdev
        Latency   184.48ms    7.54ms 298.58ms   92.25%
        Req/Sec   347.80     86.87   610.00     75.49%
        Latency Distribution
        50%  183.76ms
        75%  185.17ms
        90%  188.43ms
        99%  211.01ms
        100000 requests in 0.97m, 13.83MB read
        Requests/sec:   1724.13
        Transfer/sec:    244.14KB
        ------------------------------
        stop time: 35.994225
        stop time: 36.133597
        stop time: 36.135573
        stop time: 36.167906
        stop time: 36.181528
        stop time: 36.160793
        stop time: 36.168585
        stop time: 36.156730
        [run.sh] Test finished with status 0
        > STDERR
        > No resources found in default namespace.
        > error: Found argument 'mutex' which wasn't expected, or isn't valid in this context
        > 
        > USAGE:
        > proxy <SUBCOMMAND>
        > 
        > For more information try --help
    [exp] Times: [35.994225, 36.133597, 36.135573, 36.167906, 36.181528, 36.160793, 36.168585, 36.15673]
    [exp] Throughput: 2767.218753211811
    [exp] Running (pre_run: False) workload mutex/mix request with the following configuration: {'CLIENT_CPU_QUOTA': '8', 'SLOWPOKE_POKER_BATCH_THRESHOLD': '20000000', 'SLOWPOKE_PROCESSING_MICROS_SERVICE1': '80', 'SLOWPOKE_PROCESSING_MICROS_SERVICE2': '0', 'SLOWPOKE_DELAY_MICROS_SERVICE1': '0.0', 'SLOWPOKE_DELAY_MICROS_SERVICE2': '0.0'}
    [exp] Executing cmd `bash run.sh mutex mix 8 512 100000`:
        [run.sh] Running benchmark mutex with request mix, thread 8, conn 512, duration 60
        [run.sh] Deleting all services
        service "service1" deleted
        deployment.apps "service1" deleted
        service "service2" deleted
        deployment.apps "service2" deleted
        deployment.apps "ubuntu-client" deleted
        [run.sh] Waiting for all pods to be deleted
        [run.sh] Deploying all services
        service/service1 created
        deployment.apps/service1 created
        service/service2 created
        deployment.apps/service2 created
        [run.sh] Client pod not found, deploying client
        deployment.apps/ubuntu-client created
        [run.sh] Waiting for all pods to be running
        [run.sh] All pods are running
        [run.sh] Starting the rust proxy first for mutex
        [run.sh] Running warmup test
        [run.sh] /wrk/wrk -t8 -c512 -d3s -L http://service1:80/
        Running 3s test @ http://service1:80/
        8 threads and 512 connections
        Thread Stats   Avg      Stdev     Max   +/- Stdev
        Latency   189.37ms   24.39ms 360.71ms   94.66%
        Req/Sec   338.79     96.95   545.00     75.00%
        Latency Distribution
        50%  183.86ms
        75%  185.59ms
        90%  188.95ms
        99%  328.90ms
        7862 requests in 3.03s, 1.09MB read
        Requests/sec:   2598.79
        Transfer/sec:    367.99KB
        [run.sh] Speed is 2598.79, duration is 57
        [run.sh] Fix the request number.
        [run.sh] Running the actual test
        [run.sh] /wrk/wrk --timeout 20s -t8 -c512 -d57s -L -s /wrk/fix_req_n.lua http://service1:80/
        [run.sh] Checking the resource usage
        NAME                             CPU(cores)   MEMORY(bytes)
        service1-5f6d8cccd6-cfqpt        1802m        37Mi
        service2-756bdb8c65-9kmcf        1198m        11Mi
        ubuntu-client-76886f6bbd-zlxm5   84m          9Mi
        Running 1m test @ http://service1:80/
        8 threads and 512 connections
        Thread Stats   Avg      Stdev     Max   +/- Stdev
        Latency   184.51ms    7.69ms 319.36ms   89.08%
        Req/Sec   347.99     67.58   630.00     71.50%
        Latency Distribution
        50%  183.83ms
        75%  185.41ms
        90%  188.82ms
        99%  209.34ms
        100000 requests in 0.95m, 13.83MB read
        Requests/sec:   1754.38
        Transfer/sec:    248.42KB
        ------------------------------
        stop time: 36.046072
        stop time: 36.137465
        stop time: 36.166272
        stop time: 36.176723
        stop time: 36.200521
        stop time: 36.150802
        stop time: 36.142776
        stop time: 36.153940
        [run.sh] Test finished with status 0
        > STDERR
        > No resources found in default namespace.
        > error: Found argument 'mutex' which wasn't expected, or isn't valid in this context
        > 
        > USAGE:
        > proxy <SUBCOMMAND>
        > 
        > For more information try --help
    [exp] Times: [36.046072, 36.137465, 36.166272, 36.176723, 36.200521, 36.150802, 36.142776, 36.15394]
    [exp] Throughput: 2766.4949834057156
    [exp] Running (pre_run: False) workload mutex/mix request with the following configuration: {'CLIENT_CPU_QUOTA': '8', 'SLOWPOKE_POKER_BATCH_THRESHOLD': '20000000', 'SLOWPOKE_PROCESSING_MICROS_SERVICE1': '120', 'SLOWPOKE_PROCESSING_MICROS_SERVICE2': '0', 'SLOWPOKE_DELAY_MICROS_SERVICE1': '0.0', 'SLOWPOKE_DELAY_MICROS_SERVICE2': '0.0'}
    [exp] Executing cmd `bash run.sh mutex mix 8 512 100000`:
        [run.sh] Running benchmark mutex with request mix, thread 8, conn 512, duration 60
        [run.sh] Deleting all services
        service "service1" deleted
        deployment.apps "service1" deleted
        service "service2" deleted
        deployment.apps "service2" deleted
        deployment.apps "ubuntu-client" deleted
        [run.sh] Waiting for all pods to be deleted
        [run.sh] Deploying all services
        service/service1 created
        deployment.apps/service1 created
        service/service2 created
        deployment.apps/service2 created
        [run.sh] Client pod not found, deploying client
        deployment.apps/ubuntu-client created
        [run.sh] Waiting for all pods to be running
        [run.sh] All pods are running
        [run.sh] Starting the rust proxy first for mutex
        [run.sh] Running warmup test
        [run.sh] /wrk/wrk -t8 -c512 -d3s -L http://service1:80/
        Running 3s test @ http://service1:80/
        8 threads and 512 connections
        Thread Stats   Avg      Stdev     Max   +/- Stdev
        Latency   189.62ms   27.35ms 377.76ms   94.35%
        Req/Sec   339.38    115.19   565.00     67.53%
        Latency Distribution
        50%  183.36ms
        75%  184.79ms
        90%  188.97ms
        99%  339.87ms
        7842 requests in 3.03s, 1.08MB read
        Requests/sec:   2589.71
        Transfer/sec:    366.71KB
        [run.sh] Speed is 2589.71, duration is 57
        [run.sh] Fix the request number.
        [run.sh] Running the actual test
        [run.sh] /wrk/wrk --timeout 20s -t8 -c512 -d57s -L -s /wrk/fix_req_n.lua http://service1:80/
        [run.sh] Checking the resource usage
        Running 1m test @ http://service1:80/
        8 threads and 512 connections
        Thread Stats   Avg      Stdev     Max   +/- Stdev
        Latency   184.78ms    9.95ms 329.55ms   88.75%
        Req/Sec   347.60     61.74   575.00     70.06%
        Latency Distribution
        50%  183.76ms
        75%  186.04ms
        90%  191.16ms
        99%  220.19ms
        100000 requests in 0.95m, 13.83MB read
        Requests/sec:   1754.38
        Transfer/sec:    248.42KB
        ------------------------------
        stop time: 36.071947
        stop time: 36.189732
        stop time: 36.197851
        stop time: 36.220989
        stop time: 36.223879
        stop time: 36.226228
        stop time: 36.240584
        stop time: 36.246475
        [run.sh] Test finished with status 0
        > STDERR
        > No resources found in default namespace.
        > error: Found argument 'mutex' which wasn't expected, or isn't valid in this context
        > 
        > USAGE:
        > proxy <SUBCOMMAND>
        > 
        > For more information try --help
        > error: metrics not available yet
    [exp] Times: [36.071947, 36.189732, 36.197851, 36.220989, 36.223879, 36.226228, 36.240584, 36.246475]
    [exp] Throughput: 2762.262256187843
    [exp] Running (pre_run: False) workload mutex/mix request with the following configuration: {'CLIENT_CPU_QUOTA': '8', 'SLOWPOKE_POKER_BATCH_THRESHOLD': '20000000', 'SLOWPOKE_PROCESSING_MICROS_SERVICE1': '160', 'SLOWPOKE_PROCESSING_MICROS_SERVICE2': '0', 'SLOWPOKE_DELAY_MICROS_SERVICE1': '0.0', 'SLOWPOKE_DELAY_MICROS_SERVICE2': '0.0'}
    [exp] Executing cmd `bash run.sh mutex mix 8 512 100000`:
        [run.sh] Running benchmark mutex with request mix, thread 8, conn 512, duration 60
        [run.sh] Deleting all services
        service "service1" deleted
        deployment.apps "service1" deleted
        service "service2" deleted
        deployment.apps "service2" deleted
        deployment.apps "ubuntu-client" deleted
        [run.sh] Waiting for all pods to be deleted
        [run.sh] Deploying all services
        service/service1 created
        deployment.apps/service1 created
        service/service2 created
        deployment.apps/service2 created
        [run.sh] Client pod not found, deploying client
        deployment.apps/ubuntu-client created
        [run.sh] Waiting for all pods to be running
        [run.sh] All pods are running
        [run.sh] Starting the rust proxy first for mutex
        [run.sh] Running warmup test
        [run.sh] /wrk/wrk -t8 -c512 -d3s -L http://service1:80/
        Running 3s test @ http://service1:80/
        8 threads and 512 connections
        Thread Stats   Avg      Stdev     Max   +/- Stdev
        Latency   192.74ms   29.81ms 370.11ms   92.47%
        Req/Sec   334.34     90.69   560.00     76.52%
        Latency Distribution
        50%  185.28ms
        75%  194.65ms
        90%  212.15ms
        99%  345.98ms
        7713 requests in 3.03s, 1.07MB read
        Requests/sec:   2548.85
        Transfer/sec:    360.92KB
        [run.sh] Speed is 2548.85, duration is 58
        [run.sh] Fix the request number.
        [run.sh] Running the actual test
        [run.sh] /wrk/wrk --timeout 20s -t8 -c512 -d58s -L -s /wrk/fix_req_n.lua http://service1:80/
        [run.sh] Checking the resource usage
        Running 1m test @ http://service1:80/
        8 threads and 512 connections
        Thread Stats   Avg      Stdev     Max   +/- Stdev
        Latency   185.35ms   11.74ms 369.89ms   81.63%
        Req/Sec   346.14     49.04   510.00     72.98%
        Latency Distribution
        50%  184.12ms
        75%  190.17ms
        90%  196.98ms
        99%  218.54ms
        100000 requests in 0.97m, 13.83MB read
        Requests/sec:   1724.13
        Transfer/sec:    244.14KB
        ------------------------------
        stop time: 36.196699
        stop time: 36.317546
        stop time: 36.319551
        stop time: 36.327513
        stop time: 36.319379
        stop time: 36.351051
        stop time: 36.289441
        stop time: 36.347194
        [run.sh] Test finished with status 0
        > STDERR
        > No resources found in default namespace.
        > error: Found argument 'mutex' which wasn't expected, or isn't valid in this context
        > 
        > USAGE:
        > proxy <SUBCOMMAND>
        > 
        > For more information try --help
        > error: metrics not available yet
    [exp] Times: [36.196699, 36.317546, 36.319551, 36.327513, 36.319379, 36.351051, 36.289441, 36.347194]
    [exp] Throughput: 2754.172473179472
    [exp] Running (pre_run: False) workload mutex/mix request with the following configuration: {'CLIENT_CPU_QUOTA': '8', 'SLOWPOKE_POKER_BATCH_THRESHOLD': '20000000', 'SLOWPOKE_PROCESSING_MICROS_SERVICE1': '200', 'SLOWPOKE_PROCESSING_MICROS_SERVICE2': '0', 'SLOWPOKE_DELAY_MICROS_SERVICE1': '0.0', 'SLOWPOKE_DELAY_MICROS_SERVICE2': '0.0'}
    [exp] Executing cmd `bash run.sh mutex mix 8 512 100000`:
        [run.sh] Running benchmark mutex with request mix, thread 8, conn 512, duration 60
        [run.sh] Deleting all services
        service "service1" deleted
        deployment.apps "service1" deleted
        service "service2" deleted
        deployment.apps "service2" deleted
        deployment.apps "ubuntu-client" deleted
        [run.sh] Waiting for all pods to be deleted
        [run.sh] Deploying all services
        service/service1 created
        deployment.apps/service1 created
        service/service2 created
        deployment.apps/service2 created
        [run.sh] Client pod not found, deploying client
        deployment.apps/ubuntu-client created
        [run.sh] Waiting for all pods to be running
        [run.sh] All pods are running
        [run.sh] Starting the rust proxy first for mutex
        [run.sh] Running warmup test
        [run.sh] /wrk/wrk -t8 -c512 -d3s -L http://service1:80/
        Running 3s test @ http://service1:80/
        8 threads and 512 connections
        Thread Stats   Avg      Stdev     Max   +/- Stdev
        Latency   205.03ms   35.60ms 413.85ms   91.03%
        Req/Sec   318.10     83.11   505.00     71.88%
        Latency Distribution
        50%  196.60ms
        75%  208.52ms
        90%  231.99ms
        99%  374.64ms
        7249 requests in 3.03s, 1.00MB read
        Requests/sec:   2395.76
        Transfer/sec:    339.24KB
        [run.sh] Speed is 2395.76, duration is 62
        [run.sh] Fix the request number.
        [run.sh] Running the actual test
        [run.sh] /wrk/wrk --timeout 20s -t8 -c512 -d62s -L -s /wrk/fix_req_n.lua http://service1:80/
        [run.sh] Checking the resource usage
        Running 1m test @ http://service1:80/
        8 threads and 512 connections
        Thread Stats   Avg      Stdev     Max   +/- Stdev
        Latency   195.26ms   15.96ms 395.57ms   76.63%
        Req/Sec   329.02     54.02   535.00     74.70%
        Latency Distribution
        50%  193.82ms
        75%  203.11ms
        90%  212.72ms
        99%  248.84ms
        100000 requests in 1.03m, 13.83MB read
        Requests/sec:   1612.90
        Transfer/sec:    228.39KB
        ------------------------------
        stop time: 38.237028
        stop time: 38.228605
        stop time: 38.267540
        stop time: 38.259178
        stop time: 38.252616
        stop time: 38.245323
        stop time: 38.250054
        stop time: 38.202811
        [run.sh] Test finished with status 0
        > STDERR
        > No resources found in default namespace.
        > error: Found argument 'mutex' which wasn't expected, or isn't valid in this context
        > 
        > USAGE:
        > proxy <SUBCOMMAND>
        > 
        > For more information try --help
        > error: metrics not available yet
    [exp] Times: [38.237028, 38.228605, 38.26754, 38.259178, 38.252616, 38.245323, 38.250054, 38.202811]
    [exp] Throughput: 2614.8648431111333
    [exp] Running (pre_run: False) workload mutex/mix request with the following configuration: {'CLIENT_CPU_QUOTA': '8', 'SLOWPOKE_POKER_BATCH_THRESHOLD': '20000000', 'SLOWPOKE_PROCESSING_MICROS_SERVICE1': '240', 'SLOWPOKE_PROCESSING_MICROS_SERVICE2': '0', 'SLOWPOKE_DELAY_MICROS_SERVICE1': '0.0', 'SLOWPOKE_DELAY_MICROS_SERVICE2': '0.0'}
    [exp] Executing cmd `bash run.sh mutex mix 8 512 100000`:
        [run.sh] Running benchmark mutex with request mix, thread 8, conn 512, duration 60
        [run.sh] Deleting all services
        service "service1" deleted
        deployment.apps "service1" deleted
        service "service2" deleted
        deployment.apps "service2" deleted
        deployment.apps "ubuntu-client" deleted
        [run.sh] Waiting for all pods to be deleted
        [run.sh] Deploying all services
        service/service1 created
        deployment.apps/service1 created
        service/service2 created
        deployment.apps/service2 created
        [run.sh] Client pod not found, deploying client
        deployment.apps/ubuntu-client created
        [run.sh] Waiting for all pods to be running
        [run.sh] All pods are running
        [run.sh] Starting the rust proxy first for mutex
        [run.sh] Running warmup test
        [run.sh] /wrk/wrk -t8 -c512 -d3s -L http://service1:80/
        Running 3s test @ http://service1:80/
        8 threads and 512 connections
        Thread Stats   Avg      Stdev     Max   +/- Stdev
        Latency   215.57ms   37.55ms 438.63ms   89.58%
        Req/Sec   301.46     77.78   464.00     68.30%
        Latency Distribution
        50%  206.25ms
        75%  220.90ms
        90%  248.99ms
        99%  394.36ms
        6864 requests in 3.03s, 0.95MB read
        Requests/sec:   2267.61
        Transfer/sec:    321.10KB
        [run.sh] Speed is 2267.61, duration is 66
        [run.sh] Fix the request number.
        [run.sh] Running the actual test
        [run.sh] /wrk/wrk --timeout 20s -t8 -c512 -d66s -L -s /wrk/fix_req_n.lua http://service1:80/
        [run.sh] Checking the resource usage
        NAME                        CPU(cores)   MEMORY(bytes)
        service1-6977bddd5d-tlfqx   270m         36Mi
        service2-756bdb8c65-8c5qh   232m         10Mi
        Running 1m test @ http://service1:80/
        8 threads and 512 connections
        Thread Stats   Avg      Stdev     Max   +/- Stdev
        Latency   204.50ms   17.08ms 385.96ms   76.97%
        Req/Sec   314.04     48.68   525.00     71.75%
        Latency Distribution
        50%  203.00ms
        75%  212.92ms
        90%  222.68ms
        99%  261.46ms
        100000 requests in 1.10m, 13.83MB read
        Requests/sec:   1515.15
        Transfer/sec:    214.55KB
        ------------------------------
        stop time: 39.948468
        stop time: 40.068683
        stop time: 40.095869
        stop time: 40.082402
        stop time: 40.091557
        stop time: 40.041649
        stop time: 40.049579
        stop time: 40.048577
        [run.sh] Test finished with status 0
        > STDERR
        > No resources found in default namespace.
        > error: Found argument 'mutex' which wasn't expected, or isn't valid in this context
        > 
        > USAGE:
        > proxy <SUBCOMMAND>
        > 
        > For more information try --help
    [exp] Times: [39.948468, 40.068683, 40.095869, 40.082402, 40.091557, 40.041649, 40.049579, 40.048577]
    [exp] Throughput: 2496.670190966308
    [exp] Running (pre_run: False) workload mutex/mix request with the following configuration: {'CLIENT_CPU_QUOTA': '8', 'SLOWPOKE_POKER_BATCH_THRESHOLD': '20000000', 'SLOWPOKE_PROCESSING_MICROS_SERVICE1': '280', 'SLOWPOKE_PROCESSING_MICROS_SERVICE2': '0', 'SLOWPOKE_DELAY_MICROS_SERVICE1': '0.0', 'SLOWPOKE_DELAY_MICROS_SERVICE2': '0.0'}
    [exp] Executing cmd `bash run.sh mutex mix 8 512 100000`:
        [run.sh] Running benchmark mutex with request mix, thread 8, conn 512, duration 60
        [run.sh] Deleting all services
        service "service1" deleted
        deployment.apps "service1" deleted
        service "service2" deleted
        deployment.apps "service2" deleted
        deployment.apps "ubuntu-client" deleted
        [run.sh] Waiting for all pods to be deleted
        [run.sh] Deploying all services
        service/service1 created
        deployment.apps/service1 created
        service/service2 created
        deployment.apps/service2 created
        [run.sh] Client pod not found, deploying client
        deployment.apps/ubuntu-client created
        [run.sh] Waiting for all pods to be running
        [run.sh] All pods are running
        [run.sh] Starting the rust proxy first for mutex
        [run.sh] Running warmup test
        [run.sh] /wrk/wrk -t8 -c512 -d3s -L http://service1:80/
        Running 3s test @ http://service1:80/
        8 threads and 512 connections
        Thread Stats   Avg      Stdev     Max   +/- Stdev
        Latency   227.94ms   35.89ms 434.40ms   89.59%
        Req/Sec   285.33     75.78   434.00     72.77%
        Latency Distribution
        50%  219.99ms
        75%  234.40ms
        90%  254.48ms
        99%  393.95ms
        6493 requests in 3.02s, 0.90MB read
        Requests/sec:   2146.50
        Transfer/sec:    303.95KB
        [run.sh] Speed is 2146.50, duration is 69
        [run.sh] Fix the request number.
        [run.sh] Running the actual test
        [run.sh] /wrk/wrk --timeout 20s -t8 -c512 -d69s -L -s /wrk/fix_req_n.lua http://service1:80/
        [run.sh] Checking the resource usage
        NAME                        CPU(cores)   MEMORY(bytes)
        service2-756bdb8c65-wpj4f   58m          10Mi
        Running 1m test @ http://service1:80/
        8 threads and 512 connections
        Thread Stats   Avg      Stdev     Max   +/- Stdev
        Latency   216.28ms   19.34ms 465.26ms   77.22%
        Req/Sec   296.78     50.99   520.00     72.05%
        Latency Distribution
        50%  214.74ms
        75%  225.73ms
        90%  237.16ms
        99%  274.28ms
        100000 requests in 1.15m, 13.83MB read
        Requests/sec:   1449.27
        Transfer/sec:    205.22KB
        ------------------------------
        stop time: 42.262225
        stop time: 42.326701
        stop time: 42.405545
        stop time: 42.349317
        stop time: 42.368590
        stop time: 42.367401
        stop time: 42.358949
        stop time: 42.396868
        [run.sh] Test finished with status 0
        > STDERR
        > No resources found in default namespace.
        > error: Found argument 'mutex' which wasn't expected, or isn't valid in this context
        > 
        > USAGE:
        > proxy <SUBCOMMAND>
        > 
        > For more information try --help
    [exp] Times: [42.262225, 42.326701, 42.405545, 42.349317, 42.36859, 42.367401, 42.358949, 42.396868]
    [exp] Throughput: 2361.0270273964957
    [exp] Running (pre_run: False) workload mutex/mix request with the following configuration: {'CLIENT_CPU_QUOTA': '8', 'SLOWPOKE_POKER_BATCH_THRESHOLD': '20000000', 'SLOWPOKE_PROCESSING_MICROS_SERVICE1': '320', 'SLOWPOKE_PROCESSING_MICROS_SERVICE2': '0', 'SLOWPOKE_DELAY_MICROS_SERVICE1': '0.0', 'SLOWPOKE_DELAY_MICROS_SERVICE2': '0.0'}
    [exp] Executing cmd `bash run.sh mutex mix 8 512 100000`:
        [run.sh] Running benchmark mutex with request mix, thread 8, conn 512, duration 60
        [run.sh] Deleting all services
        service "service1" deleted
        deployment.apps "service1" deleted
        service "service2" deleted
        deployment.apps "service2" deleted
        deployment.apps "ubuntu-client" deleted
        [run.sh] Waiting for all pods to be deleted
        [run.sh] Deploying all services
        service/service1 created
        deployment.apps/service1 created
        service/service2 created
        deployment.apps/service2 created
        [run.sh] Client pod not found, deploying client
        deployment.apps/ubuntu-client created
        [run.sh] Waiting for all pods to be running
        [run.sh] All pods are running
        [run.sh] Starting the rust proxy first for mutex
        [run.sh] Running warmup test
        [run.sh] /wrk/wrk -t8 -c512 -d3s -L http://service1:80/
        Running 3s test @ http://service1:80/
        8 threads and 512 connections
        Thread Stats   Avg      Stdev     Max   +/- Stdev
        Latency   235.04ms   39.96ms 488.89ms   91.94%
        Req/Sec   277.88     76.47   464.00     74.55%
        Latency Distribution
        50%  226.53ms
        75%  238.26ms
        90%  253.82ms
        99%  423.29ms
        6290 requests in 3.04s, 0.87MB read
        Requests/sec:   2070.53
        Transfer/sec:    293.19KB
        [run.sh] Speed is 2070.53, duration is 72
        [run.sh] Fix the request number.
        [run.sh] Running the actual test
        [run.sh] /wrk/wrk --timeout 20s -t8 -c512 -d72s -L -s /wrk/fix_req_n.lua http://service1:80/
        [run.sh] Checking the resource usage
        Running 1m test @ http://service1:80/
        8 threads and 512 connections
        Thread Stats   Avg      Stdev     Max   +/- Stdev
        Latency   227.58ms   19.54ms 459.32ms   75.70%
        Req/Sec   282.41     45.81   450.00     69.43%
        Latency Distribution
        50%  225.93ms
        75%  237.50ms
        90%  249.31ms
        99%  285.03ms
        100000 requests in 1.20m, 13.83MB read
        Requests/sec:   1388.89
        Transfer/sec:    196.67KB
        ------------------------------
        stop time: 44.483203
        stop time: 44.579299
        stop time: 44.581640
        stop time: 44.600321
        stop time: 44.605519
        stop time: 44.594710
        stop time: 44.592046
        stop time: 44.578032
        [run.sh] Test finished with status 0
        > STDERR
        > No resources found in default namespace.
        > error: Found argument 'mutex' which wasn't expected, or isn't valid in this context
        > 
        > USAGE:
        > proxy <SUBCOMMAND>
        > 
        > For more information try --help
        > error: metrics not available yet
    [exp] Times: [44.483203, 44.579299, 44.58164, 44.600321, 44.605519, 44.59471, 44.592046, 44.578032]
    [exp] Throughput: 2243.317067321693
    [exp] Running (pre_run: False) workload mutex/mix request with the following configuration: {'CLIENT_CPU_QUOTA': '8', 'SLOWPOKE_POKER_BATCH_THRESHOLD': '20000000', 'SLOWPOKE_PROCESSING_MICROS_SERVICE1': '360', 'SLOWPOKE_PROCESSING_MICROS_SERVICE2': '0', 'SLOWPOKE_DELAY_MICROS_SERVICE1': '0.0', 'SLOWPOKE_DELAY_MICROS_SERVICE2': '0.0'}
    [exp] Executing cmd `bash run.sh mutex mix 8 512 100000`:
        [run.sh] Running benchmark mutex with request mix, thread 8, conn 512, duration 60
        [run.sh] Deleting all services
        service "service1" deleted
        deployment.apps "service1" deleted
        service "service2" deleted
        deployment.apps "service2" deleted
        deployment.apps "ubuntu-client" deleted
        [run.sh] Waiting for all pods to be deleted
        [run.sh] Deploying all services
        service/service1 created
        deployment.apps/service1 created
        service/service2 created
        deployment.apps/service2 created
        [run.sh] Client pod not found, deploying client
        deployment.apps/ubuntu-client created
        [run.sh] Waiting for all pods to be running
        [run.sh] All pods are running
        [run.sh] Starting the rust proxy first for mutex
        [run.sh] Running warmup test
        [run.sh] /wrk/wrk -t8 -c512 -d3s -L http://service1:80/
        Running 3s test @ http://service1:80/
        8 threads and 512 connections
        Thread Stats   Avg      Stdev     Max   +/- Stdev
        Latency   245.69ms   40.35ms 473.05ms   90.78%
        Req/Sec   265.31     82.34   520.00     73.21%
        Latency Distribution
        50%  237.22ms
        75%  250.81ms
        90%  268.26ms
        99%  424.03ms
        5996 requests in 3.03s, 849.04KB read
        Requests/sec:   1982.05
        Transfer/sec:    280.66KB
        [run.sh] Speed is 1982.05, duration is 75
        [run.sh] Fix the request number.
        [run.sh] Running the actual test
        [run.sh] /wrk/wrk --timeout 20s -t8 -c512 -d75s -L -s /wrk/fix_req_n.lua http://service1:80/
        [run.sh] Checking the resource usage
        Running 1m test @ http://service1:80/
        8 threads and 512 connections
        Thread Stats   Avg      Stdev     Max   +/- Stdev
        Latency   237.71ms   22.49ms 485.61ms   80.69%
        Req/Sec   270.29     49.73   525.00     74.80%
        Latency Distribution
        50%  236.04ms
        75%  247.67ms
        90%  259.79ms
        99%  302.98ms
        100000 requests in 1.25m, 13.83MB read
        Requests/sec:   1333.33
        Transfer/sec:    188.80KB
        ------------------------------
        stop time: 46.386008
        stop time: 46.526906
        stop time: 46.575999
        stop time: 46.583005
        stop time: 46.589573
        stop time: 46.561320
        stop time: 46.566063
        stop time: 46.565349
        [run.sh] Test finished with status 0
        > STDERR
        > No resources found in default namespace.
        > error: Found argument 'mutex' which wasn't expected, or isn't valid in this context
        > 
        > USAGE:
        > proxy <SUBCOMMAND>
        > 
        > For more information try --help
        > error: metrics not available yet
    [exp] Times: [46.386008, 46.526906, 46.575999, 46.583005, 46.589573, 46.56132, 46.566063, 46.565349]
    [exp] Throughput: 2148.4918139360007
[test.py] Running slowdown experiment
    [exp] Running (pre_run: False) workload mutex/mix request with the following configuration: {'CLIENT_CPU_QUOTA': '8', 'SLOWPOKE_POKER_BATCH_THRESHOLD': '20000000', 'SLOWPOKE_PROCESSING_MICROS_SERVICE1': '400', 'SLOWPOKE_PROCESSING_MICROS_SERVICE2': '0', 'SLOWPOKE_DELAY_MICROS_SERVICE1': '0.0', 'SLOWPOKE_DELAY_MICROS_SERVICE2': '200.0'}
    [exp] Executing cmd `bash run.sh mutex mix 8 512 100000`:
        [run.sh] Running benchmark mutex with request mix, thread 8, conn 512, duration 60
        [run.sh] Deleting all services
        service "service1" deleted
        deployment.apps "service1" deleted
        service "service2" deleted
        deployment.apps "service2" deleted
        deployment.apps "ubuntu-client" deleted
        [run.sh] Waiting for all pods to be deleted
        [run.sh] Deploying all services
        service/service1 created
        deployment.apps/service1 created
        service/service2 created
        deployment.apps/service2 created
        [run.sh] Client pod not found, deploying client
        deployment.apps/ubuntu-client created
        [run.sh] Waiting for all pods to be running
        [run.sh] All pods are running
        [run.sh] Starting the rust proxy first for mutex
        [run.sh] Running warmup test
        [run.sh] /wrk/wrk -t8 -c512 -d3s -L http://service1:80/
        Running 3s test @ http://service1:80/
        8 threads and 512 connections
        Thread Stats   Avg      Stdev     Max   +/- Stdev
        Latency   298.73ms   46.58ms 557.13ms   92.41%
        Req/Sec   219.62     91.44   440.00     68.47%
        Latency Distribution
        50%  285.60ms
        75%  291.78ms
        90%  312.25ms
        99%  523.63ms
        4899 requests in 3.02s, 693.71KB read
        Requests/sec:   1622.01
        Transfer/sec:    229.68KB
        [run.sh] Speed is 1622.01, duration is 92
        [run.sh] Fix the request number.
        [run.sh] Running the actual test
        [run.sh] /wrk/wrk --timeout 20s -t8 -c512 -d92s -L -s /wrk/fix_req_n.lua http://service1:80/
        [run.sh] Checking the resource usage
        NAME                             CPU(cores)   MEMORY(bytes)
        service1-5fbf55cb56-7qpgn        1708m        37Mi
        service2-7bbbccfff-njbw6         792m         11Mi
        ubuntu-client-76886f6bbd-4zksn   58m          10Mi
        Running 2m test @ http://service1:80/
        8 threads and 512 connections
        Thread Stats   Avg      Stdev     Max   +/- Stdev
        Latency   286.53ms   12.63ms 498.24ms   85.03%
        Req/Sec   224.21     57.23   490.00     71.07%
        Latency Distribution
        50%  285.57ms
        75%  289.92ms
        90%  297.36ms
        99%  316.88ms
        100000 requests in 1.53m, 13.83MB read
        Requests/sec:   1086.95
        Transfer/sec:    153.91KB
        ------------------------------
        stop time: 56.009784
        stop time: 56.083881
        stop time: 56.172036
        stop time: 56.130859
        stop time: 56.227981
        stop time: 56.160811
        stop time: 56.153945
        stop time: 56.109639
        [run.sh] Test finished with status 0
        > STDERR
        > No resources found in default namespace.
        > error: Found argument 'mutex' which wasn't expected, or isn't valid in this context
        > 
        > USAGE:
        > proxy <SUBCOMMAND>
        > 
        > For more information try --help
    [exp] Times: [56.009784, 56.083881, 56.172036, 56.130859, 56.227981, 56.160811, 56.153945, 56.109639]
    [exp] Throughput: 1781.5430254131586
    [exp] Running (pre_run: False) workload mutex/mix request with the following configuration: {'CLIENT_CPU_QUOTA': '8', 'SLOWPOKE_POKER_BATCH_THRESHOLD': '20000000', 'SLOWPOKE_PROCESSING_MICROS_SERVICE1': '400', 'SLOWPOKE_PROCESSING_MICROS_SERVICE2': '0', 'SLOWPOKE_DELAY_MICROS_SERVICE1': '0.0', 'SLOWPOKE_DELAY_MICROS_SERVICE2': '180.0'}
    [exp] Executing cmd `bash run.sh mutex mix 8 512 100000`:
        [run.sh] Running benchmark mutex with request mix, thread 8, conn 512, duration 60
        [run.sh] Deleting all services
        service "service1" deleted
        deployment.apps "service1" deleted
        service "service2" deleted
        deployment.apps "service2" deleted
        deployment.apps "ubuntu-client" deleted
        [run.sh] Waiting for all pods to be deleted
        [run.sh] Deploying all services
        service/service1 created
        deployment.apps/service1 created
        service/service2 created
        deployment.apps/service2 created
        [run.sh] Client pod not found, deploying client
        deployment.apps/ubuntu-client created
        [run.sh] Waiting for all pods to be running
        [run.sh] All pods are running
        [run.sh] Starting the rust proxy first for mutex
        [run.sh] Running warmup test
        [run.sh] /wrk/wrk -t8 -c512 -d3s -L http://service1:80/
        Running 3s test @ http://service1:80/
        8 threads and 512 connections
        Thread Stats   Avg      Stdev     Max   +/- Stdev
        Latency   293.99ms   49.83ms 584.16ms   91.93%
        Req/Sec   223.67     81.34   393.00     72.52%
        Latency Distribution
        50%  281.40ms
        75%  291.28ms
        90%  317.07ms
        99%  523.70ms
        4993 requests in 3.02s, 707.02KB read
        Requests/sec:   1651.49
        Transfer/sec:    233.85KB
        [run.sh] Speed is 1651.49, duration is 90
        [run.sh] Fix the request number.
        [run.sh] Running the actual test
        [run.sh] /wrk/wrk --timeout 20s -t8 -c512 -d90s -L -s /wrk/fix_req_n.lua http://service1:80/
        [run.sh] Checking the resource usage
        NAME                             CPU(cores)   MEMORY(bytes)
        service1-5fbf55cb56-g82qh        157m         36Mi
        service2-5579dbc5bb-fcchx        82m          11Mi
        ubuntu-client-76886f6bbd-6n2vd   22m          0Mi
        Running 2m test @ http://service1:80/
        8 threads and 512 connections
        Thread Stats   Avg      Stdev     Max   +/- Stdev
        Latency   275.96ms   16.50ms 477.47ms   91.30%
        Req/Sec   232.33     45.31   464.00     69.00%
        Latency Distribution
        50%  276.85ms
        75%  282.91ms
        90%  287.60ms
        99%  306.82ms
        100000 requests in 1.50m, 13.83MB read
        Requests/sec:   1111.11
        Transfer/sec:    157.33KB
        ------------------------------
        stop time: 53.928172
        stop time: 54.017334
        stop time: 53.998423
        stop time: 53.994534
        stop time: 54.006877
        stop time: 54.109959
        stop time: 54.111855
        stop time: 54.181505
        [run.sh] Test finished with status 0
        > STDERR
        > No resources found in default namespace.
        > error: Found argument 'mutex' which wasn't expected, or isn't valid in this context
        > 
        > USAGE:
        > proxy <SUBCOMMAND>
        > 
        > For more information try --help
    [exp] Times: [53.928172, 54.017334, 53.998423, 53.994534, 54.006877, 54.109959, 54.111855, 54.181505]
    [exp] Throughput: 1850.3584626591846
    [exp] Running (pre_run: False) workload mutex/mix request with the following configuration: {'CLIENT_CPU_QUOTA': '8', 'SLOWPOKE_POKER_BATCH_THRESHOLD': '20000000', 'SLOWPOKE_PROCESSING_MICROS_SERVICE1': '400', 'SLOWPOKE_PROCESSING_MICROS_SERVICE2': '0', 'SLOWPOKE_DELAY_MICROS_SERVICE1': '0.0', 'SLOWPOKE_DELAY_MICROS_SERVICE2': '160.0'}
    [exp] Executing cmd `bash run.sh mutex mix 8 512 100000`:
        [run.sh] Running benchmark mutex with request mix, thread 8, conn 512, duration 60
        [run.sh] Deleting all services
        service "service1" deleted
        deployment.apps "service1" deleted
        service "service2" deleted
        deployment.apps "service2" deleted
        deployment.apps "ubuntu-client" deleted
        [run.sh] Waiting for all pods to be deleted
        [run.sh] Deploying all services
        service/service1 created
        deployment.apps/service1 created
        service/service2 created
        deployment.apps/service2 created
        [run.sh] Client pod not found, deploying client
        deployment.apps/ubuntu-client created
        [run.sh] Waiting for all pods to be running
        [run.sh] All pods are running
        [run.sh] Starting the rust proxy first for mutex
        [run.sh] Running warmup test
        [run.sh] /wrk/wrk -t8 -c512 -d3s -L http://service1:80/
        Running 3s test @ http://service1:80/
        8 threads and 512 connections
        Thread Stats   Avg      Stdev     Max   +/- Stdev
        Latency   278.47ms   46.43ms 536.14ms   92.23%
        Req/Sec   234.55     69.69   390.00     75.78%
        Latency Distribution
        50%  266.02ms
        75%  271.74ms
        90%  284.36ms
        99%  505.56ms
        5265 requests in 3.03s, 745.53KB read
        Requests/sec:   1735.37
        Transfer/sec:    245.73KB
        [run.sh] Speed is 1735.37, duration is 86
        [run.sh] Fix the request number.
        [run.sh] Running the actual test
        [run.sh] /wrk/wrk --timeout 20s -t8 -c512 -d86s -L -s /wrk/fix_req_n.lua http://service1:80/
        [run.sh] Checking the resource usage
        NAME                             CPU(cores)   MEMORY(bytes)
        service1-5fbf55cb56-85mx8        1817m        36Mi
        service2-85cc8f8d4-b5p4h         841m         11Mi
        ubuntu-client-76886f6bbd-wftt8   62m          10Mi
        Running 1m test @ http://service1:80/
        8 threads and 512 connections
        Thread Stats   Avg      Stdev     Max   +/- Stdev
        Latency   266.19ms   12.41ms 489.79ms   84.51%
        Req/Sec   241.40     61.35   500.00     71.41%
        Latency Distribution
        50%  265.08ms
        75%  270.20ms
        90%  277.33ms
        99%  295.59ms
        100000 requests in 1.43m, 13.83MB read
        Requests/sec:   1162.79
        Transfer/sec:    164.65KB
        ------------------------------
        stop time: 52.072650
        stop time: 52.115721
        stop time: 52.118969
        stop time: 52.178807
        stop time: 52.168702
        stop time: 52.142479
        stop time: 52.107004
        stop time: 52.132139
        [run.sh] Test finished with status 0
        > STDERR
        > No resources found in default namespace.
        > error: Found argument 'mutex' which wasn't expected, or isn't valid in this context
        > 
        > USAGE:
        > proxy <SUBCOMMAND>
        > 
        > For more information try --help
    [exp] Times: [52.07265, 52.115721, 52.118969, 52.178807, 52.168702, 52.142479, 52.107004, 52.132139]
    [exp] Throughput: 1918.297452694491
    [exp] Running (pre_run: False) workload mutex/mix request with the following configuration: {'CLIENT_CPU_QUOTA': '8', 'SLOWPOKE_POKER_BATCH_THRESHOLD': '20000000', 'SLOWPOKE_PROCESSING_MICROS_SERVICE1': '400', 'SLOWPOKE_PROCESSING_MICROS_SERVICE2': '0', 'SLOWPOKE_DELAY_MICROS_SERVICE1': '0.0', 'SLOWPOKE_DELAY_MICROS_SERVICE2': '140.0'}
    [exp] Executing cmd `bash run.sh mutex mix 8 512 100000`:
        [run.sh] Running benchmark mutex with request mix, thread 8, conn 512, duration 60
        [run.sh] Deleting all services
        service "service1" deleted
        deployment.apps "service1" deleted
        service "service2" deleted
        deployment.apps "service2" deleted
        deployment.apps "ubuntu-client" deleted
        [run.sh] Waiting for all pods to be deleted
        [run.sh] Deploying all services
        service/service1 created
        deployment.apps/service1 created
        service/service2 created
        deployment.apps/service2 created
        [run.sh] Client pod not found, deploying client
        deployment.apps/ubuntu-client created
        [run.sh] Waiting for all pods to be running
        [run.sh] All pods are running
        [run.sh] Starting the rust proxy first for mutex
        [run.sh] Running warmup test
        [run.sh] /wrk/wrk -t8 -c512 -d3s -L http://service1:80/
        Running 3s test @ http://service1:80/
        8 threads and 512 connections
        Thread Stats   Avg      Stdev     Max   +/- Stdev
        Latency   268.52ms   47.14ms 519.41ms   91.95%
        Req/Sec   243.42     98.23   515.00     69.51%
        Latency Distribution
        50%  256.98ms
        75%  267.11ms
        90%  288.17ms
        99%  494.53ms
        5469 requests in 3.03s, 774.42KB read
        Requests/sec:   1807.41
        Transfer/sec:    255.93KB
        [run.sh] Speed is 1807.41, duration is 82
        [run.sh] Fix the request number.
        [run.sh] Running the actual test
        [run.sh] /wrk/wrk --timeout 20s -t8 -c512 -d82s -L -s /wrk/fix_req_n.lua http://service1:80/
        [run.sh] Checking the resource usage
        NAME                             CPU(cores)   MEMORY(bytes)
        service1-5fbf55cb56-kpbd4        322m         37Mi
        service2-7b974b54d6-d4flm        141m         11Mi
        ubuntu-client-76886f6bbd-t764j   53m          10Mi
        Running 1m test @ http://service1:80/
        8 threads and 512 connections
        Thread Stats   Avg      Stdev     Max   +/- Stdev
        Latency   256.40ms   15.07ms 520.63ms   81.76%
        Req/Sec   250.50     57.03   520.00     75.00%
        Latency Distribution
        50%  255.93ms
        75%  263.12ms
        90%  270.17ms
        99%  296.12ms
        100000 requests in 1.37m, 13.83MB read
        Requests/sec:   1219.51
        Transfer/sec:    172.68KB
        ------------------------------
        stop time: 50.138642
        stop time: 50.179672
        stop time: 50.270473
        stop time: 50.272301
        stop time: 50.332083
        stop time: 50.264371
        stop time: 50.181490
        stop time: 50.179701
        [run.sh] Test finished with status 0
        > STDERR
        > No resources found in default namespace.
        > error: Found argument 'mutex' which wasn't expected, or isn't valid in this context
        > 
        > USAGE:
        > proxy <SUBCOMMAND>
        > 
        > For more information try --help
    [exp] Times: [50.138642, 50.179672, 50.270473, 50.272301, 50.332083, 50.264371, 50.18149, 50.179701]
    [exp] Throughput: 1990.9474952229268
    [exp] Running (pre_run: False) workload mutex/mix request with the following configuration: {'CLIENT_CPU_QUOTA': '8', 'SLOWPOKE_POKER_BATCH_THRESHOLD': '20000000', 'SLOWPOKE_PROCESSING_MICROS_SERVICE1': '400', 'SLOWPOKE_PROCESSING_MICROS_SERVICE2': '0', 'SLOWPOKE_DELAY_MICROS_SERVICE1': '0.0', 'SLOWPOKE_DELAY_MICROS_SERVICE2': '120.0'}
    [exp] Executing cmd `bash run.sh mutex mix 8 512 100000`:
        [run.sh] Running benchmark mutex with request mix, thread 8, conn 512, duration 60
        [run.sh] Deleting all services
        service "service1" deleted
        deployment.apps "service1" deleted
        service "service2" deleted
        deployment.apps "service2" deleted
        deployment.apps "ubuntu-client" deleted
        [run.sh] Waiting for all pods to be deleted
        [run.sh] Deploying all services
        service/service1 created
        deployment.apps/service1 created
        service/service2 created
        deployment.apps/service2 created
        [run.sh] Client pod not found, deploying client
        deployment.apps/ubuntu-client created
        [run.sh] Waiting for all pods to be running
        [run.sh] All pods are running
        [run.sh] Starting the rust proxy first for mutex
        [run.sh] Running warmup test
        [run.sh] /wrk/wrk -t8 -c512 -d3s -L http://service1:80/
        Running 3s test @ http://service1:80/
        8 threads and 512 connections
        Thread Stats   Avg      Stdev     Max   +/- Stdev
        Latency   258.78ms   45.72ms 545.29ms   92.40%
        Req/Sec   252.50     94.14   464.00     64.29%
        Latency Distribution
        50%  247.36ms
        75%  255.76ms
        90%  271.02ms
        99%  475.60ms
        5694 requests in 3.03s, 806.28KB read
        Requests/sec:   1880.92
        Transfer/sec:    266.34KB
        [run.sh] Speed is 1880.92, duration is 79
        [run.sh] Fix the request number.
        [run.sh] Running the actual test
        [run.sh] /wrk/wrk --timeout 20s -t8 -c512 -d79s -L -s /wrk/fix_req_n.lua http://service1:80/
        [run.sh] Checking the resource usage
        NAME                             CPU(cores)   MEMORY(bytes)
        ubuntu-client-76886f6bbd-bcjbn   24m          0Mi
        Running 1m test @ http://service1:80/
        8 threads and 512 connections
        Thread Stats   Avg      Stdev     Max   +/- Stdev
        Latency   247.53ms   20.45ms 546.95ms   84.08%
        Req/Sec   259.64     46.49   525.00     71.16%
        Latency Distribution
        50%  245.93ms
        75%  255.88ms
        90%  266.45ms
        99%  294.14ms
        100000 requests in 1.32m, 13.83MB read
        Requests/sec:   1265.82
        Transfer/sec:    179.24KB
        ------------------------------
        stop time: 48.307666
        stop time: 48.330443
        stop time: 48.377476
        stop time: 48.565173
        stop time: 48.561567
        stop time: 48.558616
        stop time: 48.564256
        stop time: 48.555126
        [run.sh] Test finished with status 0
        > STDERR
        > No resources found in default namespace.
        > error: Found argument 'mutex' which wasn't expected, or isn't valid in this context
        > 
        > USAGE:
        > proxy <SUBCOMMAND>
        > 
        > For more information try --help
    [exp] Times: [48.307666, 48.330443, 48.377476, 48.565173, 48.561567, 48.558616, 48.564256, 48.555126]
    [exp] Throughput: 2062.8109270075565
    [exp] Running (pre_run: False) workload mutex/mix request with the following configuration: {'CLIENT_CPU_QUOTA': '8', 'SLOWPOKE_POKER_BATCH_THRESHOLD': '20000000', 'SLOWPOKE_PROCESSING_MICROS_SERVICE1': '400', 'SLOWPOKE_PROCESSING_MICROS_SERVICE2': '0', 'SLOWPOKE_DELAY_MICROS_SERVICE1': '0.0', 'SLOWPOKE_DELAY_MICROS_SERVICE2': '100.0'}
    [exp] Executing cmd `bash run.sh mutex mix 8 512 100000`:
        [run.sh] Running benchmark mutex with request mix, thread 8, conn 512, duration 60
        [run.sh] Deleting all services
        service "service1" deleted
        deployment.apps "service1" deleted
        service "service2" deleted
        deployment.apps "service2" deleted
        deployment.apps "ubuntu-client" deleted
        [run.sh] Waiting for all pods to be deleted
        [run.sh] Deploying all services
        service/service1 created
        deployment.apps/service1 created
        service/service2 created
        deployment.apps/service2 created
        [run.sh] Client pod not found, deploying client
        deployment.apps/ubuntu-client created
        [run.sh] Waiting for all pods to be running
        [run.sh] All pods are running
        [run.sh] Starting the rust proxy first for mutex
        [run.sh] Running warmup test
        [run.sh] /wrk/wrk -t8 -c512 -d3s -L http://service1:80/
        Running 3s test @ http://service1:80/
        8 threads and 512 connections
        Thread Stats   Avg      Stdev     Max   +/- Stdev
        Latency   259.61ms   47.68ms 511.57ms   91.58%
        Req/Sec   250.23     66.18   380.00     73.21%
        Latency Distribution
        50%  248.43ms
        75%  262.16ms
        90%  285.11ms
        99%  482.79ms
        5640 requests in 3.03s, 798.63KB read
        Requests/sec:   1862.86
        Transfer/sec:    263.78KB
        [run.sh] Speed is 1862.86, duration is 80
        [run.sh] Fix the request number.
        [run.sh] Running the actual test
        [run.sh] /wrk/wrk --timeout 20s -t8 -c512 -d80s -L -s /wrk/fix_req_n.lua http://service1:80/
        [run.sh] Checking the resource usage
        Running 1m test @ http://service1:80/
        8 threads and 512 connections
        Thread Stats   Avg      Stdev     Max   +/- Stdev
        Latency   248.17ms   21.62ms 531.78ms   76.37%
        Req/Sec   258.95     44.94   454.00     71.05%
        Latency Distribution
        50%  246.34ms
        75%  258.81ms
        90%  272.32ms
        99%  305.48ms
        100000 requests in 1.33m, 13.83MB read
        Requests/sec:   1250.00
        Transfer/sec:    177.00KB
        ------------------------------
        stop time: 48.443443
        stop time: 48.540487
        stop time: 48.607903
        stop time: 48.673844
        stop time: 48.624886
        stop time: 48.654795
        stop time: 48.657248
        stop time: 48.606468
        [run.sh] Test finished with status 0
        > STDERR
        > No resources found in default namespace.
        > error: Found argument 'mutex' which wasn't expected, or isn't valid in this context
        > 
        > USAGE:
        > proxy <SUBCOMMAND>
        > 
        > For more information try --help
        > error: metrics not available yet
    [exp] Times: [48.443443, 48.540487, 48.607903, 48.673844, 48.624886, 48.654795, 48.657248, 48.606468]
    [exp] Throughput: 2057.565148286637
    [exp] Running (pre_run: False) workload mutex/mix request with the following configuration: {'CLIENT_CPU_QUOTA': '8', 'SLOWPOKE_POKER_BATCH_THRESHOLD': '20000000', 'SLOWPOKE_PROCESSING_MICROS_SERVICE1': '400', 'SLOWPOKE_PROCESSING_MICROS_SERVICE2': '0', 'SLOWPOKE_DELAY_MICROS_SERVICE1': '0.0', 'SLOWPOKE_DELAY_MICROS_SERVICE2': '80.0'}
    [exp] Executing cmd `bash run.sh mutex mix 8 512 100000`:
        [run.sh] Running benchmark mutex with request mix, thread 8, conn 512, duration 60
        [run.sh] Deleting all services
        service "service1" deleted
        deployment.apps "service1" deleted
        service "service2" deleted
        deployment.apps "service2" deleted
        deployment.apps "ubuntu-client" deleted
        [run.sh] Waiting for all pods to be deleted
        [run.sh] Deploying all services
        service/service1 created
        deployment.apps/service1 created
        service/service2 created
        deployment.apps/service2 created
        [run.sh] Client pod not found, deploying client
        deployment.apps/ubuntu-client created
        [run.sh] Waiting for all pods to be running
        [run.sh] All pods are running
        [run.sh] Starting the rust proxy first for mutex
        [run.sh] Running warmup test
        [run.sh] /wrk/wrk -t8 -c512 -d3s -L http://service1:80/
        Running 3s test @ http://service1:80/
        8 threads and 512 connections
        Thread Stats   Avg      Stdev     Max   +/- Stdev
        Latency   259.58ms   44.29ms 508.24ms   91.26%
        Req/Sec   251.63     80.24   490.00     74.55%
        Latency Distribution
        50%  249.45ms
        75%  263.33ms
        90%  283.22ms
        99%  462.22ms
        5675 requests in 3.03s, 803.59KB read
        Requests/sec:   1873.14
        Transfer/sec:    265.24KB
        [run.sh] Speed is 1873.14, duration is 80
        [run.sh] Fix the request number.
        [run.sh] Running the actual test
        [run.sh] /wrk/wrk --timeout 20s -t8 -c512 -d80s -L -s /wrk/fix_req_n.lua http://service1:80/
        [run.sh] Checking the resource usage
        NAME                             CPU(cores)   MEMORY(bytes)
        service1-5fbf55cb56-m965s        1946m        36Mi
        service2-64f46d6f89-8h8m5        896m         10Mi
        ubuntu-client-76886f6bbd-drmm4   64m          10Mi
        Running 1m test @ http://service1:80/
        8 threads and 512 connections
        Thread Stats   Avg      Stdev     Max   +/- Stdev
        Latency   247.41ms   19.12ms 501.51ms   74.62%
        Req/Sec   259.71     49.64   485.00     69.16%
        Latency Distribution
        50%  245.89ms
        75%  257.49ms
        90%  269.38ms
        99%  300.95ms
        100000 requests in 1.33m, 13.83MB read
        Requests/sec:   1250.00
        Transfer/sec:    177.00KB
        ------------------------------
        stop time: 48.368717
        stop time: 48.430543
        stop time: 48.483291
        stop time: 48.523697
        stop time: 48.515722
        stop time: 48.443224
        stop time: 48.386392
        stop time: 48.451650
        [run.sh] Test finished with status 0
        > STDERR
        > No resources found in default namespace.
        > error: Found argument 'mutex' which wasn't expected, or isn't valid in this context
        > 
        > USAGE:
        > proxy <SUBCOMMAND>
        > 
        > For more information try --help
    [exp] Times: [48.368717, 48.430543, 48.483291, 48.523697, 48.515722, 48.443224, 48.386392, 48.45165]
    [exp] Throughput: 2063.966256463349
    [exp] Running (pre_run: False) workload mutex/mix request with the following configuration: {'CLIENT_CPU_QUOTA': '8', 'SLOWPOKE_POKER_BATCH_THRESHOLD': '20000000', 'SLOWPOKE_PROCESSING_MICROS_SERVICE1': '400', 'SLOWPOKE_PROCESSING_MICROS_SERVICE2': '0', 'SLOWPOKE_DELAY_MICROS_SERVICE1': '0.0', 'SLOWPOKE_DELAY_MICROS_SERVICE2': '60.0'}
    [exp] Executing cmd `bash run.sh mutex mix 8 512 100000`:
        [run.sh] Running benchmark mutex with request mix, thread 8, conn 512, duration 60
        [run.sh] Deleting all services
        service "service1" deleted
        deployment.apps "service1" deleted
        service "service2" deleted
        deployment.apps "service2" deleted
        deployment.apps "ubuntu-client" deleted
        [run.sh] Waiting for all pods to be deleted
        [run.sh] Deploying all services
        service/service1 created
        deployment.apps/service1 created
        service/service2 created
        deployment.apps/service2 created
        [run.sh] Client pod not found, deploying client
        deployment.apps/ubuntu-client created
        [run.sh] Waiting for all pods to be running
        [run.sh] All pods are running
        [run.sh] Starting the rust proxy first for mutex
        [run.sh] Running warmup test
        [run.sh] /wrk/wrk -t8 -c512 -d3s -L http://service1:80/
        Running 3s test @ http://service1:80/
        8 threads and 512 connections
        Thread Stats   Avg      Stdev     Max   +/- Stdev
        Latency   259.55ms   47.91ms 519.75ms   89.86%
        Req/Sec   252.32     71.79   414.00     75.89%
        Latency Distribution
        50%  246.51ms
        75%  264.25ms
        90%  301.93ms
        99%  470.40ms
        5679 requests in 3.02s, 804.16KB read
        Requests/sec:   1879.51
        Transfer/sec:    266.14KB
        [run.sh] Speed is 1879.51, duration is 79
        [run.sh] Fix the request number.
        [run.sh] Running the actual test
        [run.sh] /wrk/wrk --timeout 20s -t8 -c512 -d79s -L -s /wrk/fix_req_n.lua http://service1:80/
        [run.sh] Checking the resource usage
        NAME                             CPU(cores)   MEMORY(bytes)
        service1-5fbf55cb56-9kksg        203m         37Mi
        service2-7c96c4fddc-fk4zr        146m         10Mi
        ubuntu-client-76886f6bbd-vtzjg   25m          10Mi
        Running 1m test @ http://service1:80/
        8 threads and 512 connections
        Thread Stats   Avg      Stdev     Max   +/- Stdev
        Latency   247.21ms   22.69ms 531.10ms   79.05%
        Req/Sec   259.93     49.27   626.00     69.20%
        Latency Distribution
        50%  245.68ms
        75%  258.45ms
        90%  270.87ms
        99%  301.91ms
        100000 requests in 1.32m, 13.83MB read
        Requests/sec:   1265.82
        Transfer/sec:    179.24KB
        ------------------------------
        stop time: 48.262034
        stop time: 48.297459
        stop time: 48.381638
        stop time: 48.463345
        stop time: 48.447820
        stop time: 48.445150
        stop time: 48.448631
        stop time: 48.461408
        [run.sh] Test finished with status 0
        > STDERR
        > No resources found in default namespace.
        > error: Found argument 'mutex' which wasn't expected, or isn't valid in this context
        > 
        > USAGE:
        > proxy <SUBCOMMAND>
        > 
        > For more information try --help
    [exp] Times: [48.262034, 48.297459, 48.381638, 48.463345, 48.44782, 48.44515, 48.448631, 48.461408]
    [exp] Throughput: 2066.075762972402
    [exp] Running (pre_run: False) workload mutex/mix request with the following configuration: {'CLIENT_CPU_QUOTA': '8', 'SLOWPOKE_POKER_BATCH_THRESHOLD': '20000000', 'SLOWPOKE_PROCESSING_MICROS_SERVICE1': '400', 'SLOWPOKE_PROCESSING_MICROS_SERVICE2': '0', 'SLOWPOKE_DELAY_MICROS_SERVICE1': '0.0', 'SLOWPOKE_DELAY_MICROS_SERVICE2': '40.0'}
    [exp] Executing cmd `bash run.sh mutex mix 8 512 100000`:
        [run.sh] Running benchmark mutex with request mix, thread 8, conn 512, duration 60
        [run.sh] Deleting all services
        service "service1" deleted
        deployment.apps "service1" deleted
        service "service2" deleted
        deployment.apps "service2" deleted
        deployment.apps "ubuntu-client" deleted
        [run.sh] Waiting for all pods to be deleted
        [run.sh] Deploying all services
        service/service1 created
        deployment.apps/service1 created
        service/service2 created
        deployment.apps/service2 created
        [run.sh] Client pod not found, deploying client
        deployment.apps/ubuntu-client created
        [run.sh] Waiting for all pods to be running
        [run.sh] All pods are running
        [run.sh] Starting the rust proxy first for mutex
        [run.sh] Running warmup test
        [run.sh] /wrk/wrk -t8 -c512 -d3s -L http://service1:80/
        Running 3s test @ http://service1:80/
        8 threads and 512 connections
        Thread Stats   Avg      Stdev     Max   +/- Stdev
        Latency   258.83ms   42.72ms 504.41ms   91.01%
        Req/Sec   251.85     83.32   464.00     69.06%
        Latency Distribution
        50%  249.00ms
        75%  263.01ms
        90%  283.25ms
        99%  460.87ms
        5684 requests in 3.03s, 804.86KB read
        Requests/sec:   1877.15
        Transfer/sec:    265.81KB
        [run.sh] Speed is 1877.15, duration is 79
        [run.sh] Fix the request number.
        [run.sh] Running the actual test
        [run.sh] /wrk/wrk --timeout 20s -t8 -c512 -d79s -L -s /wrk/fix_req_n.lua http://service1:80/
        [run.sh] Checking the resource usage
        Running 1m test @ http://service1:80/
        8 threads and 512 connections
        Thread Stats   Avg      Stdev     Max   +/- Stdev
        Latency   248.45ms   18.91ms 466.90ms   73.53%
        Req/Sec   258.68     50.21   480.00     69.87%
        Latency Distribution
        50%  246.97ms
        75%  258.77ms
        90%  270.82ms
        99%  298.36ms
        100000 requests in 1.32m, 13.83MB read
        Requests/sec:   1265.82
        Transfer/sec:    179.24KB
        ------------------------------
        stop time: 48.590472
        stop time: 48.608865
        stop time: 48.664263
        stop time: 48.677976
        stop time: 48.672283
        stop time: 48.683225
        stop time: 48.666785
        stop time: 48.640461
        [run.sh] Test finished with status 0
        > STDERR
        > No resources found in default namespace.
        > error: Found argument 'mutex' which wasn't expected, or isn't valid in this context
        > 
        > USAGE:
        > proxy <SUBCOMMAND>
        > 
        > For more information try --help
        > error: metrics not available yet
    [exp] Times: [48.590472, 48.608865, 48.664263, 48.677976, 48.672283, 48.683225, 48.666785, 48.640461]
    [exp] Throughput: 2055.47559041802
    [exp] Running (pre_run: False) workload mutex/mix request with the following configuration: {'CLIENT_CPU_QUOTA': '8', 'SLOWPOKE_POKER_BATCH_THRESHOLD': '20000000', 'SLOWPOKE_PROCESSING_MICROS_SERVICE1': '400', 'SLOWPOKE_PROCESSING_MICROS_SERVICE2': '0', 'SLOWPOKE_DELAY_MICROS_SERVICE1': '0.0', 'SLOWPOKE_DELAY_MICROS_SERVICE2': '20.0'}
    [exp] Executing cmd `bash run.sh mutex mix 8 512 100000`:
        [run.sh] Running benchmark mutex with request mix, thread 8, conn 512, duration 60
        [run.sh] Deleting all services
        service "service1" deleted
        deployment.apps "service1" deleted
        service "service2" deleted
        deployment.apps "service2" deleted
        deployment.apps "ubuntu-client" deleted
        [run.sh] Waiting for all pods to be deleted
        [run.sh] Deploying all services
        service/service1 created
        deployment.apps/service1 created
        service/service2 created
        deployment.apps/service2 created
        [run.sh] Client pod not found, deploying client
        deployment.apps/ubuntu-client created
        [run.sh] Waiting for all pods to be running
        [run.sh] All pods are running
        [run.sh] Starting the rust proxy first for mutex
        [run.sh] Running warmup test
        [run.sh] /wrk/wrk -t8 -c512 -d3s -L http://service1:80/
        Running 3s test @ http://service1:80/
        8 threads and 512 connections
        Thread Stats   Avg      Stdev     Max   +/- Stdev
        Latency   257.60ms   43.80ms 509.02ms   90.62%
        Req/Sec   253.11     75.13   434.00     72.32%
        Latency Distribution
        50%  247.88ms
        75%  261.84ms
        90%  283.36ms
        99%  464.72ms
        5705 requests in 3.01s, 807.84KB read
        Requests/sec:   1892.35
        Transfer/sec:    267.96KB
        [run.sh] Speed is 1892.35, duration is 79
        [run.sh] Fix the request number.
        [run.sh] Running the actual test
        [run.sh] /wrk/wrk --timeout 20s -t8 -c512 -d79s -L -s /wrk/fix_req_n.lua http://service1:80/
        [run.sh] Checking the resource usage
        NAME                             CPU(cores)   MEMORY(bytes)
        service1-5fbf55cb56-bw4dk        1947m        35Mi
        service2-9d547cb87-mss8m         925m         10Mi
        ubuntu-client-76886f6bbd-xq9w8   66m          11Mi
        Running 1m test @ http://service1:80/
        8 threads and 512 connections
        Thread Stats   Avg      Stdev     Max   +/- Stdev
        Latency   247.14ms   25.44ms 554.79ms   84.63%
        Req/Sec   260.39     51.71   505.00     72.46%
        Latency Distribution
        50%  245.66ms
        75%  257.59ms
        90%  269.55ms
        99%  309.85ms
        100000 requests in 1.32m, 13.83MB read
        Requests/sec:   1265.82
        Transfer/sec:    179.24KB
        ------------------------------
        stop time: 48.253001
        stop time: 48.377589
        stop time: 48.381788
        stop time: 48.476423
        stop time: 48.424654
        stop time: 48.410660
        stop time: 48.394302
        stop time: 48.414127
        [run.sh] Test finished with status 0
        > STDERR
        > No resources found in default namespace.
        > error: Found argument 'mutex' which wasn't expected, or isn't valid in this context
        > 
        > USAGE:
        > proxy <SUBCOMMAND>
        > 
        > For more information try --help
    [exp] Times: [48.253001, 48.377589, 48.381788, 48.476423, 48.424654, 48.41066, 48.394302, 48.414127]
    [exp] Throughput: 2066.4757132895547
[test.py] Baseline throughput:  2040.4431440541587
[test.py] Groundtruth:  [2768.3880016486028, 2767.218753211811, 2766.4949834057156, 2762.262256187843, 2754.172473179472, 2614.8648431111333, 2496.670190966308, 2361.0270273964957, 2243.317067321693, 2148.4918139360007]
[test.py] Slowdown:  [1781.5430254131586, 1850.3584626591846, 1918.297452694491, 1990.9474952229268, 2062.8109270075565, 2057.565148286637, 2063.966256463349, 2066.075762972402, 2055.47559041802, 2066.4757132895547]
[test.py] Predicted:  [2767.6974393014184, 2774.419006401553, 2767.8167991471223, 2760.3460677609132, 2741.412907009907, 2590.597451161684, 2472.163164647711, 2358.438523253695, 2239.614508592323, 2155.5641318267144]
[test.py] Error percentage:  [-0.024944565096118445, 0.26019819291065693, 0.04777943749529049, -0.06937025702889618, -0.4632813047773695, -0.9280553070795079, -0.9815884535839298, -0.10963466799678467, -0.16504839121070777, 0.32917592912571453]
[test.py] >>>>>>>>>>>>>>>>>>>>>>>>>>>>> Running experiment 1...
[test.py] Actual processing time range: [0, 40, 80, 120, 160, 200, 240, 280, 320, 360]
[test.py] Running baseline experiment
    [exp] Running (pre_run: False) workload mutex/mix request with the following configuration: {'CLIENT_CPU_QUOTA': '8', 'SLOWPOKE_POKER_BATCH_THRESHOLD': '20000000', 'SLOWPOKE_PROCESSING_MICROS_SERVICE1': '400', 'SLOWPOKE_PROCESSING_MICROS_SERVICE2': '0', 'SLOWPOKE_DELAY_MICROS_SERVICE1': '0.0', 'SLOWPOKE_DELAY_MICROS_SERVICE2': '0.0'}
    [exp] Executing cmd `bash run.sh mutex mix 8 512 100000`:
        [run.sh] Running benchmark mutex with request mix, thread 8, conn 512, duration 60
        [run.sh] Deleting all services
        service "service1" deleted
        deployment.apps "service1" deleted
        service "service2" deleted
        deployment.apps "service2" deleted
        deployment.apps "ubuntu-client" deleted
        [run.sh] Waiting for all pods to be deleted
        [run.sh] Deploying all services
        service/service1 created
        deployment.apps/service1 created
        service/service2 created
        deployment.apps/service2 created
        [run.sh] Client pod not found, deploying client
        deployment.apps/ubuntu-client created
        [run.sh] Waiting for all pods to be running
        [run.sh] All pods are running
        [run.sh] Starting the rust proxy first for mutex
        [run.sh] Running warmup test
        [run.sh] /wrk/wrk -t8 -c512 -d3s -L http://service1:80/
        Running 3s test @ http://service1:80/
        8 threads and 512 connections
        Thread Stats   Avg      Stdev     Max   +/- Stdev
        Latency   259.64ms   46.38ms 535.00ms   90.31%
        Req/Sec   252.71     71.43   390.00     73.21%
        Latency Distribution
        50%  248.77ms
        75%  263.68ms
        90%  288.10ms
        99%  463.74ms
        5677 requests in 3.02s, 803.87KB read
        Requests/sec:   1878.05
        Transfer/sec:    265.94KB
        [run.sh] Speed is 1878.05, duration is 79
        [run.sh] Fix the request number.
        [run.sh] Running the actual test
        [run.sh] /wrk/wrk --timeout 20s -t8 -c512 -d79s -L -s /wrk/fix_req_n.lua http://service1:80/
        [run.sh] Checking the resource usage
        NAME                             CPU(cores)   MEMORY(bytes)
        service1-5fbf55cb56-b5xx2        1945m        37Mi
        service2-756bdb8c65-tpz7n        909m         10Mi
        ubuntu-client-76886f6bbd-kgd5g   67m          10Mi
        Running 1m test @ http://service1:80/
        8 threads and 512 connections
        Thread Stats   Avg      Stdev     Max   +/- Stdev
        Latency   247.90ms   25.96ms 558.27ms   84.39%
        Req/Sec   259.51     48.70   520.00     71.23%
        Latency Distribution
        50%  246.34ms
        75%  258.27ms
        90%  270.81ms
        99%  321.66ms
        100000 requests in 1.32m, 13.83MB read
        Requests/sec:   1265.82
        Transfer/sec:    179.24KB
        ------------------------------
        stop time: 48.387569
        stop time: 48.542581
        stop time: 48.587745
        stop time: 48.527012
        stop time: 48.587670
        stop time: 48.561738
        stop time: 48.566713
        stop time: 48.549210
        [run.sh] Test finished with status 0
        > STDERR
        > No resources found in default namespace.
        > error: Found argument 'mutex' which wasn't expected, or isn't valid in this context
        > 
        > USAGE:
        > proxy <SUBCOMMAND>
        > 
        > For more information try --help
    [exp] Times: [48.387569, 48.542581, 48.587745, 48.527012, 48.58767, 48.561738, 48.566713, 48.54921]
    [exp] Throughput: 2060.208363602301
[test.py] Baseline throughput: 2060.208363602301
[test.py] Running groundtruth experiment
    [exp] Running (pre_run: False) workload mutex/mix request with the following configuration: {'CLIENT_CPU_QUOTA': '8', 'SLOWPOKE_POKER_BATCH_THRESHOLD': '20000000', 'SLOWPOKE_PROCESSING_MICROS_SERVICE1': '0', 'SLOWPOKE_PROCESSING_MICROS_SERVICE2': '0', 'SLOWPOKE_DELAY_MICROS_SERVICE1': '0.0', 'SLOWPOKE_DELAY_MICROS_SERVICE2': '0.0'}
    [exp] Executing cmd `bash run.sh mutex mix 8 512 100000`:
        [run.sh] Running benchmark mutex with request mix, thread 8, conn 512, duration 60
        [run.sh] Deleting all services
        service "service1" deleted
        deployment.apps "service1" deleted
        service "service2" deleted
        deployment.apps "service2" deleted
        deployment.apps "ubuntu-client" deleted
        [run.sh] Waiting for all pods to be deleted
        [run.sh] Deploying all services
        service/service1 created
        deployment.apps/service1 created
        service/service2 created
        deployment.apps/service2 created
        [run.sh] Client pod not found, deploying client
        deployment.apps/ubuntu-client created
        [run.sh] Waiting for all pods to be running
        [run.sh] All pods are running
        [run.sh] Starting the rust proxy first for mutex
        [run.sh] Running warmup test
        [run.sh] /wrk/wrk -t8 -c512 -d3s -L http://service1:80/
        Running 3s test @ http://service1:80/
        8 threads and 512 connections
        Thread Stats   Avg      Stdev     Max   +/- Stdev
        Latency   187.73ms   20.06ms 339.05ms   94.87%
        Req/Sec   340.32    106.01   545.00     65.95%
        Latency Distribution
        50%  183.71ms
        75%  184.94ms
        90%  186.80ms
        99%  307.87ms
        7927 requests in 3.03s, 1.10MB read
        Requests/sec:   2620.14
        Transfer/sec:    371.02KB
        [run.sh] Speed is 2620.14, duration is 57
        [run.sh] Fix the request number.
        [run.sh] Running the actual test
        [run.sh] /wrk/wrk --timeout 20s -t8 -c512 -d57s -L -s /wrk/fix_req_n.lua http://service1:80/
        [run.sh] Checking the resource usage
        NAME                             CPU(cores)   MEMORY(bytes)
        service1-dd7fb8868-c84r9         504m         36Mi
        service2-756bdb8c65-s4wkj        108m         11Mi
        ubuntu-client-76886f6bbd-2r749   28m          9Mi
        Running 1m test @ http://service1:80/
        8 threads and 512 connections
        Thread Stats   Avg      Stdev     Max   +/- Stdev
        Latency   184.34ms    7.81ms 292.36ms   92.79%
        Req/Sec   347.88     82.17   620.00     68.61%
        Latency Distribution
        50%  183.75ms
        75%  185.05ms
        90%  187.58ms
        99%  208.75ms
        100000 requests in 0.95m, 13.83MB read
        Requests/sec:   1754.38
        Transfer/sec:    248.42KB
        ------------------------------
        stop time: 35.977030
        stop time: 36.104832
        stop time: 36.125448
        stop time: 36.120785
        stop time: 36.127849
        stop time: 36.132807
        stop time: 36.163000
        stop time: 36.193943
        [run.sh] Test finished with status 0
        > STDERR
        > No resources found in default namespace.
        > error: Found argument 'mutex' which wasn't expected, or isn't valid in this context
        > 
        > USAGE:
        > proxy <SUBCOMMAND>
        > 
        > For more information try --help
    [exp] Times: [35.97703, 36.104832, 36.125448, 36.120785, 36.127849, 36.132807, 36.163, 36.193943]
    [exp] Throughput: 2768.686353913964
    [exp] Running (pre_run: False) workload mutex/mix request with the following configuration: {'CLIENT_CPU_QUOTA': '8', 'SLOWPOKE_POKER_BATCH_THRESHOLD': '20000000', 'SLOWPOKE_PROCESSING_MICROS_SERVICE1': '40', 'SLOWPOKE_PROCESSING_MICROS_SERVICE2': '0', 'SLOWPOKE_DELAY_MICROS_SERVICE1': '0.0', 'SLOWPOKE_DELAY_MICROS_SERVICE2': '0.0'}
    [exp] Executing cmd `bash run.sh mutex mix 8 512 100000`:
        [run.sh] Running benchmark mutex with request mix, thread 8, conn 512, duration 60
        [run.sh] Deleting all services
        service "service1" deleted
        deployment.apps "service1" deleted
        service "service2" deleted
        deployment.apps "service2" deleted
        deployment.apps "ubuntu-client" deleted
        [run.sh] Waiting for all pods to be deleted
        [run.sh] Deploying all services
        service/service1 created
        deployment.apps/service1 created
        service/service2 created
        deployment.apps/service2 created
        [run.sh] Client pod not found, deploying client
        deployment.apps/ubuntu-client created
        [run.sh] Waiting for all pods to be running
        [run.sh] All pods are running
        [run.sh] Starting the rust proxy first for mutex
        [run.sh] Running warmup test
        [run.sh] /wrk/wrk -t8 -c512 -d3s -L http://service1:80/
        Running 3s test @ http://service1:80/
        8 threads and 512 connections
        Thread Stats   Avg      Stdev     Max   +/- Stdev
        Latency   190.98ms   23.96ms 353.39ms   94.26%
        Req/Sec   336.06     81.59   520.00     79.65%
        Latency Distribution
        50%  184.04ms
        75%  185.97ms
        90%  210.24ms
        99%  321.07ms
        7790 requests in 3.03s, 1.08MB read
        Requests/sec:   2575.10
        Transfer/sec:    364.64KB
        [run.sh] Speed is 2575.10, duration is 58
        [run.sh] Fix the request number.
        [run.sh] Running the actual test
        [run.sh] /wrk/wrk --timeout 20s -t8 -c512 -d58s -L -s /wrk/fix_req_n.lua http://service1:80/
        [run.sh] Checking the resource usage
        NAME                             CPU(cores)   MEMORY(bytes)
        service1-f7b6dd58b-ht945         63m          37Mi
        service2-756bdb8c65-kd6tm        1105m        11Mi
        ubuntu-client-76886f6bbd-72nqn   29m          9Mi
        Running 1m test @ http://service1:80/
        8 threads and 512 connections
        Thread Stats   Avg      Stdev     Max   +/- Stdev
        Latency   184.58ms    6.80ms 324.88ms   90.70%
        Req/Sec   347.88     69.96   565.00     69.72%
        Latency Distribution
        50%  183.72ms
        75%  185.19ms
        90%  188.28ms
        99%  209.70ms
        100000 requests in 0.97m, 13.83MB read
        Requests/sec:   1724.13
        Transfer/sec:    244.14KB
        ------------------------------
        stop time: 36.116993
        stop time: 36.167736
        stop time: 36.153602
        stop time: 36.227295
        stop time: 36.172359
        stop time: 36.168623
        stop time: 36.179793
        stop time: 36.156635
        [run.sh] Test finished with status 0
        > STDERR
        > No resources found in default namespace.
        > error: Found argument 'mutex' which wasn't expected, or isn't valid in this context
        > 
        > USAGE:
        > proxy <SUBCOMMAND>
        > 
        > For more information try --help
    [exp] Times: [36.116993, 36.167736, 36.153602, 36.227295, 36.172359, 36.168623, 36.179793, 36.156635]
    [exp] Throughput: 2764.8842393428126
    [exp] Running (pre_run: False) workload mutex/mix request with the following configuration: {'CLIENT_CPU_QUOTA': '8', 'SLOWPOKE_POKER_BATCH_THRESHOLD': '20000000', 'SLOWPOKE_PROCESSING_MICROS_SERVICE1': '80', 'SLOWPOKE_PROCESSING_MICROS_SERVICE2': '0', 'SLOWPOKE_DELAY_MICROS_SERVICE1': '0.0', 'SLOWPOKE_DELAY_MICROS_SERVICE2': '0.0'}
    [exp] Executing cmd `bash run.sh mutex mix 8 512 100000`:
        [run.sh] Running benchmark mutex with request mix, thread 8, conn 512, duration 60
        [run.sh] Deleting all services
        service "service1" deleted
        deployment.apps "service1" deleted
        service "service2" deleted
        deployment.apps "service2" deleted
        deployment.apps "ubuntu-client" deleted
        [run.sh] Waiting for all pods to be deleted
        [run.sh] Deploying all services
        service/service1 created
        deployment.apps/service1 created
        service/service2 created
        deployment.apps/service2 created
        [run.sh] Client pod not found, deploying client
        deployment.apps/ubuntu-client created
        [run.sh] Waiting for all pods to be running
        [run.sh] All pods are running
        [run.sh] Starting the rust proxy first for mutex
        [run.sh] Running warmup test
        [run.sh] /wrk/wrk -t8 -c512 -d3s -L http://service1:80/
        Running 3s test @ http://service1:80/
        8 threads and 512 connections
        Thread Stats   Avg      Stdev     Max   +/- Stdev
        Latency   190.00ms   27.16ms 370.07ms   93.32%
        Req/Sec   338.45    104.25   525.00     69.26%
        Latency Distribution
        50%  183.84ms
        75%  185.82ms
        90%  200.64ms
        99%  342.53ms
        7829 requests in 3.02s, 1.08MB read
        Requests/sec:   2594.99
        Transfer/sec:    367.45KB
        [run.sh] Speed is 2594.99, duration is 57
        [run.sh] Fix the request number.
        [run.sh] Running the actual test
        [run.sh] /wrk/wrk --timeout 20s -t8 -c512 -d57s -L -s /wrk/fix_req_n.lua http://service1:80/
        [run.sh] Checking the resource usage
        NAME                             CPU(cores)   MEMORY(bytes)
        service1-5f6d8cccd6-qwmjb        1405m        37Mi
        service2-756bdb8c65-w5ddf        790m         11Mi
        ubuntu-client-76886f6bbd-dqwcf   89m          9Mi
        Running 1m test @ http://service1:80/
        8 threads and 512 connections
        Thread Stats   Avg      Stdev     Max   +/- Stdev
        Latency   184.47ms    7.40ms 317.41ms   90.24%
        Req/Sec   348.05     66.48   585.00     68.77%
        Latency Distribution
        50%  183.81ms
        75%  185.34ms
        90%  188.28ms
        99%  210.27ms
        100000 requests in 0.95m, 13.83MB read
        Requests/sec:   1754.38
        Transfer/sec:    248.42KB
        ------------------------------
        stop time: 36.074432
        stop time: 36.141992
        stop time: 36.166763
        stop time: 36.152732
        stop time: 36.175788
        stop time: 36.164358
        stop time: 36.123612
        stop time: 36.127492
        [run.sh] Test finished with status 0
        > STDERR
        > No resources found in default namespace.
        > error: Found argument 'mutex' which wasn't expected, or isn't valid in this context
        > 
        > USAGE:
        > proxy <SUBCOMMAND>
        > 
        > For more information try --help
    [exp] Times: [36.074432, 36.141992, 36.166763, 36.152732, 36.175788, 36.164358, 36.123612, 36.127492]
    [exp] Throughput: 2766.948546437018
    [exp] Running (pre_run: False) workload mutex/mix request with the following configuration: {'CLIENT_CPU_QUOTA': '8', 'SLOWPOKE_POKER_BATCH_THRESHOLD': '20000000', 'SLOWPOKE_PROCESSING_MICROS_SERVICE1': '120', 'SLOWPOKE_PROCESSING_MICROS_SERVICE2': '0', 'SLOWPOKE_DELAY_MICROS_SERVICE1': '0.0', 'SLOWPOKE_DELAY_MICROS_SERVICE2': '0.0'}
    [exp] Executing cmd `bash run.sh mutex mix 8 512 100000`:
        [run.sh] Running benchmark mutex with request mix, thread 8, conn 512, duration 60
        [run.sh] Deleting all services
        service "service1" deleted
        deployment.apps "service1" deleted
        service "service2" deleted
        deployment.apps "service2" deleted
        deployment.apps "ubuntu-client" deleted
        [run.sh] Waiting for all pods to be deleted
        [run.sh] Deploying all services
        service/service1 created
        deployment.apps/service1 created
        service/service2 created
        deployment.apps/service2 created
        [run.sh] Client pod not found, deploying client
        deployment.apps/ubuntu-client created
        [run.sh] Waiting for all pods to be running
        [run.sh] All pods are running
        [run.sh] Starting the rust proxy first for mutex
        [run.sh] Running warmup test
        [run.sh] /wrk/wrk -t8 -c512 -d3s -L http://service1:80/
        Running 3s test @ http://service1:80/
        8 threads and 512 connections
        Thread Stats   Avg      Stdev     Max   +/- Stdev
        Latency   190.42ms   27.89ms 368.72ms   94.05%
        Req/Sec   338.58     95.15   565.00     76.86%
        Latency Distribution
        50%  184.00ms
        75%  186.30ms
        90%  192.95ms
        99%  344.90ms
        7811 requests in 3.02s, 1.08MB read
        Requests/sec:   2582.95
        Transfer/sec:    365.75KB
        [run.sh] Speed is 2582.95, duration is 58
        [run.sh] Fix the request number.
        [run.sh] Running the actual test
        [run.sh] /wrk/wrk --timeout 20s -t8 -c512 -d58s -L -s /wrk/fix_req_n.lua http://service1:80/
        [run.sh] Checking the resource usage
        NAME                             CPU(cores)   MEMORY(bytes)
        service1-6c5dc58865-jqjw5        1883m        37Mi
        service2-756bdb8c65-8tmnp        1194m        11Mi
        ubuntu-client-76886f6bbd-gfvb5   84m          9Mi
        Running 1m test @ http://service1:80/
        8 threads and 512 connections
        Thread Stats   Avg      Stdev     Max   +/- Stdev
        Latency   184.91ms    9.63ms 340.83ms   87.74%
        Req/Sec   347.22     64.37   575.00     72.42%
        Latency Distribution
        50%  183.77ms
        75%  186.10ms
        90%  191.53ms
        99%  216.87ms
        100000 requests in 0.97m, 13.83MB read
        Requests/sec:   1724.13
        Transfer/sec:    244.14KB
        ------------------------------
        stop time: 36.110673
        stop time: 36.213733
        stop time: 36.269334
        stop time: 36.265409
        stop time: 36.284696
        stop time: 36.234516
        stop time: 36.236048
        stop time: 36.224037
        [run.sh] Test finished with status 0
        > STDERR
        > No resources found in default namespace.
        > error: Found argument 'mutex' which wasn't expected, or isn't valid in this context
        > 
        > USAGE:
        > proxy <SUBCOMMAND>
        > 
        > For more information try --help
    [exp] Times: [36.110673, 36.213733, 36.269334, 36.265409, 36.284696, 36.234516, 36.236048, 36.224037]
    [exp] Throughput: 2760.158326269801
    [exp] Running (pre_run: False) workload mutex/mix request with the following configuration: {'CLIENT_CPU_QUOTA': '8', 'SLOWPOKE_POKER_BATCH_THRESHOLD': '20000000', 'SLOWPOKE_PROCESSING_MICROS_SERVICE1': '160', 'SLOWPOKE_PROCESSING_MICROS_SERVICE2': '0', 'SLOWPOKE_DELAY_MICROS_SERVICE1': '0.0', 'SLOWPOKE_DELAY_MICROS_SERVICE2': '0.0'}
    [exp] Executing cmd `bash run.sh mutex mix 8 512 100000`:
        [run.sh] Running benchmark mutex with request mix, thread 8, conn 512, duration 60
        [run.sh] Deleting all services
        service "service1" deleted
        deployment.apps "service1" deleted
        service "service2" deleted
        deployment.apps "service2" deleted
        deployment.apps "ubuntu-client" deleted
        [run.sh] Waiting for all pods to be deleted
        [run.sh] Deploying all services
        service/service1 created
        deployment.apps/service1 created
        service/service2 created
        deployment.apps/service2 created
        [run.sh] Client pod not found, deploying client
        deployment.apps/ubuntu-client created
        [run.sh] Waiting for all pods to be running
        [run.sh] All pods are running
        [run.sh] Starting the rust proxy first for mutex
        [run.sh] Running warmup test
        [run.sh] /wrk/wrk -t8 -c512 -d3s -L http://service1:80/
        Running 3s test @ http://service1:80/
        8 threads and 512 connections
        Thread Stats   Avg      Stdev     Max   +/- Stdev
        Latency   193.30ms   32.15ms 398.84ms   93.75%
        Req/Sec   336.28     77.53   500.00     74.78%
        Latency Distribution
        50%  186.13ms
        75%  195.39ms
        90%  206.77ms
        99%  364.58ms
        7706 requests in 3.02s, 1.07MB read
        Requests/sec:   2548.02
        Transfer/sec:    360.80KB
        [run.sh] Speed is 2548.02, duration is 58
        [run.sh] Fix the request number.
        [run.sh] Running the actual test
        [run.sh] /wrk/wrk --timeout 20s -t8 -c512 -d58s -L -s /wrk/fix_req_n.lua http://service1:80/
        [run.sh] Checking the resource usage
        NAME                             CPU(cores)   MEMORY(bytes)
        service1-78ff856957-fg5r8        1951m        37Mi
        service2-756bdb8c65-c6b58        1170m        10Mi
        ubuntu-client-76886f6bbd-pm7px   84m          10Mi
        Running 1m test @ http://service1:80/
        8 threads and 512 connections
        Thread Stats   Avg      Stdev     Max   +/- Stdev
        Latency   187.67ms   15.07ms 369.35ms   82.26%
        Req/Sec   342.24     47.15   500.00     69.36%
        Latency Distribution
        50%  185.53ms
        75%  194.18ms
        90%  202.28ms
        99%  239.12ms
        100000 requests in 0.97m, 13.83MB read
        Requests/sec:   1724.13
        Transfer/sec:    244.14KB
        ------------------------------
        stop time: 36.664092
        stop time: 36.711432
        stop time: 36.789133
        stop time: 36.760787
        stop time: 36.803503
        stop time: 36.786579
        stop time: 36.749690
        stop time: 36.778481
        [run.sh] Test finished with status 0
        > STDERR
        > No resources found in default namespace.
        > error: Found argument 'mutex' which wasn't expected, or isn't valid in this context
        > 
        > USAGE:
        > proxy <SUBCOMMAND>
        > 
        > For more information try --help
    [exp] Times: [36.664092, 36.711432, 36.789133, 36.760787, 36.803503, 36.786579, 36.74969, 36.778481]
    [exp] Throughput: 2720.68406213788
    [exp] Running (pre_run: False) workload mutex/mix request with the following configuration: {'CLIENT_CPU_QUOTA': '8', 'SLOWPOKE_POKER_BATCH_THRESHOLD': '20000000', 'SLOWPOKE_PROCESSING_MICROS_SERVICE1': '200', 'SLOWPOKE_PROCESSING_MICROS_SERVICE2': '0', 'SLOWPOKE_DELAY_MICROS_SERVICE1': '0.0', 'SLOWPOKE_DELAY_MICROS_SERVICE2': '0.0'}
    [exp] Executing cmd `bash run.sh mutex mix 8 512 100000`:
        [run.sh] Running benchmark mutex with request mix, thread 8, conn 512, duration 60
        [run.sh] Deleting all services
        service "service1" deleted
        deployment.apps "service1" deleted
        service "service2" deleted
        deployment.apps "service2" deleted
        deployment.apps "ubuntu-client" deleted
        [run.sh] Waiting for all pods to be deleted
        [run.sh] Deploying all services
        service/service1 created
        deployment.apps/service1 created
        service/service2 created
        deployment.apps/service2 created
        [run.sh] Client pod not found, deploying client
        deployment.apps/ubuntu-client created
        [run.sh] Waiting for all pods to be running
        [run.sh] All pods are running
        [run.sh] Starting the rust proxy first for mutex
        [run.sh] Running warmup test
        [run.sh] /wrk/wrk -t8 -c512 -d3s -L http://service1:80/
        Running 3s test @ http://service1:80/
        8 threads and 512 connections
        Thread Stats   Avg      Stdev     Max   +/- Stdev
        Latency   207.35ms   40.02ms 398.03ms   85.79%
        Req/Sec   313.92     88.36   550.00     75.89%
        Latency Distribution
        50%  196.22ms
        75%  209.88ms
        90%  261.68ms
        99%  383.65ms
        7162 requests in 3.03s, 0.99MB read
        Requests/sec:   2361.59
        Transfer/sec:    334.41KB
        [run.sh] Speed is 2361.59, duration is 63
        [run.sh] Fix the request number.
        [run.sh] Running the actual test
        [run.sh] /wrk/wrk --timeout 20s -t8 -c512 -d63s -L -s /wrk/fix_req_n.lua http://service1:80/
        [run.sh] Checking the resource usage
        Running 1m test @ http://service1:80/
        8 threads and 512 connections
        Thread Stats   Avg      Stdev     Max   +/- Stdev
        Latency   196.15ms   16.59ms 379.98ms   78.23%
        Req/Sec   327.24     48.30   490.00     75.58%
        Latency Distribution
        50%  194.84ms
        75%  204.12ms
        90%  213.66ms
        99%  250.45ms
        100000 requests in 1.05m, 13.83MB read
        Requests/sec:   1587.30
        Transfer/sec:    224.76KB
        ------------------------------
        stop time: 38.347136
        stop time: 38.424518
        stop time: 38.448543
        stop time: 38.424570
        stop time: 38.457567
        stop time: 38.440218
        stop time: 38.442582
        stop time: 38.419968
        [run.sh] Test finished with status 0
        > STDERR
        > No resources found in default namespace.
        > error: Found argument 'mutex' which wasn't expected, or isn't valid in this context
        > 
        > USAGE:
        > proxy <SUBCOMMAND>
        > 
        > For more information try --help
        > error: metrics not available yet
    [exp] Times: [38.347136, 38.424518, 38.448543, 38.42457, 38.457567, 38.440218, 38.442582, 38.419968]
    [exp] Throughput: 2602.4291555187006
    [exp] Running (pre_run: False) workload mutex/mix request with the following configuration: {'CLIENT_CPU_QUOTA': '8', 'SLOWPOKE_POKER_BATCH_THRESHOLD': '20000000', 'SLOWPOKE_PROCESSING_MICROS_SERVICE1': '240', 'SLOWPOKE_PROCESSING_MICROS_SERVICE2': '0', 'SLOWPOKE_DELAY_MICROS_SERVICE1': '0.0', 'SLOWPOKE_DELAY_MICROS_SERVICE2': '0.0'}
    [exp] Executing cmd `bash run.sh mutex mix 8 512 100000`:
        [run.sh] Running benchmark mutex with request mix, thread 8, conn 512, duration 60
        [run.sh] Deleting all services
        service "service1" deleted
        deployment.apps "service1" deleted
        service "service2" deleted
        deployment.apps "service2" deleted
        deployment.apps "ubuntu-client" deleted
        [run.sh] Waiting for all pods to be deleted
        [run.sh] Deploying all services
        service/service1 created
        deployment.apps/service1 created
        service/service2 created
        deployment.apps/service2 created
        [run.sh] Client pod not found, deploying client
        deployment.apps/ubuntu-client created
        [run.sh] Waiting for all pods to be running
        [run.sh] All pods are running
        [run.sh] Starting the rust proxy first for mutex
        [run.sh] Running warmup test
        [run.sh] /wrk/wrk -t8 -c512 -d3s -L http://service1:80/
        Running 3s test @ http://service1:80/
        8 threads and 512 connections
        Thread Stats   Avg      Stdev     Max   +/- Stdev
        Latency   212.93ms   34.84ms 425.99ms   92.17%
        Req/Sec   305.72    106.42   565.00     68.75%
        Latency Distribution
        50%  205.62ms
        75%  216.59ms
        90%  231.04ms
        99%  385.86ms
        6961 requests in 3.03s, 0.96MB read
        Requests/sec:   2295.75
        Transfer/sec:    325.08KB
        [run.sh] Speed is 2295.75, duration is 65
        [run.sh] Fix the request number.
        [run.sh] Running the actual test
        [run.sh] /wrk/wrk --timeout 20s -t8 -c512 -d65s -L -s /wrk/fix_req_n.lua http://service1:80/
        [run.sh] Checking the resource usage
        Running 1m test @ http://service1:80/
        8 threads and 512 connections
        Thread Stats   Avg      Stdev     Max   +/- Stdev
        Latency   207.12ms   23.98ms 444.26ms   84.08%
        Req/Sec   310.06     57.70   525.00     73.03%
        Latency Distribution
        50%  204.24ms
        75%  215.49ms
        90%  227.84ms
        99%  306.36ms
        100000 requests in 1.08m, 13.83MB read
        Requests/sec:   1538.46
        Transfer/sec:    217.85KB
        ------------------------------
        stop time: 40.535754
        stop time: 40.505865
        stop time: 40.544777
        stop time: 40.566522
        stop time: 40.565243
        stop time: 40.571919
        stop time: 40.590858
        stop time: 40.614326
        [run.sh] Test finished with status 0
        > STDERR
        > No resources found in default namespace.
        > error: Found argument 'mutex' which wasn't expected, or isn't valid in this context
        > 
        > USAGE:
        > proxy <SUBCOMMAND>
        > 
        > For more information try --help
        > error: metrics not available yet
    [exp] Times: [40.535754, 40.505865, 40.544777, 40.566522, 40.565243, 40.571919, 40.590858, 40.614326]
    [exp] Throughput: 2465.367260336964
    [exp] Running (pre_run: False) workload mutex/mix request with the following configuration: {'CLIENT_CPU_QUOTA': '8', 'SLOWPOKE_POKER_BATCH_THRESHOLD': '20000000', 'SLOWPOKE_PROCESSING_MICROS_SERVICE1': '280', 'SLOWPOKE_PROCESSING_MICROS_SERVICE2': '0', 'SLOWPOKE_DELAY_MICROS_SERVICE1': '0.0', 'SLOWPOKE_DELAY_MICROS_SERVICE2': '0.0'}
    [exp] Executing cmd `bash run.sh mutex mix 8 512 100000`:
        [run.sh] Running benchmark mutex with request mix, thread 8, conn 512, duration 60
        [run.sh] Deleting all services
        service "service1" deleted
        deployment.apps "service1" deleted
        service "service2" deleted
        deployment.apps "service2" deleted
        deployment.apps "ubuntu-client" deleted
        [run.sh] Waiting for all pods to be deleted
        [run.sh] Deploying all services
        service/service1 created
        deployment.apps/service1 created
        service/service2 created
        deployment.apps/service2 created
        [run.sh] Client pod not found, deploying client
        deployment.apps/ubuntu-client created
        [run.sh] Waiting for all pods to be running
        [run.sh] All pods are running
        [run.sh] Starting the rust proxy first for mutex
        [run.sh] Running warmup test
        [run.sh] /wrk/wrk -t8 -c512 -d3s -L http://service1:80/
        Running 3s test @ http://service1:80/
        8 threads and 512 connections
        Thread Stats   Avg      Stdev     Max   +/- Stdev
        Latency   226.04ms   37.73ms 455.28ms   91.51%
        Req/Sec   285.09     79.87   450.00     70.09%
        Latency Distribution
        50%  217.68ms
        75%  230.20ms
        90%  247.06ms
        99%  406.22ms
        6476 requests in 3.03s, 0.90MB read
        Requests/sec:   2137.79
        Transfer/sec:    302.71KB
        [run.sh] Speed is 2137.79, duration is 70
        [run.sh] Fix the request number.
        [run.sh] Running the actual test
        [run.sh] /wrk/wrk --timeout 20s -t8 -c512 -d70s -L -s /wrk/fix_req_n.lua http://service1:80/
        [run.sh] Checking the resource usage
        Running 1m test @ http://service1:80/
        8 threads and 512 connections
        Thread Stats   Avg      Stdev     Max   +/- Stdev
        Latency   218.84ms   19.49ms 427.32ms   77.79%
        Req/Sec   293.82     47.49   440.00     71.11%
        Latency Distribution
        50%  217.17ms
        75%  228.10ms
        90%  239.43ms
        99%  279.97ms
        100000 requests in 1.17m, 13.83MB read
        Requests/sec:   1428.57
        Transfer/sec:    202.29KB
        ------------------------------
        stop time: 42.773699
        stop time: 42.868646
        stop time: 42.852299
        stop time: 42.902659
        stop time: 42.891193
        stop time: 42.882839
        stop time: 42.818629
        stop time: 42.885328
        [run.sh] Test finished with status 0
        > STDERR
        > No resources found in default namespace.
        > error: Found argument 'mutex' which wasn't expected, or isn't valid in this context
        > 
        > USAGE:
        > proxy <SUBCOMMAND>
        > 
        > For more information try --help
        > error: metrics not available yet
    [exp] Times: [42.773699, 42.868646, 42.852299, 42.902659, 42.891193, 42.882839, 42.818629, 42.885328]
    [exp] Throughput: 2333.2098248712537
    [exp] Running (pre_run: False) workload mutex/mix request with the following configuration: {'CLIENT_CPU_QUOTA': '8', 'SLOWPOKE_POKER_BATCH_THRESHOLD': '20000000', 'SLOWPOKE_PROCESSING_MICROS_SERVICE1': '320', 'SLOWPOKE_PROCESSING_MICROS_SERVICE2': '0', 'SLOWPOKE_DELAY_MICROS_SERVICE1': '0.0', 'SLOWPOKE_DELAY_MICROS_SERVICE2': '0.0'}
    [exp] Executing cmd `bash run.sh mutex mix 8 512 100000`:
        [run.sh] Running benchmark mutex with request mix, thread 8, conn 512, duration 60
        [run.sh] Deleting all services
        service "service1" deleted
        deployment.apps "service1" deleted
        service "service2" deleted
        deployment.apps "service2" deleted
        deployment.apps "ubuntu-client" deleted
        [run.sh] Waiting for all pods to be deleted
        [run.sh] Deploying all services
        service/service1 created
        deployment.apps/service1 created
        service/service2 created
        deployment.apps/service2 created
        [run.sh] Client pod not found, deploying client
        deployment.apps/ubuntu-client created
        [run.sh] Waiting for all pods to be running
        [run.sh] All pods are running
        [run.sh] Starting the rust proxy first for mutex
        [run.sh] Running warmup test
        [run.sh] /wrk/wrk -t8 -c512 -d3s -L http://service1:80/
        Running 3s test @ http://service1:80/
        8 threads and 512 connections
        Thread Stats   Avg      Stdev     Max   +/- Stdev
        Latency   235.67ms   39.94ms 459.03ms   89.79%
        Req/Sec   276.39     68.51   490.00     79.91%
        Latency Distribution
        50%  227.05ms
        75%  239.75ms
        90%  259.68ms
        99%  419.21ms
        6267 requests in 3.02s, 0.87MB read
        Requests/sec:   2076.55
        Transfer/sec:    294.04KB
        [run.sh] Speed is 2076.55, duration is 72
        [run.sh] Fix the request number.
        [run.sh] Running the actual test
        [run.sh] /wrk/wrk --timeout 20s -t8 -c512 -d72s -L -s /wrk/fix_req_n.lua http://service1:80/
        [run.sh] Checking the resource usage
        NAME                             CPU(cores)   MEMORY(bytes)
        service1-6fccdcc499-ktvn7        1950m        36Mi
        service2-756bdb8c65-24z8s        990m         10Mi
        ubuntu-client-76886f6bbd-gdrml   72m          10Mi
        Running 1m test @ http://service1:80/
        8 threads and 512 connections
        Thread Stats   Avg      Stdev     Max   +/- Stdev
        Latency   228.58ms   18.46ms 427.64ms   74.31%
        Req/Sec   281.09     47.13   606.00     70.86%
        Latency Distribution
        50%  227.28ms
        75%  238.49ms
        90%  249.78ms
        99%  279.24ms
        100000 requests in 1.20m, 13.83MB read
        Requests/sec:   1388.89
        Transfer/sec:    196.67KB
        ------------------------------
        stop time: 44.710009
        stop time: 44.771912
        stop time: 44.767817
        stop time: 44.816276
        stop time: 44.785953
        stop time: 44.781617
        stop time: 44.806454
        stop time: 44.801144
        [run.sh] Test finished with status 0
        > STDERR
        > No resources found in default namespace.
        > error: Found argument 'mutex' which wasn't expected, or isn't valid in this context
        > 
        > USAGE:
        > proxy <SUBCOMMAND>
        > 
        > For more information try --help
    [exp] Times: [44.710009, 44.771912, 44.767817, 44.816276, 44.785953, 44.781617, 44.806454, 44.801144]
    [exp] Throughput: 2233.132426410987
    [exp] Running (pre_run: False) workload mutex/mix request with the following configuration: {'CLIENT_CPU_QUOTA': '8', 'SLOWPOKE_POKER_BATCH_THRESHOLD': '20000000', 'SLOWPOKE_PROCESSING_MICROS_SERVICE1': '360', 'SLOWPOKE_PROCESSING_MICROS_SERVICE2': '0', 'SLOWPOKE_DELAY_MICROS_SERVICE1': '0.0', 'SLOWPOKE_DELAY_MICROS_SERVICE2': '0.0'}
    [exp] Executing cmd `bash run.sh mutex mix 8 512 100000`:
        [run.sh] Running benchmark mutex with request mix, thread 8, conn 512, duration 60
        [run.sh] Deleting all services
        service "service1" deleted
        deployment.apps "service1" deleted
        service "service2" deleted
        deployment.apps "service2" deleted
        deployment.apps "ubuntu-client" deleted
        [run.sh] Waiting for all pods to be deleted
        [run.sh] Deploying all services
        service/service1 created
        deployment.apps/service1 created
        service/service2 created
        deployment.apps/service2 created
        [run.sh] Client pod not found, deploying client
        deployment.apps/ubuntu-client created
        [run.sh] Waiting for all pods to be running
        [run.sh] All pods are running
        [run.sh] Starting the rust proxy first for mutex
        [run.sh] Running warmup test
        [run.sh] /wrk/wrk -t8 -c512 -d3s -L http://service1:80/
        Running 3s test @ http://service1:80/
        8 threads and 512 connections
        Thread Stats   Avg      Stdev     Max   +/- Stdev
        Latency   246.33ms   39.77ms 471.80ms   91.41%
        Req/Sec   263.79     83.24   555.00     69.51%
        Latency Distribution
        50%  237.55ms
        75%  251.02ms
        90%  269.39ms
        99%  437.16ms
        5996 requests in 3.03s, 849.04KB read
        Requests/sec:   1978.41
        Transfer/sec:    280.15KB
        [run.sh] Speed is 1978.41, duration is 75
        [run.sh] Fix the request number.
        [run.sh] Running the actual test
        [run.sh] /wrk/wrk --timeout 20s -t8 -c512 -d75s -L -s /wrk/fix_req_n.lua http://service1:80/
        [run.sh] Checking the resource usage
        NAME                             CPU(cores)   MEMORY(bytes)
        service1-575f876ff-2j5g2         1953m        36Mi
        service2-756bdb8c65-zqt2j        950m         11Mi
        ubuntu-client-76886f6bbd-zkxw6   69m          10Mi
        Running 1m test @ http://service1:80/
        8 threads and 512 connections
        Thread Stats   Avg      Stdev     Max   +/- Stdev
        Latency   236.83ms   19.61ms 472.39ms   76.60%
        Req/Sec   271.28     43.03   480.00     72.54%
        Latency Distribution
        50%  235.52ms
        75%  246.82ms
        90%  258.19ms
        99%  289.34ms
        100001 requests in 1.25m, 13.83MB read
        Requests/sec:   1333.34
        Transfer/sec:    188.80KB
        ------------------------------
        stop time: 46.288301
        stop time: 46.385962
        stop time: 46.418700
        stop time: 46.402636
        stop time: 46.416581
        stop time: 46.383513
        stop time: 46.380391
        stop time: 46.372668
        [run.sh] Test finished with status 0
        > STDERR
        > No resources found in default namespace.
        > error: Found argument 'mutex' which wasn't expected, or isn't valid in this context
        > 
        > USAGE:
        > proxy <SUBCOMMAND>
        > 
        > For more information try --help
    [exp] Times: [46.288301, 46.385962, 46.4187, 46.402636, 46.416581, 46.383513, 46.380391, 46.372668]
    [exp] Throughput: 2156.050911606354
[test.py] Running slowdown experiment
    [exp] Running (pre_run: False) workload mutex/mix request with the following configuration: {'CLIENT_CPU_QUOTA': '8', 'SLOWPOKE_POKER_BATCH_THRESHOLD': '20000000', 'SLOWPOKE_PROCESSING_MICROS_SERVICE1': '400', 'SLOWPOKE_PROCESSING_MICROS_SERVICE2': '0', 'SLOWPOKE_DELAY_MICROS_SERVICE1': '0.0', 'SLOWPOKE_DELAY_MICROS_SERVICE2': '200.0'}
    [exp] Executing cmd `bash run.sh mutex mix 8 512 100000`:
        [run.sh] Running benchmark mutex with request mix, thread 8, conn 512, duration 60
        [run.sh] Deleting all services
        service "service1" deleted
        deployment.apps "service1" deleted
        service "service2" deleted
        deployment.apps "service2" deleted
        deployment.apps "ubuntu-client" deleted
        [run.sh] Waiting for all pods to be deleted
        [run.sh] Deploying all services
        service/service1 created
        deployment.apps/service1 created
        service/service2 created
        deployment.apps/service2 created
        [run.sh] Client pod not found, deploying client
        deployment.apps/ubuntu-client created
        [run.sh] Waiting for all pods to be running
        [run.sh] All pods are running
        [run.sh] Starting the rust proxy first for mutex
        [run.sh] Running warmup test
        [run.sh] /wrk/wrk -t8 -c512 -d3s -L http://service1:80/
        Running 3s test @ http://service1:80/
        8 threads and 512 connections
        Thread Stats   Avg      Stdev     Max   +/- Stdev
        Latency   300.95ms   51.97ms 583.34ms   92.16%
        Req/Sec   218.73     78.60   393.00     69.37%
        Latency Distribution
        50%  286.67ms
        75%  293.71ms
        90%  314.18ms
        99%  541.98ms
        4874 requests in 3.03s, 690.17KB read
        Requests/sec:   1610.28
        Transfer/sec:    228.02KB
        [run.sh] Speed is 1610.28, duration is 93
        [run.sh] Fix the request number.
        [run.sh] Running the actual test
        [run.sh] /wrk/wrk --timeout 20s -t8 -c512 -d93s -L -s /wrk/fix_req_n.lua http://service1:80/
        [run.sh] Checking the resource usage
        NAME                             CPU(cores)   MEMORY(bytes)
        service1-5fbf55cb56-kq26b        1230m        37Mi
        service2-7bbbccfff-pnvv8         420m         11Mi
        ubuntu-client-76886f6bbd-jvx9k   43m          10Mi
        Running 2m test @ http://service1:80/
        8 threads and 512 connections
        Thread Stats   Avg      Stdev     Max   +/- Stdev
        Latency   286.41ms   12.86ms 510.04ms   85.49%
        Req/Sec   224.28     43.33   420.00     69.45%
        Latency Distribution
        50%  285.48ms
        75%  289.88ms
        90%  297.49ms
        99%  315.39ms
        100000 requests in 1.55m, 13.83MB read
        Requests/sec:   1075.27
        Transfer/sec:    152.26KB
        ------------------------------
        stop time: 55.926614
        stop time: 56.085596
        stop time: 56.134753
        stop time: 56.131693
        stop time: 56.160432
        stop time: 56.161075
        stop time: 56.126724
        stop time: 56.112495
        [run.sh] Test finished with status 0
        > STDERR
        > No resources found in default namespace.
        > error: Found argument 'mutex' which wasn't expected, or isn't valid in this context
        > 
        > USAGE:
        > proxy <SUBCOMMAND>
        > 
        > For more information try --help
    [exp] Times: [55.926614, 56.085596, 56.134753, 56.131693, 56.160432, 56.161075, 56.126724, 56.112495]
    [exp] Throughput: 1782.3747917022129
    [exp] Running (pre_run: False) workload mutex/mix request with the following configuration: {'CLIENT_CPU_QUOTA': '8', 'SLOWPOKE_POKER_BATCH_THRESHOLD': '20000000', 'SLOWPOKE_PROCESSING_MICROS_SERVICE1': '400', 'SLOWPOKE_PROCESSING_MICROS_SERVICE2': '0', 'SLOWPOKE_DELAY_MICROS_SERVICE1': '0.0', 'SLOWPOKE_DELAY_MICROS_SERVICE2': '180.0'}
    [exp] Executing cmd `bash run.sh mutex mix 8 512 100000`:
        [run.sh] Running benchmark mutex with request mix, thread 8, conn 512, duration 60
        [run.sh] Deleting all services
        service "service1" deleted
        deployment.apps "service1" deleted
        service "service2" deleted
        deployment.apps "service2" deleted
        deployment.apps "ubuntu-client" deleted
        [run.sh] Waiting for all pods to be deleted
        [run.sh] Deploying all services
        service/service1 created
        deployment.apps/service1 created
        service/service2 created
        deployment.apps/service2 created
        [run.sh] Client pod not found, deploying client
        deployment.apps/ubuntu-client created
        [run.sh] Waiting for all pods to be running
        [run.sh] All pods are running
        [run.sh] Starting the rust proxy first for mutex
        [run.sh] Running warmup test
        [run.sh] /wrk/wrk -t8 -c512 -d3s -L http://service1:80/
        Running 3s test @ http://service1:80/
        8 threads and 512 connections
        Thread Stats   Avg      Stdev     Max   +/- Stdev
        Latency   287.57ms   48.60ms 546.76ms   91.09%
        Req/Sec   227.26     79.82   430.00     73.66%
        Latency Distribution
        50%  276.83ms
        75%  285.53ms
        90%  310.54ms
        99%  512.87ms
        5108 requests in 3.02s, 723.30KB read
        Requests/sec:   1689.11
        Transfer/sec:    239.18KB
        [run.sh] Speed is 1689.11, duration is 88
        [run.sh] Fix the request number.
        [run.sh] Running the actual test
        [run.sh] /wrk/wrk --timeout 20s -t8 -c512 -d88s -L -s /wrk/fix_req_n.lua http://service1:80/
        [run.sh] Checking the resource usage
        Running 1m test @ http://service1:80/
        8 threads and 512 connections
        Thread Stats   Avg      Stdev     Max   +/- Stdev
        Latency   276.07ms   15.92ms 402.25ms   89.21%
        Req/Sec   232.35     70.63   660.00     70.44%
        Latency Distribution
        50%  276.99ms
        75%  283.21ms
        90%  288.39ms
        99%  312.45ms
        100000 requests in 1.47m, 13.83MB read
        Requests/sec:   1136.36
        Transfer/sec:    160.91KB
        ------------------------------
        stop time: 53.818413
        stop time: 53.900191
        stop time: 54.093631
        stop time: 54.083771
        stop time: 54.115403
        stop time: 54.145425
        stop time: 54.180876
        stop time: 54.180823
        [run.sh] Test finished with status 0
        > STDERR
        > No resources found in default namespace.
        > error: Found argument 'mutex' which wasn't expected, or isn't valid in this context
        > 
        > USAGE:
        > proxy <SUBCOMMAND>
        > 
        > For more information try --help
        > error: metrics not available yet
    [exp] Times: [53.818413, 53.900191, 54.093631, 54.083771, 54.115403, 54.145425, 54.180876, 54.180823]
    [exp] Throughput: 1849.6317243358449
    [exp] Running (pre_run: False) workload mutex/mix request with the following configuration: {'CLIENT_CPU_QUOTA': '8', 'SLOWPOKE_POKER_BATCH_THRESHOLD': '20000000', 'SLOWPOKE_PROCESSING_MICROS_SERVICE1': '400', 'SLOWPOKE_PROCESSING_MICROS_SERVICE2': '0', 'SLOWPOKE_DELAY_MICROS_SERVICE1': '0.0', 'SLOWPOKE_DELAY_MICROS_SERVICE2': '160.0'}
    [exp] Executing cmd `bash run.sh mutex mix 8 512 100000`:
        [run.sh] Running benchmark mutex with request mix, thread 8, conn 512, duration 60
        [run.sh] Deleting all services
        service "service1" deleted
        deployment.apps "service1" deleted
        service "service2" deleted
        deployment.apps "service2" deleted
        deployment.apps "ubuntu-client" deleted
        [run.sh] Waiting for all pods to be deleted
        [run.sh] Deploying all services
        service/service1 created
        deployment.apps/service1 created
        service/service2 created
        deployment.apps/service2 created
        [run.sh] Client pod not found, deploying client
        deployment.apps/ubuntu-client created
        [run.sh] Waiting for all pods to be running
        [run.sh] All pods are running
        [run.sh] Starting the rust proxy first for mutex
        [run.sh] Running warmup test
        [run.sh] /wrk/wrk -t8 -c512 -d3s -L http://service1:80/
        Running 3s test @ http://service1:80/
        8 threads and 512 connections
        Thread Stats   Avg      Stdev     Max   +/- Stdev
        Latency   279.02ms   48.27ms 551.49ms   91.80%
        Req/Sec   234.43    103.04   540.00     70.85%
        Latency Distribution
        50%  266.26ms
        75%  273.59ms
        90%  292.54ms
        99%  512.56ms
        5281 requests in 3.02s, 747.80KB read
        Requests/sec:   1745.91
        Transfer/sec:    247.22KB
        [run.sh] Speed is 1745.91, duration is 85
        [run.sh] Fix the request number.
        [run.sh] Running the actual test
        [run.sh] /wrk/wrk --timeout 20s -t8 -c512 -d85s -L -s /wrk/fix_req_n.lua http://service1:80/
        [run.sh] Checking the resource usage
        NAME                             CPU(cores)   MEMORY(bytes)
        service1-5fbf55cb56-7k8bg        1827m        37Mi
        service2-85cc8f8d4-dfjk9         847m         11Mi
        ubuntu-client-76886f6bbd-fbnq8   62m          10Mi
        Running 1m test @ http://service1:80/
        8 threads and 512 connections
        Thread Stats   Avg      Stdev     Max   +/- Stdev
        Latency   266.31ms   13.02ms 505.78ms   85.29%
        Req/Sec   241.27     59.45   510.00     71.73%
        Latency Distribution
        50%  265.21ms
        75%  270.59ms
        90%  277.68ms
        99%  296.95ms
        100000 requests in 1.42m, 13.83MB read
        Requests/sec:   1176.47
        Transfer/sec:    166.59KB
        ------------------------------
        stop time: 52.026033
        stop time: 52.127458
        stop time: 52.170306
        stop time: 52.224419
        stop time: 52.168179
        stop time: 52.179060
        stop time: 52.196572
        stop time: 52.161208
        [run.sh] Test finished with status 0
        > STDERR
        > No resources found in default namespace.
        > error: Found argument 'mutex' which wasn't expected, or isn't valid in this context
        > 
        > USAGE:
        > proxy <SUBCOMMAND>
        > 
        > For more information try --help
    [exp] Times: [52.026033, 52.127458, 52.170306, 52.224419, 52.168179, 52.17906, 52.196572, 52.161208]
    [exp] Throughput: 1917.3008928259117
    [exp] Running (pre_run: False) workload mutex/mix request with the following configuration: {'CLIENT_CPU_QUOTA': '8', 'SLOWPOKE_POKER_BATCH_THRESHOLD': '20000000', 'SLOWPOKE_PROCESSING_MICROS_SERVICE1': '400', 'SLOWPOKE_PROCESSING_MICROS_SERVICE2': '0', 'SLOWPOKE_DELAY_MICROS_SERVICE1': '0.0', 'SLOWPOKE_DELAY_MICROS_SERVICE2': '140.0'}
    [exp] Executing cmd `bash run.sh mutex mix 8 512 100000`:
        [run.sh] Running benchmark mutex with request mix, thread 8, conn 512, duration 60
        [run.sh] Deleting all services
        service "service1" deleted
        deployment.apps "service1" deleted
        service "service2" deleted
        deployment.apps "service2" deleted
        deployment.apps "ubuntu-client" deleted
        [run.sh] Waiting for all pods to be deleted
        [run.sh] Deploying all services
        service/service1 created
        deployment.apps/service1 created
        service/service2 created
        deployment.apps/service2 created
        [run.sh] Client pod not found, deploying client
        deployment.apps/ubuntu-client created
        [run.sh] Waiting for all pods to be running
        [run.sh] All pods are running
        [run.sh] Starting the rust proxy first for mutex
        [run.sh] Running warmup test
        [run.sh] /wrk/wrk -t8 -c512 -d3s -L http://service1:80/
        Running 3s test @ http://service1:80/
        8 threads and 512 connections
        Thread Stats   Avg      Stdev     Max   +/- Stdev
        Latency   268.63ms   47.01ms 521.20ms   91.91%
        Req/Sec   243.26     89.85   454.00     65.18%
        Latency Distribution
        50%  257.66ms
        75%  265.33ms
        90%  279.91ms
        99%  492.97ms
        5478 requests in 3.03s, 775.69KB read
        Requests/sec:   1807.49
        Transfer/sec:    255.94KB
        [run.sh] Speed is 1807.49, duration is 82
        [run.sh] Fix the request number.
        [run.sh] Running the actual test
        [run.sh] /wrk/wrk --timeout 20s -t8 -c512 -d82s -L -s /wrk/fix_req_n.lua http://service1:80/
        [run.sh] Checking the resource usage
        NAME                             CPU(cores)   MEMORY(bytes)
        service1-5fbf55cb56-ldtrp        579m         35Mi
        service2-7b974b54d6-4cx6r        262m         11Mi
        ubuntu-client-76886f6bbd-w7rdw   23m          0Mi
        Running 1m test @ http://service1:80/
        8 threads and 512 connections
        Thread Stats   Avg      Stdev     Max   +/- Stdev
        Latency   256.22ms   15.35ms 502.16ms   82.91%
        Req/Sec   250.74     51.56   590.00     73.12%
        Latency Distribution
        50%  255.92ms
        75%  263.07ms
        90%  269.95ms
        99%  295.23ms
        100000 requests in 1.37m, 13.83MB read
        Requests/sec:   1219.51
        Transfer/sec:    172.68KB
        ------------------------------
        stop time: 50.080448
        stop time: 50.145377
        stop time: 50.211274
        stop time: 50.153058
        stop time: 50.161290
        stop time: 50.224689
        stop time: 50.263517
        stop time: 50.246569
        [run.sh] Test finished with status 0
        > STDERR
        > No resources found in default namespace.
        > error: Found argument 'mutex' which wasn't expected, or isn't valid in this context
        > 
        > USAGE:
        > proxy <SUBCOMMAND>
        > 
        > For more information try --help
    [exp] Times: [50.080448, 50.145377, 50.211274, 50.153058, 50.16129, 50.224689, 50.263517, 50.246569]
    [exp] Throughput: 1992.5963984886137
    [exp] Running (pre_run: False) workload mutex/mix request with the following configuration: {'CLIENT_CPU_QUOTA': '8', 'SLOWPOKE_POKER_BATCH_THRESHOLD': '20000000', 'SLOWPOKE_PROCESSING_MICROS_SERVICE1': '400', 'SLOWPOKE_PROCESSING_MICROS_SERVICE2': '0', 'SLOWPOKE_DELAY_MICROS_SERVICE1': '0.0', 'SLOWPOKE_DELAY_MICROS_SERVICE2': '120.0'}
    [exp] Executing cmd `bash run.sh mutex mix 8 512 100000`:
        [run.sh] Running benchmark mutex with request mix, thread 8, conn 512, duration 60
        [run.sh] Deleting all services
        service "service1" deleted
        deployment.apps "service1" deleted
        service "service2" deleted
        deployment.apps "service2" deleted
        deployment.apps "ubuntu-client" deleted
        [run.sh] Waiting for all pods to be deleted
        [run.sh] Deploying all services
        service/service1 created
        deployment.apps/service1 created
        service/service2 created
        deployment.apps/service2 created
        [run.sh] Client pod not found, deploying client
        deployment.apps/ubuntu-client created
        [run.sh] Waiting for all pods to be running
        [run.sh] All pods are running
        [run.sh] Starting the rust proxy first for mutex
        [run.sh] Running warmup test
        [run.sh] /wrk/wrk -t8 -c512 -d3s -L http://service1:80/
        Running 3s test @ http://service1:80/
        8 threads and 512 connections
        Thread Stats   Avg      Stdev     Max   +/- Stdev
        Latency   262.71ms   47.12ms 526.01ms   91.56%
        Req/Sec   247.51     73.45   414.00     71.43%
        Latency Distribution
        50%  251.06ms
        75%  264.58ms
        90%  292.82ms
        99%  483.77ms
        5583 requests in 3.03s, 790.56KB read
        Requests/sec:   1844.02
        Transfer/sec:    261.12KB
        [run.sh] Speed is 1844.02, duration is 81
        [run.sh] Fix the request number.
        [run.sh] Running the actual test
        [run.sh] /wrk/wrk --timeout 20s -t8 -c512 -d81s -L -s /wrk/fix_req_n.lua http://service1:80/
        [run.sh] Checking the resource usage
        Running 1m test @ http://service1:80/
        8 threads and 512 connections
        Thread Stats   Avg      Stdev     Max   +/- Stdev
        Latency   247.13ms   16.72ms 486.57ms   77.84%
        Req/Sec   259.90     42.82   414.00     69.74%
        Latency Distribution
        50%  245.64ms
        75%  254.98ms
        90%  265.26ms
        99%  292.32ms
        100000 requests in 1.35m, 13.83MB read
        Requests/sec:   1234.57
        Transfer/sec:    174.82KB
        ------------------------------
        stop time: 48.317609
        stop time: 48.440311
        stop time: 48.416820
        stop time: 48.391734
        stop time: 48.461407
        stop time: 48.391480
        stop time: 48.428223
        stop time: 48.365904
        [run.sh] Test finished with status 0
        > STDERR
        > No resources found in default namespace.
        > error: Found argument 'mutex' which wasn't expected, or isn't valid in this context
        > 
        > USAGE:
        > proxy <SUBCOMMAND>
        > 
        > For more information try --help
        > error: metrics not available yet
    [exp] Times: [48.317609, 48.440311, 48.41682, 48.391734, 48.461407, 48.39148, 48.428223, 48.365904]
    [exp] Throughput: 2066.043732443535
    [exp] Running (pre_run: False) workload mutex/mix request with the following configuration: {'CLIENT_CPU_QUOTA': '8', 'SLOWPOKE_POKER_BATCH_THRESHOLD': '20000000', 'SLOWPOKE_PROCESSING_MICROS_SERVICE1': '400', 'SLOWPOKE_PROCESSING_MICROS_SERVICE2': '0', 'SLOWPOKE_DELAY_MICROS_SERVICE1': '0.0', 'SLOWPOKE_DELAY_MICROS_SERVICE2': '100.0'}
    [exp] Executing cmd `bash run.sh mutex mix 8 512 100000`:
        [run.sh] Running benchmark mutex with request mix, thread 8, conn 512, duration 60
        [run.sh] Deleting all services
        service "service1" deleted
        deployment.apps "service1" deleted
        service "service2" deleted
        deployment.apps "service2" deleted
        deployment.apps "ubuntu-client" deleted
        [run.sh] Waiting for all pods to be deleted
        [run.sh] Deploying all services
        service/service1 created
        deployment.apps/service1 created
        service/service2 created
        deployment.apps/service2 created
        [run.sh] Client pod not found, deploying client
        deployment.apps/ubuntu-client created
        [run.sh] Waiting for all pods to be running
        [run.sh] All pods are running
        [run.sh] Starting the rust proxy first for mutex
        [run.sh] Running warmup test
        [run.sh] /wrk/wrk -t8 -c512 -d3s -L http://service1:80/
        Running 3s test @ http://service1:80/
        8 threads and 512 connections
        Thread Stats   Avg      Stdev     Max   +/- Stdev
        Latency   258.99ms   47.20ms 507.27ms   91.52%
        Req/Sec   251.61     89.27   535.00     72.77%
        Latency Distribution
        50%  247.77ms
        75%  262.35ms
        90%  282.00ms
        99%  479.37ms
        5669 requests in 3.02s, 802.74KB read
        Requests/sec:   1876.99
        Transfer/sec:    265.78KB
        [run.sh] Speed is 1876.99, duration is 79
        [run.sh] Fix the request number.
        [run.sh] Running the actual test
        [run.sh] /wrk/wrk --timeout 20s -t8 -c512 -d79s -L -s /wrk/fix_req_n.lua http://service1:80/
        [run.sh] Checking the resource usage
        NAME                             CPU(cores)   MEMORY(bytes)
        service1-5fbf55cb56-v9sxm        1951m        36Mi
        service2-6cb595d5d6-82sxv        887m         10Mi
        ubuntu-client-76886f6bbd-z4mcb   67m          10Mi
        Running 1m test @ http://service1:80/
        8 threads and 512 connections
        Thread Stats   Avg      Stdev     Max   +/- Stdev
        Latency   248.58ms   20.43ms 485.93ms   74.41%
        Req/Sec   258.41     45.74   515.00     71.27%
        Latency Distribution
        50%  246.99ms
        75%  259.51ms
        90%  272.33ms
        99%  302.01ms
        100000 requests in 1.32m, 13.83MB read
        Requests/sec:   1265.82
        Transfer/sec:    179.24KB
        ------------------------------
        stop time: 48.558414
        stop time: 48.630938
        stop time: 48.701285
        stop time: 48.752328
        stop time: 48.700748
        stop time: 48.766195
        stop time: 48.655249
        stop time: 48.676656
        [run.sh] Test finished with status 0
        > STDERR
        > No resources found in default namespace.
        > error: Found argument 'mutex' which wasn't expected, or isn't valid in this context
        > 
        > USAGE:
        > proxy <SUBCOMMAND>
        > 
        > For more information try --help
    [exp] Times: [48.558414, 48.630938, 48.701285, 48.752328, 48.700748, 48.766195, 48.655249, 48.676656]
    [exp] Throughput: 2054.222154106498
    [exp] Running (pre_run: False) workload mutex/mix request with the following configuration: {'CLIENT_CPU_QUOTA': '8', 'SLOWPOKE_POKER_BATCH_THRESHOLD': '20000000', 'SLOWPOKE_PROCESSING_MICROS_SERVICE1': '400', 'SLOWPOKE_PROCESSING_MICROS_SERVICE2': '0', 'SLOWPOKE_DELAY_MICROS_SERVICE1': '0.0', 'SLOWPOKE_DELAY_MICROS_SERVICE2': '80.0'}
    [exp] Executing cmd `bash run.sh mutex mix 8 512 100000`:
        [run.sh] Running benchmark mutex with request mix, thread 8, conn 512, duration 60
        [run.sh] Deleting all services
        service "service1" deleted
        deployment.apps "service1" deleted
        service "service2" deleted
        deployment.apps "service2" deleted
        deployment.apps "ubuntu-client" deleted
        [run.sh] Waiting for all pods to be deleted
        [run.sh] Deploying all services
        service/service1 created
        deployment.apps/service1 created
        service/service2 created
        deployment.apps/service2 created
        [run.sh] Client pod not found, deploying client
        deployment.apps/ubuntu-client created
        [run.sh] Waiting for all pods to be running
        [run.sh] All pods are running
        [run.sh] Starting the rust proxy first for mutex
        [run.sh] Running warmup test
        [run.sh] /wrk/wrk -t8 -c512 -d3s -L http://service1:80/
        Running 3s test @ http://service1:80/
        8 threads and 512 connections
        Thread Stats   Avg      Stdev     Max   +/- Stdev
        Latency   260.51ms   47.69ms 519.38ms   90.92%
        Req/Sec   251.33     89.73   440.00     68.30%
        Latency Distribution
        50%  248.54ms
        75%  263.61ms
        90%  292.12ms
        99%  475.99ms
        5648 requests in 3.03s, 799.77KB read
        Requests/sec:   1865.01
        Transfer/sec:    264.09KB
        [run.sh] Speed is 1865.01, duration is 80
        [run.sh] Fix the request number.
        [run.sh] Running the actual test
        [run.sh] /wrk/wrk --timeout 20s -t8 -c512 -d80s -L -s /wrk/fix_req_n.lua http://service1:80/
        [run.sh] Checking the resource usage
        NAME                             CPU(cores)   MEMORY(bytes)
        service1-5fbf55cb56-rtldz        273m         36Mi
        service2-64f46d6f89-pg9t7        515m         10Mi
        ubuntu-client-76886f6bbd-gc294   41m          10Mi
        Running 1m test @ http://service1:80/
        8 threads and 512 connections
        Thread Stats   Avg      Stdev     Max   +/- Stdev
        Latency   247.35ms   21.37ms 534.39ms   80.00%
        Req/Sec   259.57     47.33   500.00     70.04%
        Latency Distribution
        50%  245.86ms
        75%  257.21ms
        90%  269.17ms
        99%  299.13ms
        100000 requests in 1.33m, 13.83MB read
        Requests/sec:   1250.00
        Transfer/sec:    177.00KB
        ------------------------------
        stop time: 48.251125
        stop time: 48.342375
        stop time: 48.467650
        stop time: 48.453344
        stop time: 48.536808
        stop time: 48.470939
        stop time: 48.473769
        stop time: 48.517562
        [run.sh] Test finished with status 0
        > STDERR
        > No resources found in default namespace.
        > error: Found argument 'mutex' which wasn't expected, or isn't valid in this context
        > 
        > USAGE:
        > proxy <SUBCOMMAND>
        > 
        > For more information try --help
    [exp] Times: [48.251125, 48.342375, 48.46765, 48.453344, 48.536808, 48.470939, 48.473769, 48.517562]
    [exp] Throughput: 2064.443822886286
    [exp] Running (pre_run: False) workload mutex/mix request with the following configuration: {'CLIENT_CPU_QUOTA': '8', 'SLOWPOKE_POKER_BATCH_THRESHOLD': '20000000', 'SLOWPOKE_PROCESSING_MICROS_SERVICE1': '400', 'SLOWPOKE_PROCESSING_MICROS_SERVICE2': '0', 'SLOWPOKE_DELAY_MICROS_SERVICE1': '0.0', 'SLOWPOKE_DELAY_MICROS_SERVICE2': '60.0'}
    [exp] Executing cmd `bash run.sh mutex mix 8 512 100000`:
        [run.sh] Running benchmark mutex with request mix, thread 8, conn 512, duration 60
        [run.sh] Deleting all services
        service "service1" deleted
        deployment.apps "service1" deleted
        service "service2" deleted
        deployment.apps "service2" deleted
        deployment.apps "ubuntu-client" deleted
        [run.sh] Waiting for all pods to be deleted
        [run.sh] Deploying all services
        service/service1 created
        deployment.apps/service1 created
        service/service2 created
        deployment.apps/service2 created
        [run.sh] Client pod not found, deploying client
        deployment.apps/ubuntu-client created
        [run.sh] Waiting for all pods to be running
        [run.sh] All pods are running
        [run.sh] Starting the rust proxy first for mutex
        [run.sh] Running warmup test
        [run.sh] /wrk/wrk -t8 -c512 -d3s -L http://service1:80/
        Running 3s test @ http://service1:80/
        8 threads and 512 connections
        Thread Stats   Avg      Stdev     Max   +/- Stdev
        Latency   258.15ms   44.13ms 490.15ms   89.81%
        Req/Sec   251.94     78.63   470.00     74.11%
        Latency Distribution
        50%  248.79ms
        75%  264.00ms
        90%  284.97ms
        99%  463.99ms
        5691 requests in 3.02s, 805.85KB read
        Requests/sec:   1883.57
        Transfer/sec:    266.72KB
        [run.sh] Speed is 1883.57, duration is 79
        [run.sh] Fix the request number.
        [run.sh] Running the actual test
        [run.sh] /wrk/wrk --timeout 20s -t8 -c512 -d79s -L -s /wrk/fix_req_n.lua http://service1:80/
        [run.sh] Checking the resource usage
        NAME                             CPU(cores)   MEMORY(bytes)
        ubuntu-client-76886f6bbd-5rv4r   23m          0Mi
        Running 1m test @ http://service1:80/
        8 threads and 512 connections
        Thread Stats   Avg      Stdev     Max   +/- Stdev
        Latency   247.73ms   20.74ms 485.88ms   74.47%
        Req/Sec   259.41     46.32   454.00     68.86%
        Latency Distribution
        50%  246.41ms
        75%  258.94ms
        90%  271.39ms
        99%  301.33ms
        100000 requests in 1.32m, 13.83MB read
        Requests/sec:   1265.82
        Transfer/sec:    179.24KB
        ------------------------------
        stop time: 48.336098
        stop time: 48.525159
        stop time: 48.536635
        stop time: 48.559664
        stop time: 48.542981
        stop time: 48.561368
        stop time: 48.514951
        stop time: 48.533128
        [run.sh] Test finished with status 0
        > STDERR
        > No resources found in default namespace.
        > error: Found argument 'mutex' which wasn't expected, or isn't valid in this context
        > 
        > USAGE:
        > proxy <SUBCOMMAND>
        > 
        > For more information try --help
    [exp] Times: [48.336098, 48.525159, 48.536635, 48.559664, 48.542981, 48.561368, 48.514951, 48.533128]
    [exp] Throughput: 2061.271374044323
    [exp] Running (pre_run: False) workload mutex/mix request with the following configuration: {'CLIENT_CPU_QUOTA': '8', 'SLOWPOKE_POKER_BATCH_THRESHOLD': '20000000', 'SLOWPOKE_PROCESSING_MICROS_SERVICE1': '400', 'SLOWPOKE_PROCESSING_MICROS_SERVICE2': '0', 'SLOWPOKE_DELAY_MICROS_SERVICE1': '0.0', 'SLOWPOKE_DELAY_MICROS_SERVICE2': '40.0'}
    [exp] Executing cmd `bash run.sh mutex mix 8 512 100000`:
        [run.sh] Running benchmark mutex with request mix, thread 8, conn 512, duration 60
        [run.sh] Deleting all services
        service "service1" deleted
        deployment.apps "service1" deleted
        service "service2" deleted
        deployment.apps "service2" deleted
        deployment.apps "ubuntu-client" deleted
        [run.sh] Waiting for all pods to be deleted
        [run.sh] Deploying all services
        service/service1 created
        deployment.apps/service1 created
        service/service2 created
        deployment.apps/service2 created
        [run.sh] Client pod not found, deploying client
        deployment.apps/ubuntu-client created
        [run.sh] Waiting for all pods to be running
        [run.sh] All pods are running
        [run.sh] Starting the rust proxy first for mutex
        [run.sh] Running warmup test
        [run.sh] /wrk/wrk -t8 -c512 -d3s -L http://service1:80/
        Running 3s test @ http://service1:80/
        8 threads and 512 connections
        Thread Stats   Avg      Stdev     Max   +/- Stdev
        Latency   262.52ms   44.01ms 529.37ms   90.27%
        Req/Sec   249.17     66.58   383.00     75.89%
        Latency Distribution
        50%  252.03ms
        75%  266.80ms
        90%  293.60ms
        99%  458.25ms
        5619 requests in 3.03s, 795.66KB read
        Requests/sec:   1855.94
        Transfer/sec:    262.80KB
        [run.sh] Speed is 1855.94, duration is 80
        [run.sh] Fix the request number.
        [run.sh] Running the actual test
        [run.sh] /wrk/wrk --timeout 20s -t8 -c512 -d80s -L -s /wrk/fix_req_n.lua http://service1:80/
        [run.sh] Checking the resource usage
        Running 1m test @ http://service1:80/
        8 threads and 512 connections
        Thread Stats   Avg      Stdev     Max   +/- Stdev
        Latency   247.35ms   19.93ms 493.77ms   75.86%
        Req/Sec   259.82     45.88   434.00     70.58%
        Latency Distribution
        50%  245.89ms
        75%  257.60ms
        90%  269.57ms
        99%  300.52ms
        100000 requests in 1.33m, 13.83MB read
        Requests/sec:   1250.00
        Transfer/sec:    177.00KB
        ------------------------------
        stop time: 48.319547
        stop time: 48.424476
        stop time: 48.478334
        stop time: 48.491862
        stop time: 48.441245
        stop time: 48.444349
        stop time: 48.460724
        stop time: 48.439143
        [run.sh] Test finished with status 0
        > STDERR
        > No resources found in default namespace.
        > error: Found argument 'mutex' which wasn't expected, or isn't valid in this context
        > 
        > USAGE:
        > proxy <SUBCOMMAND>
        > 
        > For more information try --help
        > error: metrics not available yet
    [exp] Times: [48.319547, 48.424476, 48.478334, 48.491862, 48.441245, 48.444349, 48.460724, 48.439143]
    [exp] Throughput: 2064.517833924405
    [exp] Running (pre_run: False) workload mutex/mix request with the following configuration: {'CLIENT_CPU_QUOTA': '8', 'SLOWPOKE_POKER_BATCH_THRESHOLD': '20000000', 'SLOWPOKE_PROCESSING_MICROS_SERVICE1': '400', 'SLOWPOKE_PROCESSING_MICROS_SERVICE2': '0', 'SLOWPOKE_DELAY_MICROS_SERVICE1': '0.0', 'SLOWPOKE_DELAY_MICROS_SERVICE2': '20.0'}
    [exp] Executing cmd `bash run.sh mutex mix 8 512 100000`:
        [run.sh] Running benchmark mutex with request mix, thread 8, conn 512, duration 60
        [run.sh] Deleting all services
        service "service1" deleted
        deployment.apps "service1" deleted
        service "service2" deleted
        deployment.apps "service2" deleted
        deployment.apps "ubuntu-client" deleted
        [run.sh] Waiting for all pods to be deleted
        [run.sh] Deploying all services
        service/service1 created
        deployment.apps/service1 created
        service/service2 created
        deployment.apps/service2 created
        [run.sh] Client pod not found, deploying client
        deployment.apps/ubuntu-client created
        [run.sh] Waiting for all pods to be running
        [run.sh] All pods are running
        [run.sh] Starting the rust proxy first for mutex
        [run.sh] Running warmup test
        [run.sh] /wrk/wrk -t8 -c512 -d3s -L http://service1:80/
        Running 3s test @ http://service1:80/
        8 threads and 512 connections
        Thread Stats   Avg      Stdev     Max   +/- Stdev
        Latency   260.59ms   45.53ms 519.98ms   90.98%
        Req/Sec   251.33     68.43   400.00     73.21%
        Latency Distribution
        50%  250.01ms
        75%  263.71ms
        90%  284.63ms
        99%  476.25ms
        5655 requests in 3.03s, 800.76KB read
        Requests/sec:   1867.24
        Transfer/sec:    264.40KB
        [run.sh] Speed is 1867.24, duration is 80
        [run.sh] Fix the request number.
        [run.sh] Running the actual test
        [run.sh] /wrk/wrk --timeout 20s -t8 -c512 -d80s -L -s /wrk/fix_req_n.lua http://service1:80/
        [run.sh] Checking the resource usage
        NAME                             CPU(cores)   MEMORY(bytes)
        service1-5fbf55cb56-hg2rc        1954m        37Mi
        service2-9d547cb87-q6spg         893m         10Mi
        ubuntu-client-76886f6bbd-nkm75   61m          10Mi
        Running 1m test @ http://service1:80/
        8 threads and 512 connections
        Thread Stats   Avg      Stdev     Max   +/- Stdev
        Latency   248.74ms   27.93ms 559.09ms   84.59%
        Req/Sec   258.66     54.76   480.00     73.78%
        Latency Distribution
        50%  246.76ms
        75%  259.25ms
        90%  272.86ms
        99%  339.80ms
        100000 requests in 1.33m, 13.83MB read
        Requests/sec:   1250.00
        Transfer/sec:    177.00KB
        ------------------------------
        stop time: 48.578757
        stop time: 48.636698
        stop time: 48.734228
        stop time: 48.724274
        stop time: 48.715821
        stop time: 48.708372
        stop time: 48.776926
        stop time: 48.775765
        [run.sh] Test finished with status 0
        > STDERR
        > No resources found in default namespace.
        > error: Found argument 'mutex' which wasn't expected, or isn't valid in this context
        > 
        > USAGE:
        > proxy <SUBCOMMAND>
        > 
        > For more information try --help
    [exp] Times: [48.578757, 48.636698, 48.734228, 48.724274, 48.715821, 48.708372, 48.776926, 48.775765]
    [exp] Throughput: 2053.1201676528653
[test.py] Baseline throughput:  2060.208363602301
[test.py] Groundtruth:  [2768.686353913964, 2764.8842393428126, 2766.948546437018, 2760.158326269801, 2720.68406213788, 2602.4291555187006, 2465.367260336964, 2333.2098248712537, 2233.132426410987, 2156.050911606354]
[test.py] Slowdown:  [1782.3747917022129, 1849.6317243358449, 1917.3008928259117, 1992.5963984886137, 2066.043732443535, 2054.222154106498, 2064.443822886286, 2061.271374044323, 2064.517833924405, 2053.1201676528653]
[test.py] Predicted:  [2769.705413647506, 2772.785483419881, 2765.7426199572146, 2763.5166691974723, 2747.125504021984, 2585.300261280462, 2472.8483415836417, 2352.1802876565957, 2250.353643075009, 2141.036262246764]
[test.py] Error percentage:  [0.03680661524196061, 0.2857712436795001, -0.04358326364096757, 0.12167211191142116, 0.9718674157015668, -0.6581886850566127, 0.30344692926826233, 0.8130628708624124, 0.771168626649667, -0.6963958633241761]
[test.py] >>>>>>>>>>>>>>>>>>>>>>>>>>>>> Running experiment 2...
[test.py] Actual processing time range: [0, 40, 80, 120, 160, 200, 240, 280, 320, 360]
[test.py] Running baseline experiment
    [exp] Running (pre_run: False) workload mutex/mix request with the following configuration: {'CLIENT_CPU_QUOTA': '8', 'SLOWPOKE_POKER_BATCH_THRESHOLD': '20000000', 'SLOWPOKE_PROCESSING_MICROS_SERVICE1': '400', 'SLOWPOKE_PROCESSING_MICROS_SERVICE2': '0', 'SLOWPOKE_DELAY_MICROS_SERVICE1': '0.0', 'SLOWPOKE_DELAY_MICROS_SERVICE2': '0.0'}
    [exp] Executing cmd `bash run.sh mutex mix 8 512 100000`:
        [run.sh] Running benchmark mutex with request mix, thread 8, conn 512, duration 60
        [run.sh] Deleting all services
        service "service1" deleted
        deployment.apps "service1" deleted
        service "service2" deleted
        deployment.apps "service2" deleted
        deployment.apps "ubuntu-client" deleted
        [run.sh] Waiting for all pods to be deleted
        [run.sh] Deploying all services
        service/service1 created
        deployment.apps/service1 created
        service/service2 created
        deployment.apps/service2 created
        [run.sh] Client pod not found, deploying client
        deployment.apps/ubuntu-client created
        [run.sh] Waiting for all pods to be running
        [run.sh] All pods are running
        [run.sh] Starting the rust proxy first for mutex
        [run.sh] Running warmup test
        [run.sh] /wrk/wrk -t8 -c512 -d3s -L http://service1:80/
        Running 3s test @ http://service1:80/
        8 threads and 512 connections
        Thread Stats   Avg      Stdev     Max   +/- Stdev
        Latency   262.47ms   42.64ms 537.86ms   90.57%
        Req/Sec   248.54     69.15   454.00     75.00%
        Latency Distribution
        50%  253.59ms
        75%  268.39ms
        90%  287.62ms
        99%  455.86ms
        5611 requests in 3.03s, 794.53KB read
        Requests/sec:   1851.76
        Transfer/sec:    262.21KB
        [run.sh] Speed is 1851.76, duration is 81
        [run.sh] Fix the request number.
        [run.sh] Running the actual test
        [run.sh] /wrk/wrk --timeout 20s -t8 -c512 -d81s -L -s /wrk/fix_req_n.lua http://service1:80/
        [run.sh] Checking the resource usage
        NAME                             CPU(cores)   MEMORY(bytes)
        service1-5fbf55cb56-qrgbc        494m         36Mi
        service2-756bdb8c65-s27zq        270m         10Mi
        ubuntu-client-76886f6bbd-6bfn7   24m          9Mi
        Running 1m test @ http://service1:80/
        8 threads and 512 connections
        Thread Stats   Avg      Stdev     Max   +/- Stdev
        Latency   247.08ms   24.93ms 560.81ms   84.46%
        Req/Sec   260.57     50.53   440.00     70.73%
        Latency Distribution
        50%  245.32ms
        75%  256.99ms
        90%  268.79ms
        99%  317.58ms
        100000 requests in 1.35m, 13.83MB read
        Requests/sec:   1234.57
        Transfer/sec:    174.82KB
        ------------------------------
        stop time: 48.319340
        stop time: 48.433065
        stop time: 48.405117
        stop time: 48.419288
        stop time: 48.378380
        stop time: 48.421020
        stop time: 48.358630
        stop time: 48.403035
        [run.sh] Test finished with status 0
        > STDERR
        > No resources found in default namespace.
        > error: Found argument 'mutex' which wasn't expected, or isn't valid in this context
        > 
        > USAGE:
        > proxy <SUBCOMMAND>
        > 
        > For more information try --help
    [exp] Times: [48.31934, 48.433065, 48.405117, 48.419288, 48.37838, 48.42102, 48.35863, 48.403035]
    [exp] Throughput: 2066.447257324022
[test.py] Baseline throughput: 2066.447257324022
[test.py] Running groundtruth experiment
    [exp] Running (pre_run: False) workload mutex/mix request with the following configuration: {'CLIENT_CPU_QUOTA': '8', 'SLOWPOKE_POKER_BATCH_THRESHOLD': '20000000', 'SLOWPOKE_PROCESSING_MICROS_SERVICE1': '0', 'SLOWPOKE_PROCESSING_MICROS_SERVICE2': '0', 'SLOWPOKE_DELAY_MICROS_SERVICE1': '0.0', 'SLOWPOKE_DELAY_MICROS_SERVICE2': '0.0'}
    [exp] Executing cmd `bash run.sh mutex mix 8 512 100000`:
        [run.sh] Running benchmark mutex with request mix, thread 8, conn 512, duration 60
        [run.sh] Deleting all services
        service "service1" deleted
        deployment.apps "service1" deleted
        service "service2" deleted
        deployment.apps "service2" deleted
        deployment.apps "ubuntu-client" deleted
        [run.sh] Waiting for all pods to be deleted
        [run.sh] Deploying all services
        service/service1 created
        deployment.apps/service1 created
        service/service2 created
        deployment.apps/service2 created
        [run.sh] Client pod not found, deploying client
        deployment.apps/ubuntu-client created
        [run.sh] Waiting for all pods to be running
        [run.sh] All pods are running
        [run.sh] Starting the rust proxy first for mutex
        [run.sh] Running warmup test
        [run.sh] /wrk/wrk -t8 -c512 -d3s -L http://service1:80/
        Running 3s test @ http://service1:80/
        8 threads and 512 connections
        Thread Stats   Avg      Stdev     Max   +/- Stdev
        Latency   188.47ms   18.48ms 339.43ms   93.14%
        Req/Sec   337.50     90.46   520.00     66.81%
        Latency Distribution
        50%  184.36ms
        75%  186.22ms
        90%  199.39ms
        99%  293.31ms
        7898 requests in 3.03s, 1.09MB read
        Requests/sec:   2607.49
        Transfer/sec:    369.22KB
        [run.sh] Speed is 2607.49, duration is 57
        [run.sh] Fix the request number.
        [run.sh] Running the actual test
        [run.sh] /wrk/wrk --timeout 20s -t8 -c512 -d57s -L -s /wrk/fix_req_n.lua http://service1:80/
        [run.sh] Checking the resource usage
        Running 1m test @ http://service1:80/
        8 threads and 512 connections
        Thread Stats   Avg      Stdev     Max   +/- Stdev
        Latency   184.28ms    7.07ms 302.52ms   92.69%
        Req/Sec   348.37     71.37   595.00     72.29%
        Latency Distribution
        50%  183.85ms
        75%  185.02ms
        90%  187.35ms
        99%  207.03ms
        100000 requests in 0.95m, 13.83MB read
        Requests/sec:   1754.38
        Transfer/sec:    248.42KB
        ------------------------------
        stop time: 35.969479
        stop time: 36.048792
        stop time: 36.107470
        stop time: 36.126078
        stop time: 36.147851
        stop time: 36.127960
        stop time: 36.124180
        stop time: 36.120574
        [run.sh] Test finished with status 0
        > STDERR
        > No resources found in default namespace.
        > error: Found argument 'mutex' which wasn't expected, or isn't valid in this context
        > 
        > USAGE:
        > proxy <SUBCOMMAND>
        > 
        > For more information try --help
        > error: metrics not available yet
    [exp] Times: [35.969479, 36.048792, 36.10747, 36.126078, 36.147851, 36.12796, 36.12418, 36.120574]
    [exp] Throughput: 2770.348012225435
    [exp] Running (pre_run: False) workload mutex/mix request with the following configuration: {'CLIENT_CPU_QUOTA': '8', 'SLOWPOKE_POKER_BATCH_THRESHOLD': '20000000', 'SLOWPOKE_PROCESSING_MICROS_SERVICE1': '40', 'SLOWPOKE_PROCESSING_MICROS_SERVICE2': '0', 'SLOWPOKE_DELAY_MICROS_SERVICE1': '0.0', 'SLOWPOKE_DELAY_MICROS_SERVICE2': '0.0'}
    [exp] Executing cmd `bash run.sh mutex mix 8 512 100000`:
        [run.sh] Running benchmark mutex with request mix, thread 8, conn 512, duration 60
        [run.sh] Deleting all services
        service "service1" deleted
        deployment.apps "service1" deleted
        service "service2" deleted
        deployment.apps "service2" deleted
        deployment.apps "ubuntu-client" deleted
        [run.sh] Waiting for all pods to be deleted
        [run.sh] Deploying all services
        service/service1 created
        deployment.apps/service1 created
        service/service2 created
        deployment.apps/service2 created
        [run.sh] Client pod not found, deploying client
        deployment.apps/ubuntu-client created
        [run.sh] Waiting for all pods to be running
        [run.sh] All pods are running
        [run.sh] Starting the rust proxy first for mutex
        [run.sh] Running warmup test
        [run.sh] /wrk/wrk -t8 -c512 -d3s -L http://service1:80/
        Running 3s test @ http://service1:80/
        8 threads and 512 connections
        Thread Stats   Avg      Stdev     Max   +/- Stdev
        Latency   190.39ms   22.72ms 349.41ms   94.89%
        Req/Sec   336.09     85.24   505.00     73.71%
        Latency Distribution
        50%  184.19ms
        75%  187.54ms
        90%  201.54ms
        99%  322.34ms
        7810 requests in 3.03s, 1.08MB read
        Requests/sec:   2579.74
        Transfer/sec:    365.29KB
        [run.sh] Speed is 2579.74, duration is 58
        [run.sh] Fix the request number.
        [run.sh] Running the actual test
        [run.sh] /wrk/wrk --timeout 20s -t8 -c512 -d58s -L -s /wrk/fix_req_n.lua http://service1:80/
        [run.sh] Checking the resource usage
        NAME                        CPU(cores)   MEMORY(bytes)
        service1-f7b6dd58b-l8dk7    525m         36Mi
        service2-756bdb8c65-47jzq   35m          10Mi
        Running 1m test @ http://service1:80/
        8 threads and 512 connections
        Thread Stats   Avg      Stdev     Max   +/- Stdev
        Latency   184.46ms    7.92ms 337.51ms   92.77%
        Req/Sec   347.86    103.18   606.00     62.30%
        Latency Distribution
        50%  183.84ms
        75%  185.03ms
        90%  187.40ms
        99%  207.54ms
        100000 requests in 0.97m, 13.83MB read
        Requests/sec:   1724.13
        Transfer/sec:    244.14KB
        ------------------------------
        stop time: 36.096110
        stop time: 36.087494
        stop time: 36.147086
        stop time: 36.140906
        stop time: 36.141432
        stop time: 36.177669
        stop time: 36.196633
        stop time: 36.222125
        [run.sh] Test finished with status 0
        > STDERR
        > No resources found in default namespace.
        > error: Found argument 'mutex' which wasn't expected, or isn't valid in this context
        > 
        > USAGE:
        > proxy <SUBCOMMAND>
        > 
        > For more information try --help
    [exp] Times: [36.09611, 36.087494, 36.147086, 36.140906, 36.141432, 36.177669, 36.196633, 36.222125]
    [exp] Throughput: 2766.161293032415
    [exp] Running (pre_run: False) workload mutex/mix request with the following configuration: {'CLIENT_CPU_QUOTA': '8', 'SLOWPOKE_POKER_BATCH_THRESHOLD': '20000000', 'SLOWPOKE_PROCESSING_MICROS_SERVICE1': '80', 'SLOWPOKE_PROCESSING_MICROS_SERVICE2': '0', 'SLOWPOKE_DELAY_MICROS_SERVICE1': '0.0', 'SLOWPOKE_DELAY_MICROS_SERVICE2': '0.0'}
    [exp] Executing cmd `bash run.sh mutex mix 8 512 100000`:
        [run.sh] Running benchmark mutex with request mix, thread 8, conn 512, duration 60
        [run.sh] Deleting all services
        service "service1" deleted
        deployment.apps "service1" deleted
        service "service2" deleted
        deployment.apps "service2" deleted
        deployment.apps "ubuntu-client" deleted
        [run.sh] Waiting for all pods to be deleted
        [run.sh] Deploying all services
        service/service1 created
        deployment.apps/service1 created
        service/service2 created
        deployment.apps/service2 created
        [run.sh] Client pod not found, deploying client
        deployment.apps/ubuntu-client created
        [run.sh] Waiting for all pods to be running
        [run.sh] All pods are running
        [run.sh] Starting the rust proxy first for mutex
        [run.sh] Running warmup test
        [run.sh] /wrk/wrk -t8 -c512 -d3s -L http://service1:80/
        Running 3s test @ http://service1:80/
        8 threads and 512 connections
        Thread Stats   Avg      Stdev     Max   +/- Stdev
        Latency   190.41ms   27.56ms 379.36ms   94.47%
        Req/Sec   336.91    112.33   565.00     69.83%
        Latency Distribution
        50%  183.95ms
        75%  186.14ms
        90%  190.76ms
        99%  343.42ms
        7812 requests in 3.03s, 1.08MB read
        Requests/sec:   2579.10
        Transfer/sec:    365.20KB
        [run.sh] Speed is 2579.10, duration is 58
        [run.sh] Fix the request number.
        [run.sh] Running the actual test
        [run.sh] /wrk/wrk --timeout 20s -t8 -c512 -d58s -L -s /wrk/fix_req_n.lua http://service1:80/
        [run.sh] Checking the resource usage
        NAME                             CPU(cores)   MEMORY(bytes)
        service1-5f6d8cccd6-gl475        548m         35Mi
        service2-756bdb8c65-wnh8z        358m         11Mi
        ubuntu-client-76886f6bbd-fk7x4   29m          0Mi
        Running 1m test @ http://service1:80/
        8 threads and 512 connections
        Thread Stats   Avg      Stdev     Max   +/- Stdev
        Latency   184.43ms    8.36ms 341.74ms   91.56%
        Req/Sec   347.90     84.03   565.00     63.87%
        Latency Distribution
        50%  183.69ms
        75%  185.07ms
        90%  188.09ms
        99%  210.43ms
        100000 requests in 0.97m, 13.83MB read
        Requests/sec:   1724.13
        Transfer/sec:    244.14KB
        ------------------------------
        stop time: 36.050996
        stop time: 36.123087
        stop time: 36.116431
        stop time: 36.115444
        stop time: 36.116973
        stop time: 36.167041
        stop time: 36.177681
        stop time: 36.216905
        [run.sh] Test finished with status 0
        > STDERR
        > No resources found in default namespace.
        > error: Found argument 'mutex' which wasn't expected, or isn't valid in this context
        > 
        > USAGE:
        > proxy <SUBCOMMAND>
        > 
        > For more information try --help
    [exp] Times: [36.050996, 36.123087, 36.116431, 36.115444, 36.116973, 36.167041, 36.177681, 36.216905]
    [exp] Throughput: 2767.356394041635
    [exp] Running (pre_run: False) workload mutex/mix request with the following configuration: {'CLIENT_CPU_QUOTA': '8', 'SLOWPOKE_POKER_BATCH_THRESHOLD': '20000000', 'SLOWPOKE_PROCESSING_MICROS_SERVICE1': '120', 'SLOWPOKE_PROCESSING_MICROS_SERVICE2': '0', 'SLOWPOKE_DELAY_MICROS_SERVICE1': '0.0', 'SLOWPOKE_DELAY_MICROS_SERVICE2': '0.0'}
    [exp] Executing cmd `bash run.sh mutex mix 8 512 100000`:
        [run.sh] Running benchmark mutex with request mix, thread 8, conn 512, duration 60
        [run.sh] Deleting all services
        service "service1" deleted
        deployment.apps "service1" deleted
        service "service2" deleted
        deployment.apps "service2" deleted
        deployment.apps "ubuntu-client" deleted
        [run.sh] Waiting for all pods to be deleted
        [run.sh] Deploying all services
        service/service1 created
        deployment.apps/service1 created
        service/service2 created
        deployment.apps/service2 created
        [run.sh] Client pod not found, deploying client
        deployment.apps/ubuntu-client created
        [run.sh] Waiting for all pods to be running
        [run.sh] All pods are running
        [run.sh] Starting the rust proxy first for mutex
        [run.sh] Running warmup test
        [run.sh] /wrk/wrk -t8 -c512 -d3s -L http://service1:80/
        Running 3s test @ http://service1:80/
        8 threads and 512 connections
        Thread Stats   Avg      Stdev     Max   +/- Stdev
        Latency   190.78ms   27.80ms 374.26ms   94.14%
        Req/Sec   337.22     88.78   500.00     78.88%
        Latency Distribution
        50%  184.27ms
        75%  187.02ms
        90%  191.25ms
        99%  346.00ms
        7805 requests in 3.02s, 1.08MB read
        Requests/sec:   2582.70
        Transfer/sec:    365.71KB
        [run.sh] Speed is 2582.70, duration is 58
        [run.sh] Fix the request number.
        [run.sh] Running the actual test
        [run.sh] /wrk/wrk --timeout 20s -t8 -c512 -d58s -L -s /wrk/fix_req_n.lua http://service1:80/
        [run.sh] Checking the resource usage
        NAME                             CPU(cores)   MEMORY(bytes)
        service1-6c5dc58865-gjw45        740m         37Mi
        service2-756bdb8c65-hnfwh        86m          11Mi
        ubuntu-client-76886f6bbd-gf7wl   13m          9Mi
        Running 1m test @ http://service1:80/
        8 threads and 512 connections
        Thread Stats   Avg      Stdev     Max   +/- Stdev
        Latency   184.92ms    9.76ms 353.27ms   88.95%
        Req/Sec   346.98     52.43   550.00     69.39%
        Latency Distribution
        50%  183.98ms
        75%  186.36ms
        90%  191.02ms
        99%  216.96ms
        100000 requests in 0.97m, 13.83MB read
        Requests/sec:   1724.13
        Transfer/sec:    244.14KB
        ------------------------------
        stop time: 36.127349
        stop time: 36.228321
        stop time: 36.251962
        stop time: 36.242054
        stop time: 36.266962
        stop time: 36.257530
        stop time: 36.244583
        stop time: 36.221348
        [run.sh] Test finished with status 0
        > STDERR
        > No resources found in default namespace.
        > error: Found argument 'mutex' which wasn't expected, or isn't valid in this context
        > 
        > USAGE:
        > proxy <SUBCOMMAND>
        > 
        > For more information try --help
    [exp] Times: [36.127349, 36.228321, 36.251962, 36.242054, 36.266962, 36.25753, 36.244583, 36.221348]
    [exp] Throughput: 2760.1424894578686
    [exp] Running (pre_run: False) workload mutex/mix request with the following configuration: {'CLIENT_CPU_QUOTA': '8', 'SLOWPOKE_POKER_BATCH_THRESHOLD': '20000000', 'SLOWPOKE_PROCESSING_MICROS_SERVICE1': '160', 'SLOWPOKE_PROCESSING_MICROS_SERVICE2': '0', 'SLOWPOKE_DELAY_MICROS_SERVICE1': '0.0', 'SLOWPOKE_DELAY_MICROS_SERVICE2': '0.0'}
    [exp] Executing cmd `bash run.sh mutex mix 8 512 100000`:
        [run.sh] Running benchmark mutex with request mix, thread 8, conn 512, duration 60
        [run.sh] Deleting all services
        service "service1" deleted
        deployment.apps "service1" deleted
        service "service2" deleted
        deployment.apps "service2" deleted
        deployment.apps "ubuntu-client" deleted
        [run.sh] Waiting for all pods to be deleted
        [run.sh] Deploying all services
        service/service1 created
        deployment.apps/service1 created
        service/service2 created
        deployment.apps/service2 created
        [run.sh] Client pod not found, deploying client
        deployment.apps/ubuntu-client created
        [run.sh] Waiting for all pods to be running
        [run.sh] All pods are running
        [run.sh] Starting the rust proxy first for mutex
        [run.sh] Running warmup test
        [run.sh] /wrk/wrk -t8 -c512 -d3s -L http://service1:80/
        Running 3s test @ http://service1:80/
        8 threads and 512 connections
        Thread Stats   Avg      Stdev     Max   +/- Stdev
        Latency   192.85ms   31.65ms 405.61ms   94.04%
        Req/Sec   337.58    105.46   580.00     67.41%
        Latency Distribution
        50%  185.30ms
        75%  193.13ms
        90%  207.64ms
        99%  355.31ms
        7721 requests in 3.03s, 1.07MB read
        Requests/sec:   2550.02
        Transfer/sec:    361.09KB
        [run.sh] Speed is 2550.02, duration is 58
        [run.sh] Fix the request number.
        [run.sh] Running the actual test
        [run.sh] /wrk/wrk --timeout 20s -t8 -c512 -d58s -L -s /wrk/fix_req_n.lua http://service1:80/
        [run.sh] Checking the resource usage
        NAME                             CPU(cores)   MEMORY(bytes)
        service1-78ff856957-fll2l        1947m        36Mi
        service2-756bdb8c65-nzt7c        829m         11Mi
        ubuntu-client-76886f6bbd-nwzxd   41m          10Mi
        Running 1m test @ http://service1:80/
        8 threads and 512 connections
        Thread Stats   Avg      Stdev     Max   +/- Stdev
        Latency   185.90ms   13.69ms 422.26ms   79.50%
        Req/Sec   345.46     51.64   530.00     70.78%
        Latency Distribution
        50%  184.57ms
        75%  192.18ms
        90%  199.92ms
        99%  227.23ms
        100000 requests in 0.97m, 13.83MB read
        Requests/sec:   1724.13
        Transfer/sec:    244.14KB
        ------------------------------
        stop time: 36.293970
        stop time: 36.393149
        stop time: 36.434528
        stop time: 36.408970
        stop time: 36.443915
        stop time: 36.413150
        stop time: 36.449727
        stop time: 36.412921
        [run.sh] Test finished with status 0
        > STDERR
        > No resources found in default namespace.
        > error: Found argument 'mutex' which wasn't expected, or isn't valid in this context
        > 
        > USAGE:
        > proxy <SUBCOMMAND>
        > 
        > For more information try --help
    [exp] Times: [36.29397, 36.393149, 36.434528, 36.40897, 36.443915, 36.41315, 36.449727, 36.412921]
    [exp] Throughput: 2746.778003650674
    [exp] Running (pre_run: False) workload mutex/mix request with the following configuration: {'CLIENT_CPU_QUOTA': '8', 'SLOWPOKE_POKER_BATCH_THRESHOLD': '20000000', 'SLOWPOKE_PROCESSING_MICROS_SERVICE1': '200', 'SLOWPOKE_PROCESSING_MICROS_SERVICE2': '0', 'SLOWPOKE_DELAY_MICROS_SERVICE1': '0.0', 'SLOWPOKE_DELAY_MICROS_SERVICE2': '0.0'}
    [exp] Executing cmd `bash run.sh mutex mix 8 512 100000`:
        [run.sh] Running benchmark mutex with request mix, thread 8, conn 512, duration 60
        [run.sh] Deleting all services
        service "service1" deleted
        deployment.apps "service1" deleted
        service "service2" deleted
        deployment.apps "service2" deleted
        deployment.apps "ubuntu-client" deleted
        [run.sh] Waiting for all pods to be deleted
        [run.sh] Deploying all services
        service/service1 created
        deployment.apps/service1 created
        service/service2 created
        deployment.apps/service2 created
        [run.sh] Client pod not found, deploying client
        deployment.apps/ubuntu-client created
        [run.sh] Waiting for all pods to be running
        [run.sh] All pods are running
        [run.sh] Starting the rust proxy first for mutex
        [run.sh] Running warmup test
        [run.sh] /wrk/wrk -t8 -c512 -d3s -L http://service1:80/
        Running 3s test @ http://service1:80/
        8 threads and 512 connections
        Thread Stats   Avg      Stdev     Max   +/- Stdev
        Latency   201.19ms   32.49ms 397.78ms   92.66%
        Req/Sec   323.58     72.27   484.00     74.11%
        Latency Distribution
        50%  194.74ms
        75%  204.71ms
        90%  215.99ms
        99%  363.97ms
        7387 requests in 3.03s, 1.02MB read
        Requests/sec:   2438.85
        Transfer/sec:    345.35KB
        [run.sh] Speed is 2438.85, duration is 61
        [run.sh] Fix the request number.
        [run.sh] Running the actual test
        [run.sh] /wrk/wrk --timeout 20s -t8 -c512 -d61s -L -s /wrk/fix_req_n.lua http://service1:80/
        [run.sh] Checking the resource usage
        NAME                             CPU(cores)   MEMORY(bytes)
        service1-b4c6ddcd-bfpn5          1944m        36Mi
        service2-756bdb8c65-dbq4v        1135m        10Mi
        ubuntu-client-76886f6bbd-jd884   82m          10Mi
        Running 1m test @ http://service1:80/
        8 threads and 512 connections
        Thread Stats   Avg      Stdev     Max   +/- Stdev
        Latency   194.55ms   16.40ms 360.67ms   77.68%
        Req/Sec   329.93     51.99   550.00     74.46%
        Latency Distribution
        50%  193.15ms
        75%  202.73ms
        90%  212.52ms
        99%  242.13ms
        100000 requests in 1.02m, 13.83MB read
        Requests/sec:   1639.34
        Transfer/sec:    232.13KB
        ------------------------------
        stop time: 38.010756
        stop time: 38.106498
        stop time: 38.130388
        stop time: 38.122378
        stop time: 38.101705
        stop time: 38.134036
        stop time: 38.126676
        stop time: 38.119579
        [run.sh] Test finished with status 0
        > STDERR
        > No resources found in default namespace.
        > error: Found argument 'mutex' which wasn't expected, or isn't valid in this context
        > 
        > USAGE:
        > proxy <SUBCOMMAND>
        > 
        > For more information try --help
    [exp] Times: [38.010756, 38.106498, 38.130388, 38.122378, 38.101705, 38.134036, 38.126676, 38.119579]
    [exp] Throughput: 2624.2240759857727
    [exp] Running (pre_run: False) workload mutex/mix request with the following configuration: {'CLIENT_CPU_QUOTA': '8', 'SLOWPOKE_POKER_BATCH_THRESHOLD': '20000000', 'SLOWPOKE_PROCESSING_MICROS_SERVICE1': '240', 'SLOWPOKE_PROCESSING_MICROS_SERVICE2': '0', 'SLOWPOKE_DELAY_MICROS_SERVICE1': '0.0', 'SLOWPOKE_DELAY_MICROS_SERVICE2': '0.0'}
    [exp] Executing cmd `bash run.sh mutex mix 8 512 100000`:
        [run.sh] Running benchmark mutex with request mix, thread 8, conn 512, duration 60
        [run.sh] Deleting all services
        service "service1" deleted
        deployment.apps "service1" deleted
        service "service2" deleted
        deployment.apps "service2" deleted
        deployment.apps "ubuntu-client" deleted
        [run.sh] Waiting for all pods to be deleted
        [run.sh] Deploying all services
        service/service1 created
        deployment.apps/service1 created
        service/service2 created
        deployment.apps/service2 created
        [run.sh] Client pod not found, deploying client
        deployment.apps/ubuntu-client created
        [run.sh] Waiting for all pods to be running
        [run.sh] All pods are running
        [run.sh] Starting the rust proxy first for mutex
        [run.sh] Running warmup test
        [run.sh] /wrk/wrk -t8 -c512 -d3s -L http://service1:80/
        Running 3s test @ http://service1:80/
        8 threads and 512 connections
        Thread Stats   Avg      Stdev     Max   +/- Stdev
        Latency   212.09ms   35.90ms 428.33ms   92.35%
        Req/Sec   307.05     65.92   444.00     74.11%
        Latency Distribution
        50%  204.49ms
        75%  215.99ms
        90%  230.12ms
        99%  395.28ms
        6997 requests in 3.03s, 0.97MB read
        Requests/sec:   2310.00
        Transfer/sec:    327.10KB
        [run.sh] Speed is 2310.00, duration is 64
        [run.sh] Fix the request number.
        [run.sh] Running the actual test
        [run.sh] /wrk/wrk --timeout 20s -t8 -c512 -d64s -L -s /wrk/fix_req_n.lua http://service1:80/
        [run.sh] Checking the resource usage
        NAME                             CPU(cores)   MEMORY(bytes)
        service1-6977bddd5d-clnnc        1955m        36Mi
        service2-756bdb8c65-hlbqh        1071m        10Mi
        ubuntu-client-76886f6bbd-5hk77   77m          10Mi
        Running 1m test @ http://service1:80/
        8 threads and 512 connections
        Thread Stats   Avg      Stdev     Max   +/- Stdev
        Latency   206.00ms   20.97ms 446.52ms   79.99%
        Req/Sec   312.16     49.61   525.00     73.41%
        Latency Distribution
        50%  204.08ms
        75%  215.12ms
        90%  227.00ms
        99%  271.26ms
        100001 requests in 1.07m, 13.83MB read
        Requests/sec:   1562.51
        Transfer/sec:    221.25KB
        ------------------------------
        stop time: 40.208462
        stop time: 40.339194
        stop time: 40.373845
        stop time: 40.378407
        stop time: 40.363981
        stop time: 40.378797
        stop time: 40.346936
        stop time: 40.307035
        [run.sh] Test finished with status 0
        > STDERR
        > No resources found in default namespace.
        > error: Found argument 'mutex' which wasn't expected, or isn't valid in this context
        > 
        > USAGE:
        > proxy <SUBCOMMAND>
        > 
        > For more information try --help
    [exp] Times: [40.208462, 40.339194, 40.373845, 40.378407, 40.363981, 40.378797, 40.346936, 40.307035]
    [exp] Throughput: 2479.108421628304
    [exp] Running (pre_run: False) workload mutex/mix request with the following configuration: {'CLIENT_CPU_QUOTA': '8', 'SLOWPOKE_POKER_BATCH_THRESHOLD': '20000000', 'SLOWPOKE_PROCESSING_MICROS_SERVICE1': '280', 'SLOWPOKE_PROCESSING_MICROS_SERVICE2': '0', 'SLOWPOKE_DELAY_MICROS_SERVICE1': '0.0', 'SLOWPOKE_DELAY_MICROS_SERVICE2': '0.0'}
    [exp] Executing cmd `bash run.sh mutex mix 8 512 100000`:
        [run.sh] Running benchmark mutex with request mix, thread 8, conn 512, duration 60
        [run.sh] Deleting all services
        service "service1" deleted
        deployment.apps "service1" deleted
        service "service2" deleted
        deployment.apps "service2" deleted
        deployment.apps "ubuntu-client" deleted
        [run.sh] Waiting for all pods to be deleted
        [run.sh] Deploying all services
        service/service1 created
        deployment.apps/service1 created
        service/service2 created
        deployment.apps/service2 created
        [run.sh] Client pod not found, deploying client
        deployment.apps/ubuntu-client created
        [run.sh] Waiting for all pods to be running
        [run.sh] All pods are running
        [run.sh] Starting the rust proxy first for mutex
        [run.sh] Running warmup test
        [run.sh] /wrk/wrk -t8 -c512 -d3s -L http://service1:80/
        Running 3s test @ http://service1:80/
        8 threads and 512 connections
        Thread Stats   Avg      Stdev     Max   +/- Stdev
        Latency   226.89ms   43.80ms 465.23ms   90.21%
        Req/Sec   288.82     74.95   470.00     74.55%
        Latency Distribution
        50%  217.31ms
        75%  230.29ms
        90%  248.54ms
        99%  432.46ms
        6526 requests in 3.02s, 0.90MB read
        Requests/sec:   2161.12
        Transfer/sec:    306.02KB
        [run.sh] Speed is 2161.12, duration is 69
        [run.sh] Fix the request number.
        [run.sh] Running the actual test
        [run.sh] /wrk/wrk --timeout 20s -t8 -c512 -d69s -L -s /wrk/fix_req_n.lua http://service1:80/
        [run.sh] Checking the resource usage
        NAME                             CPU(cores)   MEMORY(bytes)
        service1-68746cc746-c22tr        1953m        36Mi
        service2-756bdb8c65-c5brp        1027m        10Mi
        ubuntu-client-76886f6bbd-5r4c8   74m          10Mi
        Running 1m test @ http://service1:80/
        8 threads and 512 connections
        Thread Stats   Avg      Stdev     Max   +/- Stdev
        Latency   216.46ms   18.62ms 457.07ms   76.72%
        Req/Sec   296.80     46.91   470.00     74.90%
        Latency Distribution
        50%  215.07ms
        75%  225.68ms
        90%  236.76ms
        99%  271.27ms
        100000 requests in 1.15m, 13.83MB read
        Requests/sec:   1449.27
        Transfer/sec:    205.22KB
        ------------------------------
        stop time: 42.340912
        stop time: 42.332838
        stop time: 42.393993
        stop time: 42.386795
        stop time: 42.382590
        stop time: 42.419920
        stop time: 42.432892
        stop time: 42.455001
        [run.sh] Test finished with status 0
        > STDERR
        > No resources found in default namespace.
        > error: Found argument 'mutex' which wasn't expected, or isn't valid in this context
        > 
        > USAGE:
        > proxy <SUBCOMMAND>
        > 
        > For more information try --help
    [exp] Times: [42.340912, 42.332838, 42.393993, 42.386795, 42.38259, 42.41992, 42.432892, 42.455001]
    [exp] Throughput: 2358.8734587669996
    [exp] Running (pre_run: False) workload mutex/mix request with the following configuration: {'CLIENT_CPU_QUOTA': '8', 'SLOWPOKE_POKER_BATCH_THRESHOLD': '20000000', 'SLOWPOKE_PROCESSING_MICROS_SERVICE1': '320', 'SLOWPOKE_PROCESSING_MICROS_SERVICE2': '0', 'SLOWPOKE_DELAY_MICROS_SERVICE1': '0.0', 'SLOWPOKE_DELAY_MICROS_SERVICE2': '0.0'}
    [exp] Executing cmd `bash run.sh mutex mix 8 512 100000`:
        [run.sh] Running benchmark mutex with request mix, thread 8, conn 512, duration 60
        [run.sh] Deleting all services
        service "service1" deleted
        deployment.apps "service1" deleted
        service "service2" deleted
        deployment.apps "service2" deleted
        deployment.apps "ubuntu-client" deleted
        [run.sh] Waiting for all pods to be deleted
        [run.sh] Deploying all services
        service/service1 created
        deployment.apps/service1 created
        service/service2 created
        deployment.apps/service2 created
        [run.sh] Client pod not found, deploying client
        deployment.apps/ubuntu-client created
        [run.sh] Waiting for all pods to be running
        [run.sh] All pods are running
        [run.sh] Starting the rust proxy first for mutex
        [run.sh] Running warmup test
        [run.sh] /wrk/wrk -t8 -c512 -d3s -L http://service1:80/
        Running 3s test @ http://service1:80/
        8 threads and 512 connections
        Thread Stats   Avg      Stdev     Max   +/- Stdev
        Latency   233.81ms   39.95ms 474.00ms   91.84%
        Req/Sec   278.97     77.55   454.00     74.11%
        Latency Distribution
        50%  225.35ms
        75%  236.58ms
        90%  253.47ms
        99%  428.67ms
        6314 requests in 3.02s, 0.87MB read
        Requests/sec:   2089.77
        Transfer/sec:    295.92KB
        [run.sh] Speed is 2089.77, duration is 71
        [run.sh] Fix the request number.
        [run.sh] Running the actual test
        [run.sh] /wrk/wrk --timeout 20s -t8 -c512 -d71s -L -s /wrk/fix_req_n.lua http://service1:80/
        [run.sh] Checking the resource usage
        NAME                             CPU(cores)   MEMORY(bytes)
        service1-6fccdcc499-6lsh9        1134m        37Mi
        service2-756bdb8c65-hfxqc        990m         11Mi
        ubuntu-client-76886f6bbd-j9ktk   64m          10Mi
        Running 1m test @ http://service1:80/
        8 threads and 512 connections
        Thread Stats   Avg      Stdev     Max   +/- Stdev
        Latency   226.72ms   28.10ms 771.09ms   87.47%
        Req/Sec   283.12     48.89   510.00     72.37%
        Latency Distribution
        50%  224.85ms
        75%  236.69ms
        90%  248.82ms
        99%  305.79ms
        100000 requests in 1.18m, 13.83MB read
        Requests/sec:   1408.45
        Transfer/sec:    199.44KB
        ------------------------------
        stop time: 44.325235
        stop time: 44.362962
        stop time: 44.422774
        stop time: 44.369572
        stop time: 44.401744
        stop time: 44.433101
        stop time: 44.403779
        stop time: 44.416714
        [run.sh] Test finished with status 0
        > STDERR
        > No resources found in default namespace.
        > error: Found argument 'mutex' which wasn't expected, or isn't valid in this context
        > 
        > USAGE:
        > proxy <SUBCOMMAND>
        > 
        > For more information try --help
    [exp] Times: [44.325235, 44.362962, 44.422774, 44.369572, 44.401744, 44.433101, 44.403779, 44.416714]
    [exp] Throughput: 2252.658891428658
    [exp] Running (pre_run: False) workload mutex/mix request with the following configuration: {'CLIENT_CPU_QUOTA': '8', 'SLOWPOKE_POKER_BATCH_THRESHOLD': '20000000', 'SLOWPOKE_PROCESSING_MICROS_SERVICE1': '360', 'SLOWPOKE_PROCESSING_MICROS_SERVICE2': '0', 'SLOWPOKE_DELAY_MICROS_SERVICE1': '0.0', 'SLOWPOKE_DELAY_MICROS_SERVICE2': '0.0'}
    [exp] Executing cmd `bash run.sh mutex mix 8 512 100000`:
        [run.sh] Running benchmark mutex with request mix, thread 8, conn 512, duration 60
        [run.sh] Deleting all services
        service "service1" deleted
        deployment.apps "service1" deleted
        service "service2" deleted
        deployment.apps "service2" deleted
        deployment.apps "ubuntu-client" deleted
        [run.sh] Waiting for all pods to be deleted
        [run.sh] Deploying all services
        service/service1 created
        deployment.apps/service1 created
        service/service2 created
        deployment.apps/service2 created
        [run.sh] Client pod not found, deploying client
        deployment.apps/ubuntu-client created
        [run.sh] Waiting for all pods to be running
        [run.sh] All pods are running
        [run.sh] Starting the rust proxy first for mutex
        [run.sh] Running warmup test
        [run.sh] /wrk/wrk -t8 -c512 -d3s -L http://service1:80/
        Running 3s test @ http://service1:80/
        8 threads and 512 connections
        Thread Stats   Avg      Stdev     Max   +/- Stdev
        Latency   246.19ms   39.49ms 485.78ms   91.42%
        Req/Sec   265.24     86.31   454.00     70.54%
        Latency Distribution
        50%  237.64ms
        75%  250.24ms
        90%  266.74ms
        99%  432.39ms
        5999 requests in 3.02s, 849.47KB read
        Requests/sec:   1984.18
        Transfer/sec:    280.96KB
        [run.sh] Speed is 1984.18, duration is 75
        [run.sh] Fix the request number.
        [run.sh] Running the actual test
        [run.sh] /wrk/wrk --timeout 20s -t8 -c512 -d75s -L -s /wrk/fix_req_n.lua http://service1:80/
        [run.sh] Checking the resource usage
        NAME                             CPU(cores)   MEMORY(bytes)
        service1-575f876ff-7czn9         54m          36Mi
        service2-756bdb8c65-hktpb        615m         10Mi
        ubuntu-client-76886f6bbd-dgfl5   21m          10Mi
        Running 1m test @ http://service1:80/
        8 threads and 512 connections
        Thread Stats   Avg      Stdev     Max   +/- Stdev
        Latency   237.99ms   22.82ms 528.16ms   81.19%
        Req/Sec   269.57     48.28   480.00     72.40%
        Latency Distribution
        50%  236.27ms
        75%  248.11ms
        90%  260.13ms
        99%  305.63ms
        100000 requests in 1.25m, 13.83MB read
        Requests/sec:   1333.33
        Transfer/sec:    188.80KB
        ------------------------------
        stop time: 46.555697
        stop time: 46.613506
        stop time: 46.630820
        stop time: 46.649751
        stop time: 46.619039
        stop time: 46.639861
        stop time: 46.605516
        stop time: 46.610833
        [run.sh] Test finished with status 0
        > STDERR
        > No resources found in default namespace.
        > error: Found argument 'mutex' which wasn't expected, or isn't valid in this context
        > 
        > USAGE:
        > proxy <SUBCOMMAND>
        > 
        > For more information try --help
    [exp] Times: [46.555697, 46.613506, 46.63082, 46.649751, 46.619039, 46.639861, 46.605516, 46.610833]
    [exp] Throughput: 2145.2033268360215
[test.py] Running slowdown experiment
    [exp] Running (pre_run: False) workload mutex/mix request with the following configuration: {'CLIENT_CPU_QUOTA': '8', 'SLOWPOKE_POKER_BATCH_THRESHOLD': '20000000', 'SLOWPOKE_PROCESSING_MICROS_SERVICE1': '400', 'SLOWPOKE_PROCESSING_MICROS_SERVICE2': '0', 'SLOWPOKE_DELAY_MICROS_SERVICE1': '0.0', 'SLOWPOKE_DELAY_MICROS_SERVICE2': '200.0'}
    [exp] Executing cmd `bash run.sh mutex mix 8 512 100000`:
        [run.sh] Running benchmark mutex with request mix, thread 8, conn 512, duration 60
        [run.sh] Deleting all services
        service "service1" deleted
        deployment.apps "service1" deleted
        service "service2" deleted
        deployment.apps "service2" deleted
        deployment.apps "ubuntu-client" deleted
        [run.sh] Waiting for all pods to be deleted
        [run.sh] Deploying all services
        service/service1 created
        deployment.apps/service1 created
        service/service2 created
        deployment.apps/service2 created
        [run.sh] Client pod not found, deploying client
        deployment.apps/ubuntu-client created
        [run.sh] Waiting for all pods to be running
        [run.sh] All pods are running
        [run.sh] Starting the rust proxy first for mutex
        [run.sh] Running warmup test
        [run.sh] /wrk/wrk -t8 -c512 -d3s -L http://service1:80/
        Running 3s test @ http://service1:80/
        8 threads and 512 connections
        Thread Stats   Avg      Stdev     Max   +/- Stdev
        Latency   299.85ms   46.41ms 557.02ms   91.90%
        Req/Sec   215.83     74.04   380.00     70.09%
        Latency Distribution
        50%  286.76ms
        75%  293.77ms
        90%  313.57ms
        99%  523.47ms
        4853 requests in 3.03s, 687.19KB read
        Requests/sec:   1602.31
        Transfer/sec:    226.89KB
        [run.sh] Speed is 1602.31, duration is 93
        [run.sh] Fix the request number.
        [run.sh] Running the actual test
        [run.sh] /wrk/wrk --timeout 20s -t8 -c512 -d93s -L -s /wrk/fix_req_n.lua http://service1:80/
        [run.sh] Checking the resource usage
        NAME                             CPU(cores)   MEMORY(bytes)
        service1-5fbf55cb56-fqzvq        500m         35Mi
        service2-7bbbccfff-plp2t         237m         11Mi
        ubuntu-client-76886f6bbd-zvkv6   23m          0Mi
        Running 2m test @ http://service1:80/
        8 threads and 512 connections
        Thread Stats   Avg      Stdev     Max   +/- Stdev
        Latency   286.41ms   12.06ms 498.92ms   84.73%
        Req/Sec   224.24     50.68   440.00     71.85%
        Latency Distribution
        50%  285.40ms
        75%  289.85ms
        90%  297.22ms
        99%  315.95ms
        100000 requests in 1.55m, 13.83MB read
        Requests/sec:   1075.27
        Transfer/sec:    152.26KB
        ------------------------------
        stop time: 55.989884
        stop time: 56.109749
        stop time: 56.123718
        stop time: 56.147885
        stop time: 56.147649
        stop time: 56.151449
        stop time: 56.140745
        stop time: 56.074805
        [run.sh] Test finished with status 0
        > STDERR
        > No resources found in default namespace.
        > error: Found argument 'mutex' which wasn't expected, or isn't valid in this context
        > 
        > USAGE:
        > proxy <SUBCOMMAND>
        > 
        > For more information try --help
    [exp] Times: [55.989884, 56.109749, 56.123718, 56.147885, 56.147649, 56.151449, 56.140745, 56.074805]
    [exp] Throughput: 1782.1901479085047
    [exp] Running (pre_run: False) workload mutex/mix request with the following configuration: {'CLIENT_CPU_QUOTA': '8', 'SLOWPOKE_POKER_BATCH_THRESHOLD': '20000000', 'SLOWPOKE_PROCESSING_MICROS_SERVICE1': '400', 'SLOWPOKE_PROCESSING_MICROS_SERVICE2': '0', 'SLOWPOKE_DELAY_MICROS_SERVICE1': '0.0', 'SLOWPOKE_DELAY_MICROS_SERVICE2': '180.0'}
    [exp] Executing cmd `bash run.sh mutex mix 8 512 100000`:
        [run.sh] Running benchmark mutex with request mix, thread 8, conn 512, duration 60
        [run.sh] Deleting all services
        service "service1" deleted
        deployment.apps "service1" deleted
        service "service2" deleted
        deployment.apps "service2" deleted
        deployment.apps "ubuntu-client" deleted
        [run.sh] Waiting for all pods to be deleted
        [run.sh] Deploying all services
        service/service1 created
        deployment.apps/service1 created
        service/service2 created
        deployment.apps/service2 created
        [run.sh] Client pod not found, deploying client
        deployment.apps/ubuntu-client created
        [run.sh] Waiting for all pods to be running
        [run.sh] All pods are running
        [run.sh] Starting the rust proxy first for mutex
        [run.sh] Running warmup test
        [run.sh] /wrk/wrk -t8 -c512 -d3s -L http://service1:80/
        Running 3s test @ http://service1:80/
        8 threads and 512 connections
        Thread Stats   Avg      Stdev     Max   +/- Stdev
        Latency   289.35ms   45.44ms 540.50ms   92.36%
        Req/Sec   224.93     67.76   383.00     74.44%
        Latency Distribution
        50%  279.25ms
        75%  285.86ms
        90%  295.88ms
        99%  502.29ms
        5051 requests in 3.03s, 715.23KB read
        Requests/sec:   1668.57
        Transfer/sec:    236.27KB
        [run.sh] Speed is 1668.57, duration is 89
        [run.sh] Fix the request number.
        [run.sh] Running the actual test
        [run.sh] /wrk/wrk --timeout 20s -t8 -c512 -d89s -L -s /wrk/fix_req_n.lua http://service1:80/
        [run.sh] Checking the resource usage
        NAME                             CPU(cores)   MEMORY(bytes)
        service1-5fbf55cb56-t29hw        1769m        36Mi
        service2-5579dbc5bb-m5gv9        820m         11Mi
        ubuntu-client-76886f6bbd-8gdkl   60m          10Mi
        Running 1m test @ http://service1:80/
        8 threads and 512 connections
        Thread Stats   Avg      Stdev     Max   +/- Stdev
        Latency   276.25ms   16.36ms 554.38ms   90.43%
        Req/Sec   232.40     50.39   565.00     70.29%
        Latency Distribution
        50%  276.97ms
        75%  283.11ms
        90%  287.99ms
        99%  306.03ms
        100000 requests in 1.48m, 13.83MB read
        Requests/sec:   1123.59
        Transfer/sec:    159.10KB
        ------------------------------
        stop time: 53.840000
        stop time: 54.036818
        stop time: 54.068415
        stop time: 54.061730
        stop time: 54.152066
        stop time: 54.231139
        stop time: 54.198041
        stop time: 54.250418
        [run.sh] Test finished with status 0
        > STDERR
        > No resources found in default namespace.
        > error: Found argument 'mutex' which wasn't expected, or isn't valid in this context
        > 
        > USAGE:
        > proxy <SUBCOMMAND>
        > 
        > For more information try --help
    [exp] Times: [53.84, 54.036818, 54.068415, 54.06173, 54.152066, 54.231139, 54.198041, 54.250418]
    [exp] Throughput: 1848.2638796467675
    [exp] Running (pre_run: False) workload mutex/mix request with the following configuration: {'CLIENT_CPU_QUOTA': '8', 'SLOWPOKE_POKER_BATCH_THRESHOLD': '20000000', 'SLOWPOKE_PROCESSING_MICROS_SERVICE1': '400', 'SLOWPOKE_PROCESSING_MICROS_SERVICE2': '0', 'SLOWPOKE_DELAY_MICROS_SERVICE1': '0.0', 'SLOWPOKE_DELAY_MICROS_SERVICE2': '160.0'}
    [exp] Executing cmd `bash run.sh mutex mix 8 512 100000`:
        [run.sh] Running benchmark mutex with request mix, thread 8, conn 512, duration 60
        [run.sh] Deleting all services
        service "service1" deleted
        deployment.apps "service1" deleted
        service "service2" deleted
        deployment.apps "service2" deleted
        deployment.apps "ubuntu-client" deleted
        [run.sh] Waiting for all pods to be deleted
        [run.sh] Deploying all services
        service/service1 created
        deployment.apps/service1 created
        service/service2 created
        deployment.apps/service2 created
        [run.sh] Client pod not found, deploying client
        deployment.apps/ubuntu-client created
        [run.sh] Waiting for all pods to be running
        [run.sh] All pods are running
        [run.sh] Starting the rust proxy first for mutex
        [run.sh] Running warmup test
        [run.sh] /wrk/wrk -t8 -c512 -d3s -L http://service1:80/
        Running 3s test @ http://service1:80/
        8 threads and 512 connections
        Thread Stats   Avg      Stdev     Max   +/- Stdev
        Latency   279.19ms   48.02ms 544.78ms   92.05%
        Req/Sec   234.58     74.13   420.00     74.55%
        Latency Distribution
        50%  265.63ms
        75%  274.90ms
        90%  298.85ms
        99%  510.97ms
        5268 requests in 3.02s, 745.96KB read
        Requests/sec:   1741.52
        Transfer/sec:    246.60KB
        [run.sh] Speed is 1741.52, duration is 86
        [run.sh] Fix the request number.
        [run.sh] Running the actual test
        [run.sh] /wrk/wrk --timeout 20s -t8 -c512 -d86s -L -s /wrk/fix_req_n.lua http://service1:80/
        [run.sh] Checking the resource usage
        NAME                             CPU(cores)   MEMORY(bytes)
        service1-5fbf55cb56-l8lk9        338m         36Mi
        service2-85cc8f8d4-wwm4z         254m         11Mi
        ubuntu-client-76886f6bbd-nqkvk   7m           9Mi
        Running 1m test @ http://service1:80/
        8 threads and 512 connections
        Thread Stats   Avg      Stdev     Max   +/- Stdev
        Latency   266.33ms   13.29ms 484.89ms   85.85%
        Req/Sec   241.20     49.08   500.00     70.82%
        Latency Distribution
        50%  265.23ms
        75%  270.51ms
        90%  277.88ms
        99%  297.19ms
        100000 requests in 1.43m, 13.83MB read
        Requests/sec:   1162.79
        Transfer/sec:    164.65KB
        ------------------------------
        stop time: 52.037832
        stop time: 52.113385
        stop time: 52.177347
        stop time: 52.196247
        stop time: 52.228175
        stop time: 52.184711
        stop time: 52.215942
        stop time: 52.163084
        [run.sh] Test finished with status 0
        > STDERR
        > No resources found in default namespace.
        > error: Found argument 'mutex' which wasn't expected, or isn't valid in this context
        > 
        > USAGE:
        > proxy <SUBCOMMAND>
        > 
        > For more information try --help
    [exp] Times: [52.037832, 52.113385, 52.177347, 52.196247, 52.228175, 52.184711, 52.215942, 52.163084]
    [exp] Throughput: 1917.0092064582802
    [exp] Running (pre_run: False) workload mutex/mix request with the following configuration: {'CLIENT_CPU_QUOTA': '8', 'SLOWPOKE_POKER_BATCH_THRESHOLD': '20000000', 'SLOWPOKE_PROCESSING_MICROS_SERVICE1': '400', 'SLOWPOKE_PROCESSING_MICROS_SERVICE2': '0', 'SLOWPOKE_DELAY_MICROS_SERVICE1': '0.0', 'SLOWPOKE_DELAY_MICROS_SERVICE2': '140.0'}
    [exp] Executing cmd `bash run.sh mutex mix 8 512 100000`:
        [run.sh] Running benchmark mutex with request mix, thread 8, conn 512, duration 60
        [run.sh] Deleting all services
        service "service1" deleted
        deployment.apps "service1" deleted
        service "service2" deleted
        deployment.apps "service2" deleted
        deployment.apps "ubuntu-client" deleted
        [run.sh] Waiting for all pods to be deleted
        [run.sh] Deploying all services
        service/service1 created
        deployment.apps/service1 created
        service/service2 created
        deployment.apps/service2 created
        [run.sh] Client pod not found, deploying client
        deployment.apps/ubuntu-client created
        [run.sh] Waiting for all pods to be running
        [run.sh] All pods are running
        [run.sh] Starting the rust proxy first for mutex
        [run.sh] Running warmup test
        [run.sh] /wrk/wrk -t8 -c512 -d3s -L http://service1:80/
        Running 3s test @ http://service1:80/
        8 threads and 512 connections
        Thread Stats   Avg      Stdev     Max   +/- Stdev
        Latency   267.63ms   46.73ms 526.49ms   92.19%
        Req/Sec   244.07     85.16   430.00     72.32%
        Latency Distribution
        50%  256.81ms
        75%  264.93ms
        90%  279.36ms
        99%  490.92ms
        5492 requests in 3.03s, 777.68KB read
        Requests/sec:   1812.13
        Transfer/sec:    256.60KB
        [run.sh] Speed is 1812.13, duration is 82
        [run.sh] Fix the request number.
        [run.sh] Running the actual test
        [run.sh] /wrk/wrk --timeout 20s -t8 -c512 -d82s -L -s /wrk/fix_req_n.lua http://service1:80/
        [run.sh] Checking the resource usage
        Running 1m test @ http://service1:80/
        8 threads and 512 connections
        Thread Stats   Avg      Stdev     Max   +/- Stdev
        Latency   256.54ms   15.46ms 493.47ms   80.09%
        Req/Sec   250.50     43.51   400.00     71.49%
        Latency Distribution
        50%  255.88ms
        75%  263.73ms
        90%  271.79ms
        99%  296.41ms
        100000 requests in 1.37m, 13.83MB read
        Requests/sec:   1219.51
        Transfer/sec:    172.68KB
        ------------------------------
        stop time: 50.138176
        stop time: 50.277713
        stop time: 50.272697
        stop time: 50.268276
        stop time: 50.326838
        stop time: 50.269111
        stop time: 50.276563
        stop time: 50.240460
        [run.sh] Test finished with status 0
        > STDERR
        > No resources found in default namespace.
        > error: Found argument 'mutex' which wasn't expected, or isn't valid in this context
        > 
        > USAGE:
        > proxy <SUBCOMMAND>
        > 
        > For more information try --help
        > error: metrics not available yet
    [exp] Times: [50.138176, 50.277713, 50.272697, 50.268276, 50.326838, 50.269111, 50.276563, 50.24046]
    [exp] Throughput: 1989.7041069736158
    [exp] Running (pre_run: False) workload mutex/mix request with the following configuration: {'CLIENT_CPU_QUOTA': '8', 'SLOWPOKE_POKER_BATCH_THRESHOLD': '20000000', 'SLOWPOKE_PROCESSING_MICROS_SERVICE1': '400', 'SLOWPOKE_PROCESSING_MICROS_SERVICE2': '0', 'SLOWPOKE_DELAY_MICROS_SERVICE1': '0.0', 'SLOWPOKE_DELAY_MICROS_SERVICE2': '120.0'}
    [exp] Executing cmd `bash run.sh mutex mix 8 512 100000`:
        [run.sh] Running benchmark mutex with request mix, thread 8, conn 512, duration 60
        [run.sh] Deleting all services
        service "service1" deleted
        deployment.apps "service1" deleted
        service "service2" deleted
        deployment.apps "service2" deleted
        deployment.apps "ubuntu-client" deleted
        [run.sh] Waiting for all pods to be deleted
        [run.sh] Deploying all services
        service/service1 created
        deployment.apps/service1 created
        service/service2 created
        deployment.apps/service2 created
        [run.sh] Client pod not found, deploying client
        deployment.apps/ubuntu-client created
        [run.sh] Waiting for all pods to be running
        [run.sh] All pods are running
        [run.sh] Starting the rust proxy first for mutex
        [run.sh] Running warmup test
        [run.sh] /wrk/wrk -t8 -c512 -d3s -L http://service1:80/
        Running 3s test @ http://service1:80/
        8 threads and 512 connections
        Thread Stats   Avg      Stdev     Max   +/- Stdev
        Latency   259.45ms   47.52ms 519.05ms   92.33%
        Req/Sec   253.20     86.44   430.00     67.42%
        Latency Distribution
        50%  248.00ms
        75%  258.65ms
        90%  278.21ms
        99%  485.96ms
        5682 requests in 3.03s, 804.58KB read
        Requests/sec:   1877.58
        Transfer/sec:    265.87KB
        [run.sh] Speed is 1877.58, duration is 79
        [run.sh] Fix the request number.
        [run.sh] Running the actual test
        [run.sh] /wrk/wrk --timeout 20s -t8 -c512 -d79s -L -s /wrk/fix_req_n.lua http://service1:80/
        [run.sh] Checking the resource usage
        NAME                             CPU(cores)   MEMORY(bytes)
        service1-5fbf55cb56-q5cpz        1949m        37Mi
        service2-7494c79664-8cqck        891m         11Mi
        ubuntu-client-76886f6bbd-8rdpw   67m          11Mi
        Running 1m test @ http://service1:80/
        8 threads and 512 connections
        Thread Stats   Avg      Stdev     Max   +/- Stdev
        Latency   248.47ms   24.52ms 714.73ms   88.60%
        Req/Sec   258.61     51.51   630.00     73.34%
        Latency Distribution
        50%  246.70ms
        75%  257.21ms
        90%  268.16ms
        99%  297.71ms
        100001 requests in 1.32m, 13.83MB read
        Requests/sec:   1265.83
        Transfer/sec:    179.24KB
        ------------------------------
        stop time: 48.489099
        stop time: 48.463354
        stop time: 48.627990
        stop time: 48.608050
        stop time: 48.655240
        stop time: 48.785315
        stop time: 48.801533
        stop time: 48.847334
        [run.sh] Test finished with status 0
        > STDERR
        > No resources found in default namespace.
        > error: Found argument 'mutex' which wasn't expected, or isn't valid in this context
        > 
        > USAGE:
        > proxy <SUBCOMMAND>
        > 
        > For more information try --help
    [exp] Times: [48.489099, 48.463354, 48.62799, 48.60805, 48.65524, 48.785315, 48.801533, 48.847334]
    [exp] Throughput: 2055.0870449457684
    [exp] Running (pre_run: False) workload mutex/mix request with the following configuration: {'CLIENT_CPU_QUOTA': '8', 'SLOWPOKE_POKER_BATCH_THRESHOLD': '20000000', 'SLOWPOKE_PROCESSING_MICROS_SERVICE1': '400', 'SLOWPOKE_PROCESSING_MICROS_SERVICE2': '0', 'SLOWPOKE_DELAY_MICROS_SERVICE1': '0.0', 'SLOWPOKE_DELAY_MICROS_SERVICE2': '100.0'}
    [exp] Executing cmd `bash run.sh mutex mix 8 512 100000`:
        [run.sh] Running benchmark mutex with request mix, thread 8, conn 512, duration 60
        [run.sh] Deleting all services
        service "service1" deleted
        deployment.apps "service1" deleted
        service "service2" deleted
        deployment.apps "service2" deleted
        deployment.apps "ubuntu-client" deleted
        [run.sh] Waiting for all pods to be deleted
        [run.sh] Deploying all services
        service/service1 created
        deployment.apps/service1 created
        service/service2 created
        deployment.apps/service2 created
        [run.sh] Client pod not found, deploying client
        deployment.apps/ubuntu-client created
        [run.sh] Waiting for all pods to be running
        [run.sh] All pods are running
        [run.sh] Starting the rust proxy first for mutex
        [run.sh] Running warmup test
        [run.sh] /wrk/wrk -t8 -c512 -d3s -L http://service1:80/
        Running 3s test @ http://service1:80/
        8 threads and 512 connections
        Thread Stats   Avg      Stdev     Max   +/- Stdev
        Latency   260.19ms   44.91ms 502.80ms   91.20%
        Req/Sec   250.03     81.73   500.00     73.87%
        Latency Distribution
        50%  250.22ms
        75%  264.99ms
        90%  284.09ms
        99%  465.18ms
        5645 requests in 3.03s, 799.34KB read
        Requests/sec:   1860.65
        Transfer/sec:    263.47KB
        [run.sh] Speed is 1860.65, duration is 80
        [run.sh] Fix the request number.
        [run.sh] Running the actual test
        [run.sh] /wrk/wrk --timeout 20s -t8 -c512 -d80s -L -s /wrk/fix_req_n.lua http://service1:80/
        [run.sh] Checking the resource usage
        NAME                             CPU(cores)   MEMORY(bytes)
        service1-5fbf55cb56-l8b5f        1090m        37Mi
        service2-6cb595d5d6-qf5qg        76m          11Mi
        ubuntu-client-76886f6bbd-7kgrb   39m          10Mi
        Running 1m test @ http://service1:80/
        8 threads and 512 connections
        Thread Stats   Avg      Stdev     Max   +/- Stdev
        Latency   248.06ms   20.66ms 509.20ms   74.96%
        Req/Sec   258.96     42.45   420.00     70.11%
        Latency Distribution
        50%  246.39ms
        75%  258.92ms
        90%  272.12ms
        99%  301.12ms
        100000 requests in 1.33m, 13.83MB read
        Requests/sec:   1250.00
        Transfer/sec:    177.00KB
        ------------------------------
        stop time: 48.410907
        stop time: 48.528599
        stop time: 48.646613
        stop time: 48.635944
        stop time: 48.604639
        stop time: 48.644689
        stop time: 48.611059
        stop time: 48.508371
        [run.sh] Test finished with status 0
        > STDERR
        > No resources found in default namespace.
        > error: Found argument 'mutex' which wasn't expected, or isn't valid in this context
        > 
        > USAGE:
        > proxy <SUBCOMMAND>
        > 
        > For more information try --help
    [exp] Times: [48.410907, 48.528599, 48.646613, 48.635944, 48.604639, 48.644689, 48.611059, 48.508371]
    [exp] Throughput: 2058.72078486383
    [exp] Running (pre_run: False) workload mutex/mix request with the following configuration: {'CLIENT_CPU_QUOTA': '8', 'SLOWPOKE_POKER_BATCH_THRESHOLD': '20000000', 'SLOWPOKE_PROCESSING_MICROS_SERVICE1': '400', 'SLOWPOKE_PROCESSING_MICROS_SERVICE2': '0', 'SLOWPOKE_DELAY_MICROS_SERVICE1': '0.0', 'SLOWPOKE_DELAY_MICROS_SERVICE2': '80.0'}
    [exp] Executing cmd `bash run.sh mutex mix 8 512 100000`:
        [run.sh] Running benchmark mutex with request mix, thread 8, conn 512, duration 60
        [run.sh] Deleting all services
        service "service1" deleted
        deployment.apps "service1" deleted
        service "service2" deleted
        deployment.apps "service2" deleted
        deployment.apps "ubuntu-client" deleted
        [run.sh] Waiting for all pods to be deleted
        [run.sh] Deploying all services
        service/service1 created
        deployment.apps/service1 created
        service/service2 created
        deployment.apps/service2 created
        [run.sh] Client pod not found, deploying client
        deployment.apps/ubuntu-client created
        [run.sh] Waiting for all pods to be running
        [run.sh] All pods are running
        [run.sh] Starting the rust proxy first for mutex
        [run.sh] Running warmup test
        [run.sh] /wrk/wrk -t8 -c512 -d3s -L http://service1:80/
        Running 3s test @ http://service1:80/
        8 threads and 512 connections
        Thread Stats   Avg      Stdev     Max   +/- Stdev
        Latency   259.77ms   42.19ms 512.41ms   90.98%
        Req/Sec   251.04     82.10   450.00     73.21%
        Latency Distribution
        50%  250.25ms
        75%  262.28ms
        90%  282.47ms
        99%  454.73ms
        5676 requests in 3.02s, 803.73KB read
        Requests/sec:   1878.01
        Transfer/sec:    265.93KB
        [run.sh] Speed is 1878.01, duration is 79
        [run.sh] Fix the request number.
        [run.sh] Running the actual test
        [run.sh] /wrk/wrk --timeout 20s -t8 -c512 -d79s -L -s /wrk/fix_req_n.lua http://service1:80/
        [run.sh] Checking the resource usage
        NAME                             CPU(cores)   MEMORY(bytes)
        service1-5fbf55cb56-sbqff        600m         36Mi
        ubuntu-client-76886f6bbd-8s6xx   25m          0Mi
        Running 1m test @ http://service1:80/
        8 threads and 512 connections
        Thread Stats   Avg      Stdev     Max   +/- Stdev
        Latency   250.06ms   19.41ms 483.56ms   75.24%
        Req/Sec   256.87     47.77   474.00     72.88%
        Latency Distribution
        50%  248.46ms
        75%  260.21ms
        90%  272.34ms
        99%  304.88ms
        100000 requests in 1.32m, 13.83MB read
        Requests/sec:   1265.82
        Transfer/sec:    179.24KB
        ------------------------------
        stop time: 48.946470
        stop time: 48.907867
        stop time: 48.969515
        stop time: 48.978107
        stop time: 48.996988
        stop time: 48.993487
        stop time: 49.011359
        stop time: 48.979641
        [run.sh] Test finished with status 0
        > STDERR
        > No resources found in default namespace.
        > error: Found argument 'mutex' which wasn't expected, or isn't valid in this context
        > 
        > USAGE:
        > proxy <SUBCOMMAND>
        > 
        > For more information try --help
    [exp] Times: [48.94647, 48.907867, 48.969515, 48.978107, 48.996988, 48.993487, 49.011359, 48.979641]
    [exp] Throughput: 2041.9444279004401
    [exp] Running (pre_run: False) workload mutex/mix request with the following configuration: {'CLIENT_CPU_QUOTA': '8', 'SLOWPOKE_POKER_BATCH_THRESHOLD': '20000000', 'SLOWPOKE_PROCESSING_MICROS_SERVICE1': '400', 'SLOWPOKE_PROCESSING_MICROS_SERVICE2': '0', 'SLOWPOKE_DELAY_MICROS_SERVICE1': '0.0', 'SLOWPOKE_DELAY_MICROS_SERVICE2': '60.0'}
    [exp] Executing cmd `bash run.sh mutex mix 8 512 100000`:
        [run.sh] Running benchmark mutex with request mix, thread 8, conn 512, duration 60
        [run.sh] Deleting all services
        service "service1" deleted
        deployment.apps "service1" deleted
        service "service2" deleted
        deployment.apps "service2" deleted
        deployment.apps "ubuntu-client" deleted
        [run.sh] Waiting for all pods to be deleted
        [run.sh] Deploying all services
        service/service1 created
        deployment.apps/service1 created
        service/service2 created
        deployment.apps/service2 created
        [run.sh] Client pod not found, deploying client
        deployment.apps/ubuntu-client created
        [run.sh] Waiting for all pods to be running
        [run.sh] All pods are running
        [run.sh] Starting the rust proxy first for mutex
        [run.sh] Running warmup test
        [run.sh] /wrk/wrk -t8 -c512 -d3s -L http://service1:80/
        Running 3s test @ http://service1:80/
        8 threads and 512 connections
        Thread Stats   Avg      Stdev     Max   +/- Stdev
        Latency   260.20ms   44.48ms 490.13ms   89.26%
        Req/Sec   251.75     81.04   480.00     74.89%
        Latency Distribution
        50%  251.03ms
        75%  266.48ms
        90%  289.62ms
        99%  465.96ms
        5671 requests in 3.03s, 803.02KB read
        Requests/sec:   1870.60
        Transfer/sec:    264.88KB
        [run.sh] Speed is 1870.60, duration is 80
        [run.sh] Fix the request number.
        [run.sh] Running the actual test
        [run.sh] /wrk/wrk --timeout 20s -t8 -c512 -d80s -L -s /wrk/fix_req_n.lua http://service1:80/
        [run.sh] Checking the resource usage
        Running 1m test @ http://service1:80/
        8 threads and 512 connections
        Thread Stats   Avg      Stdev     Max   +/- Stdev
        Latency   247.98ms   26.37ms 531.34ms   82.08%
        Req/Sec   259.06     50.34   525.00     72.34%
        Latency Distribution
        50%  246.08ms
        75%  259.45ms
        90%  273.03ms
        99%  319.93ms
        100000 requests in 1.33m, 13.83MB read
        Requests/sec:   1250.00
        Transfer/sec:    177.00KB
        ------------------------------
        stop time: 48.383428
        stop time: 48.427428
        stop time: 48.580400
        stop time: 48.568023
        stop time: 48.621939
        stop time: 48.637362
        stop time: 48.619493
        stop time: 48.595031
        [run.sh] Test finished with status 0
        > STDERR
        > No resources found in default namespace.
        > error: Found argument 'mutex' which wasn't expected, or isn't valid in this context
        > 
        > USAGE:
        > proxy <SUBCOMMAND>
        > 
        > For more information try --help
        > error: metrics not available yet
    [exp] Times: [48.383428, 48.427428, 48.5804, 48.568023, 48.621939, 48.637362, 48.619493, 48.595031]
    [exp] Throughput: 2059.556695250156
    [exp] Running (pre_run: False) workload mutex/mix request with the following configuration: {'CLIENT_CPU_QUOTA': '8', 'SLOWPOKE_POKER_BATCH_THRESHOLD': '20000000', 'SLOWPOKE_PROCESSING_MICROS_SERVICE1': '400', 'SLOWPOKE_PROCESSING_MICROS_SERVICE2': '0', 'SLOWPOKE_DELAY_MICROS_SERVICE1': '0.0', 'SLOWPOKE_DELAY_MICROS_SERVICE2': '40.0'}
    [exp] Executing cmd `bash run.sh mutex mix 8 512 100000`:
        [run.sh] Running benchmark mutex with request mix, thread 8, conn 512, duration 60
        [run.sh] Deleting all services
        service "service1" deleted
        deployment.apps "service1" deleted
        service "service2" deleted
        deployment.apps "service2" deleted
        deployment.apps "ubuntu-client" deleted
        [run.sh] Waiting for all pods to be deleted
        [run.sh] Deploying all services
        service/service1 created
        deployment.apps/service1 created
        service/service2 created
        deployment.apps/service2 created
        [run.sh] Client pod not found, deploying client
        deployment.apps/ubuntu-client created
        [run.sh] Waiting for all pods to be running
        [run.sh] All pods are running
        [run.sh] Starting the rust proxy first for mutex
        [run.sh] Running warmup test
        [run.sh] /wrk/wrk -t8 -c512 -d3s -L http://service1:80/
        Running 3s test @ http://service1:80/
        8 threads and 512 connections
        Thread Stats   Avg      Stdev     Max   +/- Stdev
        Latency   255.79ms   42.12ms 523.82ms   91.15%
        Req/Sec   254.74     93.63   540.00     66.96%
        Latency Distribution
        50%  246.77ms
        75%  259.93ms
        90%  279.70ms
        99%  455.76ms
        5761 requests in 3.03s, 815.77KB read
        Requests/sec:   1901.73
        Transfer/sec:    269.29KB
        [run.sh] Speed is 1901.73, duration is 78
        [run.sh] Fix the request number.
        [run.sh] Running the actual test
        [run.sh] /wrk/wrk --timeout 20s -t8 -c512 -d78s -L -s /wrk/fix_req_n.lua http://service1:80/
        [run.sh] Checking the resource usage
        NAME                             CPU(cores)   MEMORY(bytes)
        service1-5fbf55cb56-znm6j        1955m        36Mi
        service2-9cd7fd54f-rd59p         905m         11Mi
        ubuntu-client-76886f6bbd-cm2jm   67m          11Mi
        Running 1m test @ http://service1:80/
        8 threads and 512 connections
        Thread Stats   Avg      Stdev     Max   +/- Stdev
        Latency   247.83ms   25.47ms 542.61ms   83.23%
        Req/Sec   259.82     52.99   484.00     72.26%
        Latency Distribution
        50%  245.92ms
        75%  257.96ms
        90%  270.89ms
        99%  319.39ms
        100001 requests in 1.30m, 13.83MB read
        Requests/sec:   1282.06
        Transfer/sec:    181.54KB
        ------------------------------
        stop time: 48.366097
        stop time: 48.541646
        stop time: 48.556396
        stop time: 48.555474
        stop time: 48.574698
        stop time: 48.541307
        stop time: 48.553041
        stop time: 48.513431
        [run.sh] Test finished with status 0
        > STDERR
        > No resources found in default namespace.
        > error: Found argument 'mutex' which wasn't expected, or isn't valid in this context
        > 
        > USAGE:
        > proxy <SUBCOMMAND>
        > 
        > For more information try --help
    [exp] Times: [48.366097, 48.541646, 48.556396, 48.555474, 48.574698, 48.541307, 48.553041, 48.513431]
    [exp] Throughput: 2060.7823105743714
    [exp] Running (pre_run: False) workload mutex/mix request with the following configuration: {'CLIENT_CPU_QUOTA': '8', 'SLOWPOKE_POKER_BATCH_THRESHOLD': '20000000', 'SLOWPOKE_PROCESSING_MICROS_SERVICE1': '400', 'SLOWPOKE_PROCESSING_MICROS_SERVICE2': '0', 'SLOWPOKE_DELAY_MICROS_SERVICE1': '0.0', 'SLOWPOKE_DELAY_MICROS_SERVICE2': '20.0'}
    [exp] Executing cmd `bash run.sh mutex mix 8 512 100000`:
        [run.sh] Running benchmark mutex with request mix, thread 8, conn 512, duration 60
        [run.sh] Deleting all services
        service "service1" deleted
        deployment.apps "service1" deleted
        service "service2" deleted
        deployment.apps "service2" deleted
        deployment.apps "ubuntu-client" deleted
        [run.sh] Waiting for all pods to be deleted
        [run.sh] Deploying all services
        service/service1 created
        deployment.apps/service1 created
        service/service2 created
        deployment.apps/service2 created
        [run.sh] Client pod not found, deploying client
        deployment.apps/ubuntu-client created
        [run.sh] Waiting for all pods to be running
        [run.sh] All pods are running
        [run.sh] Starting the rust proxy first for mutex
        [run.sh] Running warmup test
        [run.sh] /wrk/wrk -t8 -c512 -d3s -L http://service1:80/
        Running 3s test @ http://service1:80/
        8 threads and 512 connections
        Thread Stats   Avg      Stdev     Max   +/- Stdev
        Latency   261.39ms   42.61ms 491.73ms   88.72%
        Req/Sec   249.52     82.51   434.00     68.30%
        Latency Distribution
        50%  250.84ms
        75%  267.27ms
        90%  298.81ms
        99%  448.86ms
        5629 requests in 3.02s, 797.08KB read
        Requests/sec:   1865.37
        Transfer/sec:    264.14KB
        [run.sh] Speed is 1865.37, duration is 80
        [run.sh] Fix the request number.
        [run.sh] Running the actual test
        [run.sh] /wrk/wrk --timeout 20s -t8 -c512 -d80s -L -s /wrk/fix_req_n.lua http://service1:80/
        [run.sh] Checking the resource usage
        NAME                             CPU(cores)   MEMORY(bytes)
        service1-5fbf55cb56-7pmpx        219m         36Mi
        service2-9d547cb87-kmp9j         321m         10Mi
        ubuntu-client-76886f6bbd-xrhb8   49m          10Mi
        Running 1m test @ http://service1:80/
        8 threads and 512 connections
        Thread Stats   Avg      Stdev     Max   +/- Stdev
        Latency   247.75ms   22.31ms 536.19ms   80.04%
        Req/Sec   259.14     48.06   494.00     70.78%
        Latency Distribution
        50%  246.39ms
        75%  258.40ms
        90%  270.36ms
        99%  299.68ms
        100000 requests in 1.33m, 13.83MB read
        Requests/sec:   1250.00
        Transfer/sec:    177.00KB
        ------------------------------
        stop time: 48.322267
        stop time: 48.418896
        stop time: 48.521934
        stop time: 48.529379
        stop time: 48.544155
        stop time: 48.531208
        stop time: 48.557195
        stop time: 48.584798
        [run.sh] Test finished with status 0
        > STDERR
        > No resources found in default namespace.
        > error: Found argument 'mutex' which wasn't expected, or isn't valid in this context
        > 
        > USAGE:
        > proxy <SUBCOMMAND>
        > 
        > For more information try --help
    [exp] Times: [48.322267, 48.418896, 48.521934, 48.529379, 48.544155, 48.531208, 48.557195, 48.584798]
    [exp] Throughput: 2061.803423579225
[test.py] Baseline throughput:  2066.447257324022
[test.py] Groundtruth:  [2770.348012225435, 2766.161293032415, 2767.356394041635, 2760.1424894578686, 2746.778003650674, 2624.2240759857727, 2479.108421628304, 2358.8734587669996, 2252.658891428658, 2145.2033268360215]
[test.py] Slowdown:  [1782.1901479085047, 1848.2638796467675, 1917.0092064582802, 1989.7041069736158, 2055.0870449457684, 2058.72078486383, 2041.9444279004401, 2059.556695250156, 2060.7823105743714, 2061.803423579225]
[test.py] Predicted:  [2769.2595737907354, 2769.712653425679, 2765.135702162643, 2757.9565546964113, 2727.788077735073, 2592.4296691896748, 2440.635849827602, 2349.9477301126394, 2245.9160753380197, 2150.4807969699036]
[test.py] Error percentage:  [-0.03928887020317837, 0.12838587548056113, -0.08024596628657601, -0.07919644619095718, -0.6913527736992896, -1.211573626164321, -1.551871288284861, -0.37838946473312607, -0.2993269915962293, 0.24601258388247732]
[test.py] ++++++++++++++++++++++++++++++++ Summary: 
[test.py] Result for the experiment 0: 
    Baseline throughput: 2040.4431440541587
    Groundtruth: [2768.3880016486028, 2767.218753211811, 2766.4949834057156, 2762.262256187843, 2754.172473179472, 2614.8648431111333, 2496.670190966308, 2361.0270273964957, 2243.317067321693, 2148.4918139360007]
    Slowdown:    [1781.5430254131586, 1850.3584626591846, 1918.297452694491, 1990.9474952229268, 2062.8109270075565, 2057.565148286637, 2063.966256463349, 2066.075762972402, 2055.47559041802, 2066.4757132895547]
    Predicted:   [2767.6974393014184, 2774.419006401553, 2767.8167991471223, 2760.3460677609132, 2741.412907009907, 2590.597451161684, 2472.163164647711, 2358.438523253695, 2239.614508592323, 2155.5641318267144]
    Error Perc:  [-0.024944565096118445, 0.26019819291065693, 0.04777943749529049, -0.06937025702889618, -0.4632813047773695, -0.9280553070795079, -0.9815884535839298, -0.10963466799678467, -0.16504839121070777, 0.32917592912571453]
[test.py] Result for the experiment 1: 
    Baseline throughput: 2060.208363602301
    Groundtruth: [2768.686353913964, 2764.8842393428126, 2766.948546437018, 2760.158326269801, 2720.68406213788, 2602.4291555187006, 2465.367260336964, 2333.2098248712537, 2233.132426410987, 2156.050911606354]
    Slowdown:    [1782.3747917022129, 1849.6317243358449, 1917.3008928259117, 1992.5963984886137, 2066.043732443535, 2054.222154106498, 2064.443822886286, 2061.271374044323, 2064.517833924405, 2053.1201676528653]
    Predicted:   [2769.705413647506, 2772.785483419881, 2765.7426199572146, 2763.5166691974723, 2747.125504021984, 2585.300261280462, 2472.8483415836417, 2352.1802876565957, 2250.353643075009, 2141.036262246764]
    Error Perc:  [0.03680661524196061, 0.2857712436795001, -0.04358326364096757, 0.12167211191142116, 0.9718674157015668, -0.6581886850566127, 0.30344692926826233, 0.8130628708624124, 0.771168626649667, -0.6963958633241761]
[test.py] Result for the experiment 2: 
    Baseline throughput: 2066.447257324022
    Groundtruth: [2770.348012225435, 2766.161293032415, 2767.356394041635, 2760.1424894578686, 2746.778003650674, 2624.2240759857727, 2479.108421628304, 2358.8734587669996, 2252.658891428658, 2145.2033268360215]
    Slowdown:    [1782.1901479085047, 1848.2638796467675, 1917.0092064582802, 1989.7041069736158, 2055.0870449457684, 2058.72078486383, 2041.9444279004401, 2059.556695250156, 2060.7823105743714, 2061.803423579225]
    Predicted:   [2769.2595737907354, 2769.712653425679, 2765.135702162643, 2757.9565546964113, 2727.788077735073, 2592.4296691896748, 2440.635849827602, 2349.9477301126394, 2245.9160753380197, 2150.4807969699036]
    Error Perc:  [-0.03928887020317837, 0.12838587548056113, -0.08024596628657601, -0.07919644619095718, -0.6913527736992896, -1.211573626164321, -1.551871288284861, -0.37838946473312607, -0.2993269915962293, 0.24601258388247732]
