benchmark                        : mutex
num_threads                      : 8
num_conns                        : 512
target_service                   : service1
request_type                     : mix
repetitions                      : 3
target_num_exp                   : 10
pre_run                          : False
num_req                          : 100000
groundtruths                     : []
slowdowns                        : []
predicteds                       : []
errs                             : []
client_cpu_quota                 : 8
random_seed                      : 1234
request_ratio                    : {'service1': 1, 'service2': 1}
baseline_service_processing_time : {'service1': 400, 'service2': 0}
cpu_quota                        : {'service1': 2, 'service2': 2}
target_processing_time_range     : [0, 400]
baseline_throughputs             : []
poker_batch                      : 20000000
[test.py] Starting experiment...
[test.py] >>>>>>>>>>>>>>>>>>>>>>>>>>>>> Running experiment 0...
[test.py] Actual processing time range: [0, 40, 80, 120, 160, 200, 240, 280, 320, 360]
[test.py] Running baseline experiment
    [exp] Running (pre_run: False) workload mutex/mix request with the following configuration: {'CLIENT_CPU_QUOTA': '8', 'SLOWPOKE_POKER_BATCH_THRESHOLD': '20000000', 'SLOWPOKE_PROCESSING_MICROS_SERVICE1': '400', 'SLOWPOKE_PROCESSING_MICROS_SERVICE2': '0', 'SLOWPOKE_DELAY_MICROS_SERVICE1': '0.0', 'SLOWPOKE_DELAY_MICROS_SERVICE2': '0.0'}
    [exp] Executing cmd `bash run.sh mutex mix 8 512 100000`:
        [run.sh] Running benchmark mutex with request mix, thread 8, conn 512, duration 60
        [run.sh] Deleting all services
        service "service1" deleted
        deployment.apps "service1" deleted
        service "service2" deleted
        deployment.apps "service2" deleted
        deployment.apps "ubuntu-client" deleted
        [run.sh] Waiting for all pods to be deleted
        [run.sh] Deploying all services
        service/service1 created
        deployment.apps/service1 created
        service/service2 created
        deployment.apps/service2 created
        [run.sh] Client pod not found, deploying client
        deployment.apps/ubuntu-client created
        [run.sh] Waiting for all pods to be running
        [run.sh] All pods are running
        [run.sh] Starting the rust proxy first for mutex
        [run.sh] Running warmup test
        [run.sh] /wrk/wrk -t8 -c512 -d3s -L http://service1:80/
        Running 3s test @ http://service1:80/
        8 threads and 512 connections
        Thread Stats   Avg      Stdev     Max   +/- Stdev
        Latency   258.21ms   40.59ms 490.71ms   89.05%
        Req/Sec   251.38     85.09   525.00     74.11%
        Latency Distribution
        50%  249.99ms
        75%  264.80ms
        90%  286.11ms
        99%  449.38ms
        5700 requests in 3.03s, 807.13KB read
        Requests/sec:   1881.53
        Transfer/sec:    266.43KB
        [run.sh] Speed is 1881.53, duration is 79
        [run.sh] Fix the request number.
        [run.sh] Running the actual test
        [run.sh] /wrk/wrk --timeout 20s -t8 -c512 -d79s -L -s /wrk/fix_req_n.lua http://service1:80/
        [run.sh] Checking the resource usage
        NAME                             CPU(cores)   MEMORY(bytes)
        service1-5fbf55cb56-7cjzv        599m         36Mi
        service2-756bdb8c65-rxr7k        19m          10Mi
        ubuntu-client-76886f6bbd-pl4cn   1m           9Mi
        Running 1m test @ http://service1:80/
        8 threads and 512 connections
        Thread Stats   Avg      Stdev     Max   +/- Stdev
        Latency   248.06ms   34.79ms 566.44ms   89.87%
        Req/Sec   259.40     58.32   717.00     77.00%
        Latency Distribution
        50%  245.47ms
        75%  258.09ms
        90%  273.28ms
        99%  411.90ms
        100000 requests in 1.32m, 13.83MB read
        Requests/sec:   1265.82
        Transfer/sec:    179.24KB
        ------------------------------
        stop time: 48.456228
        stop time: 48.563414
        stop time: 48.572540
        stop time: 48.607646
        stop time: 48.577486
        stop time: 48.602544
        stop time: 48.614211
        stop time: 48.606628
        [run.sh] Test finished with status 0
        > STDERR
        > No resources found in default namespace.
        > error: Found argument 'mutex' which wasn't expected, or isn't valid in this context
        > 
        > USAGE:
        > proxy <SUBCOMMAND>
        > 
        > For more information try --help
    [exp] Times: [48.456228, 48.563414, 48.57254, 48.607646, 48.577486, 48.602544, 48.614211, 48.606628]
    [exp] Throughput: 2058.6684639940313
[test.py] Baseline throughput: 2058.6684639940313
[test.py] Running groundtruth experiment
    [exp] Running (pre_run: False) workload mutex/mix request with the following configuration: {'CLIENT_CPU_QUOTA': '8', 'SLOWPOKE_POKER_BATCH_THRESHOLD': '20000000', 'SLOWPOKE_PROCESSING_MICROS_SERVICE1': '0', 'SLOWPOKE_PROCESSING_MICROS_SERVICE2': '0', 'SLOWPOKE_DELAY_MICROS_SERVICE1': '0.0', 'SLOWPOKE_DELAY_MICROS_SERVICE2': '0.0'}
    [exp] Executing cmd `bash run.sh mutex mix 8 512 100000`:
        [run.sh] Running benchmark mutex with request mix, thread 8, conn 512, duration 60
        [run.sh] Deleting all services
        service "service1" deleted
        deployment.apps "service1" deleted
        service "service2" deleted
        deployment.apps "service2" deleted
        deployment.apps "ubuntu-client" deleted
        [run.sh] Waiting for all pods to be deleted
        [run.sh] Deploying all services
        service/service1 created
        deployment.apps/service1 created
        service/service2 created
        deployment.apps/service2 created
        [run.sh] Client pod not found, deploying client
        deployment.apps/ubuntu-client created
        [run.sh] Waiting for all pods to be running
        [run.sh] All pods are running
        [run.sh] Starting the rust proxy first for mutex
        [run.sh] Running warmup test
        [run.sh] /wrk/wrk -t8 -c512 -d3s -L http://service1:80/
        Running 3s test @ http://service1:80/
        8 threads and 512 connections
        Thread Stats   Avg      Stdev     Max   +/- Stdev
        Latency   149.42ms   44.59ms 450.39ms   86.74%
        Req/Sec   435.19    114.36   686.00     76.72%
        Latency Distribution
        50%  141.28ms
        75%  154.26ms
        90%  178.93ms
        99%  359.84ms
        10124 requests in 3.02s, 1.40MB read
        Requests/sec:   3350.09
        Transfer/sec:    474.38KB
        [run.sh] Speed is 3350.09, duration is 44
        [run.sh] Fix the request number.
        [run.sh] Running the actual test
        [run.sh] /wrk/wrk --timeout 20s -t8 -c512 -d44s -L -s /wrk/fix_req_n.lua http://service1:80/
        [run.sh] Checking the resource usage
        Running 44s test @ http://service1:80/
        8 threads and 512 connections
        Thread Stats   Avg      Stdev     Max   +/- Stdev
        Latency   148.02ms   21.69ms 400.60ms   84.82%
        Req/Sec   434.11     69.98   710.00     81.67%
        Latency Distribution
        50%  145.96ms
        75%  155.95ms
        90%  166.49ms
        99%  238.69ms
        100000 requests in 44.00s, 13.83MB read
        Requests/sec:   2272.72
        Transfer/sec:    321.82KB
        ------------------------------
        stop time: 28.964542
        stop time: 28.971808
        stop time: 29.020151
        stop time: 29.032795
        stop time: 29.025549
        stop time: 29.002806
        stop time: 28.969038
        stop time: 29.014826
        [run.sh] Test finished with status 0
        > STDERR
        > No resources found in default namespace.
        > error: Found argument 'mutex' which wasn't expected, or isn't valid in this context
        > 
        > USAGE:
        > proxy <SUBCOMMAND>
        > 
        > For more information try --help
        > error: metrics not available yet
    [exp] Times: [28.964542, 28.971808, 29.020151, 29.032795, 29.025549, 29.002806, 28.969038, 29.014826]
    [exp] Throughput: 3448.2533443801003
    [exp] Running (pre_run: False) workload mutex/mix request with the following configuration: {'CLIENT_CPU_QUOTA': '8', 'SLOWPOKE_POKER_BATCH_THRESHOLD': '20000000', 'SLOWPOKE_PROCESSING_MICROS_SERVICE1': '40', 'SLOWPOKE_PROCESSING_MICROS_SERVICE2': '0', 'SLOWPOKE_DELAY_MICROS_SERVICE1': '0.0', 'SLOWPOKE_DELAY_MICROS_SERVICE2': '0.0'}
    [exp] Executing cmd `bash run.sh mutex mix 8 512 100000`:
        [run.sh] Running benchmark mutex with request mix, thread 8, conn 512, duration 60
        [run.sh] Deleting all services
        service "service1" deleted
        deployment.apps "service1" deleted
        service "service2" deleted
        deployment.apps "service2" deleted
        deployment.apps "ubuntu-client" deleted
        [run.sh] Waiting for all pods to be deleted
        [run.sh] Deploying all services
        service/service1 created
        deployment.apps/service1 created
        service/service2 created
        deployment.apps/service2 created
        [run.sh] Client pod not found, deploying client
        deployment.apps/ubuntu-client created
        [run.sh] Waiting for all pods to be running
        [run.sh] All pods are running
        [run.sh] Starting the rust proxy first for mutex
        [run.sh] Running warmup test
        [run.sh] /wrk/wrk -t8 -c512 -d3s -L http://service1:80/
        Running 3s test @ http://service1:80/
        8 threads and 512 connections
        Thread Stats   Avg      Stdev     Max   +/- Stdev
        Latency   156.63ms   28.99ms 308.54ms   85.01%
        Req/Sec   411.00    107.07   737.00     84.91%
        Latency Distribution
        50%  152.48ms
        75%  163.94ms
        90%  180.94ms
        99%  273.00ms
        9551 requests in 3.02s, 1.32MB read
        Requests/sec:   3158.62
        Transfer/sec:    447.27KB
        [run.sh] Speed is 3158.62, duration is 47
        [run.sh] Fix the request number.
        [run.sh] Running the actual test
        [run.sh] /wrk/wrk --timeout 20s -t8 -c512 -d47s -L -s /wrk/fix_req_n.lua http://service1:80/
        [run.sh] Checking the resource usage
        NAME                             CPU(cores)   MEMORY(bytes)
        service1-f7b6dd58b-cg5lr         297m         35Mi
        service2-756bdb8c65-ltmrr        890m         9Mi
        ubuntu-client-76886f6bbd-m5k7s   65m          10Mi
        Running 47s test @ http://service1:80/
        8 threads and 512 connections
        Thread Stats   Avg      Stdev     Max   +/- Stdev
        Latency   154.95ms   21.22ms 392.77ms   85.92%
        Req/Sec   414.05     66.32   700.00     82.51%
        Latency Distribution
        50%  153.13ms
        75%  161.52ms
        90%  172.57ms
        99%  249.77ms
        100000 requests in 47.00s, 13.83MB read
        Requests/sec:   2127.65
        Transfer/sec:    301.28KB
        ------------------------------
        stop time: 30.326894
        stop time: 30.385675
        stop time: 30.337753
        stop time: 30.337292
        stop time: 30.354725
        stop time: 30.342926
        stop time: 30.378411
        stop time: 30.373635
        [run.sh] Test finished with status 0
        > STDERR
        > No resources found in default namespace.
        > error: Found argument 'mutex' which wasn't expected, or isn't valid in this context
        > 
        > USAGE:
        > proxy <SUBCOMMAND>
        > 
        > For more information try --help
    [exp] Times: [30.326894, 30.385675, 30.337753, 30.337292, 30.354725, 30.342926, 30.378411, 30.373635]
    [exp] Throughput: 3294.386668612057
    [exp] Running (pre_run: False) workload mutex/mix request with the following configuration: {'CLIENT_CPU_QUOTA': '8', 'SLOWPOKE_POKER_BATCH_THRESHOLD': '20000000', 'SLOWPOKE_PROCESSING_MICROS_SERVICE1': '80', 'SLOWPOKE_PROCESSING_MICROS_SERVICE2': '0', 'SLOWPOKE_DELAY_MICROS_SERVICE1': '0.0', 'SLOWPOKE_DELAY_MICROS_SERVICE2': '0.0'}
    [exp] Executing cmd `bash run.sh mutex mix 8 512 100000`:
        [run.sh] Running benchmark mutex with request mix, thread 8, conn 512, duration 60
        [run.sh] Deleting all services
        service "service1" deleted
        deployment.apps "service1" deleted
        service "service2" deleted
        deployment.apps "service2" deleted
        deployment.apps "ubuntu-client" deleted
        [run.sh] Waiting for all pods to be deleted
        [run.sh] Deploying all services
        service/service1 created
        deployment.apps/service1 created
        service/service2 created
        deployment.apps/service2 created
        [run.sh] Client pod not found, deploying client
        deployment.apps/ubuntu-client created
        [run.sh] Waiting for all pods to be running
        [run.sh] All pods are running
        [run.sh] Starting the rust proxy first for mutex
        [run.sh] Running warmup test
        [run.sh] /wrk/wrk -t8 -c512 -d3s -L http://service1:80/
        Running 3s test @ http://service1:80/
        8 threads and 512 connections
        Thread Stats   Avg      Stdev     Max   +/- Stdev
        Latency   171.86ms   27.96ms 352.60ms   85.99%
        Req/Sec   375.24     87.45   585.00     77.83%
        Latency Distribution
        50%  166.26ms
        75%  179.54ms
        90%  197.11ms
        99%  303.51ms
        8703 requests in 3.03s, 1.20MB read
        Requests/sec:   2875.76
        Transfer/sec:    407.21KB
        [run.sh] Speed is 2875.76, duration is 52
        [run.sh] Fix the request number.
        [run.sh] Running the actual test
        [run.sh] /wrk/wrk --timeout 20s -t8 -c512 -d52s -L -s /wrk/fix_req_n.lua http://service1:80/
        [run.sh] Checking the resource usage
        NAME                             CPU(cores)   MEMORY(bytes)
        service1-5f6d8cccd6-pwmj2        1949m        37Mi
        service2-756bdb8c65-cs5qr        1301m        10Mi
        ubuntu-client-76886f6bbd-zpq82   95m          10Mi
        Running 1m test @ http://service1:80/
        8 threads and 512 connections
        Thread Stats   Avg      Stdev     Max   +/- Stdev
        Latency   165.47ms   22.29ms 374.18ms   84.68%
        Req/Sec   388.49     61.87   656.00     79.36%
        Latency Distribution
        50%  163.77ms
        75%  173.51ms
        90%  184.79ms
        99%  262.84ms
        100000 requests in 0.87m, 13.83MB read
        Requests/sec:   1923.07
        Transfer/sec:    272.31KB
        ------------------------------
        stop time: 32.362085
        stop time: 32.404365
        stop time: 32.407480
        stop time: 32.411296
        stop time: 32.444954
        stop time: 32.420736
        stop time: 32.425446
        stop time: 32.412528
        [run.sh] Test finished with status 0
        > STDERR
        > No resources found in default namespace.
        > error: Found argument 'mutex' which wasn't expected, or isn't valid in this context
        > 
        > USAGE:
        > proxy <SUBCOMMAND>
        > 
        > For more information try --help
    [exp] Times: [32.362085, 32.404365, 32.40748, 32.411296, 32.444954, 32.420736, 32.425446, 32.412528]
    [exp] Throughput: 3085.3616597301952
    [exp] Running (pre_run: False) workload mutex/mix request with the following configuration: {'CLIENT_CPU_QUOTA': '8', 'SLOWPOKE_POKER_BATCH_THRESHOLD': '20000000', 'SLOWPOKE_PROCESSING_MICROS_SERVICE1': '120', 'SLOWPOKE_PROCESSING_MICROS_SERVICE2': '0', 'SLOWPOKE_DELAY_MICROS_SERVICE1': '0.0', 'SLOWPOKE_DELAY_MICROS_SERVICE2': '0.0'}
    [exp] Executing cmd `bash run.sh mutex mix 8 512 100000`:
        [run.sh] Running benchmark mutex with request mix, thread 8, conn 512, duration 60
        [run.sh] Deleting all services
        service "service1" deleted
        deployment.apps "service1" deleted
        service "service2" deleted
        deployment.apps "service2" deleted
        deployment.apps "ubuntu-client" deleted
        [run.sh] Waiting for all pods to be deleted
        [run.sh] Deploying all services
        service/service1 created
        deployment.apps/service1 created
        service/service2 created
        deployment.apps/service2 created
        [run.sh] Client pod not found, deploying client
        deployment.apps/ubuntu-client created
        [run.sh] Waiting for all pods to be running
        [run.sh] All pods are running
        [run.sh] Starting the rust proxy first for mutex
        [run.sh] Running warmup test
        [run.sh] /wrk/wrk -t8 -c512 -d3s -L http://service1:80/
        Running 3s test @ http://service1:80/
        8 threads and 512 connections
        Thread Stats   Avg      Stdev     Max   +/- Stdev
        Latency   178.56ms   27.95ms 366.15ms   89.78%
        Req/Sec   361.45     84.37   545.00     82.68%
        Latency Distribution
        50%  173.32ms
        75%  183.83ms
        90%  195.72ms
        99%  313.46ms
        8358 requests in 3.02s, 1.16MB read
        Requests/sec:   2769.25
        Transfer/sec:    392.13KB
        [run.sh] Speed is 2769.25, duration is 54
        [run.sh] Fix the request number.
        [run.sh] Running the actual test
        [run.sh] /wrk/wrk --timeout 20s -t8 -c512 -d54s -L -s /wrk/fix_req_n.lua http://service1:80/
        [run.sh] Checking the resource usage
        Running 1m test @ http://service1:80/
        8 threads and 512 connections
        Thread Stats   Avg      Stdev     Max   +/- Stdev
        Latency   174.81ms   33.83ms 467.13ms   85.50%
        Req/Sec   367.46     86.24   707.00     81.71%
        Latency Distribution
        50%  172.69ms
        75%  181.97ms
        90%  196.73ms
        99%  325.68ms
        100000 requests in 0.90m, 13.83MB read
        Requests/sec:   1851.85
        Transfer/sec:    262.22KB
        ------------------------------
        stop time: 34.127107
        stop time: 34.234446
        stop time: 34.256837
        stop time: 34.246548
        stop time: 34.227118
        stop time: 34.260036
        stop time: 34.269925
        stop time: 34.262001
        [run.sh] Test finished with status 0
        > STDERR
        > No resources found in default namespace.
        > error: Found argument 'mutex' which wasn't expected, or isn't valid in this context
        > 
        > USAGE:
        > proxy <SUBCOMMAND>
        > 
        > For more information try --help
        > error: metrics not available yet
    [exp] Times: [34.127107, 34.234446, 34.256837, 34.246548, 34.227118, 34.260036, 34.269925, 34.262001]
    [exp] Throughput: 2920.94444152634
    [exp] Running (pre_run: False) workload mutex/mix request with the following configuration: {'CLIENT_CPU_QUOTA': '8', 'SLOWPOKE_POKER_BATCH_THRESHOLD': '20000000', 'SLOWPOKE_PROCESSING_MICROS_SERVICE1': '160', 'SLOWPOKE_PROCESSING_MICROS_SERVICE2': '0', 'SLOWPOKE_DELAY_MICROS_SERVICE1': '0.0', 'SLOWPOKE_DELAY_MICROS_SERVICE2': '0.0'}
    [exp] Executing cmd `bash run.sh mutex mix 8 512 100000`:
        [run.sh] Running benchmark mutex with request mix, thread 8, conn 512, duration 60
        [run.sh] Deleting all services
        service "service1" deleted
        deployment.apps "service1" deleted
        service "service2" deleted
        deployment.apps "service2" deleted
        deployment.apps "ubuntu-client" deleted
        [run.sh] Waiting for all pods to be deleted
        [run.sh] Deploying all services
        service/service1 created
        deployment.apps/service1 created
        service/service2 created
        deployment.apps/service2 created
        [run.sh] Client pod not found, deploying client
        deployment.apps/ubuntu-client created
        [run.sh] Waiting for all pods to be running
        [run.sh] All pods are running
        [run.sh] Starting the rust proxy first for mutex
        [run.sh] Running warmup test
        [run.sh] /wrk/wrk -t8 -c512 -d3s -L http://service1:80/
        Running 3s test @ http://service1:80/
        8 threads and 512 connections
        Thread Stats   Avg      Stdev     Max   +/- Stdev
        Latency   189.41ms   29.60ms 374.65ms   89.43%
        Req/Sec   341.73     76.12   500.00     78.95%
        Latency Distribution
        50%  184.07ms
        75%  195.16ms
        90%  208.69ms
        99%  333.62ms
        7859 requests in 3.02s, 1.09MB read
        Requests/sec:   2598.66
        Transfer/sec:    367.97KB
        [run.sh] Speed is 2598.66, duration is 57
        [run.sh] Fix the request number.
        [run.sh] Running the actual test
        [run.sh] /wrk/wrk --timeout 20s -t8 -c512 -d57s -L -s /wrk/fix_req_n.lua http://service1:80/
        [run.sh] Checking the resource usage
        Running 1m test @ http://service1:80/
        8 threads and 512 connections
        Thread Stats   Avg      Stdev     Max   +/- Stdev
        Latency   184.97ms   23.57ms 635.59ms   86.46%
        Req/Sec   347.09     56.17   676.00     74.89%
        Latency Distribution
        50%  183.91ms
        75%  193.89ms
        90%  204.70ms
        99%  245.31ms
        100000 requests in 0.95m, 13.83MB read
        Requests/sec:   1754.38
        Transfer/sec:    248.42KB
        ------------------------------
        stop time: 36.137519
        stop time: 36.217163
        stop time: 36.243380
        stop time: 36.272496
        stop time: 36.259793
        stop time: 36.249778
        stop time: 36.259919
        stop time: 36.189199
        [run.sh] Test finished with status 0
        > STDERR
        > No resources found in default namespace.
        > error: Found argument 'mutex' which wasn't expected, or isn't valid in this context
        > 
        > USAGE:
        > proxy <SUBCOMMAND>
        > 
        > For more information try --help
        > error: metrics not available yet
    [exp] Times: [36.137519, 36.217163, 36.24338, 36.272496, 36.259793, 36.249778, 36.259919, 36.189199]
    [exp] Throughput: 2760.2459319780105
    [exp] Running (pre_run: False) workload mutex/mix request with the following configuration: {'CLIENT_CPU_QUOTA': '8', 'SLOWPOKE_POKER_BATCH_THRESHOLD': '20000000', 'SLOWPOKE_PROCESSING_MICROS_SERVICE1': '200', 'SLOWPOKE_PROCESSING_MICROS_SERVICE2': '0', 'SLOWPOKE_DELAY_MICROS_SERVICE1': '0.0', 'SLOWPOKE_DELAY_MICROS_SERVICE2': '0.0'}
    [exp] Executing cmd `bash run.sh mutex mix 8 512 100000`:
        [run.sh] Running benchmark mutex with request mix, thread 8, conn 512, duration 60
        [run.sh] Deleting all services
        service "service1" deleted
        deployment.apps "service1" deleted
        service "service2" deleted
        deployment.apps "service2" deleted
        deployment.apps "ubuntu-client" deleted
        [run.sh] Waiting for all pods to be deleted
        [run.sh] Deploying all services
        service/service1 created
        deployment.apps/service1 created
        service/service2 created
        deployment.apps/service2 created
        [run.sh] Client pod not found, deploying client
        deployment.apps/ubuntu-client created
        [run.sh] Waiting for all pods to be running
        [run.sh] All pods are running
        [run.sh] Starting the rust proxy first for mutex
        [run.sh] Running warmup test
        [run.sh] /wrk/wrk -t8 -c512 -d3s -L http://service1:80/
        Running 3s test @ http://service1:80/
        8 threads and 512 connections
        Thread Stats   Avg      Stdev     Max   +/- Stdev
        Latency   202.19ms   31.33ms 395.71ms   86.39%
        Req/Sec   324.59     81.76   610.00     76.79%
        Latency Distribution
        50%  196.74ms
        75%  210.26ms
        90%  229.02ms
        99%  340.14ms
        7452 requests in 3.03s, 1.03MB read
        Requests/sec:   2463.10
        Transfer/sec:    348.78KB
        [run.sh] Speed is 2463.10, duration is 60
        [run.sh] Fix the request number.
        [run.sh] Running the actual test
        [run.sh] /wrk/wrk --timeout 20s -t8 -c512 -d60s -L -s /wrk/fix_req_n.lua http://service1:80/
        [run.sh] Checking the resource usage
        NAME                             CPU(cores)   MEMORY(bytes)
        service1-b4c6ddcd-fjhdd          382m         35Mi
        ubuntu-client-76886f6bbd-vr4tr   29m          0Mi
        Running 1m test @ http://service1:80/
        8 threads and 512 connections
        Thread Stats   Avg      Stdev     Max   +/- Stdev
        Latency   193.33ms   30.10ms 570.34ms   88.30%
        Req/Sec   332.93     66.37   710.00     80.27%
        Latency Distribution
        50%  192.25ms
        75%  203.19ms
        90%  215.59ms
        99%  323.27ms
        100000 requests in 1.00m, 13.83MB read
        Requests/sec:   1666.66
        Transfer/sec:    236.00KB
        ------------------------------
        stop time: 37.804489
        stop time: 37.839536
        stop time: 37.911920
        stop time: 37.930515
        stop time: 37.898454
        stop time: 37.877983
        stop time: 37.832120
        stop time: 37.875396
        [run.sh] Test finished with status 0
        > STDERR
        > No resources found in default namespace.
        > error: Found argument 'mutex' which wasn't expected, or isn't valid in this context
        > 
        > USAGE:
        > proxy <SUBCOMMAND>
        > 
        > For more information try --help
    [exp] Times: [37.804489, 37.839536, 37.91192, 37.930515, 37.898454, 37.877983, 37.83212, 37.875396]
    [exp] Throughput: 2640.521865083901
    [exp] Running (pre_run: False) workload mutex/mix request with the following configuration: {'CLIENT_CPU_QUOTA': '8', 'SLOWPOKE_POKER_BATCH_THRESHOLD': '20000000', 'SLOWPOKE_PROCESSING_MICROS_SERVICE1': '240', 'SLOWPOKE_PROCESSING_MICROS_SERVICE2': '0', 'SLOWPOKE_DELAY_MICROS_SERVICE1': '0.0', 'SLOWPOKE_DELAY_MICROS_SERVICE2': '0.0'}
    [exp] Executing cmd `bash run.sh mutex mix 8 512 100000`:
        [run.sh] Running benchmark mutex with request mix, thread 8, conn 512, duration 60
        [run.sh] Deleting all services
        service "service1" deleted
        deployment.apps "service1" deleted
        service "service2" deleted
        deployment.apps "service2" deleted
        deployment.apps "ubuntu-client" deleted
        [run.sh] Waiting for all pods to be deleted
        [run.sh] Deploying all services
        service/service1 created
        deployment.apps/service1 created
        service/service2 created
        deployment.apps/service2 created
        [run.sh] Client pod not found, deploying client
        deployment.apps/ubuntu-client created
        [run.sh] Waiting for all pods to be running
        [run.sh] All pods are running
        [run.sh] Starting the rust proxy first for mutex
        [run.sh] Running warmup test
        [run.sh] /wrk/wrk -t8 -c512 -d3s -L http://service1:80/
        Running 3s test @ http://service1:80/
        8 threads and 512 connections
        Thread Stats   Avg      Stdev     Max   +/- Stdev
        Latency   201.62ms   47.69ms 427.93ms   81.84%
        Req/Sec   310.00    113.46   720.00     78.92%
        Latency Distribution
        50%  198.78ms
        75%  213.31ms
        90%  231.94ms
        99%  389.97ms
        7043 requests in 3.01s, 0.97MB read
        Requests/sec:   2336.59
        Transfer/sec:    330.87KB
        [run.sh] Speed is 2336.59, duration is 64
        [run.sh] Fix the request number.
        [run.sh] Running the actual test
        [run.sh] /wrk/wrk --timeout 20s -t8 -c512 -d64s -L -s /wrk/fix_req_n.lua http://service1:80/
        [run.sh] Checking the resource usage
        NAME                             CPU(cores)   MEMORY(bytes)
        service1-6977bddd5d-lczpj        600m         32Mi
        service2-756bdb8c65-gx5ml        91m          8Mi
        ubuntu-client-76886f6bbd-4sgb4   28m          0Mi
        Running 1m test @ http://service1:80/
        8 threads and 512 connections
        Thread Stats   Avg      Stdev     Max   +/- Stdev
        Latency   205.48ms   34.28ms 719.57ms   90.81%
        Req/Sec   312.58     59.14   656.00     76.20%
        Latency Distribution
        50%  203.51ms
        75%  215.38ms
        90%  228.30ms
        99%  348.45ms
        100000 requests in 1.07m, 13.83MB read
        Requests/sec:   1562.50
        Transfer/sec:    221.25KB
        ------------------------------
        stop time: 40.172132
        stop time: 40.210374
        stop time: 40.288983
        stop time: 40.281546
        stop time: 40.234555
        stop time: 40.237819
        stop time: 40.230401
        stop time: 40.248672
        [run.sh] Test finished with status 0
        > STDERR
        > No resources found in default namespace.
        > error: Found argument 'mutex' which wasn't expected, or isn't valid in this context
        > 
        > USAGE:
        > proxy <SUBCOMMAND>
        > 
        > For more information try --help
    [exp] Times: [40.172132, 40.210374, 40.288983, 40.281546, 40.234555, 40.237819, 40.230401, 40.248672]
    [exp] Throughput: 2485.2092615473434
    [exp] Running (pre_run: False) workload mutex/mix request with the following configuration: {'CLIENT_CPU_QUOTA': '8', 'SLOWPOKE_POKER_BATCH_THRESHOLD': '20000000', 'SLOWPOKE_PROCESSING_MICROS_SERVICE1': '280', 'SLOWPOKE_PROCESSING_MICROS_SERVICE2': '0', 'SLOWPOKE_DELAY_MICROS_SERVICE1': '0.0', 'SLOWPOKE_DELAY_MICROS_SERVICE2': '0.0'}
    [exp] Executing cmd `bash run.sh mutex mix 8 512 100000`:
        [run.sh] Running benchmark mutex with request mix, thread 8, conn 512, duration 60
        [run.sh] Deleting all services
        service "service1" deleted
        deployment.apps "service1" deleted
        service "service2" deleted
        deployment.apps "service2" deleted
        deployment.apps "ubuntu-client" deleted
        [run.sh] Waiting for all pods to be deleted
        [run.sh] Deploying all services
        service/service1 created
        deployment.apps/service1 created
        service/service2 created
        deployment.apps/service2 created
        [run.sh] Client pod not found, deploying client
        deployment.apps/ubuntu-client created
        [run.sh] Waiting for all pods to be running
        [run.sh] All pods are running
        [run.sh] Starting the rust proxy first for mutex
        [run.sh] Running warmup test
        [run.sh] /wrk/wrk -t8 -c512 -d3s -L http://service1:80/
        Running 3s test @ http://service1:80/
        8 threads and 512 connections
        Thread Stats   Avg      Stdev     Max   +/- Stdev
        Latency   222.75ms   63.91ms 540.48ms   78.43%
        Req/Sec   298.29    105.32   610.00     75.00%
        Latency Distribution
        50%  214.27ms
        75%  227.07ms
        90%  323.12ms
        99%  438.90ms
        6622 requests in 3.02s, 0.92MB read
        Requests/sec:   2189.89
        Transfer/sec:    310.09KB
        [run.sh] Speed is 2189.89, duration is 68
        [run.sh] Fix the request number.
        [run.sh] Running the actual test
        [run.sh] /wrk/wrk --timeout 20s -t8 -c512 -d68s -L -s /wrk/fix_req_n.lua http://service1:80/
        [run.sh] Checking the resource usage
        NAME                             CPU(cores)   MEMORY(bytes)
        service1-68746cc746-7btmt        596m         34Mi
        service2-756bdb8c65-2bj95        233m         9Mi
        ubuntu-client-76886f6bbd-qs9bl   8m           0Mi
        Running 1m test @ http://service1:80/
        8 threads and 512 connections
        Thread Stats   Avg      Stdev     Max   +/- Stdev
        Latency   216.24ms   35.93ms 637.12ms   90.01%
        Req/Sec   297.63     65.21   720.00     78.01%
        Latency Distribution
        50%  214.22ms
        75%  227.12ms
        90%  240.94ms
        99%  377.18ms
        100000 requests in 1.13m, 13.83MB read
        Requests/sec:   1470.58
        Transfer/sec:    208.24KB
        ------------------------------
        stop time: 42.217762
        stop time: 42.282111
        stop time: 42.337996
        stop time: 42.381761
        stop time: 42.359649
        stop time: 42.396631
        stop time: 42.331973
        stop time: 42.344683
        [run.sh] Test finished with status 0
        > STDERR
        > No resources found in default namespace.
        > error: Found argument 'mutex' which wasn't expected, or isn't valid in this context
        > 
        > USAGE:
        > proxy <SUBCOMMAND>
        > 
        > For more information try --help
    [exp] Times: [42.217762, 42.282111, 42.337996, 42.381761, 42.359649, 42.396631, 42.331973, 42.344683]
    [exp] Throughput: 2362.3030808513054
    [exp] Running (pre_run: False) workload mutex/mix request with the following configuration: {'CLIENT_CPU_QUOTA': '8', 'SLOWPOKE_POKER_BATCH_THRESHOLD': '20000000', 'SLOWPOKE_PROCESSING_MICROS_SERVICE1': '320', 'SLOWPOKE_PROCESSING_MICROS_SERVICE2': '0', 'SLOWPOKE_DELAY_MICROS_SERVICE1': '0.0', 'SLOWPOKE_DELAY_MICROS_SERVICE2': '0.0'}
    [exp] Executing cmd `bash run.sh mutex mix 8 512 100000`:
        [run.sh] Running benchmark mutex with request mix, thread 8, conn 512, duration 60
        [run.sh] Deleting all services
        service "service1" deleted
        deployment.apps "service1" deleted
        service "service2" deleted
        deployment.apps "service2" deleted
        deployment.apps "ubuntu-client" deleted
        [run.sh] Waiting for all pods to be deleted
        [run.sh] Deploying all services
        service/service1 created
        deployment.apps/service1 created
        service/service2 created
        deployment.apps/service2 created
        [run.sh] Client pod not found, deploying client
        deployment.apps/ubuntu-client created
        [run.sh] Waiting for all pods to be running
        [run.sh] All pods are running
        [run.sh] Starting the rust proxy first for mutex
        [run.sh] Running warmup test
        [run.sh] /wrk/wrk -t8 -c512 -d3s -L http://service1:80/
        Running 3s test @ http://service1:80/
        8 threads and 512 connections
        Thread Stats   Avg      Stdev     Max   +/- Stdev
        Latency   236.26ms   38.95ms 466.38ms   90.04%
        Req/Sec   275.42     58.88   420.00     79.91%
        Latency Distribution
        50%  228.28ms
        75%  242.16ms
        90%  260.64ms
        99%  419.02ms
        6265 requests in 3.03s, 0.87MB read
        Requests/sec:   2070.94
        Transfer/sec:    293.25KB
        [run.sh] Speed is 2070.94, duration is 72
        [run.sh] Fix the request number.
        [run.sh] Running the actual test
        [run.sh] /wrk/wrk --timeout 20s -t8 -c512 -d72s -L -s /wrk/fix_req_n.lua http://service1:80/
        [run.sh] Checking the resource usage
        NAME                        CPU(cores)   MEMORY(bytes)
        service1-6fccdcc499-7dxff   596m         34Mi
        Running 1m test @ http://service1:80/
        8 threads and 512 connections
        Thread Stats   Avg      Stdev     Max   +/- Stdev
        Latency   227.02ms   35.13ms 546.80ms   89.24%
        Req/Sec   283.91     67.40   717.00     81.05%
        Latency Distribution
        50%  224.89ms
        75%  237.93ms
        90%  252.67ms
        99%  382.56ms
        100000 requests in 1.20m, 13.83MB read
        Requests/sec:   1388.89
        Transfer/sec:    196.67KB
        ------------------------------
        stop time: 44.429338
        stop time: 44.441505
        stop time: 44.505433
        stop time: 44.423169
        stop time: 44.480759
        stop time: 44.495993
        stop time: 44.500581
        stop time: 44.359495
        [run.sh] Test finished with status 0
        > STDERR
        > No resources found in default namespace.
        > error: Found argument 'mutex' which wasn't expected, or isn't valid in this context
        > 
        > USAGE:
        > proxy <SUBCOMMAND>
        > 
        > For more information try --help
    [exp] Times: [44.429338, 44.441505, 44.505433, 44.423169, 44.480759, 44.495993, 44.500581, 44.359495]
    [exp] Throughput: 2249.4893258540023
    [exp] Running (pre_run: False) workload mutex/mix request with the following configuration: {'CLIENT_CPU_QUOTA': '8', 'SLOWPOKE_POKER_BATCH_THRESHOLD': '20000000', 'SLOWPOKE_PROCESSING_MICROS_SERVICE1': '360', 'SLOWPOKE_PROCESSING_MICROS_SERVICE2': '0', 'SLOWPOKE_DELAY_MICROS_SERVICE1': '0.0', 'SLOWPOKE_DELAY_MICROS_SERVICE2': '0.0'}
    [exp] Executing cmd `bash run.sh mutex mix 8 512 100000`:
        [run.sh] Running benchmark mutex with request mix, thread 8, conn 512, duration 60
        [run.sh] Deleting all services
        service "service1" deleted
        deployment.apps "service1" deleted
        service "service2" deleted
        deployment.apps "service2" deleted
        deployment.apps "ubuntu-client" deleted
        [run.sh] Waiting for all pods to be deleted
        [run.sh] Deploying all services
        service/service1 created
        deployment.apps/service1 created
        service/service2 created
        deployment.apps/service2 created
        [run.sh] Client pod not found, deploying client
        deployment.apps/ubuntu-client created
        [run.sh] Waiting for all pods to be running
        [run.sh] All pods are running
        [run.sh] Starting the rust proxy first for mutex
        [run.sh] Running warmup test
        [run.sh] /wrk/wrk -t8 -c512 -d3s -L http://service1:80/
        Running 3s test @ http://service1:80/
        8 threads and 512 connections
        Thread Stats   Avg      Stdev     Max   +/- Stdev
        Latency   244.38ms   40.27ms 476.60ms   90.65%
        Req/Sec   264.88     70.42   515.00     78.12%
        Latency Distribution
        50%  235.98ms
        75%  250.61ms
        90%  268.33ms
        99%  432.94ms
        6021 requests in 3.03s, 852.58KB read
        Requests/sec:   1988.31
        Transfer/sec:    281.55KB
        [run.sh] Speed is 1988.31, duration is 75
        [run.sh] Fix the request number.
        [run.sh] Running the actual test
        [run.sh] /wrk/wrk --timeout 20s -t8 -c512 -d75s -L -s /wrk/fix_req_n.lua http://service1:80/
        [run.sh] Checking the resource usage
        Running 1m test @ http://service1:80/
        8 threads and 512 connections
        Thread Stats   Avg      Stdev     Max   +/- Stdev
        Latency   237.24ms   36.13ms 742.09ms   89.84%
        Req/Sec   272.17     61.29   640.00     79.30%
        Latency Distribution
        50%  234.98ms
        75%  247.60ms
        90%  262.37ms
        99%  403.12ms
        100000 requests in 1.25m, 13.83MB read
        Requests/sec:   1333.33
        Transfer/sec:    188.80KB
        ------------------------------
        stop time: 46.392580
        stop time: 46.419272
        stop time: 46.479722
        stop time: 46.460880
        stop time: 46.507926
        stop time: 46.463565
        stop time: 46.464551
        stop time: 46.467006
        [run.sh] Test finished with status 0
        > STDERR
        > No resources found in default namespace.
        > error: Found argument 'mutex' which wasn't expected, or isn't valid in this context
        > 
        > USAGE:
        > proxy <SUBCOMMAND>
        > 
        > For more information try --help
        > error: metrics not available yet
    [exp] Times: [46.39258, 46.419272, 46.479722, 46.46088, 46.507926, 46.463565, 46.464551, 46.467006]
    [exp] Throughput: 2152.531028586791
[test.py] Running slowdown experiment
    [exp] Running (pre_run: False) workload mutex/mix request with the following configuration: {'CLIENT_CPU_QUOTA': '8', 'SLOWPOKE_POKER_BATCH_THRESHOLD': '20000000', 'SLOWPOKE_PROCESSING_MICROS_SERVICE1': '400', 'SLOWPOKE_PROCESSING_MICROS_SERVICE2': '0', 'SLOWPOKE_DELAY_MICROS_SERVICE1': '0.0', 'SLOWPOKE_DELAY_MICROS_SERVICE2': '200.0'}
    [exp] Executing cmd `bash run.sh mutex mix 8 512 100000`:
        [run.sh] Running benchmark mutex with request mix, thread 8, conn 512, duration 60
        [run.sh] Deleting all services
        service "service1" deleted
        deployment.apps "service1" deleted
        service "service2" deleted
        deployment.apps "service2" deleted
        deployment.apps "ubuntu-client" deleted
        [run.sh] Waiting for all pods to be deleted
        [run.sh] Deploying all services
        service/service1 created
        deployment.apps/service1 created
        service/service2 created
        deployment.apps/service2 created
        [run.sh] Client pod not found, deploying client
        deployment.apps/ubuntu-client created
        [run.sh] Waiting for all pods to be running
        [run.sh] All pods are running
        [run.sh] Starting the rust proxy first for mutex
        [run.sh] Running warmup test
        [run.sh] /wrk/wrk -t8 -c512 -d3s -L http://service1:80/
        Running 3s test @ http://service1:80/
        8 threads and 512 connections
        Thread Stats   Avg      Stdev     Max   +/- Stdev
        Latency   260.31ms   44.79ms 540.92ms   88.93%
        Req/Sec   249.83     89.10   505.00     69.20%
        Latency Distribution
        50%  250.08ms
        75%  270.34ms
        90%  289.10ms
        99%  458.69ms
        5647 requests in 3.03s, 799.62KB read
        Requests/sec:   1862.32
        Transfer/sec:    263.71KB
        [run.sh] Speed is 1862.32, duration is 80
        [run.sh] Fix the request number.
        [run.sh] Running the actual test
        [run.sh] /wrk/wrk --timeout 20s -t8 -c512 -d80s -L -s /wrk/fix_req_n.lua http://service1:80/
        [run.sh] Checking the resource usage
        Running 1m test @ http://service1:80/
        8 threads and 512 connections
        Thread Stats   Avg      Stdev     Max   +/- Stdev
        Latency   248.89ms   21.66ms 492.86ms   78.14%
        Req/Sec   258.10     48.10   444.00     73.41%
        Latency Distribution
        50%  246.32ms
        75%  257.92ms
        90%  273.32ms
        99%  313.93ms
        100000 requests in 1.33m, 13.83MB read
        Requests/sec:   1250.00
        Transfer/sec:    177.00KB
        ------------------------------
        stop time: 48.661060
        stop time: 48.667373
        stop time: 48.823095
        stop time: 48.751455
        stop time: 48.784597
        stop time: 48.800760
        stop time: 48.729195
        stop time: 48.727542
        [run.sh] Test finished with status 0
        > STDERR
        > No resources found in default namespace.
        > error: Found argument 'mutex' which wasn't expected, or isn't valid in this context
        > 
        > USAGE:
        > proxy <SUBCOMMAND>
        > 
        > For more information try --help
        > error: metrics not available yet
    [exp] Times: [48.66106, 48.667373, 48.823095, 48.751455, 48.784597, 48.80076, 48.729195, 48.727542]
    [exp] Throughput: 2051.5709703394973
    [exp] Running (pre_run: False) workload mutex/mix request with the following configuration: {'CLIENT_CPU_QUOTA': '8', 'SLOWPOKE_POKER_BATCH_THRESHOLD': '20000000', 'SLOWPOKE_PROCESSING_MICROS_SERVICE1': '400', 'SLOWPOKE_PROCESSING_MICROS_SERVICE2': '0', 'SLOWPOKE_DELAY_MICROS_SERVICE1': '0.0', 'SLOWPOKE_DELAY_MICROS_SERVICE2': '180.0'}
    [exp] Executing cmd `bash run.sh mutex mix 8 512 100000`:
        [run.sh] Running benchmark mutex with request mix, thread 8, conn 512, duration 60
        [run.sh] Deleting all services
        service "service1" deleted
        deployment.apps "service1" deleted
        service "service2" deleted
        deployment.apps "service2" deleted
        deployment.apps "ubuntu-client" deleted
        [run.sh] Waiting for all pods to be deleted
        [run.sh] Deploying all services
        service/service1 created
        deployment.apps/service1 created
        service/service2 created
        deployment.apps/service2 created
        [run.sh] Client pod not found, deploying client
        deployment.apps/ubuntu-client created
        [run.sh] Waiting for all pods to be running
        [run.sh] All pods are running
        [run.sh] Starting the rust proxy first for mutex
        [run.sh] Running warmup test
        [run.sh] /wrk/wrk -t8 -c512 -d3s -L http://service1:80/
        Running 3s test @ http://service1:80/
        8 threads and 512 connections
        Thread Stats   Avg      Stdev     Max   +/- Stdev
        Latency   262.71ms   45.82ms 491.23ms   82.79%
        Req/Sec   247.69     65.30   370.00     70.54%
        Latency Distribution
        50%  254.69ms
        75%  273.80ms
        90%  311.69ms
        99%  474.80ms
        5602 requests in 3.03s, 793.25KB read
        Requests/sec:   1850.52
        Transfer/sec:    262.04KB
        [run.sh] Speed is 1850.52, duration is 81
        [run.sh] Fix the request number.
        [run.sh] Running the actual test
        [run.sh] /wrk/wrk --timeout 20s -t8 -c512 -d81s -L -s /wrk/fix_req_n.lua http://service1:80/
        [run.sh] Checking the resource usage
        NAME                             CPU(cores)   MEMORY(bytes)
        service1-5fbf55cb56-cv8bv        1638m        36Mi
        service2-5579dbc5bb-rdn66        874m         10Mi
        ubuntu-client-76886f6bbd-77z5r   67m          10Mi
        Running 1m test @ http://service1:80/
        8 threads and 512 connections
        Thread Stats   Avg      Stdev     Max   +/- Stdev
        Latency   248.18ms   26.27ms 512.05ms   70.62%
        Req/Sec   258.82     49.72   460.00     70.49%
        Latency Distribution
        50%  248.09ms
        75%  266.05ms
        90%  277.69ms
        99%  309.79ms
        100000 requests in 1.35m, 13.83MB read
        Requests/sec:   1234.57
        Transfer/sec:    174.82KB
        ------------------------------
        stop time: 48.490392
        stop time: 48.571829
        stop time: 48.539319
        stop time: 48.655222
        stop time: 48.594743
        stop time: 48.646341
        stop time: 48.631754
        stop time: 48.627995
        [run.sh] Test finished with status 0
        > STDERR
        > No resources found in default namespace.
        > error: Found argument 'mutex' which wasn't expected, or isn't valid in this context
        > 
        > USAGE:
        > proxy <SUBCOMMAND>
        > 
        > For more information try --help
    [exp] Times: [48.490392, 48.571829, 48.539319, 48.655222, 48.594743, 48.646341, 48.631754, 48.627995]
    [exp] Throughput: 2057.837609577763
    [exp] Running (pre_run: False) workload mutex/mix request with the following configuration: {'CLIENT_CPU_QUOTA': '8', 'SLOWPOKE_POKER_BATCH_THRESHOLD': '20000000', 'SLOWPOKE_PROCESSING_MICROS_SERVICE1': '400', 'SLOWPOKE_PROCESSING_MICROS_SERVICE2': '0', 'SLOWPOKE_DELAY_MICROS_SERVICE1': '0.0', 'SLOWPOKE_DELAY_MICROS_SERVICE2': '160.0'}
    [exp] Executing cmd `bash run.sh mutex mix 8 512 100000`:
        [run.sh] Running benchmark mutex with request mix, thread 8, conn 512, duration 60
        [run.sh] Deleting all services
        service "service1" deleted
        deployment.apps "service1" deleted
        service "service2" deleted
        deployment.apps "service2" deleted
        deployment.apps "ubuntu-client" deleted
        [run.sh] Waiting for all pods to be deleted
        [run.sh] Deploying all services
        service/service1 created
        deployment.apps/service1 created
        service/service2 created
        deployment.apps/service2 created
        [run.sh] Client pod not found, deploying client
        deployment.apps/ubuntu-client created
        [run.sh] Waiting for all pods to be running
        [run.sh] All pods are running
        [run.sh] Starting the rust proxy first for mutex
        [run.sh] Running warmup test
        [run.sh] /wrk/wrk -t8 -c512 -d3s -L http://service1:80/
        Running 3s test @ http://service1:80/
        8 threads and 512 connections
        Thread Stats   Avg      Stdev     Max   +/- Stdev
        Latency   258.41ms   46.64ms 539.42ms   90.13%
        Req/Sec   253.23     83.49   525.00     72.77%
        Latency Distribution
        50%  247.28ms
        75%  261.03ms
        90%  287.99ms
        99%  476.62ms
        5705 requests in 3.03s, 807.84KB read
        Requests/sec:   1883.17
        Transfer/sec:    266.66KB
        [run.sh] Speed is 1883.17, duration is 79
        [run.sh] Fix the request number.
        [run.sh] Running the actual test
        [run.sh] /wrk/wrk --timeout 20s -t8 -c512 -d79s -L -s /wrk/fix_req_n.lua http://service1:80/
        [run.sh] Checking the resource usage
        NAME                             CPU(cores)   MEMORY(bytes)
        service1-5fbf55cb56-x7c9q        600m         36Mi
        service2-85cc8f8d4-75gmv         263m         10Mi
        ubuntu-client-76886f6bbd-fw6jj   25m          9Mi
        Running 1m test @ http://service1:80/
        8 threads and 512 connections
        Thread Stats   Avg      Stdev     Max   +/- Stdev
        Latency   248.50ms   24.18ms 485.63ms   77.29%
        Req/Sec   258.93     54.26   484.00     69.41%
        Latency Distribution
        50%  246.21ms
        75%  259.56ms
        90%  275.99ms
        99%  321.35ms
        100000 requests in 1.32m, 13.83MB read
        Requests/sec:   1265.82
        Transfer/sec:    179.24KB
        ------------------------------
        stop time: 48.616443
        stop time: 48.568072
        stop time: 48.678206
        stop time: 48.714429
        stop time: 48.708506
        stop time: 48.654865
        stop time: 48.661827
        stop time: 48.680392
        [run.sh] Test finished with status 0
        > STDERR
        > No resources found in default namespace.
        > error: Found argument 'mutex' which wasn't expected, or isn't valid in this context
        > 
        > USAGE:
        > proxy <SUBCOMMAND>
        > 
        > For more information try --help
    [exp] Times: [48.616443, 48.568072, 48.678206, 48.714429, 48.708506, 48.654865, 48.661827, 48.680392]
    [exp] Throughput: 2055.0615729842016
    [exp] Running (pre_run: False) workload mutex/mix request with the following configuration: {'CLIENT_CPU_QUOTA': '8', 'SLOWPOKE_POKER_BATCH_THRESHOLD': '20000000', 'SLOWPOKE_PROCESSING_MICROS_SERVICE1': '400', 'SLOWPOKE_PROCESSING_MICROS_SERVICE2': '0', 'SLOWPOKE_DELAY_MICROS_SERVICE1': '0.0', 'SLOWPOKE_DELAY_MICROS_SERVICE2': '140.0'}
    [exp] Executing cmd `bash run.sh mutex mix 8 512 100000`:
        [run.sh] Running benchmark mutex with request mix, thread 8, conn 512, duration 60
        [run.sh] Deleting all services
        service "service1" deleted
        deployment.apps "service1" deleted
        service "service2" deleted
        deployment.apps "service2" deleted
        deployment.apps "ubuntu-client" deleted
        [run.sh] Waiting for all pods to be deleted
        [run.sh] Deploying all services
        service/service1 created
        deployment.apps/service1 created
        service/service2 created
        deployment.apps/service2 created
        [run.sh] Client pod not found, deploying client
        deployment.apps/ubuntu-client created
        [run.sh] Waiting for all pods to be running
        [run.sh] All pods are running
        [run.sh] Starting the rust proxy first for mutex
        [run.sh] Running warmup test
        [run.sh] /wrk/wrk -t8 -c512 -d3s -L http://service1:80/
        Running 3s test @ http://service1:80/
        8 threads and 512 connections
        Thread Stats   Avg      Stdev     Max   +/- Stdev
        Latency   261.95ms   44.05ms 481.50ms   85.18%
        Req/Sec   248.05     67.60   440.00     72.77%
        Latency Distribution
        50%  253.30ms
        75%  273.47ms
        90%  300.04ms
        99%  458.62ms
        5609 requests in 3.03s, 794.24KB read
        Requests/sec:   1853.30
        Transfer/sec:    262.43KB
        [run.sh] Speed is 1853.30, duration is 80
        [run.sh] Fix the request number.
        [run.sh] Running the actual test
        [run.sh] /wrk/wrk --timeout 20s -t8 -c512 -d80s -L -s /wrk/fix_req_n.lua http://service1:80/
        [run.sh] Checking the resource usage
        Running 1m test @ http://service1:80/
        8 threads and 512 connections
        Thread Stats   Avg      Stdev     Max   +/- Stdev
        Latency   247.68ms   24.70ms 496.14ms   73.90%
        Req/Sec   259.24     49.52   450.00     70.63%
        Latency Distribution
        50%  246.51ms
        75%  262.08ms
        90%  276.42ms
        99%  307.60ms
        100002 requests in 1.33m, 13.83MB read
        Requests/sec:   1250.02
        Transfer/sec:    177.01KB
        ------------------------------
        stop time: 48.366107
        stop time: 48.450107
        stop time: 48.498375
        stop time: 48.510309
        stop time: 48.498988
        stop time: 48.615819
        stop time: 48.610476
        stop time: 48.606749
        [run.sh] Test finished with status 0
        > STDERR
        > No resources found in default namespace.
        > error: Found argument 'mutex' which wasn't expected, or isn't valid in this context
        > 
        > USAGE:
        > proxy <SUBCOMMAND>
        > 
        > For more information try --help
        > error: metrics not available yet
    [exp] Times: [48.366107, 48.450107, 48.498375, 48.510309, 48.498988, 48.615819, 48.610476, 48.606749]
    [exp] Throughput: 2061.022071665705
    [exp] Running (pre_run: False) workload mutex/mix request with the following configuration: {'CLIENT_CPU_QUOTA': '8', 'SLOWPOKE_POKER_BATCH_THRESHOLD': '20000000', 'SLOWPOKE_PROCESSING_MICROS_SERVICE1': '400', 'SLOWPOKE_PROCESSING_MICROS_SERVICE2': '0', 'SLOWPOKE_DELAY_MICROS_SERVICE1': '0.0', 'SLOWPOKE_DELAY_MICROS_SERVICE2': '120.0'}
    [exp] Executing cmd `bash run.sh mutex mix 8 512 100000`:
        [run.sh] Running benchmark mutex with request mix, thread 8, conn 512, duration 60
        [run.sh] Deleting all services
        service "service1" deleted
        deployment.apps "service1" deleted
        service "service2" deleted
        deployment.apps "service2" deleted
        deployment.apps "ubuntu-client" deleted
        [run.sh] Waiting for all pods to be deleted
        [run.sh] Deploying all services
        service/service1 created
        deployment.apps/service1 created
        service/service2 created
        deployment.apps/service2 created
        [run.sh] Client pod not found, deploying client
        deployment.apps/ubuntu-client created
        [run.sh] Waiting for all pods to be running
        [run.sh] All pods are running
        [run.sh] Starting the rust proxy first for mutex
        [run.sh] Running warmup test
        [run.sh] /wrk/wrk -t8 -c512 -d3s -L http://service1:80/
        Running 3s test @ http://service1:80/
        8 threads and 512 connections
        Thread Stats   Avg      Stdev     Max   +/- Stdev
        Latency   256.85ms   41.85ms 478.94ms   88.19%
        Req/Sec   254.14     68.90   393.00     74.11%
        Latency Distribution
        50%  248.29ms
        75%  262.83ms
        90%  285.10ms
        99%  452.46ms
        5748 requests in 3.03s, 813.93KB read
        Requests/sec:   1898.08
        Transfer/sec:    268.77KB
        [run.sh] Speed is 1898.08, duration is 79
        [run.sh] Fix the request number.
        [run.sh] Running the actual test
        [run.sh] /wrk/wrk --timeout 20s -t8 -c512 -d79s -L -s /wrk/fix_req_n.lua http://service1:80/
        [run.sh] Checking the resource usage
        NAME                             CPU(cores)   MEMORY(bytes)
        service1-5fbf55cb56-gt4t9        1953m        47Mi
        service2-7494c79664-mvszd        885m         11Mi
        ubuntu-client-76886f6bbd-dxl4x   67m          11Mi
        Running 1m test @ http://service1:80/
        8 threads and 512 connections
        Thread Stats   Avg      Stdev     Max   +/- Stdev
        Latency   247.66ms   25.45ms 476.14ms   78.45%
        Req/Sec   259.56     51.80   494.00     73.30%
        Latency Distribution
        50%  245.74ms
        75%  259.59ms
        90%  274.36ms
        99%  333.59ms
        100000 requests in 1.32m, 13.83MB read
        Requests/sec:   1265.82
        Transfer/sec:    179.24KB
        ------------------------------
        stop time: 48.482104
        stop time: 48.492844
        stop time: 48.520336
        stop time: 48.511155
        stop time: 48.511955
        stop time: 48.495698
        stop time: 48.487731
        stop time: 48.533554
        [run.sh] Test finished with status 0
        > STDERR
        > No resources found in default namespace.
        > error: Found argument 'mutex' which wasn't expected, or isn't valid in this context
        > 
        > USAGE:
        > proxy <SUBCOMMAND>
        > 
        > For more information try --help
    [exp] Times: [48.482104, 48.492844, 48.520336, 48.511155, 48.511955, 48.495698, 48.487731, 48.533554]
    [exp] Throughput: 2061.6676917063673
    [exp] Running (pre_run: False) workload mutex/mix request with the following configuration: {'CLIENT_CPU_QUOTA': '8', 'SLOWPOKE_POKER_BATCH_THRESHOLD': '20000000', 'SLOWPOKE_PROCESSING_MICROS_SERVICE1': '400', 'SLOWPOKE_PROCESSING_MICROS_SERVICE2': '0', 'SLOWPOKE_DELAY_MICROS_SERVICE1': '0.0', 'SLOWPOKE_DELAY_MICROS_SERVICE2': '100.0'}
    [exp] Executing cmd `bash run.sh mutex mix 8 512 100000`:
        [run.sh] Running benchmark mutex with request mix, thread 8, conn 512, duration 60
        [run.sh] Deleting all services
        service "service1" deleted
        deployment.apps "service1" deleted
        service "service2" deleted
        deployment.apps "service2" deleted
        deployment.apps "ubuntu-client" deleted
        [run.sh] Waiting for all pods to be deleted
        [run.sh] Deploying all services
        service/service1 created
        deployment.apps/service1 created
        service/service2 created
        deployment.apps/service2 created
        [run.sh] Client pod not found, deploying client
        deployment.apps/ubuntu-client created
        [run.sh] Waiting for all pods to be running
        [run.sh] All pods are running
        [run.sh] Starting the rust proxy first for mutex
        [run.sh] Running warmup test
        [run.sh] /wrk/wrk -t8 -c512 -d3s -L http://service1:80/
        Running 3s test @ http://service1:80/
        8 threads and 512 connections
        Thread Stats   Avg      Stdev     Max   +/- Stdev
        Latency   264.71ms   48.23ms 507.21ms   86.32%
        Req/Sec   247.78     75.73   474.00     75.45%
        Latency Distribution
        50%  252.94ms
        75%  274.40ms
        90%  310.29ms
        99%  466.64ms
        5576 requests in 3.02s, 789.57KB read
        Requests/sec:   1844.29
        Transfer/sec:    261.15KB
        [run.sh] Speed is 1844.29, duration is 81
        [run.sh] Fix the request number.
        [run.sh] Running the actual test
        [run.sh] /wrk/wrk --timeout 20s -t8 -c512 -d81s -L -s /wrk/fix_req_n.lua http://service1:80/
        [run.sh] Checking the resource usage
        NAME                             CPU(cores)   MEMORY(bytes)
        service1-5fbf55cb56-8bv6t        1636m        37Mi
        service2-6cb595d5d6-q4k4g        863m         9Mi
        ubuntu-client-76886f6bbd-l7jrr   56m          10Mi
        Running 1m test @ http://service1:80/
        8 threads and 512 connections
        Thread Stats   Avg      Stdev     Max   +/- Stdev
        Latency   251.62ms   33.99ms 633.13ms   84.17%
        Req/Sec   256.14     57.79   570.00     76.75%
        Latency Distribution
        50%  249.69ms
        75%  264.85ms
        90%  281.46ms
        99%  379.26ms
        100000 requests in 1.35m, 13.83MB read
        Requests/sec:   1234.57
        Transfer/sec:    174.82KB
        ------------------------------
        stop time: 49.177792
        stop time: 49.253190
        stop time: 49.260026
        stop time: 49.216360
        stop time: 49.304455
        stop time: 49.306808
        stop time: 49.326820
        stop time: 49.318008
        [run.sh] Test finished with status 0
        > STDERR
        > No resources found in default namespace.
        > error: Found argument 'mutex' which wasn't expected, or isn't valid in this context
        > 
        > USAGE:
        > proxy <SUBCOMMAND>
        > 
        > For more information try --help
    [exp] Times: [49.177792, 49.25319, 49.260026, 49.21636, 49.304455, 49.306808, 49.32682, 49.318008]
    [exp] Throughput: 2029.614825355995
    [exp] Running (pre_run: False) workload mutex/mix request with the following configuration: {'CLIENT_CPU_QUOTA': '8', 'SLOWPOKE_POKER_BATCH_THRESHOLD': '20000000', 'SLOWPOKE_PROCESSING_MICROS_SERVICE1': '400', 'SLOWPOKE_PROCESSING_MICROS_SERVICE2': '0', 'SLOWPOKE_DELAY_MICROS_SERVICE1': '0.0', 'SLOWPOKE_DELAY_MICROS_SERVICE2': '80.0'}
    [exp] Executing cmd `bash run.sh mutex mix 8 512 100000`:
        [run.sh] Running benchmark mutex with request mix, thread 8, conn 512, duration 60
        [run.sh] Deleting all services
        service "service1" deleted
        deployment.apps "service1" deleted
        service "service2" deleted
        deployment.apps "service2" deleted
        deployment.apps "ubuntu-client" deleted
        [run.sh] Waiting for all pods to be deleted
        [run.sh] Deploying all services
        service/service1 created
        deployment.apps/service1 created
        service/service2 created
        deployment.apps/service2 created
        [run.sh] Client pod not found, deploying client
        deployment.apps/ubuntu-client created
        [run.sh] Waiting for all pods to be running
        [run.sh] All pods are running
        [run.sh] Starting the rust proxy first for mutex
        [run.sh] Running warmup test
        [run.sh] /wrk/wrk -t8 -c512 -d3s -L http://service1:80/
        Running 3s test @ http://service1:80/
        8 threads and 512 connections
        Thread Stats   Avg      Stdev     Max   +/- Stdev
        Latency   262.40ms   42.40ms 503.00ms   87.91%
        Req/Sec   247.92     67.89   410.00     74.55%
        Latency Distribution
        50%  254.62ms
        75%  270.05ms
        90%  293.08ms
        99%  457.98ms
        5608 requests in 3.03s, 794.10KB read
        Requests/sec:   1852.96
        Transfer/sec:    262.38KB
        [run.sh] Speed is 1852.96, duration is 80
        [run.sh] Fix the request number.
        [run.sh] Running the actual test
        [run.sh] /wrk/wrk --timeout 20s -t8 -c512 -d80s -L -s /wrk/fix_req_n.lua http://service1:80/
        [run.sh] Checking the resource usage
        NAME                             CPU(cores)   MEMORY(bytes)
        service1-5fbf55cb56-k492w        591m         35Mi
        service2-64f46d6f89-9mm4n        264m         9Mi
        ubuntu-client-76886f6bbd-ttqp5   25m          0Mi
        Running 1m test @ http://service1:80/
        8 threads and 512 connections
        Thread Stats   Avg      Stdev     Max   +/- Stdev
        Latency   250.51ms   35.46ms 609.01ms   88.42%
        Req/Sec   257.02     58.50   595.00     75.13%
        Latency Distribution
        50%  247.95ms
        75%  261.26ms
        90%  276.91ms
        99%  407.55ms
        100000 requests in 1.33m, 13.83MB read
        Requests/sec:   1250.00
        Transfer/sec:    177.00KB
        ------------------------------
        stop time: 48.988110
        stop time: 49.028828
        stop time: 49.061389
        stop time: 49.060767
        stop time: 49.056817
        stop time: 49.114399
        stop time: 49.104286
        stop time: 49.061841
        [run.sh] Test finished with status 0
        > STDERR
        > No resources found in default namespace.
        > error: Found argument 'mutex' which wasn't expected, or isn't valid in this context
        > 
        > USAGE:
        > proxy <SUBCOMMAND>
        > 
        > For more information try --help
    [exp] Times: [48.98811, 49.028828, 49.061389, 49.060767, 49.056817, 49.114399, 49.104286, 49.061841]
    [exp] Throughput: 2038.338928357118
    [exp] Running (pre_run: False) workload mutex/mix request with the following configuration: {'CLIENT_CPU_QUOTA': '8', 'SLOWPOKE_POKER_BATCH_THRESHOLD': '20000000', 'SLOWPOKE_PROCESSING_MICROS_SERVICE1': '400', 'SLOWPOKE_PROCESSING_MICROS_SERVICE2': '0', 'SLOWPOKE_DELAY_MICROS_SERVICE1': '0.0', 'SLOWPOKE_DELAY_MICROS_SERVICE2': '60.0'}
    [exp] Executing cmd `bash run.sh mutex mix 8 512 100000`:
        [run.sh] Running benchmark mutex with request mix, thread 8, conn 512, duration 60
        [run.sh] Deleting all services
        service "service1" deleted
        deployment.apps "service1" deleted
        service "service2" deleted
        deployment.apps "service2" deleted
        deployment.apps "ubuntu-client" deleted
        [run.sh] Waiting for all pods to be deleted
        [run.sh] Deploying all services
        service/service1 created
        deployment.apps/service1 created
        service/service2 created
        deployment.apps/service2 created
        [run.sh] Client pod not found, deploying client
        deployment.apps/ubuntu-client created
        [run.sh] Waiting for all pods to be running
        [run.sh] All pods are running
        [run.sh] Starting the rust proxy first for mutex
        [run.sh] Running warmup test
        [run.sh] /wrk/wrk -t8 -c512 -d3s -L http://service1:80/
        Running 3s test @ http://service1:80/
        8 threads and 512 connections
        Thread Stats   Avg      Stdev     Max   +/- Stdev
        Latency   267.26ms   53.67ms 496.86ms   80.90%
        Req/Sec   243.15     75.52   440.00     72.77%
        Latency Distribution
        50%  257.47ms
        75%  279.14ms
        90%  337.76ms
        99%  477.36ms
        5487 requests in 3.02s, 776.97KB read
        Requests/sec:   1814.26
        Transfer/sec:    256.90KB
        [run.sh] Speed is 1814.26, duration is 82
        [run.sh] Fix the request number.
        [run.sh] Running the actual test
        [run.sh] /wrk/wrk --timeout 20s -t8 -c512 -d82s -L -s /wrk/fix_req_n.lua http://service1:80/
        [run.sh] Checking the resource usage
        Running 1m test @ http://service1:80/
        8 threads and 512 connections
        Thread Stats   Avg      Stdev     Max   +/- Stdev
        Latency   250.36ms   30.03ms 581.78ms   83.30%
        Req/Sec   257.05     53.54   570.00     73.20%
        Latency Distribution
        50%  248.99ms
        75%  263.77ms
        90%  278.48ms
        99%  331.57ms
        100000 requests in 1.37m, 13.83MB read
        Requests/sec:   1219.51
        Transfer/sec:    172.68KB
        ------------------------------
        stop time: 49.067543
        stop time: 49.055222
        stop time: 49.115184
        stop time: 49.136807
        stop time: 49.148322
        stop time: 49.151422
        stop time: 49.153646
        stop time: 49.121384
        [run.sh] Test finished with status 0
        > STDERR
        > No resources found in default namespace.
        > error: Found argument 'mutex' which wasn't expected, or isn't valid in this context
        > 
        > USAGE:
        > proxy <SUBCOMMAND>
        > 
        > For more information try --help
        > error: metrics not available yet
    [exp] Times: [49.067543, 49.055222, 49.115184, 49.136807, 49.148322, 49.151422, 49.153646, 49.121384]
    [exp] Throughput: 2035.8848628728479
    [exp] Running (pre_run: False) workload mutex/mix request with the following configuration: {'CLIENT_CPU_QUOTA': '8', 'SLOWPOKE_POKER_BATCH_THRESHOLD': '20000000', 'SLOWPOKE_PROCESSING_MICROS_SERVICE1': '400', 'SLOWPOKE_PROCESSING_MICROS_SERVICE2': '0', 'SLOWPOKE_DELAY_MICROS_SERVICE1': '0.0', 'SLOWPOKE_DELAY_MICROS_SERVICE2': '40.0'}
    [exp] Executing cmd `bash run.sh mutex mix 8 512 100000`:
        [run.sh] Running benchmark mutex with request mix, thread 8, conn 512, duration 60
        [run.sh] Deleting all services
        service "service1" deleted
        deployment.apps "service1" deleted
        service "service2" deleted
        deployment.apps "service2" deleted
        deployment.apps "ubuntu-client" deleted
        [run.sh] Waiting for all pods to be deleted
        [run.sh] Deploying all services
        service/service1 created
        deployment.apps/service1 created
        service/service2 created
        deployment.apps/service2 created
        [run.sh] Client pod not found, deploying client
        deployment.apps/ubuntu-client created
        [run.sh] Waiting for all pods to be running
        [run.sh] All pods are running
        [run.sh] Starting the rust proxy first for mutex
        [run.sh] Running warmup test
        [run.sh] /wrk/wrk -t8 -c512 -d3s -L http://service1:80/
        Running 3s test @ http://service1:80/
        8 threads and 512 connections
        Thread Stats   Avg      Stdev     Max   +/- Stdev
        Latency   262.65ms   41.95ms 516.96ms   88.88%
        Req/Sec   248.18     85.64   460.00     66.96%
        Latency Distribution
        50%  254.69ms
        75%  270.25ms
        90%  291.57ms
        99%  460.28ms
        5613 requests in 3.03s, 794.81KB read
        Requests/sec:   1850.60
        Transfer/sec:    262.05KB
        [run.sh] Speed is 1850.60, duration is 81
        [run.sh] Fix the request number.
        [run.sh] Running the actual test
        [run.sh] /wrk/wrk --timeout 20s -t8 -c512 -d81s -L -s /wrk/fix_req_n.lua http://service1:80/
        [run.sh] Checking the resource usage
        NAME                             CPU(cores)   MEMORY(bytes)
        service1-5fbf55cb56-5nkp5        1917m        36Mi
        service2-9cd7fd54f-lgkjc         866m         10Mi
        ubuntu-client-76886f6bbd-7pm7j   65m          10Mi
        Running 1m test @ http://service1:80/
        8 threads and 512 connections
        Thread Stats   Avg      Stdev     Max   +/- Stdev
        Latency   251.88ms   36.78ms 595.06ms   89.19%
        Req/Sec   255.91     60.13   640.00     76.01%
        Latency Distribution
        50%  249.38ms
        75%  263.50ms
        90%  279.29ms
        99%  418.09ms
        100000 requests in 1.35m, 13.83MB read
        Requests/sec:   1234.57
        Transfer/sec:    174.82KB
        ------------------------------
        stop time: 49.275408
        stop time: 49.276298
        stop time: 49.328189
        stop time: 49.323411
        stop time: 49.326100
        stop time: 49.311965
        stop time: 49.278142
        stop time: 49.307379
        [run.sh] Test finished with status 0
        > STDERR
        > No resources found in default namespace.
        > error: Found argument 'mutex' which wasn't expected, or isn't valid in this context
        > 
        > USAGE:
        > proxy <SUBCOMMAND>
        > 
        > For more information try --help
    [exp] Times: [49.275408, 49.276298, 49.328189, 49.323411, 49.3261, 49.311965, 49.278142, 49.307379]
    [exp] Throughput: 2028.2592699079962
    [exp] Running (pre_run: False) workload mutex/mix request with the following configuration: {'CLIENT_CPU_QUOTA': '8', 'SLOWPOKE_POKER_BATCH_THRESHOLD': '20000000', 'SLOWPOKE_PROCESSING_MICROS_SERVICE1': '400', 'SLOWPOKE_PROCESSING_MICROS_SERVICE2': '0', 'SLOWPOKE_DELAY_MICROS_SERVICE1': '0.0', 'SLOWPOKE_DELAY_MICROS_SERVICE2': '20.0'}
    [exp] Executing cmd `bash run.sh mutex mix 8 512 100000`:
        [run.sh] Running benchmark mutex with request mix, thread 8, conn 512, duration 60
        [run.sh] Deleting all services
        service "service1" deleted
        deployment.apps "service1" deleted
        service "service2" deleted
        deployment.apps "service2" deleted
        deployment.apps "ubuntu-client" deleted
        [run.sh] Waiting for all pods to be deleted
        [run.sh] Deploying all services
        service/service1 created
        deployment.apps/service1 created
        service/service2 created
        deployment.apps/service2 created
        [run.sh] Client pod not found, deploying client
        deployment.apps/ubuntu-client created
        [run.sh] Waiting for all pods to be running
        [run.sh] All pods are running
        [run.sh] Starting the rust proxy first for mutex
        [run.sh] Running warmup test
        [run.sh] /wrk/wrk -t8 -c512 -d3s -L http://service1:80/
        Running 3s test @ http://service1:80/
        8 threads and 512 connections
        Thread Stats   Avg      Stdev     Max   +/- Stdev
        Latency   259.67ms   43.65ms 513.59ms   89.37%
        Req/Sec   251.97     95.32   565.00     69.64%
        Latency Distribution
        50%  250.77ms
        75%  265.21ms
        90%  286.60ms
        99%  448.44ms
        5671 requests in 3.02s, 803.02KB read
        Requests/sec:   1877.38
        Transfer/sec:    265.84KB
        [run.sh] Speed is 1877.38, duration is 79
        [run.sh] Fix the request number.
        [run.sh] Running the actual test
        [run.sh] /wrk/wrk --timeout 20s -t8 -c512 -d79s -L -s /wrk/fix_req_n.lua http://service1:80/
        [run.sh] Checking the resource usage
        NAME                             CPU(cores)   MEMORY(bytes)
        service1-5fbf55cb56-t5v7w        650m         36Mi
        service2-9d547cb87-vznsc         267m         10Mi
        ubuntu-client-76886f6bbd-n4wg2   13m          10Mi
        Running 1m test @ http://service1:80/
        8 threads and 512 connections
        Thread Stats   Avg      Stdev     Max   +/- Stdev
        Latency   250.99ms   21.61ms 492.14ms   73.26%
        Req/Sec   256.00     49.57   494.00     72.56%
        Latency Distribution
        50%  249.65ms
        75%  263.10ms
        90%  276.57ms
        99%  307.59ms
        100001 requests in 1.32m, 13.83MB read
        Requests/sec:   1265.83
        Transfer/sec:    179.24KB
        ------------------------------
        stop time: 49.101552
        stop time: 49.132545
        stop time: 49.162188
        stop time: 49.127568
        stop time: 49.148855
        stop time: 49.157839
        stop time: 49.160469
        stop time: 49.180534
        [run.sh] Test finished with status 0
        > STDERR
        > No resources found in default namespace.
        > error: Found argument 'mutex' which wasn't expected, or isn't valid in this context
        > 
        > USAGE:
        > proxy <SUBCOMMAND>
        > 
        > For more information try --help
    [exp] Times: [49.101552, 49.132545, 49.162188, 49.127568, 49.148855, 49.157839, 49.160469, 49.180534]
    [exp] Throughput: 2034.7352192700619
[test.py] Baseline throughput:  2058.6684639940313
[test.py] Groundtruth:  [3448.2533443801003, 3294.386668612057, 3085.3616597301952, 2920.94444152634, 2760.2459319780105, 2640.521865083901, 2485.2092615473434, 2362.3030808513054, 2249.4893258540023, 2152.531028586791]
[test.py] Slowdown:  [2051.5709703394973, 2057.837609577763, 2055.0615729842016, 2061.022071665705, 2061.6676917063673, 2029.614825355995, 2038.338928357118, 2035.8848628728479, 2028.2592699079962, 2034.7352192700619]
[test.py] Predicted:  [3479.0916615275046, 3268.540042649137, 3061.817248242268, 2896.9035830460602, 2739.3941385395924, 2546.4450975503164, 2435.486719554255, 2319.1798521946093, 2207.3417223134757, 2121.050752634975]
[test.py] Error percentage:  [0.8943170372810335, -0.7845656434072823, -0.7631005400509927, -0.8230508645935538, -0.7554324488570323, -3.562809639169392, -2.0007386405010408, -1.8254740048493554, -1.8736520798793146, -1.4624772202463217]
[test.py] >>>>>>>>>>>>>>>>>>>>>>>>>>>>> Running experiment 1...
[test.py] Actual processing time range: [0, 40, 80, 120, 160, 200, 240, 280, 320, 360]
[test.py] Running baseline experiment
    [exp] Running (pre_run: False) workload mutex/mix request with the following configuration: {'CLIENT_CPU_QUOTA': '8', 'SLOWPOKE_POKER_BATCH_THRESHOLD': '20000000', 'SLOWPOKE_PROCESSING_MICROS_SERVICE1': '400', 'SLOWPOKE_PROCESSING_MICROS_SERVICE2': '0', 'SLOWPOKE_DELAY_MICROS_SERVICE1': '0.0', 'SLOWPOKE_DELAY_MICROS_SERVICE2': '0.0'}
    [exp] Executing cmd `bash run.sh mutex mix 8 512 100000`:
        [run.sh] Running benchmark mutex with request mix, thread 8, conn 512, duration 60
        [run.sh] Deleting all services
        service "service1" deleted
        deployment.apps "service1" deleted
        service "service2" deleted
        deployment.apps "service2" deleted
        deployment.apps "ubuntu-client" deleted
        [run.sh] Waiting for all pods to be deleted
        [run.sh] Deploying all services
        service/service1 created
        deployment.apps/service1 created
        service/service2 created
        deployment.apps/service2 created
        [run.sh] Client pod not found, deploying client
        deployment.apps/ubuntu-client created
        [run.sh] Waiting for all pods to be running
        [run.sh] All pods are running
        [run.sh] Starting the rust proxy first for mutex
        [run.sh] Running warmup test
        [run.sh] /wrk/wrk -t8 -c512 -d3s -L http://service1:80/
        Running 3s test @ http://service1:80/
        8 threads and 512 connections
        Thread Stats   Avg      Stdev     Max   +/- Stdev
        Latency   256.80ms   41.34ms 477.77ms   90.62%
        Req/Sec   254.09     69.70   430.00     75.45%
        Latency Distribution
        50%  248.41ms
        75%  262.03ms
        90%  281.50ms
        99%  460.67ms
        5747 requests in 3.03s, 813.78KB read
        Requests/sec:   1897.64
        Transfer/sec:    268.71KB
        [run.sh] Speed is 1897.64, duration is 79
        [run.sh] Fix the request number.
        [run.sh] Running the actual test
        [run.sh] /wrk/wrk --timeout 20s -t8 -c512 -d79s -L -s /wrk/fix_req_n.lua http://service1:80/
        [run.sh] Checking the resource usage
        NAME                             CPU(cores)   MEMORY(bytes)
        service1-5fbf55cb56-qr476        599m         35Mi
        ubuntu-client-76886f6bbd-9h6kk   9m           0Mi
        Running 1m test @ http://service1:80/
        8 threads and 512 connections
        Thread Stats   Avg      Stdev     Max   +/- Stdev
        Latency   247.55ms   46.68ms 804.44ms   90.70%
        Req/Sec   261.49     66.93   650.00     78.90%
        Latency Distribution
        50%  245.17ms
        75%  258.43ms
        90%  274.45ms
        99%  472.55ms
        100000 requests in 1.32m, 13.83MB read
        Requests/sec:   1265.82
        Transfer/sec:    179.24KB
        ------------------------------
        stop time: 48.386232
        stop time: 48.365905
        stop time: 48.465179
        stop time: 48.528786
        stop time: 48.512224
        stop time: 48.507113
        stop time: 48.473341
        stop time: 48.520387
        [run.sh] Test finished with status 0
        > STDERR
        > No resources found in default namespace.
        > error: Found argument 'mutex' which wasn't expected, or isn't valid in this context
        > 
        > USAGE:
        > proxy <SUBCOMMAND>
        > 
        > For more information try --help
    [exp] Times: [48.386232, 48.365905, 48.465179, 48.528786, 48.512224, 48.507113, 48.473341, 48.520387]
    [exp] Throughput: 2063.136266227846
[test.py] Baseline throughput: 2063.136266227846
[test.py] Running groundtruth experiment
    [exp] Running (pre_run: False) workload mutex/mix request with the following configuration: {'CLIENT_CPU_QUOTA': '8', 'SLOWPOKE_POKER_BATCH_THRESHOLD': '20000000', 'SLOWPOKE_PROCESSING_MICROS_SERVICE1': '0', 'SLOWPOKE_PROCESSING_MICROS_SERVICE2': '0', 'SLOWPOKE_DELAY_MICROS_SERVICE1': '0.0', 'SLOWPOKE_DELAY_MICROS_SERVICE2': '0.0'}
    [exp] Executing cmd `bash run.sh mutex mix 8 512 100000`:
        [run.sh] Running benchmark mutex with request mix, thread 8, conn 512, duration 60
        [run.sh] Deleting all services
        service "service1" deleted
        deployment.apps "service1" deleted
        service "service2" deleted
        deployment.apps "service2" deleted
        deployment.apps "ubuntu-client" deleted
        [run.sh] Waiting for all pods to be deleted
        [run.sh] Deploying all services
        service/service1 created
        deployment.apps/service1 created
        service/service2 created
        deployment.apps/service2 created
        [run.sh] Client pod not found, deploying client
        deployment.apps/ubuntu-client created
        [run.sh] Waiting for all pods to be running
        [run.sh] All pods are running
        [run.sh] Starting the rust proxy first for mutex
        [run.sh] Running warmup test
        [run.sh] /wrk/wrk -t8 -c512 -d3s -L http://service1:80/
        Running 3s test @ http://service1:80/
        8 threads and 512 connections
        Thread Stats   Avg      Stdev     Max   +/- Stdev
        Latency   145.67ms   22.25ms 298.12ms   89.48%
        Req/Sec   442.22     81.70   565.00     80.60%
        Latency Distribution
        50%  141.79ms
        75%  151.52ms
        90%  161.03ms
        99%  261.74ms
        10300 requests in 3.03s, 1.42MB read
        Requests/sec:   3403.77
        Transfer/sec:    481.98KB
        [run.sh] Speed is 3403.77, duration is 44
        [run.sh] Fix the request number.
        [run.sh] Running the actual test
        [run.sh] /wrk/wrk --timeout 20s -t8 -c512 -d44s -L -s /wrk/fix_req_n.lua http://service1:80/
        [run.sh] Checking the resource usage
        Running 44s test @ http://service1:80/
        8 threads and 512 connections
        Thread Stats   Avg      Stdev     Max   +/- Stdev
        Latency   144.79ms   22.93ms 402.35ms   87.45%
        Req/Sec   443.77     71.47   676.00     82.44%
        Latency Distribution
        50%  142.85ms
        75%  150.54ms
        90%  161.00ms
        99%  236.25ms
        100000 requests in 44.00s, 13.83MB read
        Requests/sec:   2272.72
        Transfer/sec:    321.82KB
        ------------------------------
        stop time: 28.284458
        stop time: 28.352979
        stop time: 28.355938
        stop time: 28.401889
        stop time: 28.402795
        stop time: 28.364793
        stop time: 28.374153
        stop time: 28.328047
        [run.sh] Test finished with status 0
        > STDERR
        > No resources found in default namespace.
        > error: Found argument 'mutex' which wasn't expected, or isn't valid in this context
        > 
        > USAGE:
        > proxy <SUBCOMMAND>
        > 
        > For more information try --help
        > error: metrics not available yet
    [exp] Times: [28.284458, 28.352979, 28.355938, 28.401889, 28.402795, 28.364793, 28.374153, 28.328047]
    [exp] Throughput: 3526.3254209819856
    [exp] Running (pre_run: False) workload mutex/mix request with the following configuration: {'CLIENT_CPU_QUOTA': '8', 'SLOWPOKE_POKER_BATCH_THRESHOLD': '20000000', 'SLOWPOKE_PROCESSING_MICROS_SERVICE1': '40', 'SLOWPOKE_PROCESSING_MICROS_SERVICE2': '0', 'SLOWPOKE_DELAY_MICROS_SERVICE1': '0.0', 'SLOWPOKE_DELAY_MICROS_SERVICE2': '0.0'}
    [exp] Executing cmd `bash run.sh mutex mix 8 512 100000`:
        [run.sh] Running benchmark mutex with request mix, thread 8, conn 512, duration 60
        [run.sh] Deleting all services
        service "service1" deleted
        deployment.apps "service1" deleted
        service "service2" deleted
        deployment.apps "service2" deleted
        deployment.apps "ubuntu-client" deleted
        [run.sh] Waiting for all pods to be deleted
        [run.sh] Deploying all services
        service/service1 created
        deployment.apps/service1 created
        service/service2 created
        deployment.apps/service2 created
        [run.sh] Client pod not found, deploying client
        deployment.apps/ubuntu-client created
        [run.sh] Waiting for all pods to be running
        [run.sh] All pods are running
        [run.sh] Starting the rust proxy first for mutex
        [run.sh] Running warmup test
        [run.sh] /wrk/wrk -t8 -c512 -d3s -L http://service1:80/
        Running 3s test @ http://service1:80/
        8 threads and 512 connections
        Thread Stats   Avg      Stdev     Max   +/- Stdev
        Latency   157.20ms   24.45ms 323.65ms   90.34%
        Req/Sec   409.92     82.62   535.00     85.78%
        Latency Distribution
        50%  152.85ms
        75%  162.81ms
        90%  173.34ms
        99%  274.67ms
        9523 requests in 3.03s, 1.32MB read
        Requests/sec:   3144.66
        Transfer/sec:    445.29KB
        [run.sh] Speed is 3144.66, duration is 47
        [run.sh] Fix the request number.
        [run.sh] Running the actual test
        [run.sh] /wrk/wrk --timeout 20s -t8 -c512 -d47s -L -s /wrk/fix_req_n.lua http://service1:80/
        [run.sh] Checking the resource usage
        NAME                             CPU(cores)   MEMORY(bytes)
        service1-f7b6dd58b-zqwtn         596m         35Mi
        service2-756bdb8c65-mn4zw        259m         9Mi
        ubuntu-client-76886f6bbd-rths6   34m          0Mi
        Running 47s test @ http://service1:80/
        8 threads and 512 connections
        Thread Stats   Avg      Stdev     Max   +/- Stdev
        Latency   155.26ms   15.63ms 304.54ms   74.03%
        Req/Sec   413.70     52.05   570.00     72.88%
        Latency Distribution
        50%  153.90ms
        75%  163.57ms
        90%  173.22ms
        99%  207.01ms
        100000 requests in 47.00s, 13.83MB read
        Requests/sec:   2127.65
        Transfer/sec:    301.28KB
        ------------------------------
        stop time: 30.355794
        stop time: 30.399351
        stop time: 30.436426
        stop time: 30.433685
        stop time: 30.413906
        stop time: 30.431018
        stop time: 30.405595
        stop time: 30.408346
        [run.sh] Test finished with status 0
        > STDERR
        > No resources found in default namespace.
        > error: Found argument 'mutex' which wasn't expected, or isn't valid in this context
        > 
        > USAGE:
        > proxy <SUBCOMMAND>
        > 
        > For more information try --help
    [exp] Times: [30.355794, 30.399351, 30.436426, 30.433685, 30.413906, 30.431018, 30.405595, 30.408346]
    [exp] Throughput: 3288.3362741130154
    [exp] Running (pre_run: False) workload mutex/mix request with the following configuration: {'CLIENT_CPU_QUOTA': '8', 'SLOWPOKE_POKER_BATCH_THRESHOLD': '20000000', 'SLOWPOKE_PROCESSING_MICROS_SERVICE1': '80', 'SLOWPOKE_PROCESSING_MICROS_SERVICE2': '0', 'SLOWPOKE_DELAY_MICROS_SERVICE1': '0.0', 'SLOWPOKE_DELAY_MICROS_SERVICE2': '0.0'}
    [exp] Executing cmd `bash run.sh mutex mix 8 512 100000`:
        [run.sh] Running benchmark mutex with request mix, thread 8, conn 512, duration 60
        [run.sh] Deleting all services
        service "service1" deleted
        deployment.apps "service1" deleted
        service "service2" deleted
        deployment.apps "service2" deleted
        deployment.apps "ubuntu-client" deleted
        [run.sh] Waiting for all pods to be deleted
        [run.sh] Deploying all services
        service/service1 created
        deployment.apps/service1 created
        service/service2 created
        deployment.apps/service2 created
        [run.sh] Client pod not found, deploying client
        deployment.apps/ubuntu-client created
        [run.sh] Waiting for all pods to be running
        [run.sh] All pods are running
        [run.sh] Starting the rust proxy first for mutex
        [run.sh] Running warmup test
        [run.sh] /wrk/wrk -t8 -c512 -d3s -L http://service1:80/
        Running 3s test @ http://service1:80/
        8 threads and 512 connections
        Thread Stats   Avg      Stdev     Max   +/- Stdev
        Latency   168.45ms   28.67ms 351.67ms   89.50%
        Req/Sec   383.31     89.39   560.00     83.55%
        Latency Distribution
        50%  163.18ms
        75%  174.13ms
        90%  187.01ms
        99%  309.53ms
        8858 requests in 3.02s, 1.22MB read
        Requests/sec:   2933.43
        Transfer/sec:    415.38KB
        [run.sh] Speed is 2933.43, duration is 51
        [run.sh] Fix the request number.
        [run.sh] Running the actual test
        [run.sh] /wrk/wrk --timeout 20s -t8 -c512 -d51s -L -s /wrk/fix_req_n.lua http://service1:80/
        [run.sh] Checking the resource usage
        NAME                             CPU(cores)   MEMORY(bytes)
        service1-5f6d8cccd6-qpp5d        1938m        34Mi
        service2-756bdb8c65-cmxql        781m         8Mi
        ubuntu-client-76886f6bbd-rq5lf   95m          10Mi
        Running 1m test @ http://service1:80/
        8 threads and 512 connections
        Thread Stats   Avg      Stdev     Max   +/- Stdev
        Latency   164.85ms   28.02ms 484.08ms   86.31%
        Req/Sec   390.11     73.83   690.00     80.72%
        Latency Distribution
        50%  162.67ms
        75%  172.39ms
        90%  185.39ms
        99%  288.43ms
        100000 requests in 0.85m, 13.83MB read
        Requests/sec:   1960.78
        Transfer/sec:    277.65KB
        ------------------------------
        stop time: 32.196236
        stop time: 32.303467
        stop time: 32.302726
        stop time: 32.329390
        stop time: 32.306219
        stop time: 32.306967
        stop time: 32.306193
        stop time: 32.294851
        [run.sh] Test finished with status 0
        > STDERR
        > No resources found in default namespace.
        > error: Found argument 'mutex' which wasn't expected, or isn't valid in this context
        > 
        > USAGE:
        > proxy <SUBCOMMAND>
        > 
        > For more information try --help
    [exp] Times: [32.196236, 32.303467, 32.302726, 32.32939, 32.306219, 32.306967, 32.306193, 32.294851]
    [exp] Throughput: 3096.621771831316
    [exp] Running (pre_run: False) workload mutex/mix request with the following configuration: {'CLIENT_CPU_QUOTA': '8', 'SLOWPOKE_POKER_BATCH_THRESHOLD': '20000000', 'SLOWPOKE_PROCESSING_MICROS_SERVICE1': '120', 'SLOWPOKE_PROCESSING_MICROS_SERVICE2': '0', 'SLOWPOKE_DELAY_MICROS_SERVICE1': '0.0', 'SLOWPOKE_DELAY_MICROS_SERVICE2': '0.0'}
    [exp] Executing cmd `bash run.sh mutex mix 8 512 100000`:
        [run.sh] Running benchmark mutex with request mix, thread 8, conn 512, duration 60
        [run.sh] Deleting all services
        service "service1" deleted
        deployment.apps "service1" deleted
        service "service2" deleted
        deployment.apps "service2" deleted
        deployment.apps "ubuntu-client" deleted
        [run.sh] Waiting for all pods to be deleted
        [run.sh] Deploying all services
        service/service1 created
        deployment.apps/service1 created
        service/service2 created
        deployment.apps/service2 created
        [run.sh] Client pod not found, deploying client
        deployment.apps/ubuntu-client created
        [run.sh] Waiting for all pods to be running
        [run.sh] All pods are running
        [run.sh] Starting the rust proxy first for mutex
        [run.sh] Running warmup test
        [run.sh] /wrk/wrk -t8 -c512 -d3s -L http://service1:80/
        Running 3s test @ http://service1:80/
        8 threads and 512 connections
        Thread Stats   Avg      Stdev     Max   +/- Stdev
        Latency   180.33ms   29.42ms 343.54ms   85.68%
        Req/Sec   357.19     91.54   535.00     78.35%
        Latency Distribution
        50%  173.87ms
        75%  186.21ms
        90%  208.93ms
        99%  327.29ms
        8270 requests in 3.02s, 1.14MB read
        Requests/sec:   2735.93
        Transfer/sec:    387.41KB
        [run.sh] Speed is 2735.93, duration is 54
        [run.sh] Fix the request number.
        [run.sh] Running the actual test
        [run.sh] /wrk/wrk --timeout 20s -t8 -c512 -d54s -L -s /wrk/fix_req_n.lua http://service1:80/
        [run.sh] Checking the resource usage
        NAME                             CPU(cores)   MEMORY(bytes)
        service1-6c5dc58865-lsffc        1955m        37Mi
        service2-756bdb8c65-ps846        1247m        10Mi
        ubuntu-client-76886f6bbd-7jdgg   91m          10Mi
        Running 1m test @ http://service1:80/
        8 threads and 512 connections
        Thread Stats   Avg      Stdev     Max   +/- Stdev
        Latency   174.83ms   21.65ms 416.40ms   83.60%
        Req/Sec   367.30     61.24   690.00     77.44%
        Latency Distribution
        50%  173.19ms
        75%  183.55ms
        90%  194.62ms
        99%  252.36ms
        100000 requests in 0.90m, 13.83MB read
        Requests/sec:   1851.85
        Transfer/sec:    262.22KB
        ------------------------------
        stop time: 34.185109
        stop time: 34.151909
        stop time: 34.225859
        stop time: 34.247791
        stop time: 34.258612
        stop time: 34.274798
        stop time: 34.274068
        stop time: 34.261737
        [run.sh] Test finished with status 0
        > STDERR
        > No resources found in default namespace.
        > error: Found argument 'mutex' which wasn't expected, or isn't valid in this context
        > 
        > USAGE:
        > proxy <SUBCOMMAND>
        > 
        > For more information try --help
    [exp] Times: [34.185109, 34.151909, 34.225859, 34.247791, 34.258612, 34.274798, 34.274068, 34.261737]
    [exp] Throughput: 2920.9885415351955
    [exp] Running (pre_run: False) workload mutex/mix request with the following configuration: {'CLIENT_CPU_QUOTA': '8', 'SLOWPOKE_POKER_BATCH_THRESHOLD': '20000000', 'SLOWPOKE_PROCESSING_MICROS_SERVICE1': '160', 'SLOWPOKE_PROCESSING_MICROS_SERVICE2': '0', 'SLOWPOKE_DELAY_MICROS_SERVICE1': '0.0', 'SLOWPOKE_DELAY_MICROS_SERVICE2': '0.0'}
    [exp] Executing cmd `bash run.sh mutex mix 8 512 100000`:
        [run.sh] Running benchmark mutex with request mix, thread 8, conn 512, duration 60
        [run.sh] Deleting all services
        service "service1" deleted
        deployment.apps "service1" deleted
        service "service2" deleted
        deployment.apps "service2" deleted
        deployment.apps "ubuntu-client" deleted
        [run.sh] Waiting for all pods to be deleted
        [run.sh] Deploying all services
        service/service1 created
        deployment.apps/service1 created
        service/service2 created
        deployment.apps/service2 created
        [run.sh] Client pod not found, deploying client
        deployment.apps/ubuntu-client created
        [run.sh] Waiting for all pods to be running
        [run.sh] All pods are running
        [run.sh] Starting the rust proxy first for mutex
        [run.sh] Running warmup test
        [run.sh] /wrk/wrk -t8 -c512 -d3s -L http://service1:80/
        Running 3s test @ http://service1:80/
        8 threads and 512 connections
        Thread Stats   Avg      Stdev     Max   +/- Stdev
        Latency   192.02ms   30.95ms 379.74ms   87.07%
        Req/Sec   335.54     81.43   545.00     80.35%
        Latency Distribution
        50%  185.26ms
        75%  198.26ms
        90%  219.88ms
        99%  337.49ms
        7759 requests in 3.03s, 1.07MB read
        Requests/sec:   2563.39
        Transfer/sec:    362.98KB
        [run.sh] Speed is 2563.39, duration is 58
        [run.sh] Fix the request number.
        [run.sh] Running the actual test
        [run.sh] /wrk/wrk --timeout 20s -t8 -c512 -d58s -L -s /wrk/fix_req_n.lua http://service1:80/
        [run.sh] Checking the resource usage
        Running 1m test @ http://service1:80/
        8 threads and 512 connections
        Thread Stats   Avg      Stdev     Max   +/- Stdev
        Latency   184.67ms   33.52ms 631.62ms   88.83%
        Req/Sec   348.17     75.77   700.00     80.24%
        Latency Distribution
        50%  182.76ms
        75%  193.31ms
        90%  206.04ms
        99%  344.95ms
        100000 requests in 0.97m, 13.83MB read
        Requests/sec:   1724.13
        Transfer/sec:    244.14KB
        ------------------------------
        stop time: 36.063616
        stop time: 36.128749
        stop time: 36.149012
        stop time: 36.207345
        stop time: 36.209118
        stop time: 36.198630
        stop time: 36.172216
        stop time: 36.194587
        [run.sh] Test finished with status 0
        > STDERR
        > No resources found in default namespace.
        > error: Found argument 'mutex' which wasn't expected, or isn't valid in this context
        > 
        > USAGE:
        > proxy <SUBCOMMAND>
        > 
        > For more information try --help
        > error: metrics not available yet
    [exp] Times: [36.063616, 36.128749, 36.149012, 36.207345, 36.209118, 36.19863, 36.172216, 36.194587]
    [exp] Throughput: 2765.0731021558713
    [exp] Running (pre_run: False) workload mutex/mix request with the following configuration: {'CLIENT_CPU_QUOTA': '8', 'SLOWPOKE_POKER_BATCH_THRESHOLD': '20000000', 'SLOWPOKE_PROCESSING_MICROS_SERVICE1': '200', 'SLOWPOKE_PROCESSING_MICROS_SERVICE2': '0', 'SLOWPOKE_DELAY_MICROS_SERVICE1': '0.0', 'SLOWPOKE_DELAY_MICROS_SERVICE2': '0.0'}
    [exp] Executing cmd `bash run.sh mutex mix 8 512 100000`:
        [run.sh] Running benchmark mutex with request mix, thread 8, conn 512, duration 60
        [run.sh] Deleting all services
        service "service1" deleted
        deployment.apps "service1" deleted
        service "service2" deleted
        deployment.apps "service2" deleted
        deployment.apps "ubuntu-client" deleted
        [run.sh] Waiting for all pods to be deleted
        [run.sh] Deploying all services
        service/service1 created
        deployment.apps/service1 created
        service/service2 created
        deployment.apps/service2 created
        [run.sh] Client pod not found, deploying client
        deployment.apps/ubuntu-client created
        [run.sh] Waiting for all pods to be running
        [run.sh] All pods are running
        [run.sh] Starting the rust proxy first for mutex
        [run.sh] Running warmup test
        [run.sh] /wrk/wrk -t8 -c512 -d3s -L http://service1:80/
        Running 3s test @ http://service1:80/
        8 threads and 512 connections
        Thread Stats   Avg      Stdev     Max   +/- Stdev
        Latency   203.04ms   35.89ms 422.52ms   89.36%
        Req/Sec   321.12     66.67   480.00     79.02%
        Latency Distribution
        50%  195.77ms
        75%  208.76ms
        90%  226.65ms
        99%  378.41ms
        7313 requests in 3.02s, 1.01MB read
        Requests/sec:   2421.40
        Transfer/sec:    342.87KB
        [run.sh] Speed is 2421.40, duration is 61
        [run.sh] Fix the request number.
        [run.sh] Running the actual test
        [run.sh] /wrk/wrk --timeout 20s -t8 -c512 -d61s -L -s /wrk/fix_req_n.lua http://service1:80/
        [run.sh] Checking the resource usage
        Running 1m test @ http://service1:80/
        8 threads and 512 connections
        Thread Stats   Avg      Stdev     Max   +/- Stdev
        Latency   196.62ms   29.81ms 530.57ms   87.76%
        Req/Sec   326.72     67.87   700.00     81.27%
        Latency Distribution
        50%  195.40ms
        75%  207.30ms
        90%  219.99ms
        99%  305.06ms
        100000 requests in 1.02m, 13.83MB read
        Requests/sec:   1639.34
        Transfer/sec:    232.13KB
        ------------------------------
        stop time: 38.428871
        stop time: 38.469080
        stop time: 38.499947
        stop time: 38.490985
        stop time: 38.499595
        stop time: 38.528613
        stop time: 38.447264
        stop time: 38.515172
        [run.sh] Test finished with status 0
        > STDERR
        > No resources found in default namespace.
        > error: Found argument 'mutex' which wasn't expected, or isn't valid in this context
        > 
        > USAGE:
        > proxy <SUBCOMMAND>
        > 
        > For more information try --help
        > error: metrics not available yet
    [exp] Times: [38.428871, 38.46908, 38.499947, 38.490985, 38.499595, 38.528613, 38.447264, 38.515172]
    [exp] Throughput: 2598.4189588546433
    [exp] Running (pre_run: False) workload mutex/mix request with the following configuration: {'CLIENT_CPU_QUOTA': '8', 'SLOWPOKE_POKER_BATCH_THRESHOLD': '20000000', 'SLOWPOKE_PROCESSING_MICROS_SERVICE1': '240', 'SLOWPOKE_PROCESSING_MICROS_SERVICE2': '0', 'SLOWPOKE_DELAY_MICROS_SERVICE1': '0.0', 'SLOWPOKE_DELAY_MICROS_SERVICE2': '0.0'}
    [exp] Executing cmd `bash run.sh mutex mix 8 512 100000`:
        [run.sh] Running benchmark mutex with request mix, thread 8, conn 512, duration 60
        [run.sh] Deleting all services
        service "service1" deleted
        deployment.apps "service1" deleted
        service "service2" deleted
        deployment.apps "service2" deleted
        deployment.apps "ubuntu-client" deleted
        [run.sh] Waiting for all pods to be deleted
        [run.sh] Deploying all services
        service/service1 created
        deployment.apps/service1 created
        service/service2 created
        deployment.apps/service2 created
        [run.sh] Client pod not found, deploying client
        deployment.apps/ubuntu-client created
        [run.sh] Waiting for all pods to be running
        [run.sh] All pods are running
        [run.sh] Starting the rust proxy first for mutex
        [run.sh] Running warmup test
        [run.sh] /wrk/wrk -t8 -c512 -d3s -L http://service1:80/
        Running 3s test @ http://service1:80/
        8 threads and 512 connections
        Thread Stats   Avg      Stdev     Max   +/- Stdev
        Latency   215.24ms   64.91ms 469.57ms   76.27%
        Req/Sec   306.89    134.80   696.00     69.44%
        Latency Distribution
        50%  206.46ms
        75%  235.15ms
        90%  296.73ms
        99%  420.23ms
        6892 requests in 3.03s, 0.95MB read
        Requests/sec:   2276.80
        Transfer/sec:    322.40KB
        [run.sh] Speed is 2276.80, duration is 65
        [run.sh] Fix the request number.
        [run.sh] Running the actual test
        [run.sh] /wrk/wrk --timeout 20s -t8 -c512 -d65s -L -s /wrk/fix_req_n.lua http://service1:80/
        [run.sh] Checking the resource usage
        Running 1m test @ http://service1:80/
        8 threads and 512 connections
        Thread Stats   Avg      Stdev     Max   +/- Stdev
        Latency   206.49ms   29.70ms 514.70ms   88.08%
        Req/Sec   311.91     61.87   717.00     80.43%
        Latency Distribution
        50%  204.74ms
        75%  216.71ms
        90%  229.46ms
        99%  344.40ms
        100000 requests in 1.08m, 13.83MB read
        Requests/sec:   1538.46
        Transfer/sec:    217.85KB
        ------------------------------
        stop time: 40.295621
        stop time: 40.412945
        stop time: 40.471545
        stop time: 40.457825
        stop time: 40.480175
        stop time: 40.444939
        stop time: 40.476287
        stop time: 40.472000
        [run.sh] Test finished with status 0
        > STDERR
        > No resources found in default namespace.
        > error: Found argument 'mutex' which wasn't expected, or isn't valid in this context
        > 
        > USAGE:
        > proxy <SUBCOMMAND>
        > 
        > For more information try --help
        > error: metrics not available yet
    [exp] Times: [40.295621, 40.412945, 40.471545, 40.457825, 40.480175, 40.444939, 40.476287, 40.472]
    [exp] Throughput: 2472.865425424025
    [exp] Running (pre_run: False) workload mutex/mix request with the following configuration: {'CLIENT_CPU_QUOTA': '8', 'SLOWPOKE_POKER_BATCH_THRESHOLD': '20000000', 'SLOWPOKE_PROCESSING_MICROS_SERVICE1': '280', 'SLOWPOKE_PROCESSING_MICROS_SERVICE2': '0', 'SLOWPOKE_DELAY_MICROS_SERVICE1': '0.0', 'SLOWPOKE_DELAY_MICROS_SERVICE2': '0.0'}
    [exp] Executing cmd `bash run.sh mutex mix 8 512 100000`:
        [run.sh] Running benchmark mutex with request mix, thread 8, conn 512, duration 60
        [run.sh] Deleting all services
        service "service1" deleted
        deployment.apps "service1" deleted
        service "service2" deleted
        deployment.apps "service2" deleted
        deployment.apps "ubuntu-client" deleted
        [run.sh] Waiting for all pods to be deleted
        [run.sh] Deploying all services
        service/service1 created
        deployment.apps/service1 created
        service/service2 created
        deployment.apps/service2 created
        [run.sh] Client pod not found, deploying client
        deployment.apps/ubuntu-client created
        [run.sh] Waiting for all pods to be running
        [run.sh] All pods are running
        [run.sh] Starting the rust proxy first for mutex
        [run.sh] Running warmup test
        [run.sh] /wrk/wrk -t8 -c512 -d3s -L http://service1:80/
        Running 3s test @ http://service1:80/
        8 threads and 512 connections
        Thread Stats   Avg      Stdev     Max   +/- Stdev
        Latency   226.66ms   44.58ms 484.64ms   90.93%
        Req/Sec   288.81     63.95   410.00     81.25%
        Latency Distribution
        50%  217.49ms
        75%  230.08ms
        90%  248.45ms
        99%  441.89ms
        6516 requests in 3.02s, 0.90MB read
        Requests/sec:   2155.50
        Transfer/sec:    305.22KB
        [run.sh] Speed is 2155.50, duration is 69
        [run.sh] Fix the request number.
        [run.sh] Running the actual test
        [run.sh] /wrk/wrk --timeout 20s -t8 -c512 -d69s -L -s /wrk/fix_req_n.lua http://service1:80/
        [run.sh] Checking the resource usage
        Running 1m test @ http://service1:80/
        8 threads and 512 connections
        Thread Stats   Avg      Stdev     Max   +/- Stdev
        Latency   215.30ms   33.36ms 727.93ms   89.31%
        Req/Sec   299.03     64.25   696.00     80.22%
        Latency Distribution
        50%  213.59ms
        75%  224.85ms
        90%  238.87ms
        99%  353.11ms
        100000 requests in 1.15m, 13.83MB read
        Requests/sec:   1449.27
        Transfer/sec:    205.22KB
        ------------------------------
        stop time: 42.105561
        stop time: 42.175073
        stop time: 42.163603
        stop time: 42.214426
        stop time: 42.170029
        stop time: 42.143018
        stop time: 42.227736
        stop time: 42.257869
        [run.sh] Test finished with status 0
        > STDERR
        > No resources found in default namespace.
        > error: Found argument 'mutex' which wasn't expected, or isn't valid in this context
        > 
        > USAGE:
        > proxy <SUBCOMMAND>
        > 
        > For more information try --help
        > error: metrics not available yet
    [exp] Times: [42.105561, 42.175073, 42.163603, 42.214426, 42.170029, 42.143018, 42.227736, 42.257869]
    [exp] Throughput: 2370.6701986886846
    [exp] Running (pre_run: False) workload mutex/mix request with the following configuration: {'CLIENT_CPU_QUOTA': '8', 'SLOWPOKE_POKER_BATCH_THRESHOLD': '20000000', 'SLOWPOKE_PROCESSING_MICROS_SERVICE1': '320', 'SLOWPOKE_PROCESSING_MICROS_SERVICE2': '0', 'SLOWPOKE_DELAY_MICROS_SERVICE1': '0.0', 'SLOWPOKE_DELAY_MICROS_SERVICE2': '0.0'}
    [exp] Executing cmd `bash run.sh mutex mix 8 512 100000`:
        [run.sh] Running benchmark mutex with request mix, thread 8, conn 512, duration 60
        [run.sh] Deleting all services
        service "service1" deleted
        deployment.apps "service1" deleted
        service "service2" deleted
        deployment.apps "service2" deleted
        deployment.apps "ubuntu-client" deleted
        [run.sh] Waiting for all pods to be deleted
        [run.sh] Deploying all services
        service/service1 created
        deployment.apps/service1 created
        service/service2 created
        deployment.apps/service2 created
        [run.sh] Client pod not found, deploying client
        deployment.apps/ubuntu-client created
        [run.sh] Waiting for all pods to be running
        [run.sh] All pods are running
        [run.sh] Starting the rust proxy first for mutex
        [run.sh] Running warmup test
        [run.sh] /wrk/wrk -t8 -c512 -d3s -L http://service1:80/
        Running 3s test @ http://service1:80/
        8 threads and 512 connections
        Thread Stats   Avg      Stdev     Max   +/- Stdev
        Latency   235.32ms   37.13ms 470.51ms   88.77%
        Req/Sec   275.90     70.23   440.00     71.43%
        Latency Distribution
        50%  228.16ms
        75%  242.41ms
        90%  262.82ms
        99%  409.91ms
        6289 requests in 3.02s, 0.87MB read
        Requests/sec:   2080.23
        Transfer/sec:    294.56KB
        [run.sh] Speed is 2080.23, duration is 72
        [run.sh] Fix the request number.
        [run.sh] Running the actual test
        [run.sh] /wrk/wrk --timeout 20s -t8 -c512 -d72s -L -s /wrk/fix_req_n.lua http://service1:80/
        [run.sh] Checking the resource usage
        Running 1m test @ http://service1:80/
        8 threads and 512 connections
        Thread Stats   Avg      Stdev     Max   +/- Stdev
        Latency   226.95ms   32.19ms 582.68ms   89.92%
        Req/Sec   283.65     58.53   606.00     76.71%
        Latency Distribution
        50%  224.50ms
        75%  236.34ms
        90%  250.37ms
        99%  376.17ms
        100000 requests in 1.20m, 13.83MB read
        Requests/sec:   1388.89
        Transfer/sec:    196.67KB
        ------------------------------
        stop time: 44.333049
        stop time: 44.416860
        stop time: 44.440035
        stop time: 44.442830
        stop time: 44.485850
        stop time: 44.450122
        stop time: 44.473818
        stop time: 44.468092
        [run.sh] Test finished with status 0
        > STDERR
        > No resources found in default namespace.
        > error: Found argument 'mutex' which wasn't expected, or isn't valid in this context
        > 
        > USAGE:
        > proxy <SUBCOMMAND>
        > 
        > For more information try --help
        > error: metrics not available yet
    [exp] Times: [44.333049, 44.41686, 44.440035, 44.44283, 44.48585, 44.450122, 44.473818, 44.468092]
    [exp] Throughput: 2250.284165884468
    [exp] Running (pre_run: False) workload mutex/mix request with the following configuration: {'CLIENT_CPU_QUOTA': '8', 'SLOWPOKE_POKER_BATCH_THRESHOLD': '20000000', 'SLOWPOKE_PROCESSING_MICROS_SERVICE1': '360', 'SLOWPOKE_PROCESSING_MICROS_SERVICE2': '0', 'SLOWPOKE_DELAY_MICROS_SERVICE1': '0.0', 'SLOWPOKE_DELAY_MICROS_SERVICE2': '0.0'}
    [exp] Executing cmd `bash run.sh mutex mix 8 512 100000`:
        [run.sh] Running benchmark mutex with request mix, thread 8, conn 512, duration 60
        [run.sh] Deleting all services
        service "service1" deleted
        deployment.apps "service1" deleted
        service "service2" deleted
        deployment.apps "service2" deleted
        deployment.apps "ubuntu-client" deleted
        [run.sh] Waiting for all pods to be deleted
        [run.sh] Deploying all services
        service/service1 created
        deployment.apps/service1 created
        service/service2 created
        deployment.apps/service2 created
        [run.sh] Client pod not found, deploying client
        deployment.apps/ubuntu-client created
        [run.sh] Waiting for all pods to be running
        [run.sh] All pods are running
        [run.sh] Starting the rust proxy first for mutex
        [run.sh] Running warmup test
        [run.sh] /wrk/wrk -t8 -c512 -d3s -L http://service1:80/
        Running 3s test @ http://service1:80/
        8 threads and 512 connections
        Thread Stats   Avg      Stdev     Max   +/- Stdev
        Latency   243.19ms   73.12ms 528.04ms   77.59%
        Req/Sec   266.33    103.22   670.00     75.89%
        Latency Distribution
        50%  232.71ms
        75%  252.33ms
        90%  336.37ms
        99%  481.86ms
        6059 requests in 3.03s, 857.96KB read
        Requests/sec:   2000.70
        Transfer/sec:    283.30KB
        [run.sh] Speed is 2000.70, duration is 74
        [run.sh] Fix the request number.
        [run.sh] Running the actual test
        [run.sh] /wrk/wrk --timeout 20s -t8 -c512 -d74s -L -s /wrk/fix_req_n.lua http://service1:80/
        [run.sh] Checking the resource usage
        NAME                             CPU(cores)   MEMORY(bytes)
        service1-575f876ff-29fpf         1955m        36Mi
        service2-756bdb8c65-dz6db        931m         10Mi
        ubuntu-client-76886f6bbd-472lq   69m          11Mi
        Running 1m test @ http://service1:80/
        8 threads and 512 connections
        Thread Stats   Avg      Stdev     Max   +/- Stdev
        Latency   238.24ms   26.40ms 555.90ms   83.61%
        Req/Sec   270.15     51.69   585.00     74.38%
        Latency Distribution
        50%  236.60ms
        75%  249.33ms
        90%  262.69ms
        99%  309.88ms
        100000 requests in 1.23m, 13.83MB read
        Requests/sec:   1351.35
        Transfer/sec:    191.35KB
        ------------------------------
        stop time: 46.528720
        stop time: 46.649906
        stop time: 46.693928
        stop time: 46.687478
        stop time: 46.685007
        stop time: 46.694855
        stop time: 46.677338
        stop time: 46.646030
        [run.sh] Test finished with status 0
        > STDERR
        > No resources found in default namespace.
        > error: Found argument 'mutex' which wasn't expected, or isn't valid in this context
        > 
        > USAGE:
        > proxy <SUBCOMMAND>
        > 
        > For more information try --help
    [exp] Times: [46.52872, 46.649906, 46.693928, 46.687478, 46.685007, 46.694855, 46.677338, 46.64603]
    [exp] Throughput: 2143.2594135128143
[test.py] Running slowdown experiment
    [exp] Running (pre_run: False) workload mutex/mix request with the following configuration: {'CLIENT_CPU_QUOTA': '8', 'SLOWPOKE_POKER_BATCH_THRESHOLD': '20000000', 'SLOWPOKE_PROCESSING_MICROS_SERVICE1': '400', 'SLOWPOKE_PROCESSING_MICROS_SERVICE2': '0', 'SLOWPOKE_DELAY_MICROS_SERVICE1': '0.0', 'SLOWPOKE_DELAY_MICROS_SERVICE2': '200.0'}
    [exp] Executing cmd `bash run.sh mutex mix 8 512 100000`:
        [run.sh] Running benchmark mutex with request mix, thread 8, conn 512, duration 60
        [run.sh] Deleting all services
        service "service1" deleted
        deployment.apps "service1" deleted
        service "service2" deleted
        deployment.apps "service2" deleted
        deployment.apps "ubuntu-client" deleted
        [run.sh] Waiting for all pods to be deleted
        [run.sh] Deploying all services
        service/service1 created
        deployment.apps/service1 created
        service/service2 created
        deployment.apps/service2 created
        [run.sh] Client pod not found, deploying client
        deployment.apps/ubuntu-client created
        [run.sh] Waiting for all pods to be running
        [run.sh] All pods are running
        [run.sh] Starting the rust proxy first for mutex
        [run.sh] Running warmup test
        [run.sh] /wrk/wrk -t8 -c512 -d3s -L http://service1:80/
        Running 3s test @ http://service1:80/
        8 threads and 512 connections
        Thread Stats   Avg      Stdev     Max   +/- Stdev
        Latency   262.53ms   46.03ms 486.25ms   85.02%
        Req/Sec   248.06     83.08   464.00     71.75%
        Latency Distribution
        50%  249.05ms
        75%  271.45ms
        90%  312.94ms
        99%  464.30ms
        5594 requests in 3.02s, 792.12KB read
        Requests/sec:   1852.35
        Transfer/sec:    262.30KB
        [run.sh] Speed is 1852.35, duration is 80
        [run.sh] Fix the request number.
        [run.sh] Running the actual test
        [run.sh] /wrk/wrk --timeout 20s -t8 -c512 -d80s -L -s /wrk/fix_req_n.lua http://service1:80/
        [run.sh] Checking the resource usage
        NAME                             CPU(cores)   MEMORY(bytes)
        service1-5fbf55cb56-wh8wj        1953m        37Mi
        service2-7bbbccfff-6w4q6         867m         10Mi
        ubuntu-client-76886f6bbd-rs799   67m          10Mi
        Running 1m test @ http://service1:80/
        8 threads and 512 connections
        Thread Stats   Avg      Stdev     Max   +/- Stdev
        Latency   247.79ms   21.85ms 479.98ms   77.30%
        Req/Sec   259.29     51.14   575.00     74.47%
        Latency Distribution
        50%  245.80ms
        75%  256.87ms
        90%  272.89ms
        99%  312.90ms
        100000 requests in 1.33m, 13.83MB read
        Requests/sec:   1250.00
        Transfer/sec:    177.00KB
        ------------------------------
        stop time: 48.409879
        stop time: 48.498428
        stop time: 48.540402
        stop time: 48.530288
        stop time: 48.599576
        stop time: 48.546657
        stop time: 48.489615
        stop time: 48.536125
        [run.sh] Test finished with status 0
        > STDERR
        > No resources found in default namespace.
        > error: Found argument 'mutex' which wasn't expected, or isn't valid in this context
        > 
        > USAGE:
        > proxy <SUBCOMMAND>
        > 
        > For more information try --help
    [exp] Times: [48.409879, 48.498428, 48.540402, 48.530288, 48.599576, 48.546657, 48.489615, 48.536125]
    [exp] Throughput: 2061.0537183508777
    [exp] Running (pre_run: False) workload mutex/mix request with the following configuration: {'CLIENT_CPU_QUOTA': '8', 'SLOWPOKE_POKER_BATCH_THRESHOLD': '20000000', 'SLOWPOKE_PROCESSING_MICROS_SERVICE1': '400', 'SLOWPOKE_PROCESSING_MICROS_SERVICE2': '0', 'SLOWPOKE_DELAY_MICROS_SERVICE1': '0.0', 'SLOWPOKE_DELAY_MICROS_SERVICE2': '180.0'}
    [exp] Executing cmd `bash run.sh mutex mix 8 512 100000`:
        [run.sh] Running benchmark mutex with request mix, thread 8, conn 512, duration 60
        [run.sh] Deleting all services
        service "service1" deleted
        deployment.apps "service1" deleted
        service "service2" deleted
        deployment.apps "service2" deleted
        deployment.apps "ubuntu-client" deleted
        [run.sh] Waiting for all pods to be deleted
        [run.sh] Deploying all services
        service/service1 created
        deployment.apps/service1 created
        service/service2 created
        deployment.apps/service2 created
        [run.sh] Client pod not found, deploying client
        deployment.apps/ubuntu-client created
        [run.sh] Waiting for all pods to be running
        [run.sh] All pods are running
        [run.sh] Starting the rust proxy first for mutex
        [run.sh] Running warmup test
        [run.sh] /wrk/wrk -t8 -c512 -d3s -L http://service1:80/
        Running 3s test @ http://service1:80/
        8 threads and 512 connections
        Thread Stats   Avg      Stdev     Max   +/- Stdev
        Latency   256.74ms   46.05ms 487.09ms   89.19%
        Req/Sec   255.01     62.14   390.00     73.21%
        Latency Distribution
        50%  248.64ms
        75%  268.19ms
        90%  286.11ms
        99%  468.02ms
        5761 requests in 3.02s, 815.77KB read
        Requests/sec:   1908.92
        Transfer/sec:    270.31KB
        [run.sh] Speed is 1908.92, duration is 78
        [run.sh] Fix the request number.
        [run.sh] Running the actual test
        [run.sh] /wrk/wrk --timeout 20s -t8 -c512 -d78s -L -s /wrk/fix_req_n.lua http://service1:80/
        [run.sh] Checking the resource usage
        NAME                             CPU(cores)   MEMORY(bytes)
        service1-5fbf55cb56-zp79x        371m         36Mi
        service2-5579dbc5bb-s6jb7        369m         10Mi
        ubuntu-client-76886f6bbd-cndfn   41m          10Mi
        Running 1m test @ http://service1:80/
        8 threads and 512 connections
        Thread Stats   Avg      Stdev     Max   +/- Stdev
        Latency   247.88ms   25.31ms 476.78ms   67.69%
        Req/Sec   259.29     51.26   494.00     71.15%
        Latency Distribution
        50%  247.57ms
        75%  265.75ms
        90%  277.83ms
        99%  307.35ms
        100000 requests in 1.30m, 13.83MB read
        Requests/sec:   1282.05
        Transfer/sec:    181.54KB
        ------------------------------
        stop time: 48.416540
        stop time: 48.476608
        stop time: 48.559656
        stop time: 48.595055
        stop time: 48.580700
        stop time: 48.564986
        stop time: 48.557662
        stop time: 48.555574
        [run.sh] Test finished with status 0
        > STDERR
        > No resources found in default namespace.
        > error: Found argument 'mutex' which wasn't expected, or isn't valid in this context
        > 
        > USAGE:
        > proxy <SUBCOMMAND>
        > 
        > For more information try --help
    [exp] Times: [48.41654, 48.476608, 48.559656, 48.595055, 48.5807, 48.564986, 48.557662, 48.555574]
    [exp] Throughput: 2060.2267051318895
    [exp] Running (pre_run: False) workload mutex/mix request with the following configuration: {'CLIENT_CPU_QUOTA': '8', 'SLOWPOKE_POKER_BATCH_THRESHOLD': '20000000', 'SLOWPOKE_PROCESSING_MICROS_SERVICE1': '400', 'SLOWPOKE_PROCESSING_MICROS_SERVICE2': '0', 'SLOWPOKE_DELAY_MICROS_SERVICE1': '0.0', 'SLOWPOKE_DELAY_MICROS_SERVICE2': '160.0'}
    [exp] Executing cmd `bash run.sh mutex mix 8 512 100000`:
        [run.sh] Running benchmark mutex with request mix, thread 8, conn 512, duration 60
        [run.sh] Deleting all services
        service "service1" deleted
        deployment.apps "service1" deleted
        service "service2" deleted
        deployment.apps "service2" deleted
        deployment.apps "ubuntu-client" deleted
        [run.sh] Waiting for all pods to be deleted
        [run.sh] Deploying all services
        service/service1 created
        deployment.apps/service1 created
        service/service2 created
        deployment.apps/service2 created
        [run.sh] Client pod not found, deploying client
        deployment.apps/ubuntu-client created
        [run.sh] Waiting for all pods to be running
        [run.sh] All pods are running
        [run.sh] Starting the rust proxy first for mutex
        [run.sh] Running warmup test
        [run.sh] /wrk/wrk -t8 -c512 -d3s -L http://service1:80/
        Running 3s test @ http://service1:80/
        8 threads and 512 connections
        Thread Stats   Avg      Stdev     Max   +/- Stdev
        Latency   260.69ms   43.70ms 519.99ms   86.72%
        Req/Sec   248.62     76.18   464.00     72.77%
        Latency Distribution
        50%  250.54ms
        75%  268.55ms
        90%  298.48ms
        99%  443.88ms
        5619 requests in 3.02s, 795.66KB read
        Requests/sec:   1860.13
        Transfer/sec:    263.40KB
        [run.sh] Speed is 1860.13, duration is 80
        [run.sh] Fix the request number.
        [run.sh] Running the actual test
        [run.sh] /wrk/wrk --timeout 20s -t8 -c512 -d80s -L -s /wrk/fix_req_n.lua http://service1:80/
        [run.sh] Checking the resource usage
        NAME                        CPU(cores)   MEMORY(bytes)
        service1-5fbf55cb56-mvjwd   312m         35Mi
        service2-85cc8f8d4-wmkdp    260m         10Mi
        Running 1m test @ http://service1:80/
        8 threads and 512 connections
        Thread Stats   Avg      Stdev     Max   +/- Stdev
        Latency   248.47ms   21.50ms 465.05ms   74.98%
        Req/Sec   258.63     53.64   450.00     67.14%
        Latency Distribution
        50%  246.63ms
        75%  259.05ms
        90%  274.30ms
        99%  307.99ms
        100000 requests in 1.33m, 13.83MB read
        Requests/sec:   1250.00
        Transfer/sec:    177.00KB
        ------------------------------
        stop time: 48.605401
        stop time: 48.660926
        stop time: 48.650020
        stop time: 48.661900
        stop time: 48.691707
        stop time: 48.695108
        stop time: 48.689359
        stop time: 48.687259
        [run.sh] Test finished with status 0
        > STDERR
        > No resources found in default namespace.
        > error: Found argument 'mutex' which wasn't expected, or isn't valid in this context
        > 
        > USAGE:
        > proxy <SUBCOMMAND>
        > 
        > For more information try --help
    [exp] Times: [48.605401, 48.660926, 48.65002, 48.6619, 48.691707, 48.695108, 48.689359, 48.687259]
    [exp] Throughput: 2054.750470075539
    [exp] Running (pre_run: False) workload mutex/mix request with the following configuration: {'CLIENT_CPU_QUOTA': '8', 'SLOWPOKE_POKER_BATCH_THRESHOLD': '20000000', 'SLOWPOKE_PROCESSING_MICROS_SERVICE1': '400', 'SLOWPOKE_PROCESSING_MICROS_SERVICE2': '0', 'SLOWPOKE_DELAY_MICROS_SERVICE1': '0.0', 'SLOWPOKE_DELAY_MICROS_SERVICE2': '140.0'}
    [exp] Executing cmd `bash run.sh mutex mix 8 512 100000`:
        [run.sh] Running benchmark mutex with request mix, thread 8, conn 512, duration 60
        [run.sh] Deleting all services
        service "service1" deleted
        deployment.apps "service1" deleted
        service "service2" deleted
        deployment.apps "service2" deleted
        deployment.apps "ubuntu-client" deleted
        [run.sh] Waiting for all pods to be deleted
        [run.sh] Deploying all services
        service/service1 created
        deployment.apps/service1 created
        service/service2 created
        deployment.apps/service2 created
        [run.sh] Client pod not found, deploying client
        deployment.apps/ubuntu-client created
        [run.sh] Waiting for all pods to be running
        [run.sh] All pods are running
        [run.sh] Starting the rust proxy first for mutex
        [run.sh] Running warmup test
        [run.sh] /wrk/wrk -t8 -c512 -d3s -L http://service1:80/
        Running 3s test @ http://service1:80/
        8 threads and 512 connections
        Thread Stats   Avg      Stdev     Max   +/- Stdev
        Latency   258.03ms   46.58ms 494.25ms   90.46%
        Req/Sec   254.29     83.42   470.00     72.32%
        Latency Distribution
        50%  247.10ms
        75%  265.05ms
        90%  285.76ms
        99%  472.97ms
        5723 requests in 3.03s, 810.39KB read
        Requests/sec:   1890.22
        Transfer/sec:    267.66KB
        [run.sh] Speed is 1890.22, duration is 79
        [run.sh] Fix the request number.
        [run.sh] Running the actual test
        [run.sh] /wrk/wrk --timeout 20s -t8 -c512 -d79s -L -s /wrk/fix_req_n.lua http://service1:80/
        [run.sh] Checking the resource usage
        Running 1m test @ http://service1:80/
        8 threads and 512 connections
        Thread Stats   Avg      Stdev     Max   +/- Stdev
        Latency   249.03ms   23.37ms 510.54ms   71.55%
        Req/Sec   257.96     49.62   454.00     69.26%
        Latency Distribution
        50%  247.59ms
        75%  263.13ms
        90%  277.24ms
        99%  308.56ms
        100000 requests in 1.32m, 13.83MB read
        Requests/sec:   1265.82
        Transfer/sec:    179.24KB
        ------------------------------
        stop time: 48.646141
        stop time: 48.824434
        stop time: 48.784036
        stop time: 48.786410
        stop time: 48.815440
        stop time: 48.805904
        stop time: 48.773380
        stop time: 48.756083
        [run.sh] Test finished with status 0
        > STDERR
        > No resources found in default namespace.
        > error: Found argument 'mutex' which wasn't expected, or isn't valid in this context
        > 
        > USAGE:
        > proxy <SUBCOMMAND>
        > 
        > For more information try --help
        > error: metrics not available yet
    [exp] Times: [48.646141, 48.824434, 48.784036, 48.78641, 48.81544, 48.805904, 48.77338, 48.756083]
    [exp] Throughput: 2050.273590045561
    [exp] Running (pre_run: False) workload mutex/mix request with the following configuration: {'CLIENT_CPU_QUOTA': '8', 'SLOWPOKE_POKER_BATCH_THRESHOLD': '20000000', 'SLOWPOKE_PROCESSING_MICROS_SERVICE1': '400', 'SLOWPOKE_PROCESSING_MICROS_SERVICE2': '0', 'SLOWPOKE_DELAY_MICROS_SERVICE1': '0.0', 'SLOWPOKE_DELAY_MICROS_SERVICE2': '120.0'}
    [exp] Executing cmd `bash run.sh mutex mix 8 512 100000`:
        [run.sh] Running benchmark mutex with request mix, thread 8, conn 512, duration 60
        [run.sh] Deleting all services
        service "service1" deleted
        deployment.apps "service1" deleted
        service "service2" deleted
        deployment.apps "service2" deleted
        deployment.apps "ubuntu-client" deleted
        [run.sh] Waiting for all pods to be deleted
        [run.sh] Deploying all services
        service/service1 created
        deployment.apps/service1 created
        service/service2 created
        deployment.apps/service2 created
        [run.sh] Client pod not found, deploying client
        deployment.apps/ubuntu-client created
        [run.sh] Waiting for all pods to be running
        [run.sh] All pods are running
        [run.sh] Starting the rust proxy first for mutex
        [run.sh] Running warmup test
        [run.sh] /wrk/wrk -t8 -c512 -d3s -L http://service1:80/
        Running 3s test @ http://service1:80/
        8 threads and 512 connections
        Thread Stats   Avg      Stdev     Max   +/- Stdev
        Latency   261.86ms   47.87ms 520.39ms   86.73%
        Req/Sec   249.75     89.36   490.00     69.64%
        Latency Distribution
        50%  251.35ms
        75%  272.03ms
        90%  305.21ms
        99%  463.49ms
        5637 requests in 3.03s, 798.21KB read
        Requests/sec:   1858.11
        Transfer/sec:    263.11KB
        [run.sh] Speed is 1858.11, duration is 80
        [run.sh] Fix the request number.
        [run.sh] Running the actual test
        [run.sh] /wrk/wrk --timeout 20s -t8 -c512 -d80s -L -s /wrk/fix_req_n.lua http://service1:80/
        [run.sh] Checking the resource usage
        NAME                             CPU(cores)   MEMORY(bytes)
        service1-5fbf55cb56-ff9wc        1944m        36Mi
        service2-7494c79664-7pblp        884m         10Mi
        ubuntu-client-76886f6bbd-7dgwz   66m          10Mi
        Running 1m test @ http://service1:80/
        8 threads and 512 connections
        Thread Stats   Avg      Stdev     Max   +/- Stdev
        Latency   248.10ms   22.92ms 535.75ms   75.20%
        Req/Sec   259.01     46.73   474.00     68.12%
        Latency Distribution
        50%  246.29ms
        75%  260.05ms
        90%  274.58ms
        99%  308.46ms
        100000 requests in 1.33m, 13.83MB read
        Requests/sec:   1250.00
        Transfer/sec:    177.00KB
        ------------------------------
        stop time: 48.487543
        stop time: 48.550622
        stop time: 48.590748
        stop time: 48.590550
        stop time: 48.628017
        stop time: 48.617379
        stop time: 48.627405
        stop time: 48.592630
        [run.sh] Test finished with status 0
        > STDERR
        > No resources found in default namespace.
        > error: Found argument 'mutex' which wasn't expected, or isn't valid in this context
        > 
        > USAGE:
        > proxy <SUBCOMMAND>
        > 
        > For more information try --help
    [exp] Times: [48.487543, 48.550622, 48.590748, 48.59055, 48.628017, 48.617379, 48.627405, 48.59263]
    [exp] Throughput: 2058.222514816848
    [exp] Running (pre_run: False) workload mutex/mix request with the following configuration: {'CLIENT_CPU_QUOTA': '8', 'SLOWPOKE_POKER_BATCH_THRESHOLD': '20000000', 'SLOWPOKE_PROCESSING_MICROS_SERVICE1': '400', 'SLOWPOKE_PROCESSING_MICROS_SERVICE2': '0', 'SLOWPOKE_DELAY_MICROS_SERVICE1': '0.0', 'SLOWPOKE_DELAY_MICROS_SERVICE2': '100.0'}
    [exp] Executing cmd `bash run.sh mutex mix 8 512 100000`:
        [run.sh] Running benchmark mutex with request mix, thread 8, conn 512, duration 60
        [run.sh] Deleting all services
        service "service1" deleted
        deployment.apps "service1" deleted
        service "service2" deleted
        deployment.apps "service2" deleted
        deployment.apps "ubuntu-client" deleted
        [run.sh] Waiting for all pods to be deleted
        [run.sh] Deploying all services
        service/service1 created
        deployment.apps/service1 created
        service/service2 created
        deployment.apps/service2 created
        [run.sh] Client pod not found, deploying client
        deployment.apps/ubuntu-client created
        [run.sh] Waiting for all pods to be running
        [run.sh] All pods are running
        [run.sh] Starting the rust proxy first for mutex
        [run.sh] Running warmup test
        [run.sh] /wrk/wrk -t8 -c512 -d3s -L http://service1:80/
        Running 3s test @ http://service1:80/
        8 threads and 512 connections
        Thread Stats   Avg      Stdev     Max   +/- Stdev
        Latency   257.10ms   42.93ms 500.34ms   89.38%
        Req/Sec   252.67     72.77   480.00     75.89%
        Latency Distribution
        50%  247.82ms
        75%  264.23ms
        90%  287.61ms
        99%  448.78ms
        5705 requests in 3.03s, 807.84KB read
        Requests/sec:   1882.12
        Transfer/sec:    266.51KB
        [run.sh] Speed is 1882.12, duration is 79
        [run.sh] Fix the request number.
        [run.sh] Running the actual test
        [run.sh] /wrk/wrk --timeout 20s -t8 -c512 -d79s -L -s /wrk/fix_req_n.lua http://service1:80/
        [run.sh] Checking the resource usage
        NAME                             CPU(cores)   MEMORY(bytes)
        service1-5fbf55cb56-dlh78        753m         36Mi
        service2-6cb595d5d6-xkn9k        266m         10Mi
        ubuntu-client-76886f6bbd-xpvxv   24m          10Mi
        Running 1m test @ http://service1:80/
        8 threads and 512 connections
        Thread Stats   Avg      Stdev     Max   +/- Stdev
        Latency   249.06ms   24.98ms 458.65ms   76.25%
        Req/Sec   257.74     51.80   520.00     69.93%
        Latency Distribution
        50%  247.34ms
        75%  261.60ms
        90%  277.53ms
        99%  319.69ms
        100000 requests in 1.32m, 13.83MB read
        Requests/sec:   1265.82
        Transfer/sec:    179.24KB
        ------------------------------
        stop time: 48.645149
        stop time: 48.769364
        stop time: 48.810411
        stop time: 48.763478
        stop time: 48.783917
        stop time: 48.808785
        stop time: 48.796758
        stop time: 48.829790
        [run.sh] Test finished with status 0
        > STDERR
        > No resources found in default namespace.
        > error: Found argument 'mutex' which wasn't expected, or isn't valid in this context
        > 
        > USAGE:
        > proxy <SUBCOMMAND>
        > 
        > For more information try --help
    [exp] Times: [48.645149, 48.769364, 48.810411, 48.763478, 48.783917, 48.808785, 48.796758, 48.82979]
    [exp] Throughput: 2050.1904457783417
    [exp] Running (pre_run: False) workload mutex/mix request with the following configuration: {'CLIENT_CPU_QUOTA': '8', 'SLOWPOKE_POKER_BATCH_THRESHOLD': '20000000', 'SLOWPOKE_PROCESSING_MICROS_SERVICE1': '400', 'SLOWPOKE_PROCESSING_MICROS_SERVICE2': '0', 'SLOWPOKE_DELAY_MICROS_SERVICE1': '0.0', 'SLOWPOKE_DELAY_MICROS_SERVICE2': '80.0'}
    [exp] Executing cmd `bash run.sh mutex mix 8 512 100000`:
        [run.sh] Running benchmark mutex with request mix, thread 8, conn 512, duration 60
        [run.sh] Deleting all services
        service "service1" deleted
        deployment.apps "service1" deleted
        service "service2" deleted
        deployment.apps "service2" deleted
        deployment.apps "ubuntu-client" deleted
        [run.sh] Waiting for all pods to be deleted
        [run.sh] Deploying all services
        service/service1 created
        deployment.apps/service1 created
        service/service2 created
        deployment.apps/service2 created
        [run.sh] Client pod not found, deploying client
        deployment.apps/ubuntu-client created
        [run.sh] Waiting for all pods to be running
        [run.sh] All pods are running
        [run.sh] Starting the rust proxy first for mutex
        [run.sh] Running warmup test
        [run.sh] /wrk/wrk -t8 -c512 -d3s -L http://service1:80/
        Running 3s test @ http://service1:80/
        8 threads and 512 connections
        Thread Stats   Avg      Stdev     Max   +/- Stdev
        Latency   264.61ms   45.55ms 502.59ms   83.58%
        Req/Sec   245.68     75.10   470.00     74.32%
        Latency Distribution
        50%  252.03ms
        75%  275.84ms
        90%  317.45ms
        99%  443.04ms
        5547 requests in 3.03s, 785.46KB read
        Requests/sec:   1831.28
        Transfer/sec:    259.31KB
        [run.sh] Speed is 1831.28, duration is 81
        [run.sh] Fix the request number.
        [run.sh] Running the actual test
        [run.sh] /wrk/wrk --timeout 20s -t8 -c512 -d81s -L -s /wrk/fix_req_n.lua http://service1:80/
        [run.sh] Checking the resource usage
        Running 1m test @ http://service1:80/
        8 threads and 512 connections
        Thread Stats   Avg      Stdev     Max   +/- Stdev
        Latency   248.32ms   29.20ms 587.55ms   83.91%
        Req/Sec   258.85     55.55   560.00     72.02%
        Latency Distribution
        50%  246.43ms
        75%  259.81ms
        90%  275.18ms
        99%  329.01ms
        100000 requests in 1.35m, 13.83MB read
        Requests/sec:   1234.57
        Transfer/sec:    174.82KB
        ------------------------------
        stop time: 48.455336
        stop time: 48.557020
        stop time: 48.646796
        stop time: 48.654681
        stop time: 48.665821
        stop time: 48.658620
        stop time: 48.656384
        stop time: 48.682110
        [run.sh] Test finished with status 0
        > STDERR
        > No resources found in default namespace.
        > error: Found argument 'mutex' which wasn't expected, or isn't valid in this context
        > 
        > USAGE:
        > proxy <SUBCOMMAND>
        > 
        > For more information try --help
        > error: metrics not available yet
    [exp] Times: [48.455336, 48.55702, 48.646796, 48.654681, 48.665821, 48.65862, 48.656384, 48.68211]
    [exp] Throughput: 2056.6780996031107
    [exp] Running (pre_run: False) workload mutex/mix request with the following configuration: {'CLIENT_CPU_QUOTA': '8', 'SLOWPOKE_POKER_BATCH_THRESHOLD': '20000000', 'SLOWPOKE_PROCESSING_MICROS_SERVICE1': '400', 'SLOWPOKE_PROCESSING_MICROS_SERVICE2': '0', 'SLOWPOKE_DELAY_MICROS_SERVICE1': '0.0', 'SLOWPOKE_DELAY_MICROS_SERVICE2': '60.0'}
    [exp] Executing cmd `bash run.sh mutex mix 8 512 100000`:
        [run.sh] Running benchmark mutex with request mix, thread 8, conn 512, duration 60
        [run.sh] Deleting all services
        service "service1" deleted
        deployment.apps "service1" deleted
        service "service2" deleted
        deployment.apps "service2" deleted
        deployment.apps "ubuntu-client" deleted
        [run.sh] Waiting for all pods to be deleted
        [run.sh] Deploying all services
        service/service1 created
        deployment.apps/service1 created
        service/service2 created
        deployment.apps/service2 created
        [run.sh] Client pod not found, deploying client
        deployment.apps/ubuntu-client created
        [run.sh] Waiting for all pods to be running
        [run.sh] All pods are running
        [run.sh] Starting the rust proxy first for mutex
        [run.sh] Running warmup test
        [run.sh] /wrk/wrk -t8 -c512 -d3s -L http://service1:80/
        Running 3s test @ http://service1:80/
        8 threads and 512 connections
        Thread Stats   Avg      Stdev     Max   +/- Stdev
        Latency   254.38ms   80.19ms 578.61ms   76.40%
        Req/Sec   261.82     98.01   540.00     75.46%
        Latency Distribution
        50%  242.37ms
        75%  264.67ms
        90%  378.75ms
        99%  513.72ms
        5789 requests in 3.03s, 819.73KB read
        Requests/sec:   1912.69
        Transfer/sec:    270.84KB
        [run.sh] Speed is 1912.69, duration is 78
        [run.sh] Fix the request number.
        [run.sh] Running the actual test
        [run.sh] /wrk/wrk --timeout 20s -t8 -c512 -d78s -L -s /wrk/fix_req_n.lua http://service1:80/
        [run.sh] Checking the resource usage
        Running 1m test @ http://service1:80/
        8 threads and 512 connections
        Thread Stats   Avg      Stdev     Max   +/- Stdev
        Latency   247.93ms   37.01ms 580.08ms   87.72%
        Req/Sec   260.16     58.91   570.00     74.23%
        Latency Distribution
        50%  246.51ms
        75%  261.36ms
        90%  277.48ms
        99%  395.58ms
        100000 requests in 1.30m, 13.83MB read
        Requests/sec:   1282.05
        Transfer/sec:    181.54KB
        ------------------------------
        stop time: 48.328880
        stop time: 48.599053
        stop time: 48.598797
        stop time: 48.592302
        stop time: 48.640241
        stop time: 48.622394
        stop time: 48.512880
        stop time: 48.586629
        [run.sh] Test finished with status 0
        > STDERR
        > No resources found in default namespace.
        > error: Found argument 'mutex' which wasn't expected, or isn't valid in this context
        > 
        > USAGE:
        > proxy <SUBCOMMAND>
        > 
        > For more information try --help
        > error: metrics not available yet
    [exp] Times: [48.32888, 48.599053, 48.598797, 48.592302, 48.640241, 48.622394, 48.51288, 48.586629]
    [exp] Throughput: 2059.3018386044014
    [exp] Running (pre_run: False) workload mutex/mix request with the following configuration: {'CLIENT_CPU_QUOTA': '8', 'SLOWPOKE_POKER_BATCH_THRESHOLD': '20000000', 'SLOWPOKE_PROCESSING_MICROS_SERVICE1': '400', 'SLOWPOKE_PROCESSING_MICROS_SERVICE2': '0', 'SLOWPOKE_DELAY_MICROS_SERVICE1': '0.0', 'SLOWPOKE_DELAY_MICROS_SERVICE2': '40.0'}
    [exp] Executing cmd `bash run.sh mutex mix 8 512 100000`:
        [run.sh] Running benchmark mutex with request mix, thread 8, conn 512, duration 60
        [run.sh] Deleting all services
        service "service1" deleted
        deployment.apps "service1" deleted
        service "service2" deleted
        deployment.apps "service2" deleted
        deployment.apps "ubuntu-client" deleted
        [run.sh] Waiting for all pods to be deleted
        [run.sh] Deploying all services
        service/service1 created
        deployment.apps/service1 created
        service/service2 created
        deployment.apps/service2 created
        [run.sh] Client pod not found, deploying client
        deployment.apps/ubuntu-client created
        [run.sh] Waiting for all pods to be running
        [run.sh] All pods are running
        [run.sh] Starting the rust proxy first for mutex
        [run.sh] Running warmup test
        [run.sh] /wrk/wrk -t8 -c512 -d3s -L http://service1:80/
        Running 3s test @ http://service1:80/
        8 threads and 512 connections
        Thread Stats   Avg      Stdev     Max   +/- Stdev
        Latency   263.51ms   41.53ms 496.93ms   87.61%
        Req/Sec   245.41     76.20   440.00     75.89%
        Latency Distribution
        50%  255.29ms
        75%  271.25ms
        90%  292.83ms
        99%  463.34ms
        5543 requests in 3.02s, 784.90KB read
        Requests/sec:   1836.66
        Transfer/sec:    260.07KB
        [run.sh] Speed is 1836.66, duration is 81
        [run.sh] Fix the request number.
        [run.sh] Running the actual test
        [run.sh] /wrk/wrk --timeout 20s -t8 -c512 -d81s -L -s /wrk/fix_req_n.lua http://service1:80/
        [run.sh] Checking the resource usage
        NAME                             CPU(cores)   MEMORY(bytes)
        service1-5fbf55cb56-dd6hm        1830m        36Mi
        service2-9cd7fd54f-6g7sv         901m         10Mi
        ubuntu-client-76886f6bbd-g8jqc   68m          11Mi
        Running 1m test @ http://service1:80/
        8 threads and 512 connections
        Thread Stats   Avg      Stdev     Max   +/- Stdev
        Latency   247.89ms   30.51ms 579.83ms   86.69%
        Req/Sec   259.90     53.60   555.00     75.59%
        Latency Distribution
        50%  245.67ms
        75%  258.97ms
        90%  273.34ms
        99%  352.64ms
        100000 requests in 1.35m, 13.83MB read
        Requests/sec:   1234.57
        Transfer/sec:    174.82KB
        ------------------------------
        stop time: 48.408424
        stop time: 48.529552
        stop time: 48.597106
        stop time: 48.544782
        stop time: 48.568262
        stop time: 48.592593
        stop time: 48.558782
        stop time: 48.524479
        [run.sh] Test finished with status 0
        > STDERR
        > No resources found in default namespace.
        > error: Found argument 'mutex' which wasn't expected, or isn't valid in this context
        > 
        > USAGE:
        > proxy <SUBCOMMAND>
        > 
        > For more information try --help
    [exp] Times: [48.408424, 48.529552, 48.597106, 48.544782, 48.568262, 48.592593, 48.558782, 48.524479]
    [exp] Throughput: 2060.1354569965006
    [exp] Running (pre_run: False) workload mutex/mix request with the following configuration: {'CLIENT_CPU_QUOTA': '8', 'SLOWPOKE_POKER_BATCH_THRESHOLD': '20000000', 'SLOWPOKE_PROCESSING_MICROS_SERVICE1': '400', 'SLOWPOKE_PROCESSING_MICROS_SERVICE2': '0', 'SLOWPOKE_DELAY_MICROS_SERVICE1': '0.0', 'SLOWPOKE_DELAY_MICROS_SERVICE2': '20.0'}
    [exp] Executing cmd `bash run.sh mutex mix 8 512 100000`:
        [run.sh] Running benchmark mutex with request mix, thread 8, conn 512, duration 60
        [run.sh] Deleting all services
        service "service1" deleted
        deployment.apps "service1" deleted
        service "service2" deleted
        deployment.apps "service2" deleted
        deployment.apps "ubuntu-client" deleted
        [run.sh] Waiting for all pods to be deleted
        [run.sh] Deploying all services
        service/service1 created
        deployment.apps/service1 created
        service/service2 created
        deployment.apps/service2 created
        [run.sh] Client pod not found, deploying client
        deployment.apps/ubuntu-client created
        [run.sh] Waiting for all pods to be running
        [run.sh] All pods are running
        [run.sh] Starting the rust proxy first for mutex
        [run.sh] Running warmup test
        [run.sh] /wrk/wrk -t8 -c512 -d3s -L http://service1:80/
        Running 3s test @ http://service1:80/
        8 threads and 512 connections
        Thread Stats   Avg      Stdev     Max   +/- Stdev
        Latency   256.39ms   39.82ms 494.78ms   90.20%
        Req/Sec   252.67     74.83   430.00     69.64%
        Latency Distribution
        50%  248.44ms
        75%  262.11ms
        90%  282.60ms
        99%  444.14ms
        5736 requests in 3.03s, 812.23KB read
        Requests/sec:   1895.76
        Transfer/sec:    268.44KB
        [run.sh] Speed is 1895.76, duration is 79
        [run.sh] Fix the request number.
        [run.sh] Running the actual test
        [run.sh] /wrk/wrk --timeout 20s -t8 -c512 -d79s -L -s /wrk/fix_req_n.lua http://service1:80/
        [run.sh] Checking the resource usage
        NAME                             CPU(cores)   MEMORY(bytes)
        service1-5fbf55cb56-xrvj2        604m         34Mi
        service2-9d547cb87-lctk2         270m         10Mi
        ubuntu-client-76886f6bbd-q4q8m   24m          6Mi
        Running 1m test @ http://service1:80/
        8 threads and 512 connections
        Thread Stats   Avg      Stdev     Max   +/- Stdev
        Latency   247.97ms   22.12ms 525.90ms   74.93%
        Req/Sec   258.94     51.11   480.00     71.52%
        Latency Distribution
        50%  246.37ms
        75%  259.81ms
        90%  273.20ms
        99%  303.34ms
        100000 requests in 1.32m, 13.83MB read
        Requests/sec:   1265.82
        Transfer/sec:    179.24KB
        ------------------------------
        stop time: 48.497697
        stop time: 48.571088
        stop time: 48.588392
        stop time: 48.610477
        stop time: 48.591134
        stop time: 48.588267
        stop time: 48.517364
        stop time: 48.541822
        [run.sh] Test finished with status 0
        > STDERR
        > No resources found in default namespace.
        > error: Found argument 'mutex' which wasn't expected, or isn't valid in this context
        > 
        > USAGE:
        > proxy <SUBCOMMAND>
        > 
        > For more information try --help
    [exp] Times: [48.497697, 48.571088, 48.588392, 48.610477, 48.591134, 48.588267, 48.517364, 48.541822]
    [exp] Throughput: 2059.168979990723
[test.py] Baseline throughput:  2063.136266227846
[test.py] Groundtruth:  [3526.3254209819856, 3288.3362741130154, 3096.621771831316, 2920.9885415351955, 2765.0731021558713, 2598.4189588546433, 2472.865425424025, 2370.6701986886846, 2250.284165884468, 2143.2594135128143]
[test.py] Slowdown:  [2061.0537183508777, 2060.2267051318895, 2054.750470075539, 2050.273590045561, 2058.222514816848, 2050.1904457783417, 2056.6780996031107, 2059.3018386044014, 2060.1354569965006, 2059.168979990723]
[test.py] Predicted:  [3506.4501369422183, 3274.5714086421544, 3061.126721156764, 2875.7135166457874, 2733.31496226792, 2578.917685757152, 2461.7144324606, 2349.615944700567, 2245.147800605505, 2147.6150247909536]
[test.py] Error percentage:  [-0.5636259183995749, -0.4185966495952077, -1.1462507626031684, -1.549989814941647, -1.1485461220967486, -0.7505053421441815, -0.45093408030939636, -0.888114002519775, -0.22825407372248052, 0.20322370921028537]
[test.py] >>>>>>>>>>>>>>>>>>>>>>>>>>>>> Running experiment 2...
[test.py] Actual processing time range: [0, 40, 80, 120, 160, 200, 240, 280, 320, 360]
[test.py] Running baseline experiment
    [exp] Running (pre_run: False) workload mutex/mix request with the following configuration: {'CLIENT_CPU_QUOTA': '8', 'SLOWPOKE_POKER_BATCH_THRESHOLD': '20000000', 'SLOWPOKE_PROCESSING_MICROS_SERVICE1': '400', 'SLOWPOKE_PROCESSING_MICROS_SERVICE2': '0', 'SLOWPOKE_DELAY_MICROS_SERVICE1': '0.0', 'SLOWPOKE_DELAY_MICROS_SERVICE2': '0.0'}
    [exp] Executing cmd `bash run.sh mutex mix 8 512 100000`:
        [run.sh] Running benchmark mutex with request mix, thread 8, conn 512, duration 60
        [run.sh] Deleting all services
        service "service1" deleted
        deployment.apps "service1" deleted
        service "service2" deleted
        deployment.apps "service2" deleted
        deployment.apps "ubuntu-client" deleted
        [run.sh] Waiting for all pods to be deleted
        [run.sh] Deploying all services
        service/service1 created
        deployment.apps/service1 created
        service/service2 created
        deployment.apps/service2 created
        [run.sh] Client pod not found, deploying client
        deployment.apps/ubuntu-client created
        [run.sh] Waiting for all pods to be running
        [run.sh] All pods are running
        [run.sh] Starting the rust proxy first for mutex
        [run.sh] Running warmup test
        [run.sh] /wrk/wrk -t8 -c512 -d3s -L http://service1:80/
        Running 3s test @ http://service1:80/
        8 threads and 512 connections
        Thread Stats   Avg      Stdev     Max   +/- Stdev
        Latency   261.81ms   43.86ms 504.58ms   88.92%
        Req/Sec   248.83     74.98   450.00     75.45%
        Latency Distribution
        50%  252.07ms
        75%  269.00ms
        90%  294.40ms
        99%  462.58ms
        5605 requests in 3.03s, 793.68KB read
        Requests/sec:   1851.58
        Transfer/sec:    262.19KB
        [run.sh] Speed is 1851.58, duration is 81
        [run.sh] Fix the request number.
        [run.sh] Running the actual test
        [run.sh] /wrk/wrk --timeout 20s -t8 -c512 -d81s -L -s /wrk/fix_req_n.lua http://service1:80/
        [run.sh] Checking the resource usage
        Running 1m test @ http://service1:80/
        8 threads and 512 connections
        Thread Stats   Avg      Stdev     Max   +/- Stdev
        Latency   248.32ms   32.41ms 652.89ms   88.13%
        Req/Sec   258.80     57.00   700.00     77.67%
        Latency Distribution
        50%  246.85ms
        75%  260.28ms
        90%  274.22ms
        99%  363.49ms
        100000 requests in 1.35m, 13.83MB read
        Requests/sec:   1234.57
        Transfer/sec:    174.82KB
        ------------------------------
        stop time: 48.562518
        stop time: 48.538120
        stop time: 48.617290
        stop time: 48.624039
        stop time: 48.684128
        stop time: 48.661792
        stop time: 48.680283
        stop time: 48.693052
        [run.sh] Test finished with status 0
        > STDERR
        > No resources found in default namespace.
        > error: Found argument 'mutex' which wasn't expected, or isn't valid in this context
        > 
        > USAGE:
        > proxy <SUBCOMMAND>
        > 
        > For more information try --help
        > error: metrics not available yet
    [exp] Times: [48.562518, 48.53812, 48.61729, 48.624039, 48.684128, 48.661792, 48.680283, 48.693052]
    [exp] Throughput: 2056.231653947769
[test.py] Baseline throughput: 2056.231653947769
[test.py] Running groundtruth experiment
    [exp] Running (pre_run: False) workload mutex/mix request with the following configuration: {'CLIENT_CPU_QUOTA': '8', 'SLOWPOKE_POKER_BATCH_THRESHOLD': '20000000', 'SLOWPOKE_PROCESSING_MICROS_SERVICE1': '0', 'SLOWPOKE_PROCESSING_MICROS_SERVICE2': '0', 'SLOWPOKE_DELAY_MICROS_SERVICE1': '0.0', 'SLOWPOKE_DELAY_MICROS_SERVICE2': '0.0'}
    [exp] Executing cmd `bash run.sh mutex mix 8 512 100000`:
        [run.sh] Running benchmark mutex with request mix, thread 8, conn 512, duration 60
        [run.sh] Deleting all services
        service "service1" deleted
        deployment.apps "service1" deleted
        service "service2" deleted
        deployment.apps "service2" deleted
        deployment.apps "ubuntu-client" deleted
        [run.sh] Waiting for all pods to be deleted
        [run.sh] Deploying all services
        service/service1 created
        deployment.apps/service1 created
        service/service2 created
        deployment.apps/service2 created
        [run.sh] Client pod not found, deploying client
        deployment.apps/ubuntu-client created
        [run.sh] Waiting for all pods to be running
        [run.sh] All pods are running
        [run.sh] Starting the rust proxy first for mutex
        [run.sh] Running warmup test
        [run.sh] /wrk/wrk -t8 -c512 -d3s -L http://service1:80/
        Running 3s test @ http://service1:80/
        8 threads and 512 connections
        Thread Stats   Avg      Stdev     Max   +/- Stdev
        Latency   146.51ms   21.82ms 299.84ms   89.24%
        Req/Sec   439.07     86.30   580.00     82.76%
        Latency Distribution
        50%  142.87ms
        75%  152.10ms
        90%  161.99ms
        99%  254.64ms
        10220 requests in 3.03s, 1.41MB read
        Requests/sec:   3378.21
        Transfer/sec:    478.36KB
        [run.sh] Speed is 3378.21, duration is 44
        [run.sh] Fix the request number.
        [run.sh] Running the actual test
        [run.sh] /wrk/wrk --timeout 20s -t8 -c512 -d44s -L -s /wrk/fix_req_n.lua http://service1:80/
        [run.sh] Checking the resource usage
        NAME                             CPU(cores)   MEMORY(bytes)
        service1-dd7fb8868-9xn49         1944m        44Mi
        service2-756bdb8c65-wcpg6        1486m        9Mi
        ubuntu-client-76886f6bbd-hpttk   109m         10Mi
        Running 44s test @ http://service1:80/
        8 threads and 512 connections
        Thread Stats   Avg      Stdev     Max   +/- Stdev
        Latency   143.31ms   21.95ms 466.50ms   84.80%
        Req/Sec   448.18     69.48   747.00     79.79%
        Latency Distribution
        50%  141.35ms
        75%  151.10ms
        90%  161.75ms
        99%  237.51ms
        100000 requests in 44.00s, 13.83MB read
        Requests/sec:   2272.72
        Transfer/sec:    321.82KB
        ------------------------------
        stop time: 27.990976
        stop time: 28.102023
        stop time: 28.052226
        stop time: 28.125140
        stop time: 28.077941
        stop time: 28.107797
        stop time: 28.082583
        stop time: 28.070654
        [run.sh] Test finished with status 0
        > STDERR
        > No resources found in default namespace.
        > error: Found argument 'mutex' which wasn't expected, or isn't valid in this context
        > 
        > USAGE:
        > proxy <SUBCOMMAND>
        > 
        > For more information try --help
    [exp] Times: [27.990976, 28.102023, 28.052226, 28.12514, 28.077941, 28.107797, 28.082583, 28.070654]
    [exp] Throughput: 3561.7396854467406
    [exp] Running (pre_run: False) workload mutex/mix request with the following configuration: {'CLIENT_CPU_QUOTA': '8', 'SLOWPOKE_POKER_BATCH_THRESHOLD': '20000000', 'SLOWPOKE_PROCESSING_MICROS_SERVICE1': '40', 'SLOWPOKE_PROCESSING_MICROS_SERVICE2': '0', 'SLOWPOKE_DELAY_MICROS_SERVICE1': '0.0', 'SLOWPOKE_DELAY_MICROS_SERVICE2': '0.0'}
    [exp] Executing cmd `bash run.sh mutex mix 8 512 100000`:
        [run.sh] Running benchmark mutex with request mix, thread 8, conn 512, duration 60
        [run.sh] Deleting all services
        service "service1" deleted
        deployment.apps "service1" deleted
        service "service2" deleted
        deployment.apps "service2" deleted
        deployment.apps "ubuntu-client" deleted
        [run.sh] Waiting for all pods to be deleted
        [run.sh] Deploying all services
        service/service1 created
        deployment.apps/service1 created
        service/service2 created
        deployment.apps/service2 created
        [run.sh] Client pod not found, deploying client
        deployment.apps/ubuntu-client created
        [run.sh] Waiting for all pods to be running
        [run.sh] All pods are running
        [run.sh] Starting the rust proxy first for mutex
        [run.sh] Running warmup test
        [run.sh] /wrk/wrk -t8 -c512 -d3s -L http://service1:80/
        Running 3s test @ http://service1:80/
        8 threads and 512 connections
        Thread Stats   Avg      Stdev     Max   +/- Stdev
        Latency   160.51ms   25.52ms 325.45ms   87.27%
        Req/Sec   400.98     85.23   575.00     83.19%
        Latency Distribution
        50%  156.42ms
        75%  167.39ms
        90%  180.04ms
        99%  282.10ms
        9323 requests in 3.03s, 1.29MB read
        Requests/sec:   3078.36
        Transfer/sec:    435.90KB
        [run.sh] Speed is 3078.36, duration is 48
        [run.sh] Fix the request number.
        [run.sh] Running the actual test
        [run.sh] /wrk/wrk --timeout 20s -t8 -c512 -d48s -L -s /wrk/fix_req_n.lua http://service1:80/
        [run.sh] Checking the resource usage
        Running 48s test @ http://service1:80/
        8 threads and 512 connections
        Thread Stats   Avg      Stdev     Max   +/- Stdev
        Latency   154.45ms   22.92ms 561.55ms   88.56%
        Req/Sec   415.90     61.00   626.00     77.81%
        Latency Distribution
        50%  152.98ms
        75%  162.60ms
        90%  172.26ms
        99%  234.89ms
        100000 requests in 48.00s, 13.83MB read
        Requests/sec:   2083.33
        Transfer/sec:    295.00KB
        ------------------------------
        stop time: 30.212028
        stop time: 30.264685
        stop time: 30.278074
        stop time: 30.264821
        stop time: 30.302444
        stop time: 30.250168
        stop time: 30.233406
        stop time: 30.215652
        [run.sh] Test finished with status 0
        > STDERR
        > No resources found in default namespace.
        > error: Found argument 'mutex' which wasn't expected, or isn't valid in this context
        > 
        > USAGE:
        > proxy <SUBCOMMAND>
        > 
        > For more information try --help
        > error: metrics not available yet
    [exp] Times: [30.212028, 30.264685, 30.278074, 30.264821, 30.302444, 30.250168, 30.233406, 30.215652]
    [exp] Throughput: 3305.4944863153723
    [exp] Running (pre_run: False) workload mutex/mix request with the following configuration: {'CLIENT_CPU_QUOTA': '8', 'SLOWPOKE_POKER_BATCH_THRESHOLD': '20000000', 'SLOWPOKE_PROCESSING_MICROS_SERVICE1': '80', 'SLOWPOKE_PROCESSING_MICROS_SERVICE2': '0', 'SLOWPOKE_DELAY_MICROS_SERVICE1': '0.0', 'SLOWPOKE_DELAY_MICROS_SERVICE2': '0.0'}
    [exp] Executing cmd `bash run.sh mutex mix 8 512 100000`:
        [run.sh] Running benchmark mutex with request mix, thread 8, conn 512, duration 60
        [run.sh] Deleting all services
        service "service1" deleted
        deployment.apps "service1" deleted
        service "service2" deleted
        deployment.apps "service2" deleted
        deployment.apps "ubuntu-client" deleted
        [run.sh] Waiting for all pods to be deleted
        [run.sh] Deploying all services
        service/service1 created
        deployment.apps/service1 created
        service/service2 created
        deployment.apps/service2 created
        [run.sh] Client pod not found, deploying client
        deployment.apps/ubuntu-client created
        [run.sh] Waiting for all pods to be running
        [run.sh] All pods are running
        [run.sh] Starting the rust proxy first for mutex
        [run.sh] Running warmup test
        [run.sh] /wrk/wrk -t8 -c512 -d3s -L http://service1:80/
        Running 3s test @ http://service1:80/
        8 threads and 512 connections
        Thread Stats   Avg      Stdev     Max   +/- Stdev
        Latency   170.97ms   32.25ms 365.50ms   83.07%
        Req/Sec   375.60     95.21   565.00     80.17%
        Latency Distribution
        50%  165.15ms
        75%  179.88ms
        90%  205.58ms
        99%  289.40ms
        8716 requests in 3.02s, 1.21MB read
        Requests/sec:   2885.64
        Transfer/sec:    408.61KB
        [run.sh] Speed is 2885.64, duration is 51
        [run.sh] Fix the request number.
        [run.sh] Running the actual test
        [run.sh] /wrk/wrk --timeout 20s -t8 -c512 -d51s -L -s /wrk/fix_req_n.lua http://service1:80/
        [run.sh] Checking the resource usage
        NAME                             CPU(cores)   MEMORY(bytes)
        service1-5f6d8cccd6-kzn8v        106m         34Mi
        service2-756bdb8c65-ksh8f        66m          9Mi
        ubuntu-client-76886f6bbd-xs94r   12m          10Mi
        Running 1m test @ http://service1:80/
        8 threads and 512 connections
        Thread Stats   Avg      Stdev     Max   +/- Stdev
        Latency   165.86ms   28.71ms 427.19ms   86.03%
        Req/Sec   386.96     80.90   757.00     80.96%
        Latency Distribution
        50%  163.72ms
        75%  174.40ms
        90%  187.50ms
        99%  290.89ms
        100000 requests in 0.85m, 13.83MB read
        Requests/sec:   1960.78
        Transfer/sec:    277.65KB
        ------------------------------
        stop time: 32.454150
        stop time: 32.444762
        stop time: 32.506385
        stop time: 32.496690
        stop time: 32.451302
        stop time: 32.526389
        stop time: 32.506985
        stop time: 32.513338
        [run.sh] Test finished with status 0
        > STDERR
        > No resources found in default namespace.
        > error: Found argument 'mutex' which wasn't expected, or isn't valid in this context
        > 
        > USAGE:
        > proxy <SUBCOMMAND>
        > 
        > For more information try --help
    [exp] Times: [32.45415, 32.444762, 32.506385, 32.49669, 32.451302, 32.526389, 32.506985, 32.513338]
    [exp] Throughput: 3078.1069523735787
    [exp] Running (pre_run: False) workload mutex/mix request with the following configuration: {'CLIENT_CPU_QUOTA': '8', 'SLOWPOKE_POKER_BATCH_THRESHOLD': '20000000', 'SLOWPOKE_PROCESSING_MICROS_SERVICE1': '120', 'SLOWPOKE_PROCESSING_MICROS_SERVICE2': '0', 'SLOWPOKE_DELAY_MICROS_SERVICE1': '0.0', 'SLOWPOKE_DELAY_MICROS_SERVICE2': '0.0'}
    [exp] Executing cmd `bash run.sh mutex mix 8 512 100000`:
        [run.sh] Running benchmark mutex with request mix, thread 8, conn 512, duration 60
        [run.sh] Deleting all services
        service "service1" deleted
        deployment.apps "service1" deleted
        service "service2" deleted
        deployment.apps "service2" deleted
        deployment.apps "ubuntu-client" deleted
        [run.sh] Waiting for all pods to be deleted
        [run.sh] Deploying all services
        service/service1 created
        deployment.apps/service1 created
        service/service2 created
        deployment.apps/service2 created
        [run.sh] Client pod not found, deploying client
        deployment.apps/ubuntu-client created
        [run.sh] Waiting for all pods to be running
        [run.sh] All pods are running
        [run.sh] Starting the rust proxy first for mutex
        [run.sh] Running warmup test
        [run.sh] /wrk/wrk -t8 -c512 -d3s -L http://service1:80/
        Running 3s test @ http://service1:80/
        8 threads and 512 connections
        Thread Stats   Avg      Stdev     Max   +/- Stdev
        Latency   180.22ms   30.44ms 387.20ms   90.26%
        Req/Sec   357.99     88.86   520.00     78.79%
        Latency Distribution
        50%  174.82ms
        75%  185.96ms
        90%  199.51ms
        99%  339.38ms
        8276 requests in 3.03s, 1.14MB read
        Requests/sec:   2731.70
        Transfer/sec:    386.81KB
        [run.sh] Speed is 2731.70, duration is 54
        [run.sh] Fix the request number.
        [run.sh] Running the actual test
        [run.sh] /wrk/wrk --timeout 20s -t8 -c512 -d54s -L -s /wrk/fix_req_n.lua http://service1:80/
        [run.sh] Checking the resource usage
        NAME                             CPU(cores)   MEMORY(bytes)
        service1-6c5dc58865-qctt7        1949m        36Mi
        service2-756bdb8c65-n7xv7        1235m        10Mi
        ubuntu-client-76886f6bbd-6xvsm   91m          11Mi
        Running 1m test @ http://service1:80/
        8 threads and 512 connections
        Thread Stats   Avg      Stdev     Max   +/- Stdev
        Latency   175.85ms   24.40ms 458.83ms   85.25%
        Req/Sec   365.11     64.34   666.00     76.73%
        Latency Distribution
        50%  174.33ms
        75%  185.19ms
        90%  196.77ms
        99%  261.17ms
        100000 requests in 0.90m, 13.83MB read
        Requests/sec:   1851.85
        Transfer/sec:    262.22KB
        ------------------------------
        stop time: 34.343524
        stop time: 34.440268
        stop time: 34.432247
        stop time: 34.430418
        stop time: 34.462680
        stop time: 34.474151
        stop time: 34.444788
        stop time: 34.463145
        [run.sh] Test finished with status 0
        > STDERR
        > No resources found in default namespace.
        > error: Found argument 'mutex' which wasn't expected, or isn't valid in this context
        > 
        > USAGE:
        > proxy <SUBCOMMAND>
        > 
        > For more information try --help
    [exp] Times: [34.343524, 34.440268, 34.432247, 34.430418, 34.46268, 34.474151, 34.444788, 34.463145]
    [exp] Throughput: 2903.903787191825
    [exp] Running (pre_run: False) workload mutex/mix request with the following configuration: {'CLIENT_CPU_QUOTA': '8', 'SLOWPOKE_POKER_BATCH_THRESHOLD': '20000000', 'SLOWPOKE_PROCESSING_MICROS_SERVICE1': '160', 'SLOWPOKE_PROCESSING_MICROS_SERVICE2': '0', 'SLOWPOKE_DELAY_MICROS_SERVICE1': '0.0', 'SLOWPOKE_DELAY_MICROS_SERVICE2': '0.0'}
    [exp] Executing cmd `bash run.sh mutex mix 8 512 100000`:
        [run.sh] Running benchmark mutex with request mix, thread 8, conn 512, duration 60
        [run.sh] Deleting all services
        service "service1" deleted
        deployment.apps "service1" deleted
        service "service2" deleted
        deployment.apps "service2" deleted
        deployment.apps "ubuntu-client" deleted
        [run.sh] Waiting for all pods to be deleted
        [run.sh] Deploying all services
        service/service1 created
        deployment.apps/service1 created
        service/service2 created
        deployment.apps/service2 created
        [run.sh] Client pod not found, deploying client
        deployment.apps/ubuntu-client created
        [run.sh] Waiting for all pods to be running
        [run.sh] All pods are running
        [run.sh] Starting the rust proxy first for mutex
        [run.sh] Running warmup test
        [run.sh] /wrk/wrk -t8 -c512 -d3s -L http://service1:80/
        Running 3s test @ http://service1:80/
        8 threads and 512 connections
        Thread Stats   Avg      Stdev     Max   +/- Stdev
        Latency   182.24ms   39.06ms 400.12ms   83.36%
        Req/Sec   357.76     86.55   686.00     81.25%
        Latency Distribution
        50%  179.82ms
        75%  191.06ms
        90%  208.81ms
        99%  348.64ms
        8174 requests in 3.02s, 1.13MB read
        Requests/sec:   2705.41
        Transfer/sec:    383.09KB
        [run.sh] Speed is 2705.41, duration is 55
        [run.sh] Fix the request number.
        [run.sh] Running the actual test
        [run.sh] /wrk/wrk --timeout 20s -t8 -c512 -d55s -L -s /wrk/fix_req_n.lua http://service1:80/
        [run.sh] Checking the resource usage
        NAME                             CPU(cores)   MEMORY(bytes)
        service1-78ff856957-lfkmr        1947m        36Mi
        service2-756bdb8c65-2skbq        1187m        10Mi
        ubuntu-client-76886f6bbd-cqhk7   86m          10Mi
        Running 1m test @ http://service1:80/
        8 threads and 512 connections
        Thread Stats   Avg      Stdev     Max   +/- Stdev
        Latency   185.27ms   17.41ms 360.95ms   73.68%
        Req/Sec   346.58     50.92   540.00     71.70%
        Latency Distribution
        50%  184.08ms
        75%  194.97ms
        90%  205.77ms
        99%  232.33ms
        100000 requests in 0.92m, 13.83MB read
        Requests/sec:   1818.17
        Transfer/sec:    257.46KB
        ------------------------------
        stop time: 36.154333
        stop time: 36.275802
        stop time: 36.314840
        stop time: 36.306634
        stop time: 36.310863
        stop time: 36.311295
        stop time: 36.309807
        stop time: 36.294674
        [run.sh] Test finished with status 0
        > STDERR
        > No resources found in default namespace.
        > error: Found argument 'mutex' which wasn't expected, or isn't valid in this context
        > 
        > USAGE:
        > proxy <SUBCOMMAND>
        > 
        > For more information try --help
    [exp] Times: [36.154333, 36.275802, 36.31484, 36.306634, 36.310863, 36.311295, 36.309807, 36.294674]
    [exp] Throughput: 2755.976396825986
    [exp] Running (pre_run: False) workload mutex/mix request with the following configuration: {'CLIENT_CPU_QUOTA': '8', 'SLOWPOKE_POKER_BATCH_THRESHOLD': '20000000', 'SLOWPOKE_PROCESSING_MICROS_SERVICE1': '200', 'SLOWPOKE_PROCESSING_MICROS_SERVICE2': '0', 'SLOWPOKE_DELAY_MICROS_SERVICE1': '0.0', 'SLOWPOKE_DELAY_MICROS_SERVICE2': '0.0'}
    [exp] Executing cmd `bash run.sh mutex mix 8 512 100000`:
        [run.sh] Running benchmark mutex with request mix, thread 8, conn 512, duration 60
        [run.sh] Deleting all services
        service "service1" deleted
        deployment.apps "service1" deleted
        service "service2" deleted
        deployment.apps "service2" deleted
        deployment.apps "ubuntu-client" deleted
        [run.sh] Waiting for all pods to be deleted
        [run.sh] Deploying all services
        service/service1 created
        deployment.apps/service1 created
        service/service2 created
        deployment.apps/service2 created
        [run.sh] Client pod not found, deploying client
        deployment.apps/ubuntu-client created
        [run.sh] Waiting for all pods to be running
        [run.sh] All pods are running
        [run.sh] Starting the rust proxy first for mutex
        [run.sh] Running warmup test
        [run.sh] /wrk/wrk -t8 -c512 -d3s -L http://service1:80/
        Running 3s test @ http://service1:80/
        8 threads and 512 connections
        Thread Stats   Avg      Stdev     Max   +/- Stdev
        Latency   200.24ms   54.53ms 424.52ms   78.98%
        Req/Sec   323.81    100.66   626.00     79.46%
        Latency Distribution
        50%  192.97ms
        75%  206.00ms
        90%  266.98ms
        99%  390.74ms
        7422 requests in 3.02s, 1.03MB read
        Requests/sec:   2454.05
        Transfer/sec:    347.50KB
        [run.sh] Speed is 2454.05, duration is 61
        [run.sh] Fix the request number.
        [run.sh] Running the actual test
        [run.sh] /wrk/wrk --timeout 20s -t8 -c512 -d61s -L -s /wrk/fix_req_n.lua http://service1:80/
        [run.sh] Checking the resource usage
        Running 1m test @ http://service1:80/
        8 threads and 512 connections
        Thread Stats   Avg      Stdev     Max   +/- Stdev
        Latency   195.28ms   27.64ms 464.06ms   87.45%
        Req/Sec   329.72     63.03   696.00     79.27%
        Latency Distribution
        50%  193.11ms
        75%  204.21ms
        90%  216.58ms
        99%  316.00ms
        100000 requests in 1.02m, 13.83MB read
        Requests/sec:   1639.34
        Transfer/sec:    232.13KB
        ------------------------------
        stop time: 38.183934
        stop time: 38.243746
        stop time: 38.233956
        stop time: 38.230062
        stop time: 38.269899
        stop time: 38.229062
        stop time: 38.285540
        stop time: 38.277583
        [run.sh] Test finished with status 0
        > STDERR
        > No resources found in default namespace.
        > error: Found argument 'mutex' which wasn't expected, or isn't valid in this context
        > 
        > USAGE:
        > proxy <SUBCOMMAND>
        > 
        > For more information try --help
        > error: metrics not available yet
    [exp] Times: [38.183934, 38.243746, 38.233956, 38.230062, 38.269899, 38.229062, 38.28554, 38.277583]
    [exp] Throughput: 2614.774018384254
    [exp] Running (pre_run: False) workload mutex/mix request with the following configuration: {'CLIENT_CPU_QUOTA': '8', 'SLOWPOKE_POKER_BATCH_THRESHOLD': '20000000', 'SLOWPOKE_PROCESSING_MICROS_SERVICE1': '240', 'SLOWPOKE_PROCESSING_MICROS_SERVICE2': '0', 'SLOWPOKE_DELAY_MICROS_SERVICE1': '0.0', 'SLOWPOKE_DELAY_MICROS_SERVICE2': '0.0'}
    [exp] Executing cmd `bash run.sh mutex mix 8 512 100000`:
        [run.sh] Running benchmark mutex with request mix, thread 8, conn 512, duration 60
        [run.sh] Deleting all services
        service "service1" deleted
        deployment.apps "service1" deleted
        service "service2" deleted
        deployment.apps "service2" deleted
        deployment.apps "ubuntu-client" deleted
        [run.sh] Waiting for all pods to be deleted
        [run.sh] Deploying all services
        service/service1 created
        deployment.apps/service1 created
        service/service2 created
        deployment.apps/service2 created
        [run.sh] Client pod not found, deploying client
        deployment.apps/ubuntu-client created
        [run.sh] Waiting for all pods to be running
        [run.sh] All pods are running
        [run.sh] Starting the rust proxy first for mutex
        [run.sh] Running warmup test
        [run.sh] /wrk/wrk -t8 -c512 -d3s -L http://service1:80/
        Running 3s test @ http://service1:80/
        8 threads and 512 connections
        Thread Stats   Avg      Stdev     Max   +/- Stdev
        Latency   211.00ms   33.36ms 411.24ms   90.15%
        Req/Sec   307.60     62.10   454.00     73.21%
        Latency Distribution
        50%  204.78ms
        75%  216.38ms
        90%  231.45ms
        99%  377.97ms
        7033 requests in 3.03s, 0.97MB read
        Requests/sec:   2322.41
        Transfer/sec:    328.86KB
        [run.sh] Speed is 2322.41, duration is 64
        [run.sh] Fix the request number.
        [run.sh] Running the actual test
        [run.sh] /wrk/wrk --timeout 20s -t8 -c512 -d64s -L -s /wrk/fix_req_n.lua http://service1:80/
        [run.sh] Checking the resource usage
        Running 1m test @ http://service1:80/
        8 threads and 512 connections
        Thread Stats   Avg      Stdev     Max   +/- Stdev
        Latency   205.58ms   43.01ms 707.26ms   88.13%
        Req/Sec   313.52     74.89   710.00     83.43%
        Latency Distribution
        50%  202.91ms
        75%  214.90ms
        90%  230.88ms
        99%  407.82ms
        100000 requests in 1.07m, 13.83MB read
        Requests/sec:   1562.50
        Transfer/sec:    221.25KB
        ------------------------------
        stop time: 40.179709
        stop time: 40.220014
        stop time: 40.233876
        stop time: 40.242939
        stop time: 40.242106
        stop time: 40.231478
        stop time: 40.229056
        stop time: 40.234320
        [run.sh] Test finished with status 0
        > STDERR
        > No resources found in default namespace.
        > error: Found argument 'mutex' which wasn't expected, or isn't valid in this context
        > 
        > USAGE:
        > proxy <SUBCOMMAND>
        > 
        > For more information try --help
        > error: metrics not available yet
    [exp] Times: [40.179709, 40.220014, 40.233876, 40.242939, 40.242106, 40.231478, 40.229056, 40.23432]
    [exp] Throughput: 2485.911886766167
    [exp] Running (pre_run: False) workload mutex/mix request with the following configuration: {'CLIENT_CPU_QUOTA': '8', 'SLOWPOKE_POKER_BATCH_THRESHOLD': '20000000', 'SLOWPOKE_PROCESSING_MICROS_SERVICE1': '280', 'SLOWPOKE_PROCESSING_MICROS_SERVICE2': '0', 'SLOWPOKE_DELAY_MICROS_SERVICE1': '0.0', 'SLOWPOKE_DELAY_MICROS_SERVICE2': '0.0'}
    [exp] Executing cmd `bash run.sh mutex mix 8 512 100000`:
        [run.sh] Running benchmark mutex with request mix, thread 8, conn 512, duration 60
        [run.sh] Deleting all services
        service "service1" deleted
        deployment.apps "service1" deleted
        service "service2" deleted
        deployment.apps "service2" deleted
        deployment.apps "ubuntu-client" deleted
        [run.sh] Waiting for all pods to be deleted
        [run.sh] Deploying all services
        service/service1 created
        deployment.apps/service1 created
        service/service2 created
        deployment.apps/service2 created
        [run.sh] Client pod not found, deploying client
        deployment.apps/ubuntu-client created
        [run.sh] Waiting for all pods to be running
        [run.sh] All pods are running
        [run.sh] Starting the rust proxy first for mutex
        [run.sh] Running warmup test
        [run.sh] /wrk/wrk -t8 -c512 -d3s -L http://service1:80/
        Running 3s test @ http://service1:80/
        8 threads and 512 connections
        Thread Stats   Avg      Stdev     Max   +/- Stdev
        Latency   222.35ms   34.55ms 421.55ms   89.61%
        Req/Sec   291.23     80.68   494.00     69.20%
        Latency Distribution
        50%  215.32ms
        75%  228.33ms
        90%  243.56ms
        99%  388.78ms
        6652 requests in 3.03s, 0.92MB read
        Requests/sec:   2194.51
        Transfer/sec:    310.75KB
        [run.sh] Speed is 2194.51, duration is 68
        [run.sh] Fix the request number.
        [run.sh] Running the actual test
        [run.sh] /wrk/wrk --timeout 20s -t8 -c512 -d68s -L -s /wrk/fix_req_n.lua http://service1:80/
        [run.sh] Checking the resource usage
        Running 1m test @ http://service1:80/
        8 threads and 512 connections
        Thread Stats   Avg      Stdev     Max   +/- Stdev
        Latency   215.96ms   34.94ms 569.49ms   89.75%
        Req/Sec   298.42     69.05   717.00     82.82%
        Latency Distribution
        50%  213.95ms
        75%  224.56ms
        90%  238.84ms
        99%  379.37ms
        100000 requests in 1.13m, 13.83MB read
        Requests/sec:   1470.58
        Transfer/sec:    208.24KB
        ------------------------------
        stop time: 42.273904
        stop time: 42.291162
        stop time: 42.355047
        stop time: 42.340802
        stop time: 42.298541
        stop time: 42.354561
        stop time: 42.330670
        stop time: 42.315682
        [run.sh] Test finished with status 0
        > STDERR
        > No resources found in default namespace.
        > error: Found argument 'mutex' which wasn't expected, or isn't valid in this context
        > 
        > USAGE:
        > proxy <SUBCOMMAND>
        > 
        > For more information try --help
        > error: metrics not available yet
    [exp] Times: [42.273904, 42.291162, 42.355047, 42.340802, 42.298541, 42.354561, 42.33067, 42.315682]
    [exp] Throughput: 2362.9463849030717
    [exp] Running (pre_run: False) workload mutex/mix request with the following configuration: {'CLIENT_CPU_QUOTA': '8', 'SLOWPOKE_POKER_BATCH_THRESHOLD': '20000000', 'SLOWPOKE_PROCESSING_MICROS_SERVICE1': '320', 'SLOWPOKE_PROCESSING_MICROS_SERVICE2': '0', 'SLOWPOKE_DELAY_MICROS_SERVICE1': '0.0', 'SLOWPOKE_DELAY_MICROS_SERVICE2': '0.0'}
    [exp] Executing cmd `bash run.sh mutex mix 8 512 100000`:
        [run.sh] Running benchmark mutex with request mix, thread 8, conn 512, duration 60
        [run.sh] Deleting all services
        service "service1" deleted
        deployment.apps "service1" deleted
        service "service2" deleted
        deployment.apps "service2" deleted
        deployment.apps "ubuntu-client" deleted
        [run.sh] Waiting for all pods to be deleted
        [run.sh] Deploying all services
        service/service1 created
        deployment.apps/service1 created
        service/service2 created
        deployment.apps/service2 created
        [run.sh] Client pod not found, deploying client
        deployment.apps/ubuntu-client created
        [run.sh] Waiting for all pods to be running
        [run.sh] All pods are running
        [run.sh] Starting the rust proxy first for mutex
        [run.sh] Running warmup test
        [run.sh] /wrk/wrk -t8 -c512 -d3s -L http://service1:80/
        Running 3s test @ http://service1:80/
        8 threads and 512 connections
        Thread Stats   Avg      Stdev     Max   +/- Stdev
        Latency   221.88ms   48.77ms 440.80ms   81.72%
        Req/Sec   292.70    109.20   650.00     73.66%
        Latency Distribution
        50%  223.99ms
        75%  237.85ms
        90%  258.02ms
        99%  412.89ms
        6662 requests in 3.03s, 0.92MB read
        Requests/sec:   2199.49
        Transfer/sec:    311.45KB
        [run.sh] Speed is 2199.49, duration is 68
        [run.sh] Fix the request number.
        [run.sh] Running the actual test
        [run.sh] /wrk/wrk --timeout 20s -t8 -c512 -d68s -L -s /wrk/fix_req_n.lua http://service1:80/
        [run.sh] Checking the resource usage
        Running 1m test @ http://service1:80/
        8 threads and 512 connections
        Thread Stats   Avg      Stdev     Max   +/- Stdev
        Latency   226.80ms   33.81ms 602.99ms   89.39%
        Req/Sec   284.68     60.54   710.00     78.58%
        Latency Distribution
        50%  224.63ms
        75%  237.19ms
        90%  251.51ms
        99%  382.04ms
        100000 requests in 1.13m, 13.83MB read
        Requests/sec:   1470.59
        Transfer/sec:    208.24KB
        ------------------------------
        stop time: 44.259448
        stop time: 44.344260
        stop time: 44.382500
        stop time: 44.446931
        stop time: 44.464678
        stop time: 44.444138
        stop time: 44.454130
        stop time: 44.424649
        [run.sh] Test finished with status 0
        > STDERR
        > No resources found in default namespace.
        > error: Found argument 'mutex' which wasn't expected, or isn't valid in this context
        > 
        > USAGE:
        > proxy <SUBCOMMAND>
        > 
        > For more information try --help
        > error: metrics not available yet
    [exp] Times: [44.259448, 44.34426, 44.3825, 44.446931, 44.464678, 44.444138, 44.45413, 44.424649]
    [exp] Throughput: 2252.1207897734935
    [exp] Running (pre_run: False) workload mutex/mix request with the following configuration: {'CLIENT_CPU_QUOTA': '8', 'SLOWPOKE_POKER_BATCH_THRESHOLD': '20000000', 'SLOWPOKE_PROCESSING_MICROS_SERVICE1': '360', 'SLOWPOKE_PROCESSING_MICROS_SERVICE2': '0', 'SLOWPOKE_DELAY_MICROS_SERVICE1': '0.0', 'SLOWPOKE_DELAY_MICROS_SERVICE2': '0.0'}
    [exp] Executing cmd `bash run.sh mutex mix 8 512 100000`:
        [run.sh] Running benchmark mutex with request mix, thread 8, conn 512, duration 60
        [run.sh] Deleting all services
        service "service1" deleted
        deployment.apps "service1" deleted
        service "service2" deleted
        deployment.apps "service2" deleted
        deployment.apps "ubuntu-client" deleted
        [run.sh] Waiting for all pods to be deleted
        [run.sh] Deploying all services
        service/service1 created
        deployment.apps/service1 created
        service/service2 created
        deployment.apps/service2 created
        [run.sh] Client pod not found, deploying client
        deployment.apps/ubuntu-client created
        [run.sh] Waiting for all pods to be running
        [run.sh] All pods are running
        [run.sh] Starting the rust proxy first for mutex
        [run.sh] Running warmup test
        [run.sh] /wrk/wrk -t8 -c512 -d3s -L http://service1:80/
        Running 3s test @ http://service1:80/
        8 threads and 512 connections
        Thread Stats   Avg      Stdev     Max   +/- Stdev
        Latency   247.21ms   37.74ms 485.82ms   89.33%
        Req/Sec   262.82     91.35   474.00     65.62%
        Latency Distribution
        50%  238.89ms
        75%  253.11ms
        90%  272.66ms
        99%  422.70ms
        5972 requests in 3.03s, 845.64KB read
        Requests/sec:   1974.16
        Transfer/sec:    279.54KB
        [run.sh] Speed is 1974.16, duration is 75
        [run.sh] Fix the request number.
        [run.sh] Running the actual test
        [run.sh] /wrk/wrk --timeout 20s -t8 -c512 -d75s -L -s /wrk/fix_req_n.lua http://service1:80/
        [run.sh] Checking the resource usage
        NAME                             CPU(cores)   MEMORY(bytes)
        service1-575f876ff-p92z2         1952m        35Mi
        service2-756bdb8c65-kzsqd        931m         9Mi
        ubuntu-client-76886f6bbd-xhb9k   71m          12Mi
        Running 1m test @ http://service1:80/
        8 threads and 512 connections
        Thread Stats   Avg      Stdev     Max   +/- Stdev
        Latency   235.91ms   40.46ms 650.26ms   89.68%
        Req/Sec   273.57     69.73   686.00     82.81%
        Latency Distribution
        50%  234.07ms
        75%  247.26ms
        90%  262.77ms
        99%  408.80ms
        100000 requests in 1.25m, 13.83MB read
        Requests/sec:   1333.33
        Transfer/sec:    188.80KB
        ------------------------------
        stop time: 46.087863
        stop time: 46.094250
        stop time: 46.259640
        stop time: 46.167275
        stop time: 46.217831
        stop time: 46.268364
        stop time: 46.326504
        stop time: 46.267233
        [run.sh] Test finished with status 0
        > STDERR
        > No resources found in default namespace.
        > error: Found argument 'mutex' which wasn't expected, or isn't valid in this context
        > 
        > USAGE:
        > proxy <SUBCOMMAND>
        > 
        > For more information try --help
    [exp] Times: [46.087863, 46.09425, 46.25964, 46.167275, 46.217831, 46.268364, 46.326504, 46.267233]
    [exp] Throughput: 2163.981310126221
[test.py] Running slowdown experiment
    [exp] Running (pre_run: False) workload mutex/mix request with the following configuration: {'CLIENT_CPU_QUOTA': '8', 'SLOWPOKE_POKER_BATCH_THRESHOLD': '20000000', 'SLOWPOKE_PROCESSING_MICROS_SERVICE1': '400', 'SLOWPOKE_PROCESSING_MICROS_SERVICE2': '0', 'SLOWPOKE_DELAY_MICROS_SERVICE1': '0.0', 'SLOWPOKE_DELAY_MICROS_SERVICE2': '200.0'}
    [exp] Executing cmd `bash run.sh mutex mix 8 512 100000`:
        [run.sh] Running benchmark mutex with request mix, thread 8, conn 512, duration 60
        [run.sh] Deleting all services
        service "service1" deleted
        deployment.apps "service1" deleted
        service "service2" deleted
        deployment.apps "service2" deleted
        deployment.apps "ubuntu-client" deleted
        [run.sh] Waiting for all pods to be deleted
        [run.sh] Deploying all services
        service/service1 created
        deployment.apps/service1 created
        service/service2 created
        deployment.apps/service2 created
        [run.sh] Client pod not found, deploying client
        deployment.apps/ubuntu-client created
        [run.sh] Waiting for all pods to be running
        [run.sh] All pods are running
        [run.sh] Starting the rust proxy first for mutex
        [run.sh] Running warmup test
        [run.sh] /wrk/wrk -t8 -c512 -d3s -L http://service1:80/
        Running 3s test @ http://service1:80/
        8 threads and 512 connections
        Thread Stats   Avg      Stdev     Max   +/- Stdev
        Latency   259.84ms   44.81ms 506.54ms   88.76%
        Req/Sec   252.03     91.36   470.00     69.20%
        Latency Distribution
        50%  250.12ms
        75%  263.42ms
        90%  290.67ms
        99%  462.88ms
        5693 requests in 3.02s, 806.14KB read
        Requests/sec:   1887.82
        Transfer/sec:    267.32KB
        [run.sh] Speed is 1887.82, duration is 79
        [run.sh] Fix the request number.
        [run.sh] Running the actual test
        [run.sh] /wrk/wrk --timeout 20s -t8 -c512 -d79s -L -s /wrk/fix_req_n.lua http://service1:80/
        [run.sh] Checking the resource usage
        NAME                             CPU(cores)   MEMORY(bytes)
        service1-5fbf55cb56-zdtrp        1956m        37Mi
        service2-7bbbccfff-44qlz         867m         11Mi
        ubuntu-client-76886f6bbd-qxc8t   66m          10Mi
        Running 1m test @ http://service1:80/
        8 threads and 512 connections
        Thread Stats   Avg      Stdev     Max   +/- Stdev
        Latency   249.66ms   20.89ms 507.46ms   76.50%
        Req/Sec   257.32     48.43   515.00     73.26%
        Latency Distribution
        50%  247.78ms
        75%  259.09ms
        90%  274.07ms
        99%  309.56ms
        100000 requests in 1.32m, 13.83MB read
        Requests/sec:   1265.82
        Transfer/sec:    179.24KB
        ------------------------------
        stop time: 48.856838
        stop time: 48.904055
        stop time: 48.899567
        stop time: 48.930645
        stop time: 48.891244
        stop time: 48.965623
        stop time: 48.884986
        stop time: 48.885424
        [run.sh] Test finished with status 0
        > STDERR
        > No resources found in default namespace.
        > error: Found argument 'mutex' which wasn't expected, or isn't valid in this context
        > 
        > USAGE:
        > proxy <SUBCOMMAND>
        > 
        > For more information try --help
    [exp] Times: [48.856838, 48.904055, 48.899567, 48.930645, 48.891244, 48.965623, 48.884986, 48.885424]
    [exp] Throughput: 2044.8936880476135
    [exp] Running (pre_run: False) workload mutex/mix request with the following configuration: {'CLIENT_CPU_QUOTA': '8', 'SLOWPOKE_POKER_BATCH_THRESHOLD': '20000000', 'SLOWPOKE_PROCESSING_MICROS_SERVICE1': '400', 'SLOWPOKE_PROCESSING_MICROS_SERVICE2': '0', 'SLOWPOKE_DELAY_MICROS_SERVICE1': '0.0', 'SLOWPOKE_DELAY_MICROS_SERVICE2': '180.0'}
    [exp] Executing cmd `bash run.sh mutex mix 8 512 100000`:
        [run.sh] Running benchmark mutex with request mix, thread 8, conn 512, duration 60
        [run.sh] Deleting all services
        service "service1" deleted
        deployment.apps "service1" deleted
        service "service2" deleted
        deployment.apps "service2" deleted
        deployment.apps "ubuntu-client" deleted
        [run.sh] Waiting for all pods to be deleted
        [run.sh] Deploying all services
        service/service1 created
        deployment.apps/service1 created
        service/service2 created
        deployment.apps/service2 created
        [run.sh] Client pod not found, deploying client
        deployment.apps/ubuntu-client created
        [run.sh] Waiting for all pods to be running
        [run.sh] All pods are running
        [run.sh] Starting the rust proxy first for mutex
        [run.sh] Running warmup test
        [run.sh] /wrk/wrk -t8 -c512 -d3s -L http://service1:80/
        Running 3s test @ http://service1:80/
        8 threads and 512 connections
        Thread Stats   Avg      Stdev     Max   +/- Stdev
        Latency   259.10ms   47.43ms 496.39ms   88.58%
        Req/Sec   251.77     73.37   424.00     70.72%
        Latency Distribution
        50%  251.01ms
        75%  270.97ms
        90%  288.91ms
        99%  471.80ms
        5673 requests in 3.02s, 803.31KB read
        Requests/sec:   1877.64
        Transfer/sec:    265.88KB
        [run.sh] Speed is 1877.64, duration is 79
        [run.sh] Fix the request number.
        [run.sh] Running the actual test
        [run.sh] /wrk/wrk --timeout 20s -t8 -c512 -d79s -L -s /wrk/fix_req_n.lua http://service1:80/
        [run.sh] Checking the resource usage
        NAME                             CPU(cores)   MEMORY(bytes)
        service1-5fbf55cb56-s4lkk        596m         36Mi
        service2-5579dbc5bb-fdhst        255m         10Mi
        ubuntu-client-76886f6bbd-42mzt   20m          10Mi
        Running 1m test @ http://service1:80/
        8 threads and 512 connections
        Thread Stats   Avg      Stdev     Max   +/- Stdev
        Latency   247.80ms   25.71ms 474.82ms   69.58%
        Req/Sec   259.22     52.94   474.00     70.89%
        Latency Distribution
        50%  247.54ms
        75%  265.24ms
        90%  277.39ms
        99%  313.08ms
        100000 requests in 1.32m, 13.83MB read
        Requests/sec:   1265.82
        Transfer/sec:    179.24KB
        ------------------------------
        stop time: 48.453854
        stop time: 48.474829
        stop time: 48.500998
        stop time: 48.484411
        stop time: 48.562755
        stop time: 48.548069
        stop time: 48.542368
        stop time: 48.598589
        [run.sh] Test finished with status 0
        > STDERR
        > No resources found in default namespace.
        > error: Found argument 'mutex' which wasn't expected, or isn't valid in this context
        > 
        > USAGE:
        > proxy <SUBCOMMAND>
        > 
        > For more information try --help
    [exp] Times: [48.453854, 48.474829, 48.500998, 48.484411, 48.562755, 48.548069, 48.542368, 48.598589]
    [exp] Throughput: 2060.9745875315525
    [exp] Running (pre_run: False) workload mutex/mix request with the following configuration: {'CLIENT_CPU_QUOTA': '8', 'SLOWPOKE_POKER_BATCH_THRESHOLD': '20000000', 'SLOWPOKE_PROCESSING_MICROS_SERVICE1': '400', 'SLOWPOKE_PROCESSING_MICROS_SERVICE2': '0', 'SLOWPOKE_DELAY_MICROS_SERVICE1': '0.0', 'SLOWPOKE_DELAY_MICROS_SERVICE2': '160.0'}
    [exp] Executing cmd `bash run.sh mutex mix 8 512 100000`:
        [run.sh] Running benchmark mutex with request mix, thread 8, conn 512, duration 60
        [run.sh] Deleting all services
        service "service1" deleted
        deployment.apps "service1" deleted
        service "service2" deleted
        deployment.apps "service2" deleted
        deployment.apps "ubuntu-client" deleted
        [run.sh] Waiting for all pods to be deleted
        [run.sh] Deploying all services
        service/service1 created
        deployment.apps/service1 created
        service/service2 created
        deployment.apps/service2 created
        [run.sh] Client pod not found, deploying client
        deployment.apps/ubuntu-client created
        [run.sh] Waiting for all pods to be running
        [run.sh] All pods are running
        [run.sh] Starting the rust proxy first for mutex
        [run.sh] Running warmup test
        [run.sh] /wrk/wrk -t8 -c512 -d3s -L http://service1:80/
        Running 3s test @ http://service1:80/
        8 threads and 512 connections
        Thread Stats   Avg      Stdev     Max   +/- Stdev
        Latency   262.04ms   43.63ms 511.48ms   86.15%
        Req/Sec   248.92     79.95   434.00     71.43%
        Latency Distribution
        50%  252.64ms
        75%  270.91ms
        90%  297.82ms
        99%  442.32ms
        5619 requests in 3.02s, 795.66KB read
        Requests/sec:   1862.99
        Transfer/sec:    263.80KB
        [run.sh] Speed is 1862.99, duration is 80
        [run.sh] Fix the request number.
        [run.sh] Running the actual test
        [run.sh] /wrk/wrk --timeout 20s -t8 -c512 -d80s -L -s /wrk/fix_req_n.lua http://service1:80/
        [run.sh] Checking the resource usage
        NAME                             CPU(cores)   MEMORY(bytes)
        ubuntu-client-76886f6bbd-jld9v   9m           8Mi
        Running 1m test @ http://service1:80/
        8 threads and 512 connections
        Thread Stats   Avg      Stdev     Max   +/- Stdev
        Latency   247.20ms   22.25ms 514.19ms   75.14%
        Req/Sec   259.88     53.71   444.00     70.01%
        Latency Distribution
        50%  245.12ms
        75%  258.14ms
        90%  273.83ms
        99%  307.73ms
        100000 requests in 1.33m, 13.83MB read
        Requests/sec:   1250.00
        Transfer/sec:    177.00KB
        ------------------------------
        stop time: 48.336267
        stop time: 48.364641
        stop time: 48.425585
        stop time: 48.459365
        stop time: 48.458648
        stop time: 48.415276
        stop time: 48.369138
        stop time: 48.429319
        [run.sh] Test finished with status 0
        > STDERR
        > No resources found in default namespace.
        > error: Found argument 'mutex' which wasn't expected, or isn't valid in this context
        > 
        > USAGE:
        > proxy <SUBCOMMAND>
        > 
        > For more information try --help
    [exp] Times: [48.336267, 48.364641, 48.425585, 48.459365, 48.458648, 48.415276, 48.369138, 48.429319]
    [exp] Throughput: 2065.8049834286417
    [exp] Running (pre_run: False) workload mutex/mix request with the following configuration: {'CLIENT_CPU_QUOTA': '8', 'SLOWPOKE_POKER_BATCH_THRESHOLD': '20000000', 'SLOWPOKE_PROCESSING_MICROS_SERVICE1': '400', 'SLOWPOKE_PROCESSING_MICROS_SERVICE2': '0', 'SLOWPOKE_DELAY_MICROS_SERVICE1': '0.0', 'SLOWPOKE_DELAY_MICROS_SERVICE2': '140.0'}
    [exp] Executing cmd `bash run.sh mutex mix 8 512 100000`:
        [run.sh] Running benchmark mutex with request mix, thread 8, conn 512, duration 60
        [run.sh] Deleting all services
        service "service1" deleted
        deployment.apps "service1" deleted
        service "service2" deleted
        deployment.apps "service2" deleted
        deployment.apps "ubuntu-client" deleted
        [run.sh] Waiting for all pods to be deleted
        [run.sh] Deploying all services
        service/service1 created
        deployment.apps/service1 created
        service/service2 created
        deployment.apps/service2 created
        [run.sh] Client pod not found, deploying client
        deployment.apps/ubuntu-client created
        [run.sh] Waiting for all pods to be running
        [run.sh] All pods are running
        [run.sh] Starting the rust proxy first for mutex
        [run.sh] Running warmup test
        [run.sh] /wrk/wrk -t8 -c512 -d3s -L http://service1:80/
        Running 3s test @ http://service1:80/
        8 threads and 512 connections
        Thread Stats   Avg      Stdev     Max   +/- Stdev
        Latency   260.26ms   43.78ms 493.27ms   88.61%
        Req/Sec   249.61     78.56   444.00     68.75%
        Latency Distribution
        50%  251.49ms
        75%  269.11ms
        90%  290.83ms
        99%  457.75ms
        5647 requests in 3.03s, 799.62KB read
        Requests/sec:   1862.51
        Transfer/sec:    263.73KB
        [run.sh] Speed is 1862.51, duration is 80
        [run.sh] Fix the request number.
        [run.sh] Running the actual test
        [run.sh] /wrk/wrk --timeout 20s -t8 -c512 -d80s -L -s /wrk/fix_req_n.lua http://service1:80/
        [run.sh] Checking the resource usage
        Running 1m test @ http://service1:80/
        8 threads and 512 connections
        Thread Stats   Avg      Stdev     Max   +/- Stdev
        Latency   248.94ms   23.68ms 480.33ms   72.68%
        Req/Sec   258.19     49.56   510.00     70.78%
        Latency Distribution
        50%  247.37ms
        75%  262.51ms
        90%  277.16ms
        99%  309.62ms
        100000 requests in 1.33m, 13.83MB read
        Requests/sec:   1250.00
        Transfer/sec:    177.00KB
        ------------------------------
        stop time: 48.628432
        stop time: 48.681378
        stop time: 48.787344
        stop time: 48.768110
        stop time: 48.788279
        stop time: 48.781436
        stop time: 48.768130
        stop time: 48.767791
        [run.sh] Test finished with status 0
        > STDERR
        > No resources found in default namespace.
        > error: Found argument 'mutex' which wasn't expected, or isn't valid in this context
        > 
        > USAGE:
        > proxy <SUBCOMMAND>
        > 
        > For more information try --help
        > error: metrics not available yet
    [exp] Times: [48.628432, 48.681378, 48.787344, 48.76811, 48.788279, 48.781436, 48.76813, 48.767791]
    [exp] Throughput: 2051.4351199025364
    [exp] Running (pre_run: False) workload mutex/mix request with the following configuration: {'CLIENT_CPU_QUOTA': '8', 'SLOWPOKE_POKER_BATCH_THRESHOLD': '20000000', 'SLOWPOKE_PROCESSING_MICROS_SERVICE1': '400', 'SLOWPOKE_PROCESSING_MICROS_SERVICE2': '0', 'SLOWPOKE_DELAY_MICROS_SERVICE1': '0.0', 'SLOWPOKE_DELAY_MICROS_SERVICE2': '120.0'}
    [exp] Executing cmd `bash run.sh mutex mix 8 512 100000`:
        [run.sh] Running benchmark mutex with request mix, thread 8, conn 512, duration 60
        [run.sh] Deleting all services
        service "service1" deleted
        deployment.apps "service1" deleted
        service "service2" deleted
        deployment.apps "service2" deleted
        deployment.apps "ubuntu-client" deleted
        [run.sh] Waiting for all pods to be deleted
        [run.sh] Deploying all services
        service/service1 created
        deployment.apps/service1 created
        service/service2 created
        deployment.apps/service2 created
        [run.sh] Client pod not found, deploying client
        deployment.apps/ubuntu-client created
        [run.sh] Waiting for all pods to be running
        [run.sh] All pods are running
        [run.sh] Starting the rust proxy first for mutex
        [run.sh] Running warmup test
        [run.sh] /wrk/wrk -t8 -c512 -d3s -L http://service1:80/
        Running 3s test @ http://service1:80/
        8 threads and 512 connections
        Thread Stats   Avg      Stdev     Max   +/- Stdev
        Latency   259.22ms   47.75ms 528.99ms   90.69%
        Req/Sec   252.12     67.38   494.00     79.02%
        Latency Distribution
        50%  248.32ms
        75%  263.48ms
        90%  290.63ms
        99%  483.86ms
        5683 requests in 3.03s, 804.72KB read
        Requests/sec:   1878.30
        Transfer/sec:    265.97KB
        [run.sh] Speed is 1878.30, duration is 79
        [run.sh] Fix the request number.
        [run.sh] Running the actual test
        [run.sh] /wrk/wrk --timeout 20s -t8 -c512 -d79s -L -s /wrk/fix_req_n.lua http://service1:80/
        [run.sh] Checking the resource usage
        NAME                             CPU(cores)   MEMORY(bytes)
        service1-5fbf55cb56-gxmtg        1949m        36Mi
        service2-7494c79664-c75h5        873m         12Mi
        ubuntu-client-76886f6bbd-qsrvv   63m          10Mi
        Running 1m test @ http://service1:80/
        8 threads and 512 connections
        Thread Stats   Avg      Stdev     Max   +/- Stdev
        Latency   271.11ms   26.97ms 460.06ms   71.89%
        Req/Sec   236.97     48.95   575.00     72.13%
        Latency Distribution
        50%  273.01ms
        75%  287.08ms
        90%  300.83ms
        99%  341.38ms
        100000 requests in 1.32m, 13.83MB read
        Requests/sec:   1265.82
        Transfer/sec:    179.24KB
        ------------------------------
        stop time: 53.014417
        stop time: 53.049118
        stop time: 53.124366
        stop time: 53.116846
        stop time: 53.110954
        stop time: 53.102294
        stop time: 53.062146
        stop time: 53.093702
        [run.sh] Test finished with status 0
        > STDERR
        > No resources found in default namespace.
        > error: Found argument 'mutex' which wasn't expected, or isn't valid in this context
        > 
        > USAGE:
        > proxy <SUBCOMMAND>
        > 
        > For more information try --help
    [exp] Times: [53.014417, 53.049118, 53.124366, 53.116846, 53.110954, 53.102294, 53.062146, 53.093702]
    [exp] Throughput: 1883.7986214281625
    [exp] Running (pre_run: False) workload mutex/mix request with the following configuration: {'CLIENT_CPU_QUOTA': '8', 'SLOWPOKE_POKER_BATCH_THRESHOLD': '20000000', 'SLOWPOKE_PROCESSING_MICROS_SERVICE1': '400', 'SLOWPOKE_PROCESSING_MICROS_SERVICE2': '0', 'SLOWPOKE_DELAY_MICROS_SERVICE1': '0.0', 'SLOWPOKE_DELAY_MICROS_SERVICE2': '100.0'}
    [exp] Executing cmd `bash run.sh mutex mix 8 512 100000`:
        [run.sh] Running benchmark mutex with request mix, thread 8, conn 512, duration 60
        [run.sh] Deleting all services
        service "service1" deleted
        deployment.apps "service1" deleted
        service "service2" deleted
        deployment.apps "service2" deleted
        deployment.apps "ubuntu-client" deleted
        [run.sh] Waiting for all pods to be deleted
        [run.sh] Deploying all services
        service/service1 created
        deployment.apps/service1 created
        service/service2 created
        deployment.apps/service2 created
        [run.sh] Client pod not found, deploying client
        deployment.apps/ubuntu-client created
        [run.sh] Waiting for all pods to be running
        [run.sh] All pods are running
        [run.sh] Starting the rust proxy first for mutex
        [run.sh] Running warmup test
        [run.sh] /wrk/wrk -t8 -c512 -d3s -L http://service1:80/
        Running 3s test @ http://service1:80/
        8 threads and 512 connections
        Thread Stats   Avg      Stdev     Max   +/- Stdev
        Latency   274.01ms   52.41ms 541.61ms   89.02%
        Req/Sec   237.52     70.35   410.00     72.77%
        Latency Distribution
        50%  265.92ms
        75%  283.17ms
        90%  308.97ms
        99%  510.51ms
        5347 requests in 3.02s, 757.14KB read
        Requests/sec:   1769.53
        Transfer/sec:    250.57KB
        [run.sh] Speed is 1769.53, duration is 84
        [run.sh] Fix the request number.
        [run.sh] Running the actual test
        [run.sh] /wrk/wrk --timeout 20s -t8 -c512 -d84s -L -s /wrk/fix_req_n.lua http://service1:80/
        [run.sh] Checking the resource usage
        NAME                             CPU(cores)   MEMORY(bytes)
        service1-5fbf55cb56-rkr86        566m         34Mi
        service2-6cb595d5d6-lxx9m        250m         11Mi
        ubuntu-client-76886f6bbd-fxglz   10m          9Mi
        Running 1m test @ http://service1:80/
        8 threads and 512 connections
        Thread Stats   Avg      Stdev     Max   +/- Stdev
        Latency   257.52ms   25.36ms 474.15ms   70.50%
        Req/Sec   249.41     50.11   565.00     72.48%
        Latency Distribution
        50%  256.81ms
        75%  273.12ms
        90%  288.24ms
        99%  322.86ms
        100000 requests in 1.40m, 13.83MB read
        Requests/sec:   1190.47
        Transfer/sec:    168.57KB
        ------------------------------
        stop time: 50.296834
        stop time: 50.360579
        stop time: 50.424434
        stop time: 50.390409
        stop time: 50.464265
        stop time: 50.511755
        stop time: 50.483774
        stop time: 50.515458
        [run.sh] Test finished with status 0
        > STDERR
        > No resources found in default namespace.
        > error: Found argument 'mutex' which wasn't expected, or isn't valid in this context
        > 
        > USAGE:
        > proxy <SUBCOMMAND>
        > 
        > For more information try --help
    [exp] Times: [50.296834, 50.360579, 50.424434, 50.390409, 50.464265, 50.511755, 50.483774, 50.515458]
    [exp] Throughput: 1982.9097568747409
    [exp] Running (pre_run: False) workload mutex/mix request with the following configuration: {'CLIENT_CPU_QUOTA': '8', 'SLOWPOKE_POKER_BATCH_THRESHOLD': '20000000', 'SLOWPOKE_PROCESSING_MICROS_SERVICE1': '400', 'SLOWPOKE_PROCESSING_MICROS_SERVICE2': '0', 'SLOWPOKE_DELAY_MICROS_SERVICE1': '0.0', 'SLOWPOKE_DELAY_MICROS_SERVICE2': '80.0'}
    [exp] Executing cmd `bash run.sh mutex mix 8 512 100000`:
        [run.sh] Running benchmark mutex with request mix, thread 8, conn 512, duration 60
        [run.sh] Deleting all services
        service "service1" deleted
        deployment.apps "service1" deleted
        service "service2" deleted
        deployment.apps "service2" deleted
        deployment.apps "ubuntu-client" deleted
        [run.sh] Waiting for all pods to be deleted
        [run.sh] Deploying all services
        service/service1 created
        deployment.apps/service1 created
        service/service2 created
        deployment.apps/service2 created
        [run.sh] Client pod not found, deploying client
        deployment.apps/ubuntu-client created
        [run.sh] Waiting for all pods to be running
        [run.sh] All pods are running
        [run.sh] Starting the rust proxy first for mutex
        [run.sh] Running warmup test
        [run.sh] /wrk/wrk -t8 -c512 -d3s -L http://service1:80/
        Running 3s test @ http://service1:80/
        8 threads and 512 connections
        Thread Stats   Avg      Stdev     Max   +/- Stdev
        Latency   259.76ms   48.61ms 542.10ms   83.23%
        Req/Sec   251.20     76.64   494.00     76.79%
        Latency Distribution
        50%  250.48ms
        75%  270.16ms
        90%  311.17ms
        99%  415.93ms
        5660 requests in 3.02s, 801.46KB read
        Requests/sec:   1872.36
        Transfer/sec:    265.13KB
        [run.sh] Speed is 1872.36, duration is 80
        [run.sh] Fix the request number.
        [run.sh] Running the actual test
        [run.sh] /wrk/wrk --timeout 20s -t8 -c512 -d80s -L -s /wrk/fix_req_n.lua http://service1:80/
        [run.sh] Checking the resource usage
        Running 1m test @ http://service1:80/
        8 threads and 512 connections
        Thread Stats   Avg      Stdev     Max   +/- Stdev
        Latency   249.22ms   27.87ms 616.82ms   82.66%
        Req/Sec   258.42     53.81   585.00     71.90%
        Latency Distribution
        50%  247.23ms
        75%  260.41ms
        90%  275.15ms
        99%  333.36ms
        100000 requests in 1.33m, 13.83MB read
        Requests/sec:   1250.00
        Transfer/sec:    177.00KB
        ------------------------------
        stop time: 48.694085
        stop time: 48.827708
        stop time: 48.807291
        stop time: 48.810348
        stop time: 48.835996
        stop time: 48.754470
        stop time: 48.827022
        stop time: 48.815449
        [run.sh] Test finished with status 0
        > STDERR
        > No resources found in default namespace.
        > error: Found argument 'mutex' which wasn't expected, or isn't valid in this context
        > 
        > USAGE:
        > proxy <SUBCOMMAND>
        > 
        > For more information try --help
        > error: metrics not available yet
    [exp] Times: [48.694085, 48.827708, 48.807291, 48.810348, 48.835996, 48.75447, 48.827022, 48.815449]
    [exp] Throughput: 2049.3253711816883
    [exp] Running (pre_run: False) workload mutex/mix request with the following configuration: {'CLIENT_CPU_QUOTA': '8', 'SLOWPOKE_POKER_BATCH_THRESHOLD': '20000000', 'SLOWPOKE_PROCESSING_MICROS_SERVICE1': '400', 'SLOWPOKE_PROCESSING_MICROS_SERVICE2': '0', 'SLOWPOKE_DELAY_MICROS_SERVICE1': '0.0', 'SLOWPOKE_DELAY_MICROS_SERVICE2': '60.0'}
    [exp] Executing cmd `bash run.sh mutex mix 8 512 100000`:
        [run.sh] Running benchmark mutex with request mix, thread 8, conn 512, duration 60
        [run.sh] Deleting all services
        service "service1" deleted
        deployment.apps "service1" deleted
        service "service2" deleted
        deployment.apps "service2" deleted
        deployment.apps "ubuntu-client" deleted
        [run.sh] Waiting for all pods to be deleted
        [run.sh] Deploying all services
        service/service1 created
        deployment.apps/service1 created
        service/service2 created
        deployment.apps/service2 created
        [run.sh] Client pod not found, deploying client
        deployment.apps/ubuntu-client created
        [run.sh] Waiting for all pods to be running
        [run.sh] All pods are running
        [run.sh] Starting the rust proxy first for mutex
        [run.sh] Running warmup test
        [run.sh] /wrk/wrk -t8 -c512 -d3s -L http://service1:80/
        Running 3s test @ http://service1:80/
        8 threads and 512 connections
        Thread Stats   Avg      Stdev     Max   +/- Stdev
        Latency   257.58ms   41.43ms 494.25ms   90.41%
        Req/Sec   252.03     69.03   404.00     68.30%
        Latency Distribution
        50%  249.20ms
        75%  264.28ms
        90%  282.67ms
        99%  461.65ms
        5715 requests in 3.03s, 809.25KB read
        Requests/sec:   1887.56
        Transfer/sec:    267.28KB
        [run.sh] Speed is 1887.56, duration is 79
        [run.sh] Fix the request number.
        [run.sh] Running the actual test
        [run.sh] /wrk/wrk --timeout 20s -t8 -c512 -d79s -L -s /wrk/fix_req_n.lua http://service1:80/
        [run.sh] Checking the resource usage
        NAME                             CPU(cores)   MEMORY(bytes)
        service1-5fbf55cb56-phqms        1947m        37Mi
        service2-7c96c4fddc-p2hjv        881m         10Mi
        ubuntu-client-76886f6bbd-hsjz4   66m          10Mi
        Running 1m test @ http://service1:80/
        8 threads and 512 connections
        Thread Stats   Avg      Stdev     Max   +/- Stdev
        Latency   258.12ms   50.60ms 620.56ms   92.10%
        Req/Sec   248.56     60.78   510.00     72.46%
        Latency Distribution
        50%  249.32ms
        75%  264.83ms
        90%  284.63ms
        99%  507.05ms
        100000 requests in 1.32m, 13.83MB read
        Requests/sec:   1265.82
        Transfer/sec:    179.24KB
        ------------------------------
        stop time: 50.567976
        stop time: 50.580695
        stop time: 50.656128
        stop time: 50.708043
        stop time: 50.677329
        stop time: 50.651288
        stop time: 50.754729
        stop time: 50.765765
        [run.sh] Test finished with status 0
        > STDERR
        > No resources found in default namespace.
        > error: Found argument 'mutex' which wasn't expected, or isn't valid in this context
        > 
        > USAGE:
        > proxy <SUBCOMMAND>
        > 
        > For more information try --help
    [exp] Times: [50.567976, 50.580695, 50.656128, 50.708043, 50.677329, 50.651288, 50.754729, 50.765765]
    [exp] Throughput: 1973.5448630029664
    [exp] Running (pre_run: False) workload mutex/mix request with the following configuration: {'CLIENT_CPU_QUOTA': '8', 'SLOWPOKE_POKER_BATCH_THRESHOLD': '20000000', 'SLOWPOKE_PROCESSING_MICROS_SERVICE1': '400', 'SLOWPOKE_PROCESSING_MICROS_SERVICE2': '0', 'SLOWPOKE_DELAY_MICROS_SERVICE1': '0.0', 'SLOWPOKE_DELAY_MICROS_SERVICE2': '40.0'}
    [exp] Executing cmd `bash run.sh mutex mix 8 512 100000`:
        [run.sh] Running benchmark mutex with request mix, thread 8, conn 512, duration 60
        [run.sh] Deleting all services
        service "service1" deleted
        deployment.apps "service1" deleted
        service "service2" deleted
        deployment.apps "service2" deleted
        deployment.apps "ubuntu-client" deleted
        [run.sh] Waiting for all pods to be deleted
        [run.sh] Deploying all services
        service/service1 created
        deployment.apps/service1 created
        service/service2 created
        deployment.apps/service2 created
        [run.sh] Client pod not found, deploying client
        deployment.apps/ubuntu-client created
        [run.sh] Waiting for all pods to be running
        [run.sh] All pods are running
        [run.sh] Starting the rust proxy first for mutex
        [run.sh] Running warmup test
        [run.sh] /wrk/wrk -t8 -c512 -d3s -L http://service1:80/
        Running 3s test @ http://service1:80/
        8 threads and 512 connections
        Thread Stats   Avg      Stdev     Max   +/- Stdev
        Latency   459.44ms  107.86ms 879.54ms   80.32%
        Req/Sec   146.43     58.38   282.00     70.19%
        Latency Distribution
        50%  439.43ms
        75%  497.26ms
        90%  591.93ms
        99%  836.18ms
        3125 requests in 3.03s, 442.50KB read
        Requests/sec:   1030.89
        Transfer/sec:    145.98KB
        [run.sh] Speed is 1030.89, duration is 145
        [run.sh] Fix the request number.
        [run.sh] Running the actual test
        [run.sh] /wrk/wrk --timeout 20s -t8 -c512 -d145s -L -s /wrk/fix_req_n.lua http://service1:80/
        [run.sh] Checking the resource usage
        NAME                             CPU(cores)   MEMORY(bytes)
        service1-5fbf55cb56-vbkbd        731m         34Mi
        service2-9cd7fd54f-jp8rn         376m         10Mi
        ubuntu-client-76886f6bbd-kvrbm   5m           13Mi
        Running 2m test @ http://service1:80/
        8 threads and 512 connections
        Thread Stats   Avg      Stdev     Max   +/- Stdev
        Latency   460.46ms  121.65ms   1.37s    84.04%
        Req/Sec   142.87     62.36   636.00     78.11%
        Latency Distribution
        50%  465.58ms
        75%  502.96ms
        90%  542.49ms
        99%  929.66ms
        100001 requests in 2.42m, 13.83MB read
        Requests/sec:    689.66
        Transfer/sec:     97.66KB
        ------------------------------
        stop time: 89.874444
        stop time: 90.324686
        stop time: 90.333119
        stop time: 90.490023
        stop time: 90.330843
        stop time: 90.420713
        stop time: 90.319810
        stop time: 90.441495
        [run.sh] Test finished with status 0
        > STDERR
        > No resources found in default namespace.
        > error: Found argument 'mutex' which wasn't expected, or isn't valid in this context
        > 
        > USAGE:
        > proxy <SUBCOMMAND>
        > 
        > For more information try --help
    [exp] Times: [89.874444, 90.324686, 90.333119, 90.490023, 90.330843, 90.420713, 90.31981, 90.441495]
    [exp] Throughput: 1107.212595570768
    [exp] Running (pre_run: False) workload mutex/mix request with the following configuration: {'CLIENT_CPU_QUOTA': '8', 'SLOWPOKE_POKER_BATCH_THRESHOLD': '20000000', 'SLOWPOKE_PROCESSING_MICROS_SERVICE1': '400', 'SLOWPOKE_PROCESSING_MICROS_SERVICE2': '0', 'SLOWPOKE_DELAY_MICROS_SERVICE1': '0.0', 'SLOWPOKE_DELAY_MICROS_SERVICE2': '20.0'}
    [exp] Executing cmd `bash run.sh mutex mix 8 512 100000`:
        [run.sh] Running benchmark mutex with request mix, thread 8, conn 512, duration 60
        [run.sh] Deleting all services
        service "service1" deleted
        deployment.apps "service1" deleted
        service "service2" deleted
        deployment.apps "service2" deleted
        deployment.apps "ubuntu-client" deleted
        [run.sh] Waiting for all pods to be deleted
        [run.sh] Deploying all services
        service/service1 created
        deployment.apps/service1 created
        service/service2 created
        deployment.apps/service2 created
        [run.sh] Client pod not found, deploying client
        deployment.apps/ubuntu-client created
        [run.sh] Waiting for all pods to be running
        [run.sh] All pods are running
        [run.sh] Starting the rust proxy first for mutex
        [run.sh] Running warmup test
        [run.sh] /wrk/wrk -t8 -c512 -d3s -L http://service1:80/
        Running 3s test @ http://service1:80/
        8 threads and 512 connections
        Thread Stats   Avg      Stdev     Max   +/- Stdev
        Latency   267.98ms   44.51ms 496.91ms   87.70%
        Req/Sec   242.34     81.42   535.00     73.66%
        Latency Distribution
        50%  258.04ms
        75%  277.88ms
        90%  304.42ms
        99%  468.12ms
        5464 requests in 3.03s, 773.71KB read
        Requests/sec:   1805.81
        Transfer/sec:    255.70KB
        [run.sh] Speed is 1805.81, duration is 83
        [run.sh] Fix the request number.
        [run.sh] Running the actual test
        [run.sh] /wrk/wrk --timeout 20s -t8 -c512 -d83s -L -s /wrk/fix_req_n.lua http://service1:80/
        [run.sh] Checking the resource usage
        NAME                        CPU(cores)   MEMORY(bytes)
        service1-5fbf55cb56-8pwtf   292m         36Mi
        service2-9d547cb87-n45ft    132m         10Mi
        Running 1m test @ http://service1:80/
        8 threads and 512 connections
        Thread Stats   Avg      Stdev     Max   +/- Stdev
        Latency   248.57ms   28.31ms 545.62ms   84.77%
        Req/Sec   258.84     51.87   730.00     77.65%
        Latency Distribution
        50%  247.28ms
        75%  260.59ms
        90%  274.03ms
        99%  333.35ms
        100000 requests in 1.38m, 13.83MB read
        Requests/sec:   1204.82
        Transfer/sec:    170.60KB
        ------------------------------
        stop time: 48.549295
        stop time: 48.688424
        stop time: 48.673318
        stop time: 48.777404
        stop time: 48.758024
        stop time: 48.694383
        stop time: 48.666490
        stop time: 48.671410
        [run.sh] Test finished with status 0
        > STDERR
        > No resources found in default namespace.
        > error: Found argument 'mutex' which wasn't expected, or isn't valid in this context
        > 
        > USAGE:
        > proxy <SUBCOMMAND>
        > 
        > For more information try --help
    [exp] Times: [48.549295, 48.688424, 48.673318, 48.777404, 48.758024, 48.694383, 48.66649, 48.67141]
    [exp] Throughput: 2054.02734836767
[test.py] Baseline throughput:  2056.231653947769
[test.py] Groundtruth:  [3561.7396854467406, 3305.4944863153723, 3078.1069523735787, 2903.903787191825, 2755.976396825986, 2614.774018384254, 2485.911886766167, 2362.9463849030717, 2252.1207897734935, 2163.981310126221]
[test.py] Slowdown:  [2044.8936880476135, 2060.9745875315525, 2065.8049834286417, 2051.4351199025364, 1883.7986214281625, 1982.9097568747409, 2049.3253711816883, 1973.5448630029664, 1107.212595570768, 2054.02734836767]
[test.py] Predicted:  [3459.9325238769306, 3276.4611621215386, 3085.72642892942, 2877.999099905782, 2434.0239329601895, 2473.35341968379, 2451.1878945242447, 2238.6266732765475, 1158.521792402415, 2142.022817319715]
[test.py] Error percentage:  [-2.858354920933548, -0.8783352782474965, 0.2475377455603247, -0.8920642412568988, -11.681974643780833, -5.4085208781389005, -1.3968311759872278, -5.261215930281201, -48.558629818477314, -1.0147265461005854]
[test.py] ++++++++++++++++++++++++++++++++ Summary: 
[test.py] Result for the experiment 0: 
    Baseline throughput: 2058.6684639940313
    Groundtruth: [3448.2533443801003, 3294.386668612057, 3085.3616597301952, 2920.94444152634, 2760.2459319780105, 2640.521865083901, 2485.2092615473434, 2362.3030808513054, 2249.4893258540023, 2152.531028586791]
    Slowdown:    [2051.5709703394973, 2057.837609577763, 2055.0615729842016, 2061.022071665705, 2061.6676917063673, 2029.614825355995, 2038.338928357118, 2035.8848628728479, 2028.2592699079962, 2034.7352192700619]
    Predicted:   [3479.0916615275046, 3268.540042649137, 3061.817248242268, 2896.9035830460602, 2739.3941385395924, 2546.4450975503164, 2435.486719554255, 2319.1798521946093, 2207.3417223134757, 2121.050752634975]
    Error Perc:  [0.8943170372810335, -0.7845656434072823, -0.7631005400509927, -0.8230508645935538, -0.7554324488570323, -3.562809639169392, -2.0007386405010408, -1.8254740048493554, -1.8736520798793146, -1.4624772202463217]
[test.py] Result for the experiment 1: 
    Baseline throughput: 2063.136266227846
    Groundtruth: [3526.3254209819856, 3288.3362741130154, 3096.621771831316, 2920.9885415351955, 2765.0731021558713, 2598.4189588546433, 2472.865425424025, 2370.6701986886846, 2250.284165884468, 2143.2594135128143]
    Slowdown:    [2061.0537183508777, 2060.2267051318895, 2054.750470075539, 2050.273590045561, 2058.222514816848, 2050.1904457783417, 2056.6780996031107, 2059.3018386044014, 2060.1354569965006, 2059.168979990723]
    Predicted:   [3506.4501369422183, 3274.5714086421544, 3061.126721156764, 2875.7135166457874, 2733.31496226792, 2578.917685757152, 2461.7144324606, 2349.615944700567, 2245.147800605505, 2147.6150247909536]
    Error Perc:  [-0.5636259183995749, -0.4185966495952077, -1.1462507626031684, -1.549989814941647, -1.1485461220967486, -0.7505053421441815, -0.45093408030939636, -0.888114002519775, -0.22825407372248052, 0.20322370921028537]
[test.py] Result for the experiment 2: 
    Baseline throughput: 2056.231653947769
    Groundtruth: [3561.7396854467406, 3305.4944863153723, 3078.1069523735787, 2903.903787191825, 2755.976396825986, 2614.774018384254, 2485.911886766167, 2362.9463849030717, 2252.1207897734935, 2163.981310126221]
    Slowdown:    [2044.8936880476135, 2060.9745875315525, 2065.8049834286417, 2051.4351199025364, 1883.7986214281625, 1982.9097568747409, 2049.3253711816883, 1973.5448630029664, 1107.212595570768, 2054.02734836767]
    Predicted:   [3459.9325238769306, 3276.4611621215386, 3085.72642892942, 2877.999099905782, 2434.0239329601895, 2473.35341968379, 2451.1878945242447, 2238.6266732765475, 1158.521792402415, 2142.022817319715]
    Error Perc:  [-2.858354920933548, -0.8783352782474965, 0.2475377455603247, -0.8920642412568988, -11.681974643780833, -5.4085208781389005, -1.3968311759872278, -5.261215930281201, -48.558629818477314, -1.0147265461005854]
