[config.py] Random numbers for execution time: [738.7567487313221, 908.1430120173984, 1414.8986942771999]
benchmark                        : synthetic
num_threads                      : 8
num_conns                        : 256
target_service                   : service2
request_type                     : chain-d2-grpc-sync
repetitions                      : 5
target_num_exp                   : 10
pre_run                          : False
num_req                          : 20000
groundtruths                     : []
slowdowns                        : []
predicteds                       : []
errs                             : []
poker_batch_req                  : 100
client_cpu_quota                 : 2
random_seed                      : 22717
request_ratio                    : {'service0': 1, 'service1': 1, 'service2': 1}
baseline_service_processing_time : {'service0': 1414.9, 'service1': 908.14, 'service2': 1477.51}
cpu_quota                        : {'service0': 2, 'service1': 2, 'service2': 2}
target_processing_time_range     : [0, 1477.51]
baseline_throughputs             : []
poker_batch                      : 20000000
[test.py] Starting experiment...
[test.py] >>>>>>>>>>>>>>>>>>>>>>>>>>>>> Running experiment 0...
[test.py] Actual processing time range: [0, 147, 294, 441, 588, 735, 882, 1029, 1176, 1323]
[test.py] Running baseline experiment
    [exp] Running (pre_run: False) workload synthetic/chain-d2-grpc-sync request with the following configuration: {'CLIENT_CPU_QUOTA': '2', 'SLOWPOKE_POKER_BATCH_THRESHOLD': '20000000', 'PROCESSING_TIME_SERVICE0': '0.0014149', 'PROCESSING_TIME_SERVICE1': '0.00090814', 'PROCESSING_TIME_SERVICE2': '0.00147751', 'SLOWPOKE_DELAY_MICROS_SERVICE0': '0.0', 'SLOWPOKE_POKER_BATCH_THRESHOLD_SERVICE0': '100', 'SLOWPOKE_IS_TARGET_SERVICE_SERVICE0': 'false', 'SLOWPOKE_DELAY_MICROS_SERVICE1': '0.0', 'SLOWPOKE_POKER_BATCH_THRESHOLD_SERVICE1': '100', 'SLOWPOKE_IS_TARGET_SERVICE_SERVICE1': 'false', 'SLOWPOKE_DELAY_MICROS_SERVICE2': '0.0', 'SLOWPOKE_POKER_BATCH_THRESHOLD_SERVICE2': '100', 'SLOWPOKE_IS_TARGET_SERVICE_SERVICE2': 'true'}
    [exp] Executing cmd `bash run.sh synthetic chain-d2-grpc-sync 8 256 20000`:
        [run.sh] Running benchmark synthetic with request chain-d2-grpc-sync, thread 8, conn 256, duration 60
        [run.sh] Deleting all services
        configmap "config-service0" deleted
        deployment.apps "service0" deleted
        service "service0" deleted
        configmap "config-service1" deleted
        deployment.apps "service1" deleted
        service "service1" deleted
        configmap "config-service2" deleted
        deployment.apps "service2" deleted
        service "service2" deleted
        deployment.apps "ubuntu-client" deleted
        [run.sh] Waiting for all pods to be deleted
        [run.sh] Deploying all services
        configmap/config-service0 created
        deployment.apps/service0 created
        service/service0 created
        configmap/config-service1 created
        deployment.apps/service1 created
        service/service1 created
        configmap/config-service2 created
        deployment.apps/service2 created
        service/service2 created
        [run.sh] Client pod not found, deploying client
        deployment.apps/ubuntu-client created
        [run.sh] Waiting for all pods to be running
        [run.sh] All pods are running
        [run.sh] Checking heartbeat for all services
        [run.sh] Running warmup test
        [run.sh] /wrk/wrk -t8 -c256 --timeout 3s -d3s -L http://service0:80/endpoint1
        Running 3s test @ http://service0:80/endpoint1
        8 threads and 256 connections
        Thread Stats   Avg      Stdev     Max   +/- Stdev
        Latency   237.86ms  135.45ms 765.61ms   70.90%
        Req/Sec   148.47     56.12   323.00     72.12%
        Latency Distribution
        50%  203.29ms
        75%  314.96ms
        90%  442.80ms
        99%  607.70ms
        3163 requests in 3.02s, 491.13KB read
        Requests/sec:   1046.22
        Transfer/sec:    162.45KB
        [run.sh] Speed is 1046.22, duration is 28
        [run.sh] Fix the request number.
        [run.sh] Running the actual test
        [run.sh] /wrk/wrk --timeout 20s -t8 -c256 -d28s -L -s /wrk/fix_req_n.lua http://service0:80/endpoint1
        Running 28s test @ http://service0:80/endpoint1
        8 threads and 256 connections
        Thread Stats   Avg      Stdev     Max   +/- Stdev
        Latency   220.42ms  140.47ms   1.62s    77.23%
        Req/Sec   146.30     50.99   393.00     70.17%
        Latency Distribution
        50%  182.92ms
        75%  283.83ms
        90%  406.94ms
        99%  700.92ms
        20000 requests in 28.00s, 3.03MB read
        Requests/sec:    714.28
        Transfer/sec:    110.91KB
        ------------------------------
        stop time: 17.154299
        stop time: 17.212662
        stop time: 17.152758
        stop time: 16.844384
        stop time: 17.157195
        stop time: 17.159788
        stop time: 17.293853
        stop time: 17.205019
        [run.sh] Checking the resource usage
        NAME                             CPU(cores)   MEMORY(bytes)
        service0-6fb7cc7c7f-dpr87        17m          26Mi
        service1-76b89695f7-6g8rp        0m           13Mi
        ubuntu-client-76886f6bbd-l9jw7   15m          0Mi
        [run.sh] Test finished with status 0
        > STDERR
        > No resources found in default namespace.
    [exp] Times: [17.154299, 17.212662, 17.152758, 16.844384, 17.157195, 17.159788, 17.293853, 17.205019]
    [exp] Throughput: 1166.3511370954056
[test.py] Baseline throughput: 1166.3511370954056
[test.py] Running 0th optmization experiment
[test.py] Running 0th groundtruth exp
    [exp] Running (pre_run: False) workload synthetic/chain-d2-grpc-sync request with the following configuration: {'CLIENT_CPU_QUOTA': '2', 'SLOWPOKE_POKER_BATCH_THRESHOLD': '20000000', 'PROCESSING_TIME_SERVICE0': '0.0014149', 'PROCESSING_TIME_SERVICE1': '0.00090814', 'PROCESSING_TIME_SERVICE2': '0.0', 'SLOWPOKE_DELAY_MICROS_SERVICE0': '0.0', 'SLOWPOKE_POKER_BATCH_THRESHOLD_SERVICE0': '100', 'SLOWPOKE_IS_TARGET_SERVICE_SERVICE0': 'false', 'SLOWPOKE_DELAY_MICROS_SERVICE1': '0.0', 'SLOWPOKE_POKER_BATCH_THRESHOLD_SERVICE1': '100', 'SLOWPOKE_IS_TARGET_SERVICE_SERVICE1': 'false', 'SLOWPOKE_DELAY_MICROS_SERVICE2': '0.0', 'SLOWPOKE_POKER_BATCH_THRESHOLD_SERVICE2': '100', 'SLOWPOKE_IS_TARGET_SERVICE_SERVICE2': 'true'}
    [exp] Executing cmd `bash run.sh synthetic chain-d2-grpc-sync 8 256 20000`:
        [run.sh] Running benchmark synthetic with request chain-d2-grpc-sync, thread 8, conn 256, duration 60
        [run.sh] Deleting all services
        configmap "config-service0" deleted
        deployment.apps "service0" deleted
        service "service0" deleted
        configmap "config-service1" deleted
        deployment.apps "service1" deleted
        service "service1" deleted
        configmap "config-service2" deleted
        deployment.apps "service2" deleted
        service "service2" deleted
        deployment.apps "ubuntu-client" deleted
        [run.sh] Waiting for all pods to be deleted
        [run.sh] Deploying all services
        configmap/config-service0 created
        deployment.apps/service0 created
        service/service0 created
        configmap/config-service1 created
        deployment.apps/service1 created
        service/service1 created
        configmap/config-service2 created
        deployment.apps/service2 created
        service/service2 created
        [run.sh] Client pod not found, deploying client
        deployment.apps/ubuntu-client created
        [run.sh] Waiting for all pods to be running
        [run.sh] All pods are running
        [run.sh] Checking heartbeat for all services
        [run.sh] Running warmup test
        [run.sh] /wrk/wrk -t8 -c256 --timeout 3s -d3s -L http://service0:80/endpoint1
        Running 3s test @ http://service0:80/endpoint1
        8 threads and 256 connections
        Thread Stats   Avg      Stdev     Max   +/- Stdev
        Latency   209.79ms  133.47ms 792.05ms   74.90%
        Req/Sec   147.88     84.35   343.00     65.47%
        Latency Distribution
        50%  171.60ms
        75%  288.48ms
        90%  380.91ms
        99%  622.64ms
        3435 requests in 3.02s, 533.36KB read
        Requests/sec:   1137.74
        Transfer/sec:    176.66KB
        [run.sh] Speed is 1137.74, duration is 26
        [run.sh] Fix the request number.
        [run.sh] Running the actual test
        [run.sh] /wrk/wrk --timeout 20s -t8 -c256 -d26s -L -s /wrk/fix_req_n.lua http://service0:80/endpoint1
        Running 26s test @ http://service0:80/endpoint1
        8 threads and 256 connections
        Thread Stats   Avg      Stdev     Max   +/- Stdev
        Latency   215.06ms  149.16ms   1.39s    78.54%
        Req/Sec   151.45     73.83   414.00     66.54%
        Latency Distribution
        50%  173.46ms
        75%  278.28ms
        90%  413.17ms
        99%  727.65ms
        20001 requests in 26.00s, 3.03MB read
        Requests/sec:    769.27
        Transfer/sec:    119.45KB
        ------------------------------
        stop time: 16.405973
        stop time: 16.296712
        stop time: 16.779076
        stop time: 16.483549
        stop time: 16.635834
        stop time: 16.752854
        stop time: 16.579686
        stop time: 16.784227
        [run.sh] Checking the resource usage
        NAME                             CPU(cores)   MEMORY(bytes)
        service0-6fb7cc7c7f-n6rk8        1907m        29Mi
        service1-76b89695f7-jxn7x        1354m        11Mi
        service2-7bdbb95446-t8m4j        221m         8Mi
        ubuntu-client-76886f6bbd-ttnl9   36m          11Mi
        [run.sh] Test finished with status 0
        > STDERR
        > No resources found in default namespace.
    [exp] Times: [16.405973, 16.296712, 16.779076, 16.483549, 16.635834, 16.752854, 16.579686, 16.784227]
    [exp] Throughput: 1205.5644848116995
[test.py] Running 0th slowdown exp
    [exp] Running (pre_run: False) workload synthetic/chain-d2-grpc-sync request with the following configuration: {'CLIENT_CPU_QUOTA': '2', 'SLOWPOKE_POKER_BATCH_THRESHOLD': '20000000', 'PROCESSING_TIME_SERVICE0': '0.0014149', 'PROCESSING_TIME_SERVICE1': '0.00090814', 'PROCESSING_TIME_SERVICE2': '0.00147751', 'SLOWPOKE_DELAY_MICROS_SERVICE0': '738.5', 'SLOWPOKE_POKER_BATCH_THRESHOLD_SERVICE0': '100', 'SLOWPOKE_IS_TARGET_SERVICE_SERVICE0': 'false', 'SLOWPOKE_DELAY_MICROS_SERVICE1': '738.5', 'SLOWPOKE_POKER_BATCH_THRESHOLD_SERVICE1': '100', 'SLOWPOKE_IS_TARGET_SERVICE_SERVICE1': 'false', 'SLOWPOKE_DELAY_MICROS_SERVICE2': '0.0', 'SLOWPOKE_POKER_BATCH_THRESHOLD_SERVICE2': '100', 'SLOWPOKE_IS_TARGET_SERVICE_SERVICE2': 'true'}
    [exp] Executing cmd `bash run.sh synthetic chain-d2-grpc-sync 8 256 20000`:
        [run.sh] Running benchmark synthetic with request chain-d2-grpc-sync, thread 8, conn 256, duration 60
        [run.sh] Deleting all services
        configmap "config-service0" deleted
        deployment.apps "service0" deleted
        service "service0" deleted
        configmap "config-service1" deleted
        deployment.apps "service1" deleted
        service "service1" deleted
        configmap "config-service2" deleted
        deployment.apps "service2" deleted
        service "service2" deleted
        deployment.apps "ubuntu-client" deleted
        [run.sh] Waiting for all pods to be deleted
        [run.sh] Deploying all services
        configmap/config-service0 created
        deployment.apps/service0 created
        service/service0 created
        configmap/config-service1 created
        deployment.apps/service1 created
        service/service1 created
        configmap/config-service2 created
        deployment.apps/service2 created
        service/service2 created
        [run.sh] Client pod not found, deploying client
        deployment.apps/ubuntu-client created
        [run.sh] Waiting for all pods to be running
        [run.sh] All pods are running
        [run.sh] Checking heartbeat for all services
        [run.sh] Running warmup test
        [run.sh] /wrk/wrk -t8 -c256 --timeout 3s -d3s -L http://service0:80/endpoint1
        Running 3s test @ http://service0:80/endpoint1
        8 threads and 256 connections
        Thread Stats   Avg      Stdev     Max   +/- Stdev
        Latency   412.20ms  232.37ms   1.36s    73.31%
        Req/Sec    81.98     50.40   262.00     69.14%
        Latency Distribution
        50%  334.22ms
        75%  557.02ms
        90%  718.07ms
        99%    1.12s
        1713 requests in 3.02s, 265.98KB read
        Requests/sec:    566.52
        Transfer/sec:     87.96KB
        [run.sh] Speed is 566.52, duration is 52
        [run.sh] Fix the request number.
        [run.sh] Running the actual test
        [run.sh] /wrk/wrk --timeout 20s -t8 -c256 -d52s -L -s /wrk/fix_req_n.lua http://service0:80/endpoint1
        [run.sh] Checking the resource usage
        Running 1m test @ http://service0:80/endpoint1
        8 threads and 256 connections
        Thread Stats   Avg      Stdev     Max   +/- Stdev
        Latency   396.60ms  212.95ms   1.96s    74.05%
        Req/Sec    83.98     50.23   300.00     67.46%
        Latency Distribution
        50%  348.88ms
        75%  501.74ms
        90%  681.44ms
        99%    1.07s
        20001 requests in 0.87m, 3.03MB read
        Requests/sec:    384.63
        Transfer/sec:     59.72KB
        ------------------------------
        stop time: 30.145013
        stop time: 30.799597
        stop time: 31.428968
        stop time: 31.085004
        stop time: 31.522282
        stop time: 31.375343
        stop time: 30.778040
        stop time: 31.365876
        [run.sh] Test finished with status 0
        > STDERR
        > No resources found in default namespace.
        > error: metrics not available yet
    [exp] Times: [30.145013, 30.799597, 31.428968, 31.085004, 31.522282, 31.375343, 30.77804, 31.365876]
    [exp] Throughput: 643.8628603817633
[test.py] Finished running 0th optmization experiment: groundtruth->1205.5644848116995, slowdown->643.8628603817633, predicted->1227.94191340503, err->1.8561784852865562
[test.py] Running 1th optmization experiment
[test.py] Running 1th groundtruth exp
    [exp] Running (pre_run: False) workload synthetic/chain-d2-grpc-sync request with the following configuration: {'CLIENT_CPU_QUOTA': '2', 'SLOWPOKE_POKER_BATCH_THRESHOLD': '20000000', 'PROCESSING_TIME_SERVICE0': '0.0014149', 'PROCESSING_TIME_SERVICE1': '0.00090814', 'PROCESSING_TIME_SERVICE2': '0.000147', 'SLOWPOKE_DELAY_MICROS_SERVICE0': '0.0', 'SLOWPOKE_POKER_BATCH_THRESHOLD_SERVICE0': '100', 'SLOWPOKE_IS_TARGET_SERVICE_SERVICE0': 'false', 'SLOWPOKE_DELAY_MICROS_SERVICE1': '0.0', 'SLOWPOKE_POKER_BATCH_THRESHOLD_SERVICE1': '100', 'SLOWPOKE_IS_TARGET_SERVICE_SERVICE1': 'false', 'SLOWPOKE_DELAY_MICROS_SERVICE2': '0.0', 'SLOWPOKE_POKER_BATCH_THRESHOLD_SERVICE2': '100', 'SLOWPOKE_IS_TARGET_SERVICE_SERVICE2': 'true'}
    [exp] Executing cmd `bash run.sh synthetic chain-d2-grpc-sync 8 256 20000`:
        [run.sh] Running benchmark synthetic with request chain-d2-grpc-sync, thread 8, conn 256, duration 60
        [run.sh] Deleting all services
        configmap "config-service0" deleted
        deployment.apps "service0" deleted
        service "service0" deleted
        configmap "config-service1" deleted
        deployment.apps "service1" deleted
        service "service1" deleted
        configmap "config-service2" deleted
        deployment.apps "service2" deleted
        service "service2" deleted
        deployment.apps "ubuntu-client" deleted
        [run.sh] Waiting for all pods to be deleted
        [run.sh] Deploying all services
        configmap/config-service0 created
        deployment.apps/service0 created
        service/service0 created
        configmap/config-service1 created
        deployment.apps/service1 created
        service/service1 created
        configmap/config-service2 created
        deployment.apps/service2 created
        service/service2 created
        [run.sh] Client pod not found, deploying client
        deployment.apps/ubuntu-client created
        [run.sh] Waiting for all pods to be running
        [run.sh] All pods are running
        [run.sh] Checking heartbeat for all services
        [run.sh] Running warmup test
        [run.sh] /wrk/wrk -t8 -c256 --timeout 3s -d3s -L http://service0:80/endpoint1
        Running 3s test @ http://service0:80/endpoint1
        8 threads and 256 connections
        Thread Stats   Avg      Stdev     Max   +/- Stdev
        Latency   226.53ms  156.24ms 790.29ms   71.84%
        Req/Sec   148.35     79.20   353.00     72.20%
        Latency Distribution
        50%  174.64ms
        75%  327.70ms
        90%  438.30ms
        99%  683.82ms
        3338 requests in 3.02s, 518.30KB read
        Requests/sec:   1103.94
        Transfer/sec:    171.41KB
        [run.sh] Speed is 1103.94, duration is 27
        [run.sh] Fix the request number.
        [run.sh] Running the actual test
        [run.sh] /wrk/wrk --timeout 20s -t8 -c256 -d27s -L -s /wrk/fix_req_n.lua http://service0:80/endpoint1
        Running 27s test @ http://service0:80/endpoint1
        8 threads and 256 connections
        Thread Stats   Avg      Stdev     Max   +/- Stdev
        Latency   217.53ms  146.21ms   1.37s    77.38%
        Req/Sec   151.37     76.47   380.00     64.35%
        Latency Distribution
        50%  179.11ms
        75%  287.39ms
        90%  407.55ms
        99%  711.54ms
        20000 requests in 27.00s, 3.03MB read
        Requests/sec:    740.74
        Transfer/sec:    115.02KB
        ------------------------------
        stop time: 16.900426
        stop time: 16.380625
        stop time: 17.068214
        stop time: 16.898641
        stop time: 16.875442
        stop time: 17.053812
        stop time: 16.885124
        stop time: 16.951633
        [run.sh] Checking the resource usage
        NAME                             CPU(cores)   MEMORY(bytes)
        service0-6fb7cc7c7f-2qjj2        581m         27Mi
        service1-76b89695f7-j8jhj        412m         11Mi
        service2-7bdbb95446-r2dhz        122m         8Mi
        ubuntu-client-76886f6bbd-6cjb4   0m           0Mi
        [run.sh] Test finished with status 0
        > STDERR
        > No resources found in default namespace.
    [exp] Times: [16.900426, 16.380625, 17.068214, 16.898641, 16.875442, 17.053812, 16.885124, 16.951633]
    [exp] Throughput: 1185.0630183553596
[test.py] Running 1th slowdown exp
    [exp] Running (pre_run: False) workload synthetic/chain-d2-grpc-sync request with the following configuration: {'CLIENT_CPU_QUOTA': '2', 'SLOWPOKE_POKER_BATCH_THRESHOLD': '20000000', 'PROCESSING_TIME_SERVICE0': '0.0014149', 'PROCESSING_TIME_SERVICE1': '0.00090814', 'PROCESSING_TIME_SERVICE2': '0.00147751', 'SLOWPOKE_DELAY_MICROS_SERVICE0': '665.0', 'SLOWPOKE_POKER_BATCH_THRESHOLD_SERVICE0': '100', 'SLOWPOKE_IS_TARGET_SERVICE_SERVICE0': 'false', 'SLOWPOKE_DELAY_MICROS_SERVICE1': '665.0', 'SLOWPOKE_POKER_BATCH_THRESHOLD_SERVICE1': '100', 'SLOWPOKE_IS_TARGET_SERVICE_SERVICE1': 'false', 'SLOWPOKE_DELAY_MICROS_SERVICE2': '0.0', 'SLOWPOKE_POKER_BATCH_THRESHOLD_SERVICE2': '100', 'SLOWPOKE_IS_TARGET_SERVICE_SERVICE2': 'true'}
    [exp] Executing cmd `bash run.sh synthetic chain-d2-grpc-sync 8 256 20000`:
        [run.sh] Running benchmark synthetic with request chain-d2-grpc-sync, thread 8, conn 256, duration 60
        [run.sh] Deleting all services
        configmap "config-service0" deleted
        deployment.apps "service0" deleted
        service "service0" deleted
        configmap "config-service1" deleted
        deployment.apps "service1" deleted
        service "service1" deleted
        configmap "config-service2" deleted
        deployment.apps "service2" deleted
        service "service2" deleted
        deployment.apps "ubuntu-client" deleted
        [run.sh] Waiting for all pods to be deleted
        [run.sh] Deploying all services
        configmap/config-service0 created
        deployment.apps/service0 created
        service/service0 created
        configmap/config-service1 created
        deployment.apps/service1 created
        service/service1 created
        configmap/config-service2 created
        deployment.apps/service2 created
        service/service2 created
        [run.sh] Client pod not found, deploying client
        deployment.apps/ubuntu-client created
        [run.sh] Waiting for all pods to be running
        [run.sh] All pods are running
        [run.sh] Checking heartbeat for all services
        [run.sh] Running warmup test
        [run.sh] /wrk/wrk -t8 -c256 --timeout 3s -d3s -L http://service0:80/endpoint1
        Running 3s test @ http://service0:80/endpoint1
        8 threads and 256 connections
        Thread Stats   Avg      Stdev     Max   +/- Stdev
        Latency   384.32ms  211.68ms   1.16s    73.89%
        Req/Sec    76.11     55.39   240.00     63.82%
        Latency Distribution
        50%  334.83ms
        75%  482.51ms
        90%  686.84ms
        99%  933.12ms
        1802 requests in 3.02s, 279.80KB read
        Requests/sec:    596.93
        Transfer/sec:     92.69KB
        [run.sh] Speed is 596.93, duration is 50
        [run.sh] Fix the request number.
        [run.sh] Running the actual test
        [run.sh] /wrk/wrk --timeout 20s -t8 -c256 -d50s -L -s /wrk/fix_req_n.lua http://service0:80/endpoint1
        [run.sh] Checking the resource usage
        NAME                             CPU(cores)   MEMORY(bytes)
        service0-7b885f9db8-6jxxb        1077m        29Mi
        service1-85cbdfc4-5czsp          751m         12Mi
        service2-7bdbb95446-nczm6        1116m        10Mi
        ubuntu-client-76886f6bbd-jzxfw   24m          12Mi
        Running 50s test @ http://service0:80/endpoint1
        8 threads and 256 connections
        Thread Stats   Avg      Stdev     Max   +/- Stdev
        Latency   379.12ms  194.12ms   1.35s    72.45%
        Req/Sec    87.80     55.55   313.00     67.98%
        Latency Distribution
        50%  341.14ms
        75%  486.81ms
        90%  646.72ms
        99%  985.68ms
        20000 requests in 50.00s, 3.03MB read
        Requests/sec:    400.00
        Transfer/sec:     62.11KB
        ------------------------------
        stop time: 29.295114
        stop time: 29.592227
        stop time: 30.090096
        stop time: 29.665865
        stop time: 30.080044
        stop time: 29.903073
        stop time: 29.574083
        stop time: 29.860763
        [run.sh] Test finished with status 0
        > STDERR
        > No resources found in default namespace.
    [exp] Times: [29.295114, 29.592227, 30.090096, 29.665865, 30.080044, 29.903073, 29.574083, 29.860763]
    [exp] Throughput: 672.0958993475903
[test.py] Finished running 1th optmization experiment: groundtruth->1185.0630183553596, slowdown->672.0958993475903, predicted->1215.6164316848449, err->2.5782100070836336
[test.py] Running 2th optmization experiment
[test.py] Running 2th groundtruth exp
    [exp] Running (pre_run: False) workload synthetic/chain-d2-grpc-sync request with the following configuration: {'CLIENT_CPU_QUOTA': '2', 'SLOWPOKE_POKER_BATCH_THRESHOLD': '20000000', 'PROCESSING_TIME_SERVICE0': '0.0014149', 'PROCESSING_TIME_SERVICE1': '0.00090814', 'PROCESSING_TIME_SERVICE2': '0.000294', 'SLOWPOKE_DELAY_MICROS_SERVICE0': '0.0', 'SLOWPOKE_POKER_BATCH_THRESHOLD_SERVICE0': '100', 'SLOWPOKE_IS_TARGET_SERVICE_SERVICE0': 'false', 'SLOWPOKE_DELAY_MICROS_SERVICE1': '0.0', 'SLOWPOKE_POKER_BATCH_THRESHOLD_SERVICE1': '100', 'SLOWPOKE_IS_TARGET_SERVICE_SERVICE1': 'false', 'SLOWPOKE_DELAY_MICROS_SERVICE2': '0.0', 'SLOWPOKE_POKER_BATCH_THRESHOLD_SERVICE2': '100', 'SLOWPOKE_IS_TARGET_SERVICE_SERVICE2': 'true'}
    [exp] Executing cmd `bash run.sh synthetic chain-d2-grpc-sync 8 256 20000`:
        [run.sh] Running benchmark synthetic with request chain-d2-grpc-sync, thread 8, conn 256, duration 60
        [run.sh] Deleting all services
        configmap "config-service0" deleted
        deployment.apps "service0" deleted
        service "service0" deleted
        configmap "config-service1" deleted
        deployment.apps "service1" deleted
        service "service1" deleted
        configmap "config-service2" deleted
        deployment.apps "service2" deleted
        service "service2" deleted
        deployment.apps "ubuntu-client" deleted
        [run.sh] Waiting for all pods to be deleted
        [run.sh] Deploying all services
        configmap/config-service0 created
        deployment.apps/service0 created
        service/service0 created
        configmap/config-service1 created
        deployment.apps/service1 created
        service/service1 created
        configmap/config-service2 created
        deployment.apps/service2 created
        service/service2 created
        [run.sh] Client pod not found, deploying client
        deployment.apps/ubuntu-client created
        [run.sh] Waiting for all pods to be running
        [run.sh] All pods are running
        [run.sh] Checking heartbeat for all services
        [run.sh] Running warmup test
        [run.sh] /wrk/wrk -t8 -c256 --timeout 3s -d3s -L http://service0:80/endpoint1
        Running 3s test @ http://service0:80/endpoint1
        8 threads and 256 connections
        Thread Stats   Avg      Stdev     Max   +/- Stdev
        Latency   237.11ms  193.53ms   1.27s    79.49%
        Req/Sec   149.51     53.85   373.00     70.83%
        Latency Distribution
        50%  151.15ms
        75%  359.70ms
        90%  511.07ms
        99%  796.37ms
        3416 requests in 3.02s, 530.41KB read
        Requests/sec:   1130.26
        Transfer/sec:    175.50KB
        [run.sh] Speed is 1130.26, duration is 26
        [run.sh] Fix the request number.
        [run.sh] Running the actual test
        [run.sh] /wrk/wrk --timeout 20s -t8 -c256 -d26s -L -s /wrk/fix_req_n.lua http://service0:80/endpoint1
        Running 26s test @ http://service0:80/endpoint1
        8 threads and 256 connections
        Thread Stats   Avg      Stdev     Max   +/- Stdev
        Latency   213.19ms  144.41ms   1.25s    80.79%
        Req/Sec   153.08     72.23   420.00     64.10%
        Latency Distribution
        50%  176.59ms
        75%  263.76ms
        90%  384.70ms
        99%  767.09ms
        20000 requests in 26.00s, 3.03MB read
        Requests/sec:    769.23
        Transfer/sec:    119.44KB
        ------------------------------
        stop time: 16.452681
        stop time: 16.481324
        stop time: 16.593889
        stop time: 16.234735
        stop time: 16.371745
        stop time: 16.621723
        stop time: 16.466389
        stop time: 16.367377
        [run.sh] Checking the resource usage
        NAME                             CPU(cores)   MEMORY(bytes)
        service0-6fb7cc7c7f-q7456        1m           29Mi
        service1-76b89695f7-km5h5        0m           11Mi
        service2-7bdbb95446-jxwk5        0m           9Mi
        ubuntu-client-76886f6bbd-wnkzz   6m           0Mi
        [run.sh] Test finished with status 0
        > STDERR
        > No resources found in default namespace.
    [exp] Times: [16.452681, 16.481324, 16.593889, 16.234735, 16.371745, 16.621723, 16.466389, 16.367377]
    [exp] Throughput: 1215.8991304672154
[test.py] Running 2th slowdown exp
    [exp] Running (pre_run: False) workload synthetic/chain-d2-grpc-sync request with the following configuration: {'CLIENT_CPU_QUOTA': '2', 'SLOWPOKE_POKER_BATCH_THRESHOLD': '20000000', 'PROCESSING_TIME_SERVICE0': '0.0014149', 'PROCESSING_TIME_SERVICE1': '0.00090814', 'PROCESSING_TIME_SERVICE2': '0.00147751', 'SLOWPOKE_DELAY_MICROS_SERVICE0': '591.5', 'SLOWPOKE_POKER_BATCH_THRESHOLD_SERVICE0': '100', 'SLOWPOKE_IS_TARGET_SERVICE_SERVICE0': 'false', 'SLOWPOKE_DELAY_MICROS_SERVICE1': '591.5', 'SLOWPOKE_POKER_BATCH_THRESHOLD_SERVICE1': '100', 'SLOWPOKE_IS_TARGET_SERVICE_SERVICE1': 'false', 'SLOWPOKE_DELAY_MICROS_SERVICE2': '0.0', 'SLOWPOKE_POKER_BATCH_THRESHOLD_SERVICE2': '100', 'SLOWPOKE_IS_TARGET_SERVICE_SERVICE2': 'true'}
    [exp] Executing cmd `bash run.sh synthetic chain-d2-grpc-sync 8 256 20000`:
        [run.sh] Running benchmark synthetic with request chain-d2-grpc-sync, thread 8, conn 256, duration 60
        [run.sh] Deleting all services
        configmap "config-service0" deleted
        deployment.apps "service0" deleted
        service "service0" deleted
        configmap "config-service1" deleted
        deployment.apps "service1" deleted
        service "service1" deleted
        configmap "config-service2" deleted
        deployment.apps "service2" deleted
        service "service2" deleted
        deployment.apps "ubuntu-client" deleted
        [run.sh] Waiting for all pods to be deleted
        [run.sh] Deploying all services
        configmap/config-service0 created
        deployment.apps/service0 created
        service/service0 created
        configmap/config-service1 created
        deployment.apps/service1 created
        service/service1 created
        configmap/config-service2 created
        deployment.apps/service2 created
        service/service2 created
        [run.sh] Client pod not found, deploying client
        deployment.apps/ubuntu-client created
        [run.sh] Waiting for all pods to be running
        [run.sh] All pods are running
        [run.sh] Checking heartbeat for all services
        [run.sh] Running warmup test
        [run.sh] /wrk/wrk -t8 -c256 --timeout 3s -d3s -L http://service0:80/endpoint1
        Running 3s test @ http://service0:80/endpoint1
        8 threads and 256 connections
        Thread Stats   Avg      Stdev     Max   +/- Stdev
        Latency   377.56ms  155.38ms 852.17ms   63.88%
        Req/Sec    90.02     57.77   260.00     58.90%
        Latency Distribution
        50%  358.75ms
        75%  515.43ms
        90%  583.52ms
        99%  722.79ms
        1891 requests in 3.02s, 293.62KB read
        Requests/sec:    626.45
        Transfer/sec:     97.27KB
        [run.sh] Speed is 626.45, duration is 47
        [run.sh] Fix the request number.
        [run.sh] Running the actual test
        [run.sh] /wrk/wrk --timeout 20s -t8 -c256 -d47s -L -s /wrk/fix_req_n.lua http://service0:80/endpoint1
        [run.sh] Checking the resource usage
        NAME                             CPU(cores)   MEMORY(bytes)
        service0-98d97c5c7-9h24k         13m          26Mi
        service1-7cc8748c87-bvhc5        154m         11Mi
        service2-7bdbb95446-b6bbb        297m         10Mi
        ubuntu-client-76886f6bbd-bkgfr   11m          5Mi
        Running 47s test @ http://service0:80/endpoint1
        8 threads and 256 connections
        Thread Stats   Avg      Stdev     Max   +/- Stdev
        Latency   363.00ms  212.97ms   1.88s    74.36%
        Req/Sec    92.17     58.13   420.00     68.63%
        Latency Distribution
        50%  312.86ms
        75%  457.85ms
        90%  654.22ms
        99%    1.06s
        20000 requests in 47.00s, 3.03MB read
        Requests/sec:    425.53
        Transfer/sec:     66.07KB
        ------------------------------
        stop time: 28.278703
        stop time: 28.278059
        stop time: 28.272437
        stop time: 28.272290
        stop time: 28.339129
        stop time: 28.662385
        stop time: 28.680951
        stop time: 28.270779
        [run.sh] Test finished with status 0
        > STDERR
        > No resources found in default namespace.
    [exp] Times: [28.278703, 28.278059, 28.272437, 28.27229, 28.339129, 28.662385, 28.680951, 28.270779]
    [exp] Throughput: 704.6759073725189
[test.py] Finished running 2th optmization experiment: groundtruth->1215.8991304672154, slowdown->704.6759073725189, predicted->1208.6971836063826, err->-0.5923145004689158
[test.py] Running 3th optmization experiment
[test.py] Running 3th groundtruth exp
    [exp] Running (pre_run: False) workload synthetic/chain-d2-grpc-sync request with the following configuration: {'CLIENT_CPU_QUOTA': '2', 'SLOWPOKE_POKER_BATCH_THRESHOLD': '20000000', 'PROCESSING_TIME_SERVICE0': '0.0014149', 'PROCESSING_TIME_SERVICE1': '0.00090814', 'PROCESSING_TIME_SERVICE2': '0.000441', 'SLOWPOKE_DELAY_MICROS_SERVICE0': '0.0', 'SLOWPOKE_POKER_BATCH_THRESHOLD_SERVICE0': '100', 'SLOWPOKE_IS_TARGET_SERVICE_SERVICE0': 'false', 'SLOWPOKE_DELAY_MICROS_SERVICE1': '0.0', 'SLOWPOKE_POKER_BATCH_THRESHOLD_SERVICE1': '100', 'SLOWPOKE_IS_TARGET_SERVICE_SERVICE1': 'false', 'SLOWPOKE_DELAY_MICROS_SERVICE2': '0.0', 'SLOWPOKE_POKER_BATCH_THRESHOLD_SERVICE2': '100', 'SLOWPOKE_IS_TARGET_SERVICE_SERVICE2': 'true'}
    [exp] Executing cmd `bash run.sh synthetic chain-d2-grpc-sync 8 256 20000`:
        [run.sh] Running benchmark synthetic with request chain-d2-grpc-sync, thread 8, conn 256, duration 60
        [run.sh] Deleting all services
        configmap "config-service0" deleted
        deployment.apps "service0" deleted
        service "service0" deleted
        configmap "config-service1" deleted
        deployment.apps "service1" deleted
        service "service1" deleted
        configmap "config-service2" deleted
        deployment.apps "service2" deleted
        service "service2" deleted
        deployment.apps "ubuntu-client" deleted
        [run.sh] Waiting for all pods to be deleted
        [run.sh] Deploying all services
        configmap/config-service0 created
        deployment.apps/service0 created
        service/service0 created
        configmap/config-service1 created
        deployment.apps/service1 created
        service/service1 created
        configmap/config-service2 created
        deployment.apps/service2 created
        service/service2 created
        [run.sh] Client pod not found, deploying client
        deployment.apps/ubuntu-client created
        [run.sh] Waiting for all pods to be running
        [run.sh] All pods are running
        [run.sh] Checking heartbeat for all services
        [run.sh] Running warmup test
        [run.sh] /wrk/wrk -t8 -c256 --timeout 3s -d3s -L http://service0:80/endpoint1
        Running 3s test @ http://service0:80/endpoint1
        8 threads and 256 connections
        Thread Stats   Avg      Stdev     Max   +/- Stdev
        Latency   219.74ms  126.19ms 990.51ms   68.21%
        Req/Sec   148.91     71.05   340.00     68.63%
        Latency Distribution
        50%  194.34ms
        75%  315.35ms
        90%  390.24ms
        99%  586.28ms
        3375 requests in 3.02s, 524.05KB read
        Requests/sec:   1116.12
        Transfer/sec:    173.30KB
        [run.sh] Speed is 1116.12, duration is 26
        [run.sh] Fix the request number.
        [run.sh] Running the actual test
        [run.sh] /wrk/wrk --timeout 20s -t8 -c256 -d26s -L -s /wrk/fix_req_n.lua http://service0:80/endpoint1
        Running 26s test @ http://service0:80/endpoint1
        8 threads and 256 connections
        Thread Stats   Avg      Stdev     Max   +/- Stdev
        Latency   219.08ms  151.22ms   1.33s    78.49%
        Req/Sec   149.71     75.02   410.00     66.72%
        Latency Distribution
        50%  177.66ms
        75%  284.95ms
        90%  408.87ms
        99%  750.70ms
        20000 requests in 26.00s, 3.03MB read
        Requests/sec:    769.23
        Transfer/sec:    119.44KB
        ------------------------------
        stop time: 16.891182
        stop time: 16.970470
        stop time: 16.890071
        stop time: 16.685459
        stop time: 16.695087
        stop time: 16.969056
        stop time: 16.896881
        stop time: 16.947612
        [run.sh] Checking the resource usage
        NAME                             CPU(cores)   MEMORY(bytes)
        service0-6fb7cc7c7f-pvhzx        1929m        31Mi
        service1-76b89695f7-xr9cn        1358m        10Mi
        service2-7bdbb95446-2mjzf        748m         9Mi
        ubuntu-client-76886f6bbd-vxcsv   32m          11Mi
        [run.sh] Test finished with status 0
        > STDERR
        > No resources found in default namespace.
    [exp] Times: [16.891182, 16.97047, 16.890071, 16.685459, 16.695087, 16.969056, 16.896881, 16.947612]
    [exp] Throughput: 1185.661048051152
[test.py] Running 3th slowdown exp
    [exp] Running (pre_run: False) workload synthetic/chain-d2-grpc-sync request with the following configuration: {'CLIENT_CPU_QUOTA': '2', 'SLOWPOKE_POKER_BATCH_THRESHOLD': '20000000', 'PROCESSING_TIME_SERVICE0': '0.0014149', 'PROCESSING_TIME_SERVICE1': '0.00090814', 'PROCESSING_TIME_SERVICE2': '0.00147751', 'SLOWPOKE_DELAY_MICROS_SERVICE0': '518.0', 'SLOWPOKE_POKER_BATCH_THRESHOLD_SERVICE0': '100', 'SLOWPOKE_IS_TARGET_SERVICE_SERVICE0': 'false', 'SLOWPOKE_DELAY_MICROS_SERVICE1': '518.0', 'SLOWPOKE_POKER_BATCH_THRESHOLD_SERVICE1': '100', 'SLOWPOKE_IS_TARGET_SERVICE_SERVICE1': 'false', 'SLOWPOKE_DELAY_MICROS_SERVICE2': '0.0', 'SLOWPOKE_POKER_BATCH_THRESHOLD_SERVICE2': '100', 'SLOWPOKE_IS_TARGET_SERVICE_SERVICE2': 'true'}
    [exp] Executing cmd `bash run.sh synthetic chain-d2-grpc-sync 8 256 20000`:
        [run.sh] Running benchmark synthetic with request chain-d2-grpc-sync, thread 8, conn 256, duration 60
        [run.sh] Deleting all services
        configmap "config-service0" deleted
        deployment.apps "service0" deleted
        service "service0" deleted
        configmap "config-service1" deleted
        deployment.apps "service1" deleted
        service "service1" deleted
        configmap "config-service2" deleted
        deployment.apps "service2" deleted
        service "service2" deleted
        deployment.apps "ubuntu-client" deleted
        [run.sh] Waiting for all pods to be deleted
        [run.sh] Deploying all services
        configmap/config-service0 created
        deployment.apps/service0 created
        service/service0 created
        configmap/config-service1 created
        deployment.apps/service1 created
        service/service1 created
        configmap/config-service2 created
        deployment.apps/service2 created
        service/service2 created
        [run.sh] Client pod not found, deploying client
        deployment.apps/ubuntu-client created
        [run.sh] Waiting for all pods to be running
        [run.sh] All pods are running
        [run.sh] Checking heartbeat for all services
        [run.sh] Running warmup test
        [run.sh] /wrk/wrk -t8 -c256 --timeout 3s -d3s -L http://service0:80/endpoint1
        Running 3s test @ http://service0:80/endpoint1
        8 threads and 256 connections
        Thread Stats   Avg      Stdev     Max   +/- Stdev
        Latency   367.23ms  181.69ms 976.68ms   63.68%
        Req/Sec    92.18     53.22   290.00     72.09%
        Latency Distribution
        50%  345.35ms
        75%  459.03ms
        90%  620.35ms
        99%  840.98ms
        1970 requests in 3.02s, 305.89KB read
        Requests/sec:    651.70
        Transfer/sec:    101.19KB
        [run.sh] Speed is 651.70, duration is 46
        [run.sh] Fix the request number.
        [run.sh] Running the actual test
        [run.sh] /wrk/wrk --timeout 20s -t8 -c256 -d46s -L -s /wrk/fix_req_n.lua http://service0:80/endpoint1
        [run.sh] Checking the resource usage
        Running 46s test @ http://service0:80/endpoint1
        8 threads and 256 connections
        Thread Stats   Avg      Stdev     Max   +/- Stdev
        Latency   348.02ms  203.35ms   1.41s    73.63%
        Req/Sec    93.90     55.24   310.00     67.39%
        Latency Distribution
        50%  292.26ms
        75%  453.58ms
        90%  653.12ms
        99%  973.07ms
        20000 requests in 46.00s, 3.03MB read
        Requests/sec:    434.78
        Transfer/sec:     67.51KB
        ------------------------------
        stop time: 27.302144
        stop time: 27.106784
        stop time: 27.301566
        stop time: 27.527969
        stop time: 27.339809
        stop time: 27.393857
        stop time: 27.098735
        stop time: 27.546110
        [run.sh] Test finished with status 0
        > STDERR
        > No resources found in default namespace.
        > error: metrics not available yet
    [exp] Times: [27.302144, 27.106784, 27.301566, 27.527969, 27.339809, 27.393857, 27.098735, 27.54611]
    [exp] Throughput: 731.8736375886348
[test.py] Finished running 3th optmization experiment: groundtruth->1185.661048051152, slowdown->731.8736375886348, predicted->1179.1047255319077, err->-0.5529676908945271
[test.py] Running 4th optmization experiment
[test.py] Running 4th groundtruth exp
    [exp] Running (pre_run: False) workload synthetic/chain-d2-grpc-sync request with the following configuration: {'CLIENT_CPU_QUOTA': '2', 'SLOWPOKE_POKER_BATCH_THRESHOLD': '20000000', 'PROCESSING_TIME_SERVICE0': '0.0014149', 'PROCESSING_TIME_SERVICE1': '0.00090814', 'PROCESSING_TIME_SERVICE2': '0.000588', 'SLOWPOKE_DELAY_MICROS_SERVICE0': '0.0', 'SLOWPOKE_POKER_BATCH_THRESHOLD_SERVICE0': '100', 'SLOWPOKE_IS_TARGET_SERVICE_SERVICE0': 'false', 'SLOWPOKE_DELAY_MICROS_SERVICE1': '0.0', 'SLOWPOKE_POKER_BATCH_THRESHOLD_SERVICE1': '100', 'SLOWPOKE_IS_TARGET_SERVICE_SERVICE1': 'false', 'SLOWPOKE_DELAY_MICROS_SERVICE2': '0.0', 'SLOWPOKE_POKER_BATCH_THRESHOLD_SERVICE2': '100', 'SLOWPOKE_IS_TARGET_SERVICE_SERVICE2': 'true'}
    [exp] Executing cmd `bash run.sh synthetic chain-d2-grpc-sync 8 256 20000`:
        [run.sh] Running benchmark synthetic with request chain-d2-grpc-sync, thread 8, conn 256, duration 60
        [run.sh] Deleting all services
        configmap "config-service0" deleted
        deployment.apps "service0" deleted
        service "service0" deleted
        configmap "config-service1" deleted
        deployment.apps "service1" deleted
        service "service1" deleted
        configmap "config-service2" deleted
        deployment.apps "service2" deleted
        service "service2" deleted
        deployment.apps "ubuntu-client" deleted
        [run.sh] Waiting for all pods to be deleted
        [run.sh] Deploying all services
        configmap/config-service0 created
        deployment.apps/service0 created
        service/service0 created
        configmap/config-service1 created
        deployment.apps/service1 created
        service/service1 created
        configmap/config-service2 created
        deployment.apps/service2 created
        service/service2 created
        [run.sh] Client pod not found, deploying client
        deployment.apps/ubuntu-client created
        [run.sh] Waiting for all pods to be running
        [run.sh] All pods are running
        [run.sh] Checking heartbeat for all services
        [run.sh] Running warmup test
        [run.sh] /wrk/wrk -t8 -c256 --timeout 3s -d3s -L http://service0:80/endpoint1
        Running 3s test @ http://service0:80/endpoint1
        8 threads and 256 connections
        Thread Stats   Avg      Stdev     Max   +/- Stdev
        Latency   238.02ms  164.16ms   1.16s    76.39%
        Req/Sec   150.47     76.00   350.00     69.12%
        Latency Distribution
        50%  200.72ms
        75%  311.37ms
        90%  447.98ms
        99%  814.53ms
        3368 requests in 3.10s, 522.96KB read
        Requests/sec:   1087.94
        Transfer/sec:    168.93KB
        [run.sh] Speed is 1087.94, duration is 27
        [run.sh] Fix the request number.
        [run.sh] Running the actual test
        [run.sh] /wrk/wrk --timeout 20s -t8 -c256 -d27s -L -s /wrk/fix_req_n.lua http://service0:80/endpoint1
        Running 27s test @ http://service0:80/endpoint1
        8 threads and 256 connections
        Thread Stats   Avg      Stdev     Max   +/- Stdev
        Latency   216.82ms  155.41ms   1.28s    79.67%
        Req/Sec   152.29     72.34   400.00     69.93%
        Latency Distribution
        50%  176.79ms
        75%  273.86ms
        90%  412.62ms
        99%  806.67ms
        20000 requests in 27.00s, 3.03MB read
        Requests/sec:    740.74
        Transfer/sec:    115.02KB
        ------------------------------
        stop time: 16.752124
        stop time: 16.429931
        stop time: 16.492372
        stop time: 16.817892
        stop time: 16.549953
        stop time: 16.542898
        stop time: 16.532388
        stop time: 16.659400
        [run.sh] Checking the resource usage
        NAME                             CPU(cores)   MEMORY(bytes)
        service0-6fb7cc7c7f-5l6rk        566m         27Mi
        service1-76b89695f7-gf569        285m         11Mi
        service2-7bdbb95446-4sz5m        248m         9Mi
        ubuntu-client-76886f6bbd-nlcpz   16m          0Mi
        [run.sh] Test finished with status 0
        > STDERR
        > No resources found in default namespace.
    [exp] Times: [16.752124, 16.429931, 16.492372, 16.817892, 16.549953, 16.542898, 16.532388, 16.6594]
    [exp] Throughput: 1205.0283604177766
[test.py] Running 4th slowdown exp
    [exp] Running (pre_run: False) workload synthetic/chain-d2-grpc-sync request with the following configuration: {'CLIENT_CPU_QUOTA': '2', 'SLOWPOKE_POKER_BATCH_THRESHOLD': '20000000', 'PROCESSING_TIME_SERVICE0': '0.0014149', 'PROCESSING_TIME_SERVICE1': '0.00090814', 'PROCESSING_TIME_SERVICE2': '0.00147751', 'SLOWPOKE_DELAY_MICROS_SERVICE0': '444.5', 'SLOWPOKE_POKER_BATCH_THRESHOLD_SERVICE0': '100', 'SLOWPOKE_IS_TARGET_SERVICE_SERVICE0': 'false', 'SLOWPOKE_DELAY_MICROS_SERVICE1': '444.5', 'SLOWPOKE_POKER_BATCH_THRESHOLD_SERVICE1': '100', 'SLOWPOKE_IS_TARGET_SERVICE_SERVICE1': 'false', 'SLOWPOKE_DELAY_MICROS_SERVICE2': '0.0', 'SLOWPOKE_POKER_BATCH_THRESHOLD_SERVICE2': '100', 'SLOWPOKE_IS_TARGET_SERVICE_SERVICE2': 'true'}
    [exp] Executing cmd `bash run.sh synthetic chain-d2-grpc-sync 8 256 20000`:
        [run.sh] Running benchmark synthetic with request chain-d2-grpc-sync, thread 8, conn 256, duration 60
        [run.sh] Deleting all services
        configmap "config-service0" deleted
        deployment.apps "service0" deleted
        service "service0" deleted
        configmap "config-service1" deleted
        deployment.apps "service1" deleted
        service "service1" deleted
        configmap "config-service2" deleted
        deployment.apps "service2" deleted
        service "service2" deleted
        deployment.apps "ubuntu-client" deleted
        [run.sh] Waiting for all pods to be deleted
        [run.sh] Deploying all services
        configmap/config-service0 created
        deployment.apps/service0 created
        service/service0 created
        configmap/config-service1 created
        deployment.apps/service1 created
        service/service1 created
        configmap/config-service2 created
        deployment.apps/service2 created
        service/service2 created
        [run.sh] Client pod not found, deploying client
        deployment.apps/ubuntu-client created
        [run.sh] Waiting for all pods to be running
        [run.sh] All pods are running
        [run.sh] Checking heartbeat for all services
        [run.sh] Running warmup test
        [run.sh] /wrk/wrk -t8 -c256 --timeout 3s -d3s -L http://service0:80/endpoint1
        Running 3s test @ http://service0:80/endpoint1
        8 threads and 256 connections
        Thread Stats   Avg      Stdev     Max   +/- Stdev
        Latency   331.47ms  182.55ms 974.73ms   68.55%
        Req/Sec    98.19     64.35   270.00     69.50%
        Latency Distribution
        50%  282.02ms
        75%  455.05ms
        90%  600.74ms
        99%  888.15ms
        2163 requests in 3.02s, 335.86KB read
        Requests/sec:    715.47
        Transfer/sec:    111.09KB
        [run.sh] Speed is 715.47, duration is 41
        [run.sh] Fix the request number.
        [run.sh] Running the actual test
        [run.sh] /wrk/wrk --timeout 20s -t8 -c256 -d41s -L -s /wrk/fix_req_n.lua http://service0:80/endpoint1
        [run.sh] Checking the resource usage
        NAME                             CPU(cores)   MEMORY(bytes)
        service0-6bf56666d8-c6l5d        1273m        30Mi
        service1-76997599fd-p9mbm        900m         12Mi
        service2-7bdbb95446-njl59        1292m        11Mi
        ubuntu-client-76886f6bbd-2qtfm   28m          12Mi
        Running 41s test @ http://service0:80/endpoint1
        8 threads and 256 connections
        Thread Stats   Avg      Stdev     Max   +/- Stdev
        Latency   323.74ms  199.03ms   1.43s    76.52%
        Req/Sec   101.32     58.49   330.00     66.15%
        Latency Distribution
        50%  273.56ms
        75%  417.67ms
        90%  590.74ms
        99%    1.02s
        20000 requests in 41.00s, 3.03MB read
        Requests/sec:    487.80
        Transfer/sec:     75.74KB
        ------------------------------
        stop time: 25.231191
        stop time: 25.035822
        stop time: 25.025138
        stop time: 25.502123
        stop time: 24.839980
        stop time: 25.392931
        stop time: 25.584554
        stop time: 25.348675
        [run.sh] Test finished with status 0
        > STDERR
        > No resources found in default namespace.
    [exp] Times: [25.231191, 25.035822, 25.025138, 25.502123, 24.83998, 25.392931, 25.584554, 25.348675]
    [exp] Throughput: 792.2344623436949
[test.py] Finished running 4th optmization experiment: groundtruth->1205.0283604177766, slowdown->792.2344623436949, predicted->1223.2452000966916, err->1.5117353480875186
[test.py] Running 5th optmization experiment
[test.py] Running 5th groundtruth exp
    [exp] Running (pre_run: False) workload synthetic/chain-d2-grpc-sync request with the following configuration: {'CLIENT_CPU_QUOTA': '2', 'SLOWPOKE_POKER_BATCH_THRESHOLD': '20000000', 'PROCESSING_TIME_SERVICE0': '0.0014149', 'PROCESSING_TIME_SERVICE1': '0.00090814', 'PROCESSING_TIME_SERVICE2': '0.000735', 'SLOWPOKE_DELAY_MICROS_SERVICE0': '0.0', 'SLOWPOKE_POKER_BATCH_THRESHOLD_SERVICE0': '100', 'SLOWPOKE_IS_TARGET_SERVICE_SERVICE0': 'false', 'SLOWPOKE_DELAY_MICROS_SERVICE1': '0.0', 'SLOWPOKE_POKER_BATCH_THRESHOLD_SERVICE1': '100', 'SLOWPOKE_IS_TARGET_SERVICE_SERVICE1': 'false', 'SLOWPOKE_DELAY_MICROS_SERVICE2': '0.0', 'SLOWPOKE_POKER_BATCH_THRESHOLD_SERVICE2': '100', 'SLOWPOKE_IS_TARGET_SERVICE_SERVICE2': 'true'}
    [exp] Executing cmd `bash run.sh synthetic chain-d2-grpc-sync 8 256 20000`:
        [run.sh] Running benchmark synthetic with request chain-d2-grpc-sync, thread 8, conn 256, duration 60
        [run.sh] Deleting all services
        configmap "config-service0" deleted
        deployment.apps "service0" deleted
        service "service0" deleted
        configmap "config-service1" deleted
        deployment.apps "service1" deleted
        service "service1" deleted
        configmap "config-service2" deleted
        deployment.apps "service2" deleted
        service "service2" deleted
        deployment.apps "ubuntu-client" deleted
        [run.sh] Waiting for all pods to be deleted
        [run.sh] Deploying all services
        configmap/config-service0 created
        deployment.apps/service0 created
        service/service0 created
        configmap/config-service1 created
        deployment.apps/service1 created
        service/service1 created
        configmap/config-service2 created
        deployment.apps/service2 created
        service/service2 created
        [run.sh] Client pod not found, deploying client
        deployment.apps/ubuntu-client created
        [run.sh] Waiting for all pods to be running
        [run.sh] All pods are running
        [run.sh] Checking heartbeat for all services
        [run.sh] Running warmup test
        [run.sh] /wrk/wrk -t8 -c256 --timeout 3s -d3s -L http://service0:80/endpoint1
        Running 3s test @ http://service0:80/endpoint1
        8 threads and 256 connections
        Thread Stats   Avg      Stdev     Max   +/- Stdev
        Latency   224.74ms  136.04ms 797.35ms   69.94%
        Req/Sec   146.22     84.41   360.00     63.64%
        Latency Distribution
        50%  207.48ms
        75%  289.52ms
        90%  408.56ms
        99%  618.44ms
        3431 requests in 3.02s, 532.74KB read
        Requests/sec:   1135.43
        Transfer/sec:    176.30KB
        [run.sh] Speed is 1135.43, duration is 26
        [run.sh] Fix the request number.
        [run.sh] Running the actual test
        [run.sh] /wrk/wrk --timeout 20s -t8 -c256 -d26s -L -s /wrk/fix_req_n.lua http://service0:80/endpoint1
        Running 26s test @ http://service0:80/endpoint1
        8 threads and 256 connections
        Thread Stats   Avg      Stdev     Max   +/- Stdev
        Latency   217.56ms  168.45ms   1.30s    81.46%
        Req/Sec   153.32     69.60   370.00     66.54%
        Latency Distribution
        50%  170.22ms
        75%  271.84ms
        90%  435.02ms
        99%  896.74ms
        20000 requests in 26.00s, 3.03MB read
        Requests/sec:    769.23
        Transfer/sec:    119.44KB
        ------------------------------
        stop time: 16.407289
        stop time: 16.465605
        stop time: 16.545446
        stop time: 16.493556
        stop time: 16.669513
        stop time: 16.389973
        stop time: 16.620127
        stop time: 16.571658
        [run.sh] Checking the resource usage
        NAME                        CPU(cores)   MEMORY(bytes)
        service2-7bdbb95446-plpbr   0m           2Mi
        [run.sh] Test finished with status 0
        > STDERR
        > No resources found in default namespace.
    [exp] Times: [16.407289, 16.465605, 16.545446, 16.493556, 16.669513, 16.389973, 16.620127, 16.571658]
    [exp] Throughput: 1210.6247423686511
[test.py] Running 5th slowdown exp
    [exp] Running (pre_run: False) workload synthetic/chain-d2-grpc-sync request with the following configuration: {'CLIENT_CPU_QUOTA': '2', 'SLOWPOKE_POKER_BATCH_THRESHOLD': '20000000', 'PROCESSING_TIME_SERVICE0': '0.0014149', 'PROCESSING_TIME_SERVICE1': '0.00090814', 'PROCESSING_TIME_SERVICE2': '0.00147751', 'SLOWPOKE_DELAY_MICROS_SERVICE0': '371.0', 'SLOWPOKE_POKER_BATCH_THRESHOLD_SERVICE0': '100', 'SLOWPOKE_IS_TARGET_SERVICE_SERVICE0': 'false', 'SLOWPOKE_DELAY_MICROS_SERVICE1': '371.0', 'SLOWPOKE_POKER_BATCH_THRESHOLD_SERVICE1': '100', 'SLOWPOKE_IS_TARGET_SERVICE_SERVICE1': 'false', 'SLOWPOKE_DELAY_MICROS_SERVICE2': '0.0', 'SLOWPOKE_POKER_BATCH_THRESHOLD_SERVICE2': '100', 'SLOWPOKE_IS_TARGET_SERVICE_SERVICE2': 'true'}
    [exp] Executing cmd `bash run.sh synthetic chain-d2-grpc-sync 8 256 20000`:
        [run.sh] Running benchmark synthetic with request chain-d2-grpc-sync, thread 8, conn 256, duration 60
        [run.sh] Deleting all services
        configmap "config-service0" deleted
        deployment.apps "service0" deleted
        service "service0" deleted
        configmap "config-service1" deleted
        deployment.apps "service1" deleted
        service "service1" deleted
        configmap "config-service2" deleted
        deployment.apps "service2" deleted
        service "service2" deleted
        deployment.apps "ubuntu-client" deleted
        [run.sh] Waiting for all pods to be deleted
        [run.sh] Deploying all services
        configmap/config-service0 created
        deployment.apps/service0 created
        service/service0 created
        configmap/config-service1 created
        deployment.apps/service1 created
        service/service1 created
        configmap/config-service2 created
        deployment.apps/service2 created
        service/service2 created
        [run.sh] Client pod not found, deploying client
        deployment.apps/ubuntu-client created
        [run.sh] Waiting for all pods to be running
        [run.sh] All pods are running
        [run.sh] Checking heartbeat for all services
        [run.sh] Running warmup test
        [run.sh] /wrk/wrk -t8 -c256 --timeout 3s -d3s -L http://service0:80/endpoint1
        Running 3s test @ http://service0:80/endpoint1
        8 threads and 256 connections
        Thread Stats   Avg      Stdev     Max   +/- Stdev
        Latency   309.31ms  166.02ms 950.73ms   71.50%
        Req/Sec   106.58     59.12   250.00     66.03%
        Latency Distribution
        50%  262.70ms
        75%  388.89ms
        90%  554.82ms
        99%  797.83ms
        2353 requests in 3.02s, 365.36KB read
        Requests/sec:    778.41
        Transfer/sec:    120.87KB
        [run.sh] Speed is 778.41, duration is 38
        [run.sh] Fix the request number.
        [run.sh] Running the actual test
        [run.sh] /wrk/wrk --timeout 20s -t8 -c256 -d38s -L -s /wrk/fix_req_n.lua http://service0:80/endpoint1
        [run.sh] Checking the resource usage
        NAME                             CPU(cores)   MEMORY(bytes)
        service0-779488cf4b-dc4mj        802m         30Mi
        service1-5687f7464d-j99dt        381m         10Mi
        service2-7bdbb95446-9wncg        432m         11Mi
        ubuntu-client-76886f6bbd-gxvvv   23m          11Mi
        Running 38s test @ http://service0:80/endpoint1
        8 threads and 256 connections
        Thread Stats   Avg      Stdev     Max   +/- Stdev
        Latency   303.38ms  185.26ms   1.92s    77.05%
        Req/Sec   107.85     58.96   350.00     69.48%
        Latency Distribution
        50%  250.07ms
        75%  389.02ms
        90%  552.19ms
        99%  924.75ms
        20000 requests in 38.00s, 3.03MB read
        Requests/sec:    526.31
        Transfer/sec:     81.72KB
        ------------------------------
        stop time: 23.105664
        stop time: 23.838381
        stop time: 23.566906
        stop time: 23.561876
        stop time: 23.983220
        stop time: 23.584399
        stop time: 23.811869
        stop time: 23.761819
        [run.sh] Test finished with status 0
        > STDERR
        > No resources found in default namespace.
    [exp] Times: [23.105664, 23.838381, 23.566906, 23.561876, 23.98322, 23.584399, 23.811869, 23.761819]
    [exp] Throughput: 845.6027920197547
[test.py] Finished running 5th optmization experiment: groundtruth->1210.6247423686511, slowdown->845.6027920197547, predicted->1232.5390240728275, err->1.8101630453463142
[test.py] Running 6th optmization experiment
[test.py] Running 6th groundtruth exp
    [exp] Running (pre_run: False) workload synthetic/chain-d2-grpc-sync request with the following configuration: {'CLIENT_CPU_QUOTA': '2', 'SLOWPOKE_POKER_BATCH_THRESHOLD': '20000000', 'PROCESSING_TIME_SERVICE0': '0.0014149', 'PROCESSING_TIME_SERVICE1': '0.00090814', 'PROCESSING_TIME_SERVICE2': '0.000882', 'SLOWPOKE_DELAY_MICROS_SERVICE0': '0.0', 'SLOWPOKE_POKER_BATCH_THRESHOLD_SERVICE0': '100', 'SLOWPOKE_IS_TARGET_SERVICE_SERVICE0': 'false', 'SLOWPOKE_DELAY_MICROS_SERVICE1': '0.0', 'SLOWPOKE_POKER_BATCH_THRESHOLD_SERVICE1': '100', 'SLOWPOKE_IS_TARGET_SERVICE_SERVICE1': 'false', 'SLOWPOKE_DELAY_MICROS_SERVICE2': '0.0', 'SLOWPOKE_POKER_BATCH_THRESHOLD_SERVICE2': '100', 'SLOWPOKE_IS_TARGET_SERVICE_SERVICE2': 'true'}
    [exp] Executing cmd `bash run.sh synthetic chain-d2-grpc-sync 8 256 20000`:
        [run.sh] Running benchmark synthetic with request chain-d2-grpc-sync, thread 8, conn 256, duration 60
        [run.sh] Deleting all services
        configmap "config-service0" deleted
        deployment.apps "service0" deleted
        service "service0" deleted
        configmap "config-service1" deleted
        deployment.apps "service1" deleted
        service "service1" deleted
        configmap "config-service2" deleted
        deployment.apps "service2" deleted
        service "service2" deleted
        deployment.apps "ubuntu-client" deleted
        [run.sh] Waiting for all pods to be deleted
        [run.sh] Deploying all services
        configmap/config-service0 created
        deployment.apps/service0 created
        service/service0 created
        configmap/config-service1 created
        deployment.apps/service1 created
        service/service1 created
        configmap/config-service2 created
        deployment.apps/service2 created
        service/service2 created
        [run.sh] Client pod not found, deploying client
        deployment.apps/ubuntu-client created
        [run.sh] Waiting for all pods to be running
        [run.sh] All pods are running
        [run.sh] Checking heartbeat for all services
        [run.sh] Running warmup test
        [run.sh] /wrk/wrk -t8 -c256 --timeout 3s -d3s -L http://service0:80/endpoint1
        Running 3s test @ http://service0:80/endpoint1
        8 threads and 256 connections
        Thread Stats   Avg      Stdev     Max   +/- Stdev
        Latency   231.03ms  151.97ms 986.53ms   76.42%
        Req/Sec   144.22     82.65   340.00     62.33%
        Latency Distribution
        50%  194.26ms
        75%  299.94ms
        90%  438.09ms
        99%  700.22ms
        3316 requests in 3.02s, 514.89KB read
        Requests/sec:   1099.08
        Transfer/sec:    170.66KB
        [run.sh] Speed is 1099.08, duration is 27
        [run.sh] Fix the request number.
        [run.sh] Running the actual test
        [run.sh] /wrk/wrk --timeout 20s -t8 -c256 -d27s -L -s /wrk/fix_req_n.lua http://service0:80/endpoint1
        Running 27s test @ http://service0:80/endpoint1
        8 threads and 256 connections
        Thread Stats   Avg      Stdev     Max   +/- Stdev
        Latency   217.85ms  159.48ms   1.42s    81.31%
        Req/Sec   152.53     67.35   383.00     66.77%
        Latency Distribution
        50%  173.71ms
        75%  269.66ms
        90%  416.33ms
        99%  844.01ms
        20000 requests in 27.00s, 3.03MB read
        Requests/sec:    740.74
        Transfer/sec:    115.02KB
        ------------------------------
        stop time: 16.641154
        stop time: 16.730097
        stop time: 16.644083
        stop time: 16.246460
        stop time: 16.882263
        stop time: 16.835974
        stop time: 16.570027
        stop time: 16.813651
        [run.sh] Checking the resource usage
        [run.sh] Test finished with status 0
        > STDERR
        > No resources found in default namespace.
        > error: metrics not available yet
    [exp] Times: [16.641154, 16.730097, 16.644083, 16.24646, 16.882263, 16.835974, 16.570027, 16.813651]
    [exp] Throughput: 1199.7266812667906
[test.py] Running 6th slowdown exp
    [exp] Running (pre_run: False) workload synthetic/chain-d2-grpc-sync request with the following configuration: {'CLIENT_CPU_QUOTA': '2', 'SLOWPOKE_POKER_BATCH_THRESHOLD': '20000000', 'PROCESSING_TIME_SERVICE0': '0.0014149', 'PROCESSING_TIME_SERVICE1': '0.00090814', 'PROCESSING_TIME_SERVICE2': '0.00147751', 'SLOWPOKE_DELAY_MICROS_SERVICE0': '297.5', 'SLOWPOKE_POKER_BATCH_THRESHOLD_SERVICE0': '100', 'SLOWPOKE_IS_TARGET_SERVICE_SERVICE0': 'false', 'SLOWPOKE_DELAY_MICROS_SERVICE1': '297.5', 'SLOWPOKE_POKER_BATCH_THRESHOLD_SERVICE1': '100', 'SLOWPOKE_IS_TARGET_SERVICE_SERVICE1': 'false', 'SLOWPOKE_DELAY_MICROS_SERVICE2': '0.0', 'SLOWPOKE_POKER_BATCH_THRESHOLD_SERVICE2': '100', 'SLOWPOKE_IS_TARGET_SERVICE_SERVICE2': 'true'}
    [exp] Executing cmd `bash run.sh synthetic chain-d2-grpc-sync 8 256 20000`:
        [run.sh] Running benchmark synthetic with request chain-d2-grpc-sync, thread 8, conn 256, duration 60
        [run.sh] Deleting all services
        configmap "config-service0" deleted
        deployment.apps "service0" deleted
        service "service0" deleted
        configmap "config-service1" deleted
        deployment.apps "service1" deleted
        service "service1" deleted
        configmap "config-service2" deleted
        deployment.apps "service2" deleted
        service "service2" deleted
        deployment.apps "ubuntu-client" deleted
        [run.sh] Waiting for all pods to be deleted
        [run.sh] Deploying all services
        configmap/config-service0 created
        deployment.apps/service0 created
        service/service0 created
        configmap/config-service1 created
        deployment.apps/service1 created
        service/service1 created
        configmap/config-service2 created
        deployment.apps/service2 created
        service/service2 created
        [run.sh] Client pod not found, deploying client
        deployment.apps/ubuntu-client created
        [run.sh] Waiting for all pods to be running
        [run.sh] All pods are running
        [run.sh] Checking heartbeat for all services
        [run.sh] Running warmup test
        [run.sh] /wrk/wrk -t8 -c256 --timeout 3s -d3s -L http://service0:80/endpoint1
        Running 3s test @ http://service0:80/endpoint1
        8 threads and 256 connections
        Thread Stats   Avg      Stdev     Max   +/- Stdev
        Latency   308.23ms  174.12ms   1.40s    74.82%
        Req/Sec   114.19     67.74   280.00     60.66%
        Latency Distribution
        50%  257.63ms
        75%  409.52ms
        90%  522.35ms
        99%  898.21ms
        2468 requests in 3.02s, 383.21KB read
        Requests/sec:    816.38
        Transfer/sec:    126.76KB
        [run.sh] Speed is 816.38, duration is 36
        [run.sh] Fix the request number.
        [run.sh] Running the actual test
        [run.sh] /wrk/wrk --timeout 20s -t8 -c256 -d36s -L -s /wrk/fix_req_n.lua http://service0:80/endpoint1
        [run.sh] Checking the resource usage
        NAME                             CPU(cores)   MEMORY(bytes)
        service0-57dcfccdd6-flcfr        210m         28Mi
        service1-55558577bd-jwqfd        309m         14Mi
        service2-7bdbb95446-sswcn        449m         11Mi
        ubuntu-client-76886f6bbd-zgrbh   6m           9Mi
        Running 36s test @ http://service0:80/endpoint1
        8 threads and 256 connections
        Thread Stats   Avg      Stdev     Max   +/- Stdev
        Latency   284.17ms  169.29ms   1.47s    76.53%
        Req/Sec   113.70     57.45   333.00     69.10%
        Latency Distribution
        50%  235.78ms
        75%  360.54ms
        90%  516.19ms
        99%  845.53ms
        20000 requests in 36.00s, 3.03MB read
        Requests/sec:    555.55
        Transfer/sec:     86.26KB
        ------------------------------
        stop time: 21.893481
        stop time: 22.044215
        stop time: 22.043985
        stop time: 22.229273
        stop time: 22.448743
        stop time: 22.444214
        stop time: 22.455985
        stop time: 22.343309
        [run.sh] Test finished with status 0
        > STDERR
        > No resources found in default namespace.
    [exp] Times: [21.893481, 22.044215, 22.043985, 22.229273, 22.448743, 22.444214, 22.455985, 22.343309]
    [exp] Throughput: 899.3654723645928
[test.py] Finished running 6th optmization experiment: groundtruth->1199.7266812667906, slowdown->899.3654723645928, predicted->1228.2899275504699, err->2.38081279091996
[test.py] Running 7th optmization experiment
[test.py] Running 7th groundtruth exp
    [exp] Running (pre_run: False) workload synthetic/chain-d2-grpc-sync request with the following configuration: {'CLIENT_CPU_QUOTA': '2', 'SLOWPOKE_POKER_BATCH_THRESHOLD': '20000000', 'PROCESSING_TIME_SERVICE0': '0.0014149', 'PROCESSING_TIME_SERVICE1': '0.00090814', 'PROCESSING_TIME_SERVICE2': '0.001029', 'SLOWPOKE_DELAY_MICROS_SERVICE0': '0.0', 'SLOWPOKE_POKER_BATCH_THRESHOLD_SERVICE0': '100', 'SLOWPOKE_IS_TARGET_SERVICE_SERVICE0': 'false', 'SLOWPOKE_DELAY_MICROS_SERVICE1': '0.0', 'SLOWPOKE_POKER_BATCH_THRESHOLD_SERVICE1': '100', 'SLOWPOKE_IS_TARGET_SERVICE_SERVICE1': 'false', 'SLOWPOKE_DELAY_MICROS_SERVICE2': '0.0', 'SLOWPOKE_POKER_BATCH_THRESHOLD_SERVICE2': '100', 'SLOWPOKE_IS_TARGET_SERVICE_SERVICE2': 'true'}
    [exp] Executing cmd `bash run.sh synthetic chain-d2-grpc-sync 8 256 20000`:
        [run.sh] Running benchmark synthetic with request chain-d2-grpc-sync, thread 8, conn 256, duration 60
        [run.sh] Deleting all services
        configmap "config-service0" deleted
        deployment.apps "service0" deleted
        service "service0" deleted
        configmap "config-service1" deleted
        deployment.apps "service1" deleted
        service "service1" deleted
        configmap "config-service2" deleted
        deployment.apps "service2" deleted
        service "service2" deleted
        deployment.apps "ubuntu-client" deleted
        [run.sh] Waiting for all pods to be deleted
        [run.sh] Deploying all services
        configmap/config-service0 created
        deployment.apps/service0 created
        service/service0 created
        configmap/config-service1 created
        deployment.apps/service1 created
        service/service1 created
        configmap/config-service2 created
        deployment.apps/service2 created
        service/service2 created
        [run.sh] Client pod not found, deploying client
        deployment.apps/ubuntu-client created
        [run.sh] Waiting for all pods to be running
        [run.sh] All pods are running
        [run.sh] Checking heartbeat for all services
        [run.sh] Running warmup test
        [run.sh] /wrk/wrk -t8 -c256 --timeout 3s -d3s -L http://service0:80/endpoint1
        Running 3s test @ http://service0:80/endpoint1
        8 threads and 256 connections
        Thread Stats   Avg      Stdev     Max   +/- Stdev
        Latency   217.97ms  117.76ms 789.40ms   75.15%
        Req/Sec   151.80     59.34   290.00     63.84%
        Latency Distribution
        50%  190.38ms
        75%  274.19ms
        90%  378.39ms
        99%  617.72ms
        3430 requests in 3.02s, 532.59KB read
        Requests/sec:   1136.94
        Transfer/sec:    176.54KB
        [run.sh] Speed is 1136.94, duration is 26
        [run.sh] Fix the request number.
        [run.sh] Running the actual test
        [run.sh] /wrk/wrk --timeout 20s -t8 -c256 -d26s -L -s /wrk/fix_req_n.lua http://service0:80/endpoint1
        Running 26s test @ http://service0:80/endpoint1
        8 threads and 256 connections
        Thread Stats   Avg      Stdev     Max   +/- Stdev
        Latency   219.41ms  154.65ms   1.26s    79.50%
        Req/Sec   149.85     71.90   414.00     66.39%
        Latency Distribution
        50%  178.32ms
        75%  280.15ms
        90%  412.69ms
        99%  787.54ms
        20000 requests in 26.00s, 3.03MB read
        Requests/sec:    769.23
        Transfer/sec:    119.44KB
        ------------------------------
        stop time: 16.904078
        stop time: 16.574235
        stop time: 16.614470
        stop time: 16.814002
        stop time: 16.922900
        stop time: 16.790424
        stop time: 16.946091
        stop time: 16.847411
        [run.sh] Checking the resource usage
        NAME                             CPU(cores)   MEMORY(bytes)
        service0-6fb7cc7c7f-g2zlk        419m         29Mi
        service1-76b89695f7-wpvsp        586m         12Mi
        service2-7bdbb95446-5n2mh        702m         10Mi
        ubuntu-client-76886f6bbd-p9hmx   10m          0Mi
        [run.sh] Test finished with status 0
        > STDERR
        > No resources found in default namespace.
    [exp] Times: [16.904078, 16.574235, 16.61447, 16.814002, 16.9229, 16.790424, 16.946091, 16.847411]
    [exp] Throughput: 1190.3556403971618
[test.py] Running 7th slowdown exp
    [exp] Running (pre_run: False) workload synthetic/chain-d2-grpc-sync request with the following configuration: {'CLIENT_CPU_QUOTA': '2', 'SLOWPOKE_POKER_BATCH_THRESHOLD': '20000000', 'PROCESSING_TIME_SERVICE0': '0.0014149', 'PROCESSING_TIME_SERVICE1': '0.00090814', 'PROCESSING_TIME_SERVICE2': '0.00147751', 'SLOWPOKE_DELAY_MICROS_SERVICE0': '224.0', 'SLOWPOKE_POKER_BATCH_THRESHOLD_SERVICE0': '100', 'SLOWPOKE_IS_TARGET_SERVICE_SERVICE0': 'false', 'SLOWPOKE_DELAY_MICROS_SERVICE1': '224.0', 'SLOWPOKE_POKER_BATCH_THRESHOLD_SERVICE1': '100', 'SLOWPOKE_IS_TARGET_SERVICE_SERVICE1': 'false', 'SLOWPOKE_DELAY_MICROS_SERVICE2': '0.0', 'SLOWPOKE_POKER_BATCH_THRESHOLD_SERVICE2': '100', 'SLOWPOKE_IS_TARGET_SERVICE_SERVICE2': 'true'}
    [exp] Executing cmd `bash run.sh synthetic chain-d2-grpc-sync 8 256 20000`:
        [run.sh] Running benchmark synthetic with request chain-d2-grpc-sync, thread 8, conn 256, duration 60
        [run.sh] Deleting all services
        configmap "config-service0" deleted
        deployment.apps "service0" deleted
        service "service0" deleted
        configmap "config-service1" deleted
        deployment.apps "service1" deleted
        service "service1" deleted
        configmap "config-service2" deleted
        deployment.apps "service2" deleted
        service "service2" deleted
        deployment.apps "ubuntu-client" deleted
        [run.sh] Waiting for all pods to be deleted
        [run.sh] Deploying all services
        configmap/config-service0 created
        deployment.apps/service0 created
        service/service0 created
        configmap/config-service1 created
        deployment.apps/service1 created
        service/service1 created
        configmap/config-service2 created
        deployment.apps/service2 created
        service/service2 created
        [run.sh] Client pod not found, deploying client
        deployment.apps/ubuntu-client created
        [run.sh] Waiting for all pods to be running
        [run.sh] All pods are running
        [run.sh] Checking heartbeat for all services
        [run.sh] Running warmup test
        [run.sh] /wrk/wrk -t8 -c256 --timeout 3s -d3s -L http://service0:80/endpoint1
        Running 3s test @ http://service0:80/endpoint1
        8 threads and 256 connections
        Thread Stats   Avg      Stdev     Max   +/- Stdev
        Latency   292.54ms  171.58ms   1.05s    69.29%
        Req/Sec   115.88     52.41   292.00     64.18%
        Latency Distribution
        50%  230.21ms
        75%  396.15ms
        90%  543.93ms
        99%  766.02ms
        2495 requests in 3.02s, 387.41KB read
        Requests/sec:    826.07
        Transfer/sec:    128.27KB
        [run.sh] Speed is 826.07, duration is 36
        [run.sh] Fix the request number.
        [run.sh] Running the actual test
        [run.sh] /wrk/wrk --timeout 20s -t8 -c256 -d36s -L -s /wrk/fix_req_n.lua http://service0:80/endpoint1
        [run.sh] Checking the resource usage
        NAME                             CPU(cores)   MEMORY(bytes)
        service0-65b8d76c67-w4sxg        451m         27Mi
        service1-7d9c97cc57-9ssbq        313m         11Mi
        service2-7bdbb95446-nb88d        379m         10Mi
        ubuntu-client-76886f6bbd-nk9q6   13m          0Mi
        Running 36s test @ http://service0:80/endpoint1
        8 threads and 256 connections
        Thread Stats   Avg      Stdev     Max   +/- Stdev
        Latency   264.01ms  161.21ms   1.40s    74.88%
        Req/Sec   121.75     61.32   350.00     65.01%
        Latency Distribution
        50%  223.02ms
        75%  344.33ms
        90%  483.42ms
        99%  787.99ms
        20000 requests in 36.00s, 3.03MB read
        Requests/sec:    555.55
        Transfer/sec:     86.26KB
        ------------------------------
        stop time: 20.980219
        stop time: 20.549327
        stop time: 20.459210
        stop time: 20.744664
        stop time: 20.886490
        stop time: 20.835792
        stop time: 20.713939
        stop time: 20.899879
        [run.sh] Test finished with status 0
        > STDERR
        > No resources found in default namespace.
    [exp] Times: [20.980219, 20.549327, 20.45921, 20.744664, 20.88649, 20.835792, 20.713939, 20.899879]
    [exp] Throughput: 963.4519326604907
[test.py] Finished running 7th optmization experiment: groundtruth->1190.3556403971618, slowdown->963.4519326604907, predicted->1228.9851225205996, err->3.245205114544515
[test.py] Running 8th optmization experiment
[test.py] Running 8th groundtruth exp
    [exp] Running (pre_run: False) workload synthetic/chain-d2-grpc-sync request with the following configuration: {'CLIENT_CPU_QUOTA': '2', 'SLOWPOKE_POKER_BATCH_THRESHOLD': '20000000', 'PROCESSING_TIME_SERVICE0': '0.0014149', 'PROCESSING_TIME_SERVICE1': '0.00090814', 'PROCESSING_TIME_SERVICE2': '0.001176', 'SLOWPOKE_DELAY_MICROS_SERVICE0': '0.0', 'SLOWPOKE_POKER_BATCH_THRESHOLD_SERVICE0': '100', 'SLOWPOKE_IS_TARGET_SERVICE_SERVICE0': 'false', 'SLOWPOKE_DELAY_MICROS_SERVICE1': '0.0', 'SLOWPOKE_POKER_BATCH_THRESHOLD_SERVICE1': '100', 'SLOWPOKE_IS_TARGET_SERVICE_SERVICE1': 'false', 'SLOWPOKE_DELAY_MICROS_SERVICE2': '0.0', 'SLOWPOKE_POKER_BATCH_THRESHOLD_SERVICE2': '100', 'SLOWPOKE_IS_TARGET_SERVICE_SERVICE2': 'true'}
    [exp] Executing cmd `bash run.sh synthetic chain-d2-grpc-sync 8 256 20000`:
        [run.sh] Running benchmark synthetic with request chain-d2-grpc-sync, thread 8, conn 256, duration 60
        [run.sh] Deleting all services
        configmap "config-service0" deleted
        deployment.apps "service0" deleted
        service "service0" deleted
        configmap "config-service1" deleted
        deployment.apps "service1" deleted
        service "service1" deleted
        configmap "config-service2" deleted
        deployment.apps "service2" deleted
        service "service2" deleted
        deployment.apps "ubuntu-client" deleted
        [run.sh] Waiting for all pods to be deleted
        [run.sh] Deploying all services
        configmap/config-service0 created
        deployment.apps/service0 created
        service/service0 created
        configmap/config-service1 created
        deployment.apps/service1 created
        service/service1 created
        configmap/config-service2 created
        deployment.apps/service2 created
        service/service2 created
        [run.sh] Client pod not found, deploying client
        deployment.apps/ubuntu-client created
        [run.sh] Waiting for all pods to be running
        [run.sh] All pods are running
        [run.sh] Checking heartbeat for all services
        [run.sh] Running warmup test
        [run.sh] /wrk/wrk -t8 -c256 --timeout 3s -d3s -L http://service0:80/endpoint1
        Running 3s test @ http://service0:80/endpoint1
        8 threads and 256 connections
        Thread Stats   Avg      Stdev     Max   +/- Stdev
        Latency   236.67ms  170.10ms   1.37s    75.19%
        Req/Sec   140.26     59.32   270.00     62.93%
        Latency Distribution
        50%  194.55ms
        75%  318.46ms
        90%  473.62ms
        99%  760.22ms
        3263 requests in 3.02s, 506.66KB read
        Requests/sec:   1080.13
        Transfer/sec:    167.72KB
        [run.sh] Speed is 1080.13, duration is 27
        [run.sh] Fix the request number.
        [run.sh] Running the actual test
        [run.sh] /wrk/wrk --timeout 20s -t8 -c256 -d27s -L -s /wrk/fix_req_n.lua http://service0:80/endpoint1
        Running 27s test @ http://service0:80/endpoint1
        8 threads and 256 connections
        Thread Stats   Avg      Stdev     Max   +/- Stdev
        Latency   213.40ms  152.03ms   1.51s    81.39%
        Req/Sec   153.21     65.13   400.00     66.97%
        Latency Distribution
        50%  170.74ms
        75%  268.97ms
        90%  394.53ms
        99%  788.58ms
        20000 requests in 27.00s, 3.03MB read
        Requests/sec:    740.74
        Transfer/sec:    115.02KB
        ------------------------------
        stop time: 16.324143
        stop time: 15.992808
        stop time: 16.629735
        stop time: 16.538000
        stop time: 16.571987
        stop time: 16.341166
        stop time: 16.333584
        stop time: 16.609382
        [run.sh] Checking the resource usage
        NAME                             CPU(cores)   MEMORY(bytes)
        service0-6fb7cc7c7f-f7bcz        1616m        28Mi
        service1-76b89695f7-fb87k        1384m        12Mi
        service2-7bdbb95446-25sd5        1614m        10Mi
        ubuntu-client-76886f6bbd-2pttb   38m          11Mi
        [run.sh] Test finished with status 0
        > STDERR
        > No resources found in default namespace.
    [exp] Times: [16.324143, 15.992808, 16.629735, 16.538, 16.571987, 16.341166, 16.333584, 16.609382]
    [exp] Throughput: 1218.2048069524167
[test.py] Running 8th slowdown exp
    [exp] Running (pre_run: False) workload synthetic/chain-d2-grpc-sync request with the following configuration: {'CLIENT_CPU_QUOTA': '2', 'SLOWPOKE_POKER_BATCH_THRESHOLD': '20000000', 'PROCESSING_TIME_SERVICE0': '0.0014149', 'PROCESSING_TIME_SERVICE1': '0.00090814', 'PROCESSING_TIME_SERVICE2': '0.00147751', 'SLOWPOKE_DELAY_MICROS_SERVICE0': '150.5', 'SLOWPOKE_POKER_BATCH_THRESHOLD_SERVICE0': '100', 'SLOWPOKE_IS_TARGET_SERVICE_SERVICE0': 'false', 'SLOWPOKE_DELAY_MICROS_SERVICE1': '150.5', 'SLOWPOKE_POKER_BATCH_THRESHOLD_SERVICE1': '100', 'SLOWPOKE_IS_TARGET_SERVICE_SERVICE1': 'false', 'SLOWPOKE_DELAY_MICROS_SERVICE2': '0.0', 'SLOWPOKE_POKER_BATCH_THRESHOLD_SERVICE2': '100', 'SLOWPOKE_IS_TARGET_SERVICE_SERVICE2': 'true'}
    [exp] Executing cmd `bash run.sh synthetic chain-d2-grpc-sync 8 256 20000`:
        [run.sh] Running benchmark synthetic with request chain-d2-grpc-sync, thread 8, conn 256, duration 60
        [run.sh] Deleting all services
        configmap "config-service0" deleted
        deployment.apps "service0" deleted
        service "service0" deleted
        configmap "config-service1" deleted
        deployment.apps "service1" deleted
        service "service1" deleted
        configmap "config-service2" deleted
        deployment.apps "service2" deleted
        service "service2" deleted
        deployment.apps "ubuntu-client" deleted
        [run.sh] Waiting for all pods to be deleted
        [run.sh] Deploying all services
        configmap/config-service0 created
        deployment.apps/service0 created
        service/service0 created
        configmap/config-service1 created
        deployment.apps/service1 created
        service/service1 created
        configmap/config-service2 created
        deployment.apps/service2 created
        service/service2 created
        [run.sh] Client pod not found, deploying client
        deployment.apps/ubuntu-client created
        [run.sh] Waiting for all pods to be running
        [run.sh] All pods are running
        [run.sh] Checking heartbeat for all services
        [run.sh] Running warmup test
        [run.sh] /wrk/wrk -t8 -c256 --timeout 3s -d3s -L http://service0:80/endpoint1
        Running 3s test @ http://service0:80/endpoint1
        8 threads and 256 connections
        Thread Stats   Avg      Stdev     Max   +/- Stdev
        Latency   267.19ms  162.92ms 949.35ms   72.61%
        Req/Sec   126.43     79.64   310.00     64.49%
        Latency Distribution
        50%  220.12ms
        75%  362.99ms
        90%  479.52ms
        99%  865.16ms
        2757 requests in 3.02s, 428.09KB read
        Requests/sec:    911.65
        Transfer/sec:    141.56KB
        [run.sh] Speed is 911.65, duration is 32
        [run.sh] Fix the request number.
        [run.sh] Running the actual test
        [run.sh] /wrk/wrk --timeout 20s -t8 -c256 -d32s -L -s /wrk/fix_req_n.lua http://service0:80/endpoint1
        Running 32s test @ http://service0:80/endpoint1
        8 threads and 256 connections
        Thread Stats   Avg      Stdev     Max   +/- Stdev
        Latency   250.98ms  156.97ms   1.34s    76.10%
        Req/Sec   128.37     58.69   333.00     68.40%
        Latency Distribution
        50%  208.35ms
        75%  322.18ms
        90%  465.38ms
        99%  791.94ms
        20000 requests in 32.00s, 3.03MB read
        Requests/sec:    625.00
        Transfer/sec:     97.05KB
        ------------------------------
        stop time: 19.740370
        stop time: 19.585584
        stop time: 19.509513
        stop time: 19.463908
        stop time: 19.617184
        stop time: 19.703331
        stop time: 19.564996
        stop time: 19.569660
        [run.sh] Checking the resource usage
        NAME                        CPU(cores)   MEMORY(bytes)
        service0-64c757c65d-llpnv   0m           28Mi
        [run.sh] Test finished with status 0
        > STDERR
        > No resources found in default namespace.
    [exp] Times: [19.74037, 19.585584, 19.509513, 19.463908, 19.617184, 19.703331, 19.564996, 19.56966]
    [exp] Throughput: 1020.7040502672247
[test.py] Finished running 8th optmization experiment: groundtruth->1218.2048069524167, slowdown->1020.7040502672247, predicted->1206.3294962656034, err->-0.9748205407694708
[test.py] Running 9th optmization experiment
[test.py] Running 9th groundtruth exp
    [exp] Running (pre_run: False) workload synthetic/chain-d2-grpc-sync request with the following configuration: {'CLIENT_CPU_QUOTA': '2', 'SLOWPOKE_POKER_BATCH_THRESHOLD': '20000000', 'PROCESSING_TIME_SERVICE0': '0.0014149', 'PROCESSING_TIME_SERVICE1': '0.00090814', 'PROCESSING_TIME_SERVICE2': '0.001323', 'SLOWPOKE_DELAY_MICROS_SERVICE0': '0.0', 'SLOWPOKE_POKER_BATCH_THRESHOLD_SERVICE0': '100', 'SLOWPOKE_IS_TARGET_SERVICE_SERVICE0': 'false', 'SLOWPOKE_DELAY_MICROS_SERVICE1': '0.0', 'SLOWPOKE_POKER_BATCH_THRESHOLD_SERVICE1': '100', 'SLOWPOKE_IS_TARGET_SERVICE_SERVICE1': 'false', 'SLOWPOKE_DELAY_MICROS_SERVICE2': '0.0', 'SLOWPOKE_POKER_BATCH_THRESHOLD_SERVICE2': '100', 'SLOWPOKE_IS_TARGET_SERVICE_SERVICE2': 'true'}
    [exp] Executing cmd `bash run.sh synthetic chain-d2-grpc-sync 8 256 20000`:
        [run.sh] Running benchmark synthetic with request chain-d2-grpc-sync, thread 8, conn 256, duration 60
        [run.sh] Deleting all services
        configmap "config-service0" deleted
        deployment.apps "service0" deleted
        service "service0" deleted
        configmap "config-service1" deleted
        deployment.apps "service1" deleted
        service "service1" deleted
        configmap "config-service2" deleted
        deployment.apps "service2" deleted
        service "service2" deleted
        deployment.apps "ubuntu-client" deleted
        [run.sh] Waiting for all pods to be deleted
        [run.sh] Deploying all services
        configmap/config-service0 created
        deployment.apps/service0 created
        service/service0 created
        configmap/config-service1 created
        deployment.apps/service1 created
        service/service1 created
        configmap/config-service2 created
        deployment.apps/service2 created
        service/service2 created
        [run.sh] Client pod not found, deploying client
        deployment.apps/ubuntu-client created
        [run.sh] Waiting for all pods to be running
        [run.sh] All pods are running
        [run.sh] Checking heartbeat for all services
        [run.sh] Running warmup test
        [run.sh] /wrk/wrk -t8 -c256 --timeout 3s -d3s -L http://service0:80/endpoint1
        Running 3s test @ http://service0:80/endpoint1
        8 threads and 256 connections
        Thread Stats   Avg      Stdev     Max   +/- Stdev
        Latency   240.15ms  173.30ms   1.04s    78.60%
        Req/Sec   148.90     62.86   300.00     68.47%
        Latency Distribution
        50%  184.52ms
        75%  315.89ms
        90%  495.27ms
        99%  787.95ms
        3318 requests in 3.02s, 515.20KB read
        Requests/sec:   1100.21
        Transfer/sec:    170.83KB
        [run.sh] Speed is 1100.21, duration is 27
        [run.sh] Fix the request number.
        [run.sh] Running the actual test
        [run.sh] /wrk/wrk --timeout 20s -t8 -c256 -d27s -L -s /wrk/fix_req_n.lua http://service0:80/endpoint1
        Running 27s test @ http://service0:80/endpoint1
        8 threads and 256 connections
        Thread Stats   Avg      Stdev     Max   +/- Stdev
        Latency   213.55ms  121.19ms   1.05s    76.17%
        Req/Sec   150.53     54.63   306.00     68.79%
        Latency Distribution
        50%  184.20ms
        75%  266.43ms
        90%  374.43ms
        99%  616.90ms
        20000 requests in 27.00s, 3.03MB read
        Requests/sec:    740.74
        Transfer/sec:    115.02KB
        ------------------------------
        stop time: 16.334925
        stop time: 16.670990
        stop time: 16.683737
        stop time: 16.641828
        stop time: 16.901853
        stop time: 16.765026
        stop time: 16.776923
        stop time: 16.802989
        [run.sh] Checking the resource usage
        NAME                             CPU(cores)   MEMORY(bytes)
        service0-6fb7cc7c7f-tp68n        1903m        29Mi
        service1-76b89695f7-6vqn8        1348m        14Mi
        service2-7bdbb95446-zghjs        1777m        11Mi
        ubuntu-client-76886f6bbd-7vb5g   41m          10Mi
        [run.sh] Test finished with status 0
        > STDERR
        > No resources found in default namespace.
    [exp] Times: [16.334925, 16.67099, 16.683737, 16.641828, 16.901853, 16.765026, 16.776923, 16.802989]
    [exp] Throughput: 1197.7996032004337
[test.py] Running 9th slowdown exp
    [exp] Running (pre_run: False) workload synthetic/chain-d2-grpc-sync request with the following configuration: {'CLIENT_CPU_QUOTA': '2', 'SLOWPOKE_POKER_BATCH_THRESHOLD': '20000000', 'PROCESSING_TIME_SERVICE0': '0.0014149', 'PROCESSING_TIME_SERVICE1': '0.00090814', 'PROCESSING_TIME_SERVICE2': '0.00147751', 'SLOWPOKE_DELAY_MICROS_SERVICE0': '77.0', 'SLOWPOKE_POKER_BATCH_THRESHOLD_SERVICE0': '100', 'SLOWPOKE_IS_TARGET_SERVICE_SERVICE0': 'false', 'SLOWPOKE_DELAY_MICROS_SERVICE1': '77.0', 'SLOWPOKE_POKER_BATCH_THRESHOLD_SERVICE1': '100', 'SLOWPOKE_IS_TARGET_SERVICE_SERVICE1': 'false', 'SLOWPOKE_DELAY_MICROS_SERVICE2': '0.0', 'SLOWPOKE_POKER_BATCH_THRESHOLD_SERVICE2': '100', 'SLOWPOKE_IS_TARGET_SERVICE_SERVICE2': 'true'}
    [exp] Executing cmd `bash run.sh synthetic chain-d2-grpc-sync 8 256 20000`:
        [run.sh] Running benchmark synthetic with request chain-d2-grpc-sync, thread 8, conn 256, duration 60
        [run.sh] Deleting all services
        configmap "config-service0" deleted
        deployment.apps "service0" deleted
        service "service0" deleted
        configmap "config-service1" deleted
        deployment.apps "service1" deleted
        service "service1" deleted
        configmap "config-service2" deleted
        deployment.apps "service2" deleted
        service "service2" deleted
        deployment.apps "ubuntu-client" deleted
        [run.sh] Waiting for all pods to be deleted
        [run.sh] Deploying all services
        configmap/config-service0 created
        deployment.apps/service0 created
        service/service0 created
        configmap/config-service1 created
        deployment.apps/service1 created
        service/service1 created
        configmap/config-service2 created
        deployment.apps/service2 created
        service/service2 created
        [run.sh] Client pod not found, deploying client
        deployment.apps/ubuntu-client created
        [run.sh] Waiting for all pods to be running
        [run.sh] All pods are running
        [run.sh] Checking heartbeat for all services
        [run.sh] Running warmup test
        [run.sh] /wrk/wrk -t8 -c256 --timeout 3s -d3s -L http://service0:80/endpoint1
        Running 3s test @ http://service0:80/endpoint1
        8 threads and 256 connections
        Thread Stats   Avg      Stdev     Max   +/- Stdev
        Latency   247.31ms  155.51ms   1.13s    75.91%
        Req/Sec   139.98     49.79   280.00     67.12%
        Latency Distribution
        50%  205.73ms
        75%  329.05ms
        90%  454.73ms
        99%  810.90ms
        3127 requests in 3.10s, 485.54KB read
        Requests/sec:   1008.69
        Transfer/sec:    156.62KB
        [run.sh] Speed is 1008.69, duration is 29
        [run.sh] Fix the request number.
        [run.sh] Running the actual test
        [run.sh] /wrk/wrk --timeout 20s -t8 -c256 -d29s -L -s /wrk/fix_req_n.lua http://service0:80/endpoint1
        Running 29s test @ http://service0:80/endpoint1
        8 threads and 256 connections
        Thread Stats   Avg      Stdev     Max   +/- Stdev
        Latency   233.30ms  138.22ms   1.27s    76.23%
        Req/Sec   139.18     57.48   320.00     66.67%
        Latency Distribution
        50%  198.75ms
        75%  294.49ms
        90%  423.88ms
        99%  686.80ms
        20000 requests in 29.00s, 3.03MB read
        Requests/sec:    689.65
        Transfer/sec:    107.08KB
        ------------------------------
        stop time: 17.928679
        stop time: 18.172670
        stop time: 18.425891
        stop time: 18.312030
        stop time: 18.171949
        stop time: 18.265847
        stop time: 18.286824
        stop time: 18.446812
        [run.sh] Checking the resource usage
        [run.sh] Test finished with status 0
        > STDERR
        > No resources found in default namespace.
        > error: metrics not available yet
    [exp] Times: [17.928679, 18.17267, 18.425891, 18.31203, 18.171949, 18.265847, 18.286824, 18.446812]
    [exp] Throughput: 1095.8100865784484
[test.py] Finished running 9th optmization experiment: groundtruth->1197.7996032004337, slowdown->1095.8100865784484, predicted->1197.15763053833, err->-0.053595998895668504
[test.py] Baseline throughput:  1166.3511370954056
[test.py] Groundtruth:  [1205.5644848116995, 1185.0630183553596, 1215.8991304672154, 1185.661048051152, 1205.0283604177766, 1210.6247423686511, 1199.7266812667906, 1190.3556403971618, 1218.2048069524167, 1197.7996032004337]
[test.py] Slowdown:  [643.8628603817633, 672.0958993475903, 704.6759073725189, 731.8736375886348, 792.2344623436949, 845.6027920197547, 899.3654723645928, 963.4519326604907, 1020.7040502672247, 1095.8100865784484]
[test.py] Predicted:  [1227.94191340503, 1215.6164316848449, 1208.6971836063826, 1179.1047255319077, 1223.2452000966916, 1232.5390240728275, 1228.2899275504699, 1228.9851225205996, 1206.3294962656034, 1197.15763053833]
[test.py] Error percentage:  [1.8561784852865562, 2.5782100070836336, -0.5923145004689158, -0.5529676908945271, 1.5117353480875186, 1.8101630453463142, 2.38081279091996, 3.245205114544515, -0.9748205407694708, -0.053595998895668504]
[test.py] >>>>>>>>>>>>>>>>>>>>>>>>>>>>> Running experiment 1...
[test.py] Actual processing time range: [0, 147, 294, 441, 588, 735, 882, 1029, 1176, 1323]
[test.py] Running baseline experiment
    [exp] Running (pre_run: False) workload synthetic/chain-d2-grpc-sync request with the following configuration: {'CLIENT_CPU_QUOTA': '2', 'SLOWPOKE_POKER_BATCH_THRESHOLD': '20000000', 'PROCESSING_TIME_SERVICE0': '0.0014149', 'PROCESSING_TIME_SERVICE1': '0.00090814', 'PROCESSING_TIME_SERVICE2': '0.00147751', 'SLOWPOKE_DELAY_MICROS_SERVICE0': '0.0', 'SLOWPOKE_POKER_BATCH_THRESHOLD_SERVICE0': '100', 'SLOWPOKE_IS_TARGET_SERVICE_SERVICE0': 'false', 'SLOWPOKE_DELAY_MICROS_SERVICE1': '0.0', 'SLOWPOKE_POKER_BATCH_THRESHOLD_SERVICE1': '100', 'SLOWPOKE_IS_TARGET_SERVICE_SERVICE1': 'false', 'SLOWPOKE_DELAY_MICROS_SERVICE2': '0.0', 'SLOWPOKE_POKER_BATCH_THRESHOLD_SERVICE2': '100', 'SLOWPOKE_IS_TARGET_SERVICE_SERVICE2': 'true'}
    [exp] Executing cmd `bash run.sh synthetic chain-d2-grpc-sync 8 256 20000`:
        [run.sh] Running benchmark synthetic with request chain-d2-grpc-sync, thread 8, conn 256, duration 60
        [run.sh] Deleting all services
        configmap "config-service0" deleted
        deployment.apps "service0" deleted
        service "service0" deleted
        configmap "config-service1" deleted
        deployment.apps "service1" deleted
        service "service1" deleted
        configmap "config-service2" deleted
        deployment.apps "service2" deleted
        service "service2" deleted
        deployment.apps "ubuntu-client" deleted
        [run.sh] Waiting for all pods to be deleted
        [run.sh] Deploying all services
        configmap/config-service0 created
        deployment.apps/service0 created
        service/service0 created
        configmap/config-service1 created
        deployment.apps/service1 created
        service/service1 created
        configmap/config-service2 created
        deployment.apps/service2 created
        service/service2 created
        [run.sh] Client pod not found, deploying client
        deployment.apps/ubuntu-client created
        [run.sh] Waiting for all pods to be running
        [run.sh] All pods are running
        [run.sh] Checking heartbeat for all services
        [run.sh] Running warmup test
        [run.sh] /wrk/wrk -t8 -c256 --timeout 3s -d3s -L http://service0:80/endpoint1
        Running 3s test @ http://service0:80/endpoint1
        8 threads and 256 connections
        Thread Stats   Avg      Stdev     Max   +/- Stdev
        Latency   246.04ms  171.36ms   1.13s    79.51%
        Req/Sec   141.00     51.44   262.00     76.47%
        Latency Distribution
        50%  199.08ms
        75%  318.48ms
        90%  461.74ms
        99%  869.98ms
        3152 requests in 3.02s, 489.42KB read
        Requests/sec:   1042.75
        Transfer/sec:    161.91KB
        [run.sh] Speed is 1042.75, duration is 28
        [run.sh] Fix the request number.
        [run.sh] Running the actual test
        [run.sh] /wrk/wrk --timeout 20s -t8 -c256 -d28s -L -s /wrk/fix_req_n.lua http://service0:80/endpoint1
        Running 28s test @ http://service0:80/endpoint1
        8 threads and 256 connections
        Thread Stats   Avg      Stdev     Max   +/- Stdev
        Latency   216.26ms  138.03ms   1.24s    76.01%
        Req/Sec   148.34     45.61   353.00     68.44%
        Latency Distribution
        50%  178.30ms
        75%  280.52ms
        90%  409.03ms
        99%  658.59ms
        20000 requests in 28.00s, 3.03MB read
        Requests/sec:    714.28
        Transfer/sec:    110.91KB
        ------------------------------
        stop time: 17.013210
        stop time: 17.140014
        stop time: 16.664338
        stop time: 16.886893
        stop time: 16.759677
        stop time: 17.036813
        stop time: 17.121153
        stop time: 17.067351
        [run.sh] Checking the resource usage
        NAME                             CPU(cores)   MEMORY(bytes)
        service0-6fb7cc7c7f-smwrd        1530m        29Mi
        service1-76b89695f7-fxzjb        776m         15Mi
        service2-7bdbb95446-m4lg5        1035m        16Mi
        ubuntu-client-76886f6bbd-5thbm   29m          10Mi
        [run.sh] Test finished with status 0
        > STDERR
        > No resources found in default namespace.
    [exp] Times: [17.01321, 17.140014, 16.664338, 16.886893, 16.759677, 17.036813, 17.121153, 17.067351]
    [exp] Throughput: 1179.1631639686295
[test.py] Baseline throughput: 1179.1631639686295
[test.py] Running 0th optmization experiment
[test.py] Running 0th groundtruth exp
    [exp] Running (pre_run: False) workload synthetic/chain-d2-grpc-sync request with the following configuration: {'CLIENT_CPU_QUOTA': '2', 'SLOWPOKE_POKER_BATCH_THRESHOLD': '20000000', 'PROCESSING_TIME_SERVICE0': '0.0014149', 'PROCESSING_TIME_SERVICE1': '0.00090814', 'PROCESSING_TIME_SERVICE2': '0.0', 'SLOWPOKE_DELAY_MICROS_SERVICE0': '0.0', 'SLOWPOKE_POKER_BATCH_THRESHOLD_SERVICE0': '100', 'SLOWPOKE_IS_TARGET_SERVICE_SERVICE0': 'false', 'SLOWPOKE_DELAY_MICROS_SERVICE1': '0.0', 'SLOWPOKE_POKER_BATCH_THRESHOLD_SERVICE1': '100', 'SLOWPOKE_IS_TARGET_SERVICE_SERVICE1': 'false', 'SLOWPOKE_DELAY_MICROS_SERVICE2': '0.0', 'SLOWPOKE_POKER_BATCH_THRESHOLD_SERVICE2': '100', 'SLOWPOKE_IS_TARGET_SERVICE_SERVICE2': 'true'}
    [exp] Executing cmd `bash run.sh synthetic chain-d2-grpc-sync 8 256 20000`:
        [run.sh] Running benchmark synthetic with request chain-d2-grpc-sync, thread 8, conn 256, duration 60
        [run.sh] Deleting all services
        configmap "config-service0" deleted
        deployment.apps "service0" deleted
        service "service0" deleted
        configmap "config-service1" deleted
        deployment.apps "service1" deleted
        service "service1" deleted
        configmap "config-service2" deleted
        deployment.apps "service2" deleted
        service "service2" deleted
        deployment.apps "ubuntu-client" deleted
        [run.sh] Waiting for all pods to be deleted
        [run.sh] Deploying all services
        configmap/config-service0 created
        deployment.apps/service0 created
        service/service0 created
        configmap/config-service1 created
        deployment.apps/service1 created
        service/service1 created
        configmap/config-service2 created
        deployment.apps/service2 created
        service/service2 created
        [run.sh] Client pod not found, deploying client
        deployment.apps/ubuntu-client created
        [run.sh] Waiting for all pods to be running
        [run.sh] All pods are running
        [run.sh] Checking heartbeat for all services
        [run.sh] Running warmup test
        [run.sh] /wrk/wrk -t8 -c256 --timeout 3s -d3s -L http://service0:80/endpoint1
        Running 3s test @ http://service0:80/endpoint1
        8 threads and 256 connections
        Thread Stats   Avg      Stdev     Max   +/- Stdev
        Latency   230.73ms  143.26ms   1.10s    75.04%
        Req/Sec   146.97     71.02   370.00     61.57%
        Latency Distribution
        50%  183.33ms
        75%  315.21ms
        90%  411.69ms
        99%  720.37ms
        3310 requests in 3.02s, 513.96KB read
        Requests/sec:   1095.64
        Transfer/sec:    170.12KB
        [run.sh] Speed is 1095.64, duration is 27
        [run.sh] Fix the request number.
        [run.sh] Running the actual test
        [run.sh] /wrk/wrk --timeout 20s -t8 -c256 -d27s -L -s /wrk/fix_req_n.lua http://service0:80/endpoint1
        Running 27s test @ http://service0:80/endpoint1
        8 threads and 256 connections
        Thread Stats   Avg      Stdev     Max   +/- Stdev
        Latency   213.94ms  141.47ms   1.26s    74.65%
        Req/Sec   150.94     79.78   444.00     67.65%
        Latency Distribution
        50%  180.85ms
        75%  279.61ms
        90%  403.12ms
        99%  659.74ms
        20000 requests in 27.00s, 3.03MB read
        Requests/sec:    740.74
        Transfer/sec:    115.02KB
        ------------------------------
        stop time: 16.689949
        stop time: 16.527757
        stop time: 16.837887
        stop time: 16.745008
        stop time: 16.819949
        stop time: 16.681446
        stop time: 16.673453
        stop time: 16.675489
        [run.sh] Checking the resource usage
        [run.sh] Test finished with status 0
        > STDERR
        > No resources found in default namespace.
        > error: metrics not available yet
    [exp] Times: [16.689949, 16.527757, 16.837887, 16.745008, 16.819949, 16.681446, 16.673453, 16.675489]
    [exp] Throughput: 1197.1483507283729
[test.py] Running 0th slowdown exp
    [exp] Running (pre_run: False) workload synthetic/chain-d2-grpc-sync request with the following configuration: {'CLIENT_CPU_QUOTA': '2', 'SLOWPOKE_POKER_BATCH_THRESHOLD': '20000000', 'PROCESSING_TIME_SERVICE0': '0.0014149', 'PROCESSING_TIME_SERVICE1': '0.00090814', 'PROCESSING_TIME_SERVICE2': '0.00147751', 'SLOWPOKE_DELAY_MICROS_SERVICE0': '738.5', 'SLOWPOKE_POKER_BATCH_THRESHOLD_SERVICE0': '100', 'SLOWPOKE_IS_TARGET_SERVICE_SERVICE0': 'false', 'SLOWPOKE_DELAY_MICROS_SERVICE1': '738.5', 'SLOWPOKE_POKER_BATCH_THRESHOLD_SERVICE1': '100', 'SLOWPOKE_IS_TARGET_SERVICE_SERVICE1': 'false', 'SLOWPOKE_DELAY_MICROS_SERVICE2': '0.0', 'SLOWPOKE_POKER_BATCH_THRESHOLD_SERVICE2': '100', 'SLOWPOKE_IS_TARGET_SERVICE_SERVICE2': 'true'}
    [exp] Executing cmd `bash run.sh synthetic chain-d2-grpc-sync 8 256 20000`:
        [run.sh] Running benchmark synthetic with request chain-d2-grpc-sync, thread 8, conn 256, duration 60
        [run.sh] Deleting all services
        configmap "config-service0" deleted
        deployment.apps "service0" deleted
        service "service0" deleted
        configmap "config-service1" deleted
        deployment.apps "service1" deleted
        service "service1" deleted
        configmap "config-service2" deleted
        deployment.apps "service2" deleted
        service "service2" deleted
        deployment.apps "ubuntu-client" deleted
        [run.sh] Waiting for all pods to be deleted
        [run.sh] Deploying all services
        configmap/config-service0 created
        deployment.apps/service0 created
        service/service0 created
        configmap/config-service1 created
        deployment.apps/service1 created
        service/service1 created
        configmap/config-service2 created
        deployment.apps/service2 created
        service/service2 created
        [run.sh] Client pod not found, deploying client
        deployment.apps/ubuntu-client created
        [run.sh] Waiting for all pods to be running
        [run.sh] All pods are running
        [run.sh] Checking heartbeat for all services
        [run.sh] Running warmup test
        [run.sh] /wrk/wrk -t8 -c256 --timeout 3s -d3s -L http://service0:80/endpoint1
        Running 3s test @ http://service0:80/endpoint1
        8 threads and 256 connections
        Thread Stats   Avg      Stdev     Max   +/- Stdev
        Latency   420.41ms  218.70ms   1.42s    71.04%
        Req/Sec    76.52     45.27   210.00     64.32%
        Latency Distribution
        50%  365.94ms
        75%  577.39ms
        90%  667.45ms
        99%    1.11s
        1747 requests in 3.02s, 271.26KB read
        Requests/sec:    578.39
        Transfer/sec:     89.81KB
        [run.sh] Speed is 578.39, duration is 51
        [run.sh] Fix the request number.
        [run.sh] Running the actual test
        [run.sh] /wrk/wrk --timeout 20s -t8 -c256 -d51s -L -s /wrk/fix_req_n.lua http://service0:80/endpoint1
        [run.sh] Checking the resource usage
        NAME                             CPU(cores)   MEMORY(bytes)
        service0-6846bf7d94-68b2s        323m         27Mi
        service1-566b685748-mfnng        58m          12Mi
        service2-7bdbb95446-8p8q6        39m          10Mi
        ubuntu-client-76886f6bbd-9jt68   5m           9Mi
        Running 1m test @ http://service0:80/endpoint1
        8 threads and 256 connections
        Thread Stats   Avg      Stdev     Max   +/- Stdev
        Latency   395.70ms  238.89ms   2.01s    77.68%
        Req/Sec    85.30     55.51   343.00     70.39%
        Latency Distribution
        50%  328.35ms
        75%  500.68ms
        90%  701.79ms
        99%    1.24s
        20001 requests in 0.85m, 3.03MB read
        Requests/sec:    392.18
        Transfer/sec:     60.89KB
        ------------------------------
        stop time: 29.363566
        stop time: 31.009359
        stop time: 30.908312
        stop time: 31.169994
        stop time: 31.172513
        stop time: 31.415237
        stop time: 31.327103
        stop time: 30.888612
        [run.sh] Test finished with status 0
        > STDERR
        > No resources found in default namespace.
    [exp] Times: [29.363566, 31.009359, 30.908312, 31.169994, 31.172513, 31.415237, 31.327103, 30.888612]
    [exp] Throughput: 647.1060108803758
[test.py] Finished running 0th optmization experiment: groundtruth->1197.1483507283729, slowdown->647.1060108803758, predicted->1239.792094304538, err->3.562110205491221
[test.py] Running 1th optmization experiment
[test.py] Running 1th groundtruth exp
    [exp] Running (pre_run: False) workload synthetic/chain-d2-grpc-sync request with the following configuration: {'CLIENT_CPU_QUOTA': '2', 'SLOWPOKE_POKER_BATCH_THRESHOLD': '20000000', 'PROCESSING_TIME_SERVICE0': '0.0014149', 'PROCESSING_TIME_SERVICE1': '0.00090814', 'PROCESSING_TIME_SERVICE2': '0.000147', 'SLOWPOKE_DELAY_MICROS_SERVICE0': '0.0', 'SLOWPOKE_POKER_BATCH_THRESHOLD_SERVICE0': '100', 'SLOWPOKE_IS_TARGET_SERVICE_SERVICE0': 'false', 'SLOWPOKE_DELAY_MICROS_SERVICE1': '0.0', 'SLOWPOKE_POKER_BATCH_THRESHOLD_SERVICE1': '100', 'SLOWPOKE_IS_TARGET_SERVICE_SERVICE1': 'false', 'SLOWPOKE_DELAY_MICROS_SERVICE2': '0.0', 'SLOWPOKE_POKER_BATCH_THRESHOLD_SERVICE2': '100', 'SLOWPOKE_IS_TARGET_SERVICE_SERVICE2': 'true'}
    [exp] Executing cmd `bash run.sh synthetic chain-d2-grpc-sync 8 256 20000`:
        [run.sh] Running benchmark synthetic with request chain-d2-grpc-sync, thread 8, conn 256, duration 60
        [run.sh] Deleting all services
        configmap "config-service0" deleted
        deployment.apps "service0" deleted
        service "service0" deleted
        configmap "config-service1" deleted
        deployment.apps "service1" deleted
        service "service1" deleted
        configmap "config-service2" deleted
        deployment.apps "service2" deleted
        service "service2" deleted
        deployment.apps "ubuntu-client" deleted
        [run.sh] Waiting for all pods to be deleted
        [run.sh] Deploying all services
        configmap/config-service0 created
        deployment.apps/service0 created
        service/service0 created
        configmap/config-service1 created
        deployment.apps/service1 created
        service/service1 created
        configmap/config-service2 created
        deployment.apps/service2 created
        service/service2 created
        [run.sh] Client pod not found, deploying client
        deployment.apps/ubuntu-client created
        [run.sh] Waiting for all pods to be running
        [run.sh] All pods are running
        [run.sh] Checking heartbeat for all services
        [run.sh] Running warmup test
        [run.sh] /wrk/wrk -t8 -c256 --timeout 3s -d3s -L http://service0:80/endpoint1
        Running 3s test @ http://service0:80/endpoint1
        8 threads and 256 connections
        Thread Stats   Avg      Stdev     Max   +/- Stdev
        Latency   247.28ms  196.85ms   1.25s    79.00%
        Req/Sec   141.84     77.49   333.00     67.29%
        Latency Distribution
        50%  200.07ms
        75%  357.68ms
        90%  495.14ms
        99%  869.92ms
        3129 requests in 3.03s, 485.85KB read
        Requests/sec:   1034.35
        Transfer/sec:    160.61KB
        [run.sh] Speed is 1034.35, duration is 29
        [run.sh] Fix the request number.
        [run.sh] Running the actual test
        [run.sh] /wrk/wrk --timeout 20s -t8 -c256 -d29s -L -s /wrk/fix_req_n.lua http://service0:80/endpoint1
        Running 29s test @ http://service0:80/endpoint1
        8 threads and 256 connections
        Thread Stats   Avg      Stdev     Max   +/- Stdev
        Latency   219.37ms  170.61ms   1.20s    82.24%
        Req/Sec   150.96     71.39   390.00     68.80%
        Latency Distribution
        50%  173.26ms
        75%  282.08ms
        90%  443.27ms
        99%  872.17ms
        20001 requests in 29.00s, 3.03MB read
        Requests/sec:    689.69
        Transfer/sec:    107.09KB
        ------------------------------
        stop time: 16.597443
        stop time: 16.641575
        stop time: 17.001322
        stop time: 16.460639
        stop time: 16.757908
        stop time: 16.773730
        stop time: 16.777269
        stop time: 17.010060
        [run.sh] Checking the resource usage
        NAME                             CPU(cores)   MEMORY(bytes)
        service0-6fb7cc7c7f-rb57n        1900m        32Mi
        service1-76b89695f7-55r46        1352m        11Mi
        service2-7bdbb95446-xxmnk        407m         8Mi
        ubuntu-client-76886f6bbd-62mrd   42m          11Mi
        [run.sh] Test finished with status 0
        > STDERR
        > No resources found in default namespace.
    [exp] Times: [16.597443, 16.641575, 17.001322, 16.460639, 16.757908, 16.77373, 16.777269, 17.01006]
    [exp] Throughput: 1193.8521449635564
[test.py] Running 1th slowdown exp
    [exp] Running (pre_run: False) workload synthetic/chain-d2-grpc-sync request with the following configuration: {'CLIENT_CPU_QUOTA': '2', 'SLOWPOKE_POKER_BATCH_THRESHOLD': '20000000', 'PROCESSING_TIME_SERVICE0': '0.0014149', 'PROCESSING_TIME_SERVICE1': '0.00090814', 'PROCESSING_TIME_SERVICE2': '0.00147751', 'SLOWPOKE_DELAY_MICROS_SERVICE0': '665.0', 'SLOWPOKE_POKER_BATCH_THRESHOLD_SERVICE0': '100', 'SLOWPOKE_IS_TARGET_SERVICE_SERVICE0': 'false', 'SLOWPOKE_DELAY_MICROS_SERVICE1': '665.0', 'SLOWPOKE_POKER_BATCH_THRESHOLD_SERVICE1': '100', 'SLOWPOKE_IS_TARGET_SERVICE_SERVICE1': 'false', 'SLOWPOKE_DELAY_MICROS_SERVICE2': '0.0', 'SLOWPOKE_POKER_BATCH_THRESHOLD_SERVICE2': '100', 'SLOWPOKE_IS_TARGET_SERVICE_SERVICE2': 'true'}
    [exp] Executing cmd `bash run.sh synthetic chain-d2-grpc-sync 8 256 20000`:
        [run.sh] Running benchmark synthetic with request chain-d2-grpc-sync, thread 8, conn 256, duration 60
        [run.sh] Deleting all services
        configmap "config-service0" deleted
        deployment.apps "service0" deleted
        service "service0" deleted
        configmap "config-service1" deleted
        deployment.apps "service1" deleted
        service "service1" deleted
        configmap "config-service2" deleted
        deployment.apps "service2" deleted
        service "service2" deleted
        deployment.apps "ubuntu-client" deleted
        [run.sh] Waiting for all pods to be deleted
        [run.sh] Deploying all services
        configmap/config-service0 created
        deployment.apps/service0 created
        service/service0 created
        configmap/config-service1 created
        deployment.apps/service1 created
        service/service1 created
        configmap/config-service2 created
        deployment.apps/service2 created
        service/service2 created
        [run.sh] Client pod not found, deploying client
        deployment.apps/ubuntu-client created
        [run.sh] Waiting for all pods to be running
        [run.sh] All pods are running
        [run.sh] Checking heartbeat for all services
        [run.sh] Running warmup test
        [run.sh] /wrk/wrk -t8 -c256 --timeout 3s -d3s -L http://service0:80/endpoint1
        Running 3s test @ http://service0:80/endpoint1
        8 threads and 256 connections
        Thread Stats   Avg      Stdev     Max   +/- Stdev
        Latency   402.56ms  169.18ms 931.35ms   64.37%
        Req/Sec    83.80     48.10   260.00     73.38%
        Latency Distribution
        50%  370.14ms
        75%  504.08ms
        90%  666.61ms
        99%  764.19ms
        1797 requests in 3.02s, 279.03KB read
        Requests/sec:    594.63
        Transfer/sec:     92.33KB
        [run.sh] Speed is 594.63, duration is 50
        [run.sh] Fix the request number.
        [run.sh] Running the actual test
        [run.sh] /wrk/wrk --timeout 20s -t8 -c256 -d50s -L -s /wrk/fix_req_n.lua http://service0:80/endpoint1
        [run.sh] Checking the resource usage
        Running 50s test @ http://service0:80/endpoint1
        8 threads and 256 connections
        Thread Stats   Avg      Stdev     Max   +/- Stdev
        Latency   381.35ms  226.86ms   2.30s    75.75%
        Req/Sec    87.72     55.80   310.00     67.81%
        Latency Distribution
        50%  324.79ms
        75%  478.48ms
        90%  679.42ms
        99%    1.16s
        20000 requests in 50.00s, 3.03MB read
        Requests/sec:    400.00
        Transfer/sec:     62.11KB
        ------------------------------
        stop time: 29.331475
        stop time: 29.520879
        stop time: 29.899695
        stop time: 29.344383
        stop time: 30.130062
        stop time: 29.990797
        stop time: 29.999185
        stop time: 29.593052
        [run.sh] Test finished with status 0
        > STDERR
        > No resources found in default namespace.
        > error: metrics not available yet
    [exp] Times: [29.331475, 29.520879, 29.899695, 29.344383, 30.130062, 29.990797, 29.999185, 29.593052]
    [exp] Throughput: 672.8073569869749
[test.py] Finished running 1th optmization experiment: groundtruth->1193.8521449635564, slowdown->672.8073569869749, predicted->1217.9458721713436, err->2.0181500120789817
[test.py] Running 2th optmization experiment
[test.py] Running 2th groundtruth exp
    [exp] Running (pre_run: False) workload synthetic/chain-d2-grpc-sync request with the following configuration: {'CLIENT_CPU_QUOTA': '2', 'SLOWPOKE_POKER_BATCH_THRESHOLD': '20000000', 'PROCESSING_TIME_SERVICE0': '0.0014149', 'PROCESSING_TIME_SERVICE1': '0.00090814', 'PROCESSING_TIME_SERVICE2': '0.000294', 'SLOWPOKE_DELAY_MICROS_SERVICE0': '0.0', 'SLOWPOKE_POKER_BATCH_THRESHOLD_SERVICE0': '100', 'SLOWPOKE_IS_TARGET_SERVICE_SERVICE0': 'false', 'SLOWPOKE_DELAY_MICROS_SERVICE1': '0.0', 'SLOWPOKE_POKER_BATCH_THRESHOLD_SERVICE1': '100', 'SLOWPOKE_IS_TARGET_SERVICE_SERVICE1': 'false', 'SLOWPOKE_DELAY_MICROS_SERVICE2': '0.0', 'SLOWPOKE_POKER_BATCH_THRESHOLD_SERVICE2': '100', 'SLOWPOKE_IS_TARGET_SERVICE_SERVICE2': 'true'}
    [exp] Executing cmd `bash run.sh synthetic chain-d2-grpc-sync 8 256 20000`:
        [run.sh] Running benchmark synthetic with request chain-d2-grpc-sync, thread 8, conn 256, duration 60
        [run.sh] Deleting all services
        configmap "config-service0" deleted
        deployment.apps "service0" deleted
        service "service0" deleted
        configmap "config-service1" deleted
        deployment.apps "service1" deleted
        service "service1" deleted
        configmap "config-service2" deleted
        deployment.apps "service2" deleted
        service "service2" deleted
        deployment.apps "ubuntu-client" deleted
        [run.sh] Waiting for all pods to be deleted
        [run.sh] Deploying all services
        configmap/config-service0 created
        deployment.apps/service0 created
        service/service0 created
        configmap/config-service1 created
        deployment.apps/service1 created
        service/service1 created
        configmap/config-service2 created
        deployment.apps/service2 created
        service/service2 created
        [run.sh] Client pod not found, deploying client
        deployment.apps/ubuntu-client created
        [run.sh] Waiting for all pods to be running
        [run.sh] All pods are running
        [run.sh] Checking heartbeat for all services
        [run.sh] Running warmup test
        [run.sh] /wrk/wrk -t8 -c256 --timeout 3s -d3s -L http://service0:80/endpoint1
        Running 3s test @ http://service0:80/endpoint1
        8 threads and 256 connections
        Thread Stats   Avg      Stdev     Max   +/- Stdev
        Latency   216.07ms  133.83ms 757.91ms   71.37%
        Req/Sec   155.38     74.04   353.00     60.65%
        Latency Distribution
        50%  182.84ms
        75%  288.59ms
        90%  417.78ms
        99%  651.45ms
        3430 requests in 3.10s, 532.59KB read
        Requests/sec:   1106.60
        Transfer/sec:    171.83KB
        [run.sh] Speed is 1106.60, duration is 27
        [run.sh] Fix the request number.
        [run.sh] Running the actual test
        [run.sh] /wrk/wrk --timeout 20s -t8 -c256 -d27s -L -s /wrk/fix_req_n.lua http://service0:80/endpoint1
        Running 27s test @ http://service0:80/endpoint1
        8 threads and 256 connections
        Thread Stats   Avg      Stdev     Max   +/- Stdev
        Latency   214.49ms  143.95ms   1.30s    81.23%
        Req/Sec   152.07     70.58   393.00     68.22%
        Latency Distribution
        50%  179.81ms
        75%  263.32ms
        90%  389.31ms
        99%  758.10ms
        20000 requests in 27.00s, 3.03MB read
        Requests/sec:    740.74
        Transfer/sec:    115.02KB
        ------------------------------
        stop time: 16.376354
        stop time: 16.470995
        stop time: 16.552812
        stop time: 16.497202
        stop time: 16.602188
        stop time: 16.611192
        stop time: 16.559251
        stop time: 16.335335
        [run.sh] Checking the resource usage
        NAME                             CPU(cores)   MEMORY(bytes)
        service1-76b89695f7-9dwpf        422m         10Mi
        service2-7bdbb95446-6727f        179m         8Mi
        ubuntu-client-76886f6bbd-kkf2p   16m          0Mi
        [run.sh] Test finished with status 0
        > STDERR
        > No resources found in default namespace.
    [exp] Times: [16.376354, 16.470995, 16.552812, 16.497202, 16.602188, 16.611192, 16.559251, 16.335335]
    [exp] Throughput: 1212.0722792941183
[test.py] Running 2th slowdown exp
    [exp] Running (pre_run: False) workload synthetic/chain-d2-grpc-sync request with the following configuration: {'CLIENT_CPU_QUOTA': '2', 'SLOWPOKE_POKER_BATCH_THRESHOLD': '20000000', 'PROCESSING_TIME_SERVICE0': '0.0014149', 'PROCESSING_TIME_SERVICE1': '0.00090814', 'PROCESSING_TIME_SERVICE2': '0.00147751', 'SLOWPOKE_DELAY_MICROS_SERVICE0': '591.5', 'SLOWPOKE_POKER_BATCH_THRESHOLD_SERVICE0': '100', 'SLOWPOKE_IS_TARGET_SERVICE_SERVICE0': 'false', 'SLOWPOKE_DELAY_MICROS_SERVICE1': '591.5', 'SLOWPOKE_POKER_BATCH_THRESHOLD_SERVICE1': '100', 'SLOWPOKE_IS_TARGET_SERVICE_SERVICE1': 'false', 'SLOWPOKE_DELAY_MICROS_SERVICE2': '0.0', 'SLOWPOKE_POKER_BATCH_THRESHOLD_SERVICE2': '100', 'SLOWPOKE_IS_TARGET_SERVICE_SERVICE2': 'true'}
    [exp] Executing cmd `bash run.sh synthetic chain-d2-grpc-sync 8 256 20000`:
        [run.sh] Running benchmark synthetic with request chain-d2-grpc-sync, thread 8, conn 256, duration 60
        [run.sh] Deleting all services
        configmap "config-service0" deleted
        deployment.apps "service0" deleted
        service "service0" deleted
        configmap "config-service1" deleted
        deployment.apps "service1" deleted
        service "service1" deleted
        configmap "config-service2" deleted
        deployment.apps "service2" deleted
        service "service2" deleted
        deployment.apps "ubuntu-client" deleted
        [run.sh] Waiting for all pods to be deleted
        [run.sh] Deploying all services
        configmap/config-service0 created
        deployment.apps/service0 created
        service/service0 created
        configmap/config-service1 created
        deployment.apps/service1 created
        service/service1 created
        configmap/config-service2 created
        deployment.apps/service2 created
        service/service2 created
        [run.sh] Client pod not found, deploying client
        deployment.apps/ubuntu-client created
        [run.sh] Waiting for all pods to be running
        [run.sh] All pods are running
        [run.sh] Checking heartbeat for all services
        [run.sh] Running warmup test
        [run.sh] /wrk/wrk -t8 -c256 --timeout 3s -d3s -L http://service0:80/endpoint1
        Running 3s test @ http://service0:80/endpoint1
        8 threads and 256 connections
        Thread Stats   Avg      Stdev     Max   +/- Stdev
        Latency   421.06ms  202.76ms   1.22s    67.75%
        Req/Sec    77.16     44.62   210.00     64.95%
        Latency Distribution
        50%  392.03ms
        75%  519.69ms
        90%  710.42ms
        99%    1.00s
        1674 requests in 3.02s, 259.93KB read
        Requests/sec:    554.38
        Transfer/sec:     86.08KB
        [run.sh] Speed is 554.38, duration is 54
        [run.sh] Fix the request number.
        [run.sh] Running the actual test
        [run.sh] /wrk/wrk --timeout 20s -t8 -c256 -d54s -L -s /wrk/fix_req_n.lua http://service0:80/endpoint1
        [run.sh] Checking the resource usage
        NAME                             CPU(cores)   MEMORY(bytes)
        service0-98d97c5c7-nqwf5         1114m        28Mi
        service1-7cc8748c87-nx6zt        730m         15Mi
        service2-7bdbb95446-9d5fr        1068m        15Mi
        ubuntu-client-76886f6bbd-x6lxm   25m          12Mi
        Running 1m test @ http://service0:80/endpoint1
        8 threads and 256 connections
        Thread Stats   Avg      Stdev     Max   +/- Stdev
        Latency   386.83ms  215.31ms   2.10s    75.87%
        Req/Sec    83.53     45.91   280.00     66.48%
        Latency Distribution
        50%  333.68ms
        75%  488.53ms
        90%  660.49ms
        99%    1.19s
        20000 requests in 0.90m, 3.03MB read
        Requests/sec:    370.37
        Transfer/sec:     57.51KB
        ------------------------------
        stop time: 29.793242
        stop time: 29.688111
        stop time: 30.532281
        stop time: 30.409676
        stop time: 30.494675
        stop time: 30.493118
        stop time: 30.271582
        stop time: 30.521662
        [run.sh] Test finished with status 0
        > STDERR
        > No resources found in default namespace.
    [exp] Times: [29.793242, 29.688111, 30.532281, 30.409676, 30.494675, 30.493118, 30.271582, 30.521662]
    [exp] Throughput: 660.5992088160169
[test.py] Finished running 2th optmization experiment: groundtruth->1212.0722792941183, slowdown->660.5992088160169, predicted->1084.5726208033761, err->-10.51914647903629
[test.py] Running 3th optmization experiment
[test.py] Running 3th groundtruth exp
    [exp] Running (pre_run: False) workload synthetic/chain-d2-grpc-sync request with the following configuration: {'CLIENT_CPU_QUOTA': '2', 'SLOWPOKE_POKER_BATCH_THRESHOLD': '20000000', 'PROCESSING_TIME_SERVICE0': '0.0014149', 'PROCESSING_TIME_SERVICE1': '0.00090814', 'PROCESSING_TIME_SERVICE2': '0.000441', 'SLOWPOKE_DELAY_MICROS_SERVICE0': '0.0', 'SLOWPOKE_POKER_BATCH_THRESHOLD_SERVICE0': '100', 'SLOWPOKE_IS_TARGET_SERVICE_SERVICE0': 'false', 'SLOWPOKE_DELAY_MICROS_SERVICE1': '0.0', 'SLOWPOKE_POKER_BATCH_THRESHOLD_SERVICE1': '100', 'SLOWPOKE_IS_TARGET_SERVICE_SERVICE1': 'false', 'SLOWPOKE_DELAY_MICROS_SERVICE2': '0.0', 'SLOWPOKE_POKER_BATCH_THRESHOLD_SERVICE2': '100', 'SLOWPOKE_IS_TARGET_SERVICE_SERVICE2': 'true'}
    [exp] Executing cmd `bash run.sh synthetic chain-d2-grpc-sync 8 256 20000`:
        [run.sh] Running benchmark synthetic with request chain-d2-grpc-sync, thread 8, conn 256, duration 60
        [run.sh] Deleting all services
        configmap "config-service0" deleted
        deployment.apps "service0" deleted
        service "service0" deleted
        configmap "config-service1" deleted
        deployment.apps "service1" deleted
        service "service1" deleted
        configmap "config-service2" deleted
        deployment.apps "service2" deleted
        service "service2" deleted
        deployment.apps "ubuntu-client" deleted
        [run.sh] Waiting for all pods to be deleted
        [run.sh] Deploying all services
        configmap/config-service0 created
        deployment.apps/service0 created
        service/service0 created
        configmap/config-service1 created
        deployment.apps/service1 created
        service/service1 created
        configmap/config-service2 created
        deployment.apps/service2 created
        service/service2 created
        [run.sh] Client pod not found, deploying client
        deployment.apps/ubuntu-client created
        [run.sh] Waiting for all pods to be running
        [run.sh] All pods are running
        [run.sh] Checking heartbeat for all services
        [run.sh] Running warmup test
        [run.sh] /wrk/wrk -t8 -c256 --timeout 3s -d3s -L http://service0:80/endpoint1
        Running 3s test @ http://service0:80/endpoint1
        8 threads and 256 connections
        Thread Stats   Avg      Stdev     Max   +/- Stdev
        Latency   220.17ms  126.67ms 737.71ms   71.08%
        Req/Sec   155.19     76.79   353.00     70.45%
        Latency Distribution
        50%  186.09ms
        75%  296.68ms
        90%  395.36ms
        99%  615.77ms
        3464 requests in 3.01s, 537.87KB read
        Requests/sec:   1150.16
        Transfer/sec:    178.59KB
        [run.sh] Speed is 1150.16, duration is 26
        [run.sh] Fix the request number.
        [run.sh] Running the actual test
        [run.sh] /wrk/wrk --timeout 20s -t8 -c256 -d26s -L -s /wrk/fix_req_n.lua http://service0:80/endpoint1
        Running 26s test @ http://service0:80/endpoint1
        8 threads and 256 connections
        Thread Stats   Avg      Stdev     Max   +/- Stdev
        Latency   213.01ms  144.85ms   1.25s    78.78%
        Req/Sec   152.37     66.69   480.00     66.02%
        Latency Distribution
        50%  174.67ms
        75%  275.73ms
        90%  407.21ms
        99%  745.46ms
        20000 requests in 26.00s, 3.03MB read
        Requests/sec:    769.23
        Transfer/sec:    119.44KB
        ------------------------------
        stop time: 16.630395
        stop time: 16.531045
        stop time: 16.561778
        stop time: 16.458586
        stop time: 16.512903
        stop time: 16.424198
        stop time: 16.407611
        stop time: 16.113762
        [run.sh] Checking the resource usage
        NAME                             CPU(cores)   MEMORY(bytes)
        service0-6fb7cc7c7f-s684l        1161m        30Mi
        service1-76b89695f7-vd74l        0m           10Mi
        service2-7bdbb95446-pv7wx        595m         10Mi
        ubuntu-client-76886f6bbd-rdt4m   2m           0Mi
        [run.sh] Test finished with status 0
        > STDERR
        > No resources found in default namespace.
    [exp] Times: [16.630395, 16.531045, 16.561778, 16.458586, 16.512903, 16.424198, 16.407611, 16.113762]
    [exp] Throughput: 1215.4334709016644
[test.py] Running 3th slowdown exp
    [exp] Running (pre_run: False) workload synthetic/chain-d2-grpc-sync request with the following configuration: {'CLIENT_CPU_QUOTA': '2', 'SLOWPOKE_POKER_BATCH_THRESHOLD': '20000000', 'PROCESSING_TIME_SERVICE0': '0.0014149', 'PROCESSING_TIME_SERVICE1': '0.00090814', 'PROCESSING_TIME_SERVICE2': '0.00147751', 'SLOWPOKE_DELAY_MICROS_SERVICE0': '518.0', 'SLOWPOKE_POKER_BATCH_THRESHOLD_SERVICE0': '100', 'SLOWPOKE_IS_TARGET_SERVICE_SERVICE0': 'false', 'SLOWPOKE_DELAY_MICROS_SERVICE1': '518.0', 'SLOWPOKE_POKER_BATCH_THRESHOLD_SERVICE1': '100', 'SLOWPOKE_IS_TARGET_SERVICE_SERVICE1': 'false', 'SLOWPOKE_DELAY_MICROS_SERVICE2': '0.0', 'SLOWPOKE_POKER_BATCH_THRESHOLD_SERVICE2': '100', 'SLOWPOKE_IS_TARGET_SERVICE_SERVICE2': 'true'}
    [exp] Executing cmd `bash run.sh synthetic chain-d2-grpc-sync 8 256 20000`:
        [run.sh] Running benchmark synthetic with request chain-d2-grpc-sync, thread 8, conn 256, duration 60
        [run.sh] Deleting all services
        configmap "config-service0" deleted
        deployment.apps "service0" deleted
        service "service0" deleted
        configmap "config-service1" deleted
        deployment.apps "service1" deleted
        service "service1" deleted
        configmap "config-service2" deleted
        deployment.apps "service2" deleted
        service "service2" deleted
        deployment.apps "ubuntu-client" deleted
        [run.sh] Waiting for all pods to be deleted
        [run.sh] Deploying all services
        configmap/config-service0 created
        deployment.apps/service0 created
        service/service0 created
        configmap/config-service1 created
        deployment.apps/service1 created
        service/service1 created
        configmap/config-service2 created
        deployment.apps/service2 created
        service/service2 created
        [run.sh] Client pod not found, deploying client
        deployment.apps/ubuntu-client created
        [run.sh] Waiting for all pods to be running
        [run.sh] All pods are running
        [run.sh] Checking heartbeat for all services
        [run.sh] Running warmup test
        [run.sh] /wrk/wrk -t8 -c256 --timeout 3s -d3s -L http://service0:80/endpoint1
        Running 3s test @ http://service0:80/endpoint1
        8 threads and 256 connections
        Thread Stats   Avg      Stdev     Max   +/- Stdev
        Latency   440.36ms  266.99ms   1.55s    72.91%
        Req/Sec    72.56     39.91   210.00     67.72%
        Latency Distribution
        50%  370.23ms
        75%  589.28ms
        90%  793.42ms
        99%    1.26s
        1593 requests in 3.02s, 247.35KB read
        Requests/sec:    526.89
        Transfer/sec:     81.81KB
        [run.sh] Speed is 526.89, duration is 56
        [run.sh] Fix the request number.
        [run.sh] Running the actual test
        [run.sh] /wrk/wrk --timeout 20s -t8 -c256 -d56s -L -s /wrk/fix_req_n.lua http://service0:80/endpoint1
        [run.sh] Checking the resource usage
        NAME                             CPU(cores)   MEMORY(bytes)
        service0-5479b9f769-vhbc7        126m         23Mi
        service1-c9cc88d59-l4mwg         0m           14Mi
        service2-7bdbb95446-8k67q        0m           15Mi
        ubuntu-client-76886f6bbd-vkpzn   11m          0Mi
        Running 1m test @ http://service0:80/endpoint1
        8 threads and 256 connections
        Thread Stats   Avg      Stdev     Max   +/- Stdev
        Latency   338.95ms  196.49ms   1.77s    74.53%
        Req/Sec    95.83     58.31   330.00     69.74%
        Latency Distribution
        50%  288.00ms
        75%  437.02ms
        90%  607.62ms
        99%    1.01s
        20000 requests in 0.93m, 3.03MB read
        Requests/sec:    357.14
        Transfer/sec:     55.45KB
        ------------------------------
        stop time: 26.577265
        stop time: 26.663409
        stop time: 26.576155
        stop time: 26.511819
        stop time: 26.933980
        stop time: 26.478939
        stop time: 26.934324
        stop time: 26.923796
        [run.sh] Test finished with status 0
        > STDERR
        > No resources found in default namespace.
    [exp] Times: [26.577265, 26.663409, 26.576155, 26.511819, 26.93398, 26.478939, 26.934324, 26.923796]
    [exp] Throughput: 749.0647680583913
[test.py] Finished running 3th optmization experiment: groundtruth->1215.4334709016644, slowdown->749.0647680583913, predicted->1224.375288718215, err->0.7356896144975471
[test.py] Running 4th optmization experiment
[test.py] Running 4th groundtruth exp
    [exp] Running (pre_run: False) workload synthetic/chain-d2-grpc-sync request with the following configuration: {'CLIENT_CPU_QUOTA': '2', 'SLOWPOKE_POKER_BATCH_THRESHOLD': '20000000', 'PROCESSING_TIME_SERVICE0': '0.0014149', 'PROCESSING_TIME_SERVICE1': '0.00090814', 'PROCESSING_TIME_SERVICE2': '0.000588', 'SLOWPOKE_DELAY_MICROS_SERVICE0': '0.0', 'SLOWPOKE_POKER_BATCH_THRESHOLD_SERVICE0': '100', 'SLOWPOKE_IS_TARGET_SERVICE_SERVICE0': 'false', 'SLOWPOKE_DELAY_MICROS_SERVICE1': '0.0', 'SLOWPOKE_POKER_BATCH_THRESHOLD_SERVICE1': '100', 'SLOWPOKE_IS_TARGET_SERVICE_SERVICE1': 'false', 'SLOWPOKE_DELAY_MICROS_SERVICE2': '0.0', 'SLOWPOKE_POKER_BATCH_THRESHOLD_SERVICE2': '100', 'SLOWPOKE_IS_TARGET_SERVICE_SERVICE2': 'true'}
    [exp] Executing cmd `bash run.sh synthetic chain-d2-grpc-sync 8 256 20000`:
        [run.sh] Running benchmark synthetic with request chain-d2-grpc-sync, thread 8, conn 256, duration 60
        [run.sh] Deleting all services
        configmap "config-service0" deleted
        deployment.apps "service0" deleted
        service "service0" deleted
        configmap "config-service1" deleted
        deployment.apps "service1" deleted
        service "service1" deleted
        configmap "config-service2" deleted
        deployment.apps "service2" deleted
        service "service2" deleted
        deployment.apps "ubuntu-client" deleted
        [run.sh] Waiting for all pods to be deleted
        [run.sh] Deploying all services
        configmap/config-service0 created
        deployment.apps/service0 created
        service/service0 created
        configmap/config-service1 created
        deployment.apps/service1 created
        service/service1 created
        configmap/config-service2 created
        deployment.apps/service2 created
        service/service2 created
        [run.sh] Client pod not found, deploying client
        deployment.apps/ubuntu-client created
        [run.sh] Waiting for all pods to be running
        [run.sh] All pods are running
        [run.sh] Checking heartbeat for all services
        [run.sh] Running warmup test
        [run.sh] /wrk/wrk -t8 -c256 --timeout 3s -d3s -L http://service0:80/endpoint1
        Running 3s test @ http://service0:80/endpoint1
        8 threads and 256 connections
        Thread Stats   Avg      Stdev     Max   +/- Stdev
        Latency   227.56ms  132.49ms 691.19ms   62.27%
        Req/Sec   147.04     68.36   343.00     67.84%
        Latency Distribution
        50%  196.49ms
        75%  323.33ms
        90%  413.89ms
        99%  569.37ms
        3192 requests in 3.09s, 495.63KB read
        Requests/sec:   1032.63
        Transfer/sec:    160.34KB
        [run.sh] Speed is 1032.63, duration is 29
        [run.sh] Fix the request number.
        [run.sh] Running the actual test
        [run.sh] /wrk/wrk --timeout 20s -t8 -c256 -d29s -L -s /wrk/fix_req_n.lua http://service0:80/endpoint1
        Running 29s test @ http://service0:80/endpoint1
        8 threads and 256 connections
        Thread Stats   Avg      Stdev     Max   +/- Stdev
        Latency   213.57ms  148.30ms   1.22s    77.97%
        Req/Sec   152.24     75.99   440.00     66.93%
        Latency Distribution
        50%  172.82ms
        75%  274.89ms
        90%  419.54ms
        99%  711.49ms
        20000 requests in 29.00s, 3.03MB read
        Requests/sec:    689.65
        Transfer/sec:    107.08KB
        ------------------------------
        stop time: 16.343225
        stop time: 16.197868
        stop time: 16.547034
        stop time: 16.802107
        stop time: 16.497857
        stop time: 16.801299
        stop time: 16.773720
        stop time: 16.762332
        [run.sh] Checking the resource usage
        NAME                             CPU(cores)   MEMORY(bytes)
        service0-6fb7cc7c7f-7458b        560m         28Mi
        service1-76b89695f7-m65xs        394m         13Mi
        service2-7bdbb95446-dgsqx        263m         9Mi
        ubuntu-client-76886f6bbd-qsgdz   0m           6Mi
        [run.sh] Test finished with status 0
        > STDERR
        > No resources found in default namespace.
    [exp] Times: [16.343225, 16.197868, 16.547034, 16.802107, 16.497857, 16.801299, 16.77372, 16.762332]
    [exp] Throughput: 1205.4960796438713
[test.py] Running 4th slowdown exp
    [exp] Running (pre_run: False) workload synthetic/chain-d2-grpc-sync request with the following configuration: {'CLIENT_CPU_QUOTA': '2', 'SLOWPOKE_POKER_BATCH_THRESHOLD': '20000000', 'PROCESSING_TIME_SERVICE0': '0.0014149', 'PROCESSING_TIME_SERVICE1': '0.00090814', 'PROCESSING_TIME_SERVICE2': '0.00147751', 'SLOWPOKE_DELAY_MICROS_SERVICE0': '444.5', 'SLOWPOKE_POKER_BATCH_THRESHOLD_SERVICE0': '100', 'SLOWPOKE_IS_TARGET_SERVICE_SERVICE0': 'false', 'SLOWPOKE_DELAY_MICROS_SERVICE1': '444.5', 'SLOWPOKE_POKER_BATCH_THRESHOLD_SERVICE1': '100', 'SLOWPOKE_IS_TARGET_SERVICE_SERVICE1': 'false', 'SLOWPOKE_DELAY_MICROS_SERVICE2': '0.0', 'SLOWPOKE_POKER_BATCH_THRESHOLD_SERVICE2': '100', 'SLOWPOKE_IS_TARGET_SERVICE_SERVICE2': 'true'}
    [exp] Executing cmd `bash run.sh synthetic chain-d2-grpc-sync 8 256 20000`:
        [run.sh] Running benchmark synthetic with request chain-d2-grpc-sync, thread 8, conn 256, duration 60
        [run.sh] Deleting all services
        configmap "config-service0" deleted
        deployment.apps "service0" deleted
        service "service0" deleted
        configmap "config-service1" deleted
        deployment.apps "service1" deleted
        service "service1" deleted
        configmap "config-service2" deleted
        deployment.apps "service2" deleted
        service "service2" deleted
        deployment.apps "ubuntu-client" deleted
        [run.sh] Waiting for all pods to be deleted
        [run.sh] Deploying all services
        configmap/config-service0 created
        deployment.apps/service0 created
        service/service0 created
        configmap/config-service1 created
        deployment.apps/service1 created
        service/service1 created
        configmap/config-service2 created
        deployment.apps/service2 created
        service/service2 created
        [run.sh] Client pod not found, deploying client
        deployment.apps/ubuntu-client created
        [run.sh] Waiting for all pods to be running
        [run.sh] All pods are running
        [run.sh] Checking heartbeat for all services
        [run.sh] Running warmup test
        [run.sh] /wrk/wrk -t8 -c256 --timeout 3s -d3s -L http://service0:80/endpoint1
        Running 3s test @ http://service0:80/endpoint1
        8 threads and 256 connections
        Thread Stats   Avg      Stdev     Max   +/- Stdev
        Latency   347.91ms  153.63ms   1.19s    64.14%
        Req/Sec    96.53     65.73   310.00     67.16%
        Latency Distribution
        50%  330.01ms
        75%  452.85ms
        90%  565.85ms
        99%  743.58ms
        2096 requests in 3.02s, 325.45KB read
        Requests/sec:    693.32
        Transfer/sec:    107.65KB
        [run.sh] Speed is 693.32, duration is 43
        [run.sh] Fix the request number.
        [run.sh] Running the actual test
        [run.sh] /wrk/wrk --timeout 20s -t8 -c256 -d43s -L -s /wrk/fix_req_n.lua http://service0:80/endpoint1
        [run.sh] Checking the resource usage
        NAME                             CPU(cores)   MEMORY(bytes)
        service0-6bf56666d8-hfv2x        1285m        28Mi
        service1-76997599fd-xnhrl        897m         12Mi
        service2-7bdbb95446-ndzdb        1312m        11Mi
        ubuntu-client-76886f6bbd-dhqjh   23m          12Mi
        Running 43s test @ http://service0:80/endpoint1
        8 threads and 256 connections
        Thread Stats   Avg      Stdev     Max   +/- Stdev
        Latency   323.02ms  192.87ms   1.73s    74.40%
        Req/Sec   100.32     58.56   310.00     64.27%
        Latency Distribution
        50%  272.85ms
        75%  415.36ms
        90%  590.18ms
        99%  933.68ms
        20000 requests in 43.00s, 3.03MB read
        Requests/sec:    465.11
        Transfer/sec:     72.22KB
        ------------------------------
        stop time: 24.689309
        stop time: 25.027378
        stop time: 25.449732
        stop time: 25.342369
        stop time: 25.448051
        stop time: 25.380159
        stop time: 25.544714
        stop time: 25.524087
        [run.sh] Test finished with status 0
        > STDERR
        > No resources found in default namespace.
    [exp] Times: [24.689309, 25.027378, 25.449732, 25.342369, 25.448051, 25.380159, 25.544714, 25.524087]
    [exp] Throughput: 790.4911854822894
[test.py] Finished running 4th optmization experiment: groundtruth->1205.4960796438713, slowdown->790.4911854822894, predicted->1219.0940700148124, err->1.1279995514343077
[test.py] Running 5th optmization experiment
[test.py] Running 5th groundtruth exp
    [exp] Running (pre_run: False) workload synthetic/chain-d2-grpc-sync request with the following configuration: {'CLIENT_CPU_QUOTA': '2', 'SLOWPOKE_POKER_BATCH_THRESHOLD': '20000000', 'PROCESSING_TIME_SERVICE0': '0.0014149', 'PROCESSING_TIME_SERVICE1': '0.00090814', 'PROCESSING_TIME_SERVICE2': '0.000735', 'SLOWPOKE_DELAY_MICROS_SERVICE0': '0.0', 'SLOWPOKE_POKER_BATCH_THRESHOLD_SERVICE0': '100', 'SLOWPOKE_IS_TARGET_SERVICE_SERVICE0': 'false', 'SLOWPOKE_DELAY_MICROS_SERVICE1': '0.0', 'SLOWPOKE_POKER_BATCH_THRESHOLD_SERVICE1': '100', 'SLOWPOKE_IS_TARGET_SERVICE_SERVICE1': 'false', 'SLOWPOKE_DELAY_MICROS_SERVICE2': '0.0', 'SLOWPOKE_POKER_BATCH_THRESHOLD_SERVICE2': '100', 'SLOWPOKE_IS_TARGET_SERVICE_SERVICE2': 'true'}
    [exp] Executing cmd `bash run.sh synthetic chain-d2-grpc-sync 8 256 20000`:
        [run.sh] Running benchmark synthetic with request chain-d2-grpc-sync, thread 8, conn 256, duration 60
        [run.sh] Deleting all services
        configmap "config-service0" deleted
        deployment.apps "service0" deleted
        service "service0" deleted
        configmap "config-service1" deleted
        deployment.apps "service1" deleted
        service "service1" deleted
        configmap "config-service2" deleted
        deployment.apps "service2" deleted
        service "service2" deleted
        deployment.apps "ubuntu-client" deleted
        [run.sh] Waiting for all pods to be deleted
        [run.sh] Deploying all services
        configmap/config-service0 created
        deployment.apps/service0 created
        service/service0 created
        configmap/config-service1 created
        deployment.apps/service1 created
        service/service1 created
        configmap/config-service2 created
        deployment.apps/service2 created
        service/service2 created
        [run.sh] Client pod not found, deploying client
        deployment.apps/ubuntu-client created
        [run.sh] Waiting for all pods to be running
        [run.sh] All pods are running
        [run.sh] Checking heartbeat for all services
        [run.sh] Running warmup test
        [run.sh] /wrk/wrk -t8 -c256 --timeout 3s -d3s -L http://service0:80/endpoint1
        Running 3s test @ http://service0:80/endpoint1
        8 threads and 256 connections
        Thread Stats   Avg      Stdev     Max   +/- Stdev
        Latency   244.70ms  207.54ms   1.53s    83.19%
        Req/Sec   150.84     63.20   320.00     69.23%
        Latency Distribution
        50%  169.86ms
        75%  334.40ms
        90%  520.62ms
        99%  969.08ms
        3382 requests in 3.02s, 525.13KB read
        Requests/sec:   1120.33
        Transfer/sec:    173.96KB
        [run.sh] Speed is 1120.33, duration is 26
        [run.sh] Fix the request number.
        [run.sh] Running the actual test
        [run.sh] /wrk/wrk --timeout 20s -t8 -c256 -d26s -L -s /wrk/fix_req_n.lua http://service0:80/endpoint1
        Running 26s test @ http://service0:80/endpoint1
        8 threads and 256 connections
        Thread Stats   Avg      Stdev     Max   +/- Stdev
        Latency   214.36ms  144.72ms   1.47s    76.43%
        Req/Sec   152.91     77.38   420.00     65.51%
        Latency Distribution
        50%  177.12ms
        75%  282.16ms
        90%  409.32ms
        99%  696.89ms
        20000 requests in 26.00s, 3.03MB read
        Requests/sec:    769.23
        Transfer/sec:    119.44KB
        ------------------------------
        stop time: 16.474439
        stop time: 16.670785
        stop time: 16.535271
        stop time: 15.998633
        stop time: 16.760433
        stop time: 16.458940
        stop time: 16.766136
        stop time: 16.797510
        [run.sh] Checking the resource usage
        NAME                             CPU(cores)   MEMORY(bytes)
        ubuntu-client-76886f6bbd-hddnr   8m           6Mi
        [run.sh] Test finished with status 0
        > STDERR
        > No resources found in default namespace.
    [exp] Times: [16.474439, 16.670785, 16.535271, 15.998633, 16.760433, 16.45894, 16.766136, 16.79751]
    [exp] Throughput: 1207.8922441140865
[test.py] Running 5th slowdown exp
    [exp] Running (pre_run: False) workload synthetic/chain-d2-grpc-sync request with the following configuration: {'CLIENT_CPU_QUOTA': '2', 'SLOWPOKE_POKER_BATCH_THRESHOLD': '20000000', 'PROCESSING_TIME_SERVICE0': '0.0014149', 'PROCESSING_TIME_SERVICE1': '0.00090814', 'PROCESSING_TIME_SERVICE2': '0.00147751', 'SLOWPOKE_DELAY_MICROS_SERVICE0': '371.0', 'SLOWPOKE_POKER_BATCH_THRESHOLD_SERVICE0': '100', 'SLOWPOKE_IS_TARGET_SERVICE_SERVICE0': 'false', 'SLOWPOKE_DELAY_MICROS_SERVICE1': '371.0', 'SLOWPOKE_POKER_BATCH_THRESHOLD_SERVICE1': '100', 'SLOWPOKE_IS_TARGET_SERVICE_SERVICE1': 'false', 'SLOWPOKE_DELAY_MICROS_SERVICE2': '0.0', 'SLOWPOKE_POKER_BATCH_THRESHOLD_SERVICE2': '100', 'SLOWPOKE_IS_TARGET_SERVICE_SERVICE2': 'true'}
    [exp] Executing cmd `bash run.sh synthetic chain-d2-grpc-sync 8 256 20000`:
        [run.sh] Running benchmark synthetic with request chain-d2-grpc-sync, thread 8, conn 256, duration 60
        [run.sh] Deleting all services
        configmap "config-service0" deleted
        deployment.apps "service0" deleted
        service "service0" deleted
        configmap "config-service1" deleted
        deployment.apps "service1" deleted
        service "service1" deleted
        configmap "config-service2" deleted
        deployment.apps "service2" deleted
        service "service2" deleted
        deployment.apps "ubuntu-client" deleted
        [run.sh] Waiting for all pods to be deleted
        [run.sh] Deploying all services
        configmap/config-service0 created
        deployment.apps/service0 created
        service/service0 created
        configmap/config-service1 created
        deployment.apps/service1 created
        service/service1 created
        configmap/config-service2 created
        deployment.apps/service2 created
        service/service2 created
        [run.sh] Client pod not found, deploying client
        deployment.apps/ubuntu-client created
        [run.sh] Waiting for all pods to be running
        [run.sh] All pods are running
        [run.sh] Checking heartbeat for all services
        [run.sh] Running warmup test
        [run.sh] /wrk/wrk -t8 -c256 --timeout 3s -d3s -L http://service0:80/endpoint1
        Running 3s test @ http://service0:80/endpoint1
        8 threads and 256 connections
        Thread Stats   Avg      Stdev     Max   +/- Stdev
        Latency   319.35ms  150.33ms   1.05s    68.76%
        Req/Sec   101.00     56.89   260.00     63.32%
        Latency Distribution
        50%  294.50ms
        75%  420.26ms
        90%  531.04ms
        99%  714.09ms
        2210 requests in 3.02s, 343.15KB read
        Requests/sec:    731.10
        Transfer/sec:    113.52KB
        [run.sh] Speed is 731.10, duration is 41
        [run.sh] Fix the request number.
        [run.sh] Running the actual test
        [run.sh] /wrk/wrk --timeout 20s -t8 -c256 -d41s -L -s /wrk/fix_req_n.lua http://service0:80/endpoint1
        [run.sh] Checking the resource usage
        NAME                             CPU(cores)   MEMORY(bytes)
        service0-779488cf4b-fmf4v        1340m        28Mi
        service1-5687f7464d-95xpg        761m         13Mi
        service2-7bdbb95446-sprg2        1159m        10Mi
        ubuntu-client-76886f6bbd-5sd6x   30m          11Mi
        Running 41s test @ http://service0:80/endpoint1
        8 threads and 256 connections
        Thread Stats   Avg      Stdev     Max   +/- Stdev
        Latency   303.69ms  174.35ms   1.35s    76.77%
        Req/Sec   107.18     61.32   330.00     65.49%
        Latency Distribution
        50%  258.39ms
        75%  380.69ms
        90%  533.02ms
        99%  863.84ms
        20000 requests in 41.00s, 3.03MB read
        Requests/sec:    487.80
        Transfer/sec:     75.74KB
        ------------------------------
        stop time: 23.683983
        stop time: 23.504232
        stop time: 23.761864
        stop time: 24.016083
        stop time: 23.916678
        stop time: 23.823308
        stop time: 23.823713
        stop time: 23.873206
        [run.sh] Test finished with status 0
        > STDERR
        > No resources found in default namespace.
    [exp] Times: [23.683983, 23.504232, 23.761864, 24.016083, 23.916678, 23.823308, 23.823713, 23.873206]
    [exp] Throughput: 840.3225983749516
[test.py] Finished running 5th optmization experiment: groundtruth->1207.8922441140865, slowdown->840.3225983749516, predicted->1221.3529098698725, err->1.1143929287880001
[test.py] Running 6th optmization experiment
[test.py] Running 6th groundtruth exp
    [exp] Running (pre_run: False) workload synthetic/chain-d2-grpc-sync request with the following configuration: {'CLIENT_CPU_QUOTA': '2', 'SLOWPOKE_POKER_BATCH_THRESHOLD': '20000000', 'PROCESSING_TIME_SERVICE0': '0.0014149', 'PROCESSING_TIME_SERVICE1': '0.00090814', 'PROCESSING_TIME_SERVICE2': '0.000882', 'SLOWPOKE_DELAY_MICROS_SERVICE0': '0.0', 'SLOWPOKE_POKER_BATCH_THRESHOLD_SERVICE0': '100', 'SLOWPOKE_IS_TARGET_SERVICE_SERVICE0': 'false', 'SLOWPOKE_DELAY_MICROS_SERVICE1': '0.0', 'SLOWPOKE_POKER_BATCH_THRESHOLD_SERVICE1': '100', 'SLOWPOKE_IS_TARGET_SERVICE_SERVICE1': 'false', 'SLOWPOKE_DELAY_MICROS_SERVICE2': '0.0', 'SLOWPOKE_POKER_BATCH_THRESHOLD_SERVICE2': '100', 'SLOWPOKE_IS_TARGET_SERVICE_SERVICE2': 'true'}
    [exp] Executing cmd `bash run.sh synthetic chain-d2-grpc-sync 8 256 20000`:
        [run.sh] Running benchmark synthetic with request chain-d2-grpc-sync, thread 8, conn 256, duration 60
        [run.sh] Deleting all services
        configmap "config-service0" deleted
        deployment.apps "service0" deleted
        service "service0" deleted
        configmap "config-service1" deleted
        deployment.apps "service1" deleted
        service "service1" deleted
        configmap "config-service2" deleted
        deployment.apps "service2" deleted
        service "service2" deleted
        deployment.apps "ubuntu-client" deleted
        [run.sh] Waiting for all pods to be deleted
        [run.sh] Deploying all services
        configmap/config-service0 created
        deployment.apps/service0 created
        service/service0 created
        configmap/config-service1 created
        deployment.apps/service1 created
        service/service1 created
        configmap/config-service2 created
        deployment.apps/service2 created
        service/service2 created
        [run.sh] Client pod not found, deploying client
        deployment.apps/ubuntu-client created
        [run.sh] Waiting for all pods to be running
        [run.sh] All pods are running
        [run.sh] Checking heartbeat for all services
        [run.sh] Running warmup test
        [run.sh] /wrk/wrk -t8 -c256 --timeout 3s -d3s -L http://service0:80/endpoint1
        Running 3s test @ http://service0:80/endpoint1
        8 threads and 256 connections
        Thread Stats   Avg      Stdev     Max   +/- Stdev
        Latency   213.72ms  128.82ms 708.58ms   69.96%
        Req/Sec   148.67     71.20   313.00     64.95%
        Latency Distribution
        50%  182.04ms
        75%  294.75ms
        90%  398.72ms
        99%  597.41ms
        3309 requests in 3.02s, 513.80KB read
        Requests/sec:   1096.38
        Transfer/sec:    170.24KB
        [run.sh] Speed is 1096.38, duration is 27
        [run.sh] Fix the request number.
        [run.sh] Running the actual test
        [run.sh] /wrk/wrk --timeout 20s -t8 -c256 -d27s -L -s /wrk/fix_req_n.lua http://service0:80/endpoint1
        Running 27s test @ http://service0:80/endpoint1
        8 threads and 256 connections
        Thread Stats   Avg      Stdev     Max   +/- Stdev
        Latency   213.24ms  147.41ms   1.09s    79.49%
        Req/Sec   152.24     71.89   400.00     65.92%
        Latency Distribution
        50%  171.74ms
        75%  269.89ms
        90%  409.48ms
        99%  765.37ms
        20000 requests in 27.00s, 3.03MB read
        Requests/sec:    740.74
        Transfer/sec:    115.02KB
        ------------------------------
        stop time: 16.420493
        stop time: 16.578370
        stop time: 16.394320
        stop time: 16.708917
        stop time: 16.464129
        stop time: 16.682741
        stop time: 16.623317
        stop time: 16.007347
        [run.sh] Checking the resource usage
        [run.sh] Test finished with status 0
        > STDERR
        > No resources found in default namespace.
        > error: metrics not available yet
    [exp] Times: [16.420493, 16.57837, 16.39432, 16.708917, 16.464129, 16.682741, 16.623317, 16.007347]
    [exp] Throughput: 1213.2275101703724
[test.py] Running 6th slowdown exp
    [exp] Running (pre_run: False) workload synthetic/chain-d2-grpc-sync request with the following configuration: {'CLIENT_CPU_QUOTA': '2', 'SLOWPOKE_POKER_BATCH_THRESHOLD': '20000000', 'PROCESSING_TIME_SERVICE0': '0.0014149', 'PROCESSING_TIME_SERVICE1': '0.00090814', 'PROCESSING_TIME_SERVICE2': '0.00147751', 'SLOWPOKE_DELAY_MICROS_SERVICE0': '297.5', 'SLOWPOKE_POKER_BATCH_THRESHOLD_SERVICE0': '100', 'SLOWPOKE_IS_TARGET_SERVICE_SERVICE0': 'false', 'SLOWPOKE_DELAY_MICROS_SERVICE1': '297.5', 'SLOWPOKE_POKER_BATCH_THRESHOLD_SERVICE1': '100', 'SLOWPOKE_IS_TARGET_SERVICE_SERVICE1': 'false', 'SLOWPOKE_DELAY_MICROS_SERVICE2': '0.0', 'SLOWPOKE_POKER_BATCH_THRESHOLD_SERVICE2': '100', 'SLOWPOKE_IS_TARGET_SERVICE_SERVICE2': 'true'}
    [exp] Executing cmd `bash run.sh synthetic chain-d2-grpc-sync 8 256 20000`:
        [run.sh] Running benchmark synthetic with request chain-d2-grpc-sync, thread 8, conn 256, duration 60
        [run.sh] Deleting all services
        configmap "config-service0" deleted
        deployment.apps "service0" deleted
        service "service0" deleted
        configmap "config-service1" deleted
        deployment.apps "service1" deleted
        service "service1" deleted
        configmap "config-service2" deleted
        deployment.apps "service2" deleted
        service "service2" deleted
        deployment.apps "ubuntu-client" deleted
        [run.sh] Waiting for all pods to be deleted
        [run.sh] Deploying all services
        configmap/config-service0 created
        deployment.apps/service0 created
        service/service0 created
        configmap/config-service1 created
        deployment.apps/service1 created
        service/service1 created
        configmap/config-service2 created
        deployment.apps/service2 created
        service/service2 created
        [run.sh] Client pod not found, deploying client
        deployment.apps/ubuntu-client created
        [run.sh] Waiting for all pods to be running
        [run.sh] All pods are running
        [run.sh] Checking heartbeat for all services
        [run.sh] Running warmup test
        [run.sh] /wrk/wrk -t8 -c256 --timeout 3s -d3s -L http://service0:80/endpoint1
        Running 3s test @ http://service0:80/endpoint1
        8 threads and 256 connections
        Thread Stats   Avg      Stdev     Max   +/- Stdev
        Latency   298.93ms  148.99ms   1.02s    72.96%
        Req/Sec   110.51     63.65   252.00     65.52%
        Latency Distribution
        50%  253.94ms
        75%  379.13ms
        90%  525.50ms
        99%  716.05ms
        2408 requests in 3.03s, 373.90KB read
        Requests/sec:    794.69
        Transfer/sec:    123.39KB
        [run.sh] Speed is 794.69, duration is 37
        [run.sh] Fix the request number.
        [run.sh] Running the actual test
        [run.sh] /wrk/wrk --timeout 20s -t8 -c256 -d37s -L -s /wrk/fix_req_n.lua http://service0:80/endpoint1
        [run.sh] Checking the resource usage
        NAME                             CPU(cores)   MEMORY(bytes)
        service0-57dcfccdd6-s6q4f        123m         29Mi
        service1-55558577bd-hwlhc        305m         12Mi
        service2-7bdbb95446-mcq9r        431m         11Mi
        ubuntu-client-76886f6bbd-76884   13m          8Mi
        Running 37s test @ http://service0:80/endpoint1
        8 threads and 256 connections
        Thread Stats   Avg      Stdev     Max   +/- Stdev
        Latency   283.90ms  169.72ms   1.61s    76.95%
        Req/Sec   113.84     56.03   290.00     66.67%
        Latency Distribution
        50%  242.34ms
        75%  354.87ms
        90%  518.49ms
        99%  852.75ms
        20000 requests in 37.00s, 3.03MB read
        Requests/sec:    540.54
        Transfer/sec:     83.93KB
        ------------------------------
        stop time: 22.348610
        stop time: 22.347907
        stop time: 22.072530
        stop time: 22.209114
        stop time: 22.271626
        stop time: 22.334686
        stop time: 21.833518
        stop time: 22.439373
        [run.sh] Test finished with status 0
        > STDERR
        > No resources found in default namespace.
    [exp] Times: [22.34861, 22.347907, 22.07253, 22.209114, 22.271626, 22.334686, 21.833518, 22.439373]
    [exp] Throughput: 899.5972750388902
[test.py] Finished running 6th optmization experiment: groundtruth->1213.2275101703724, slowdown->899.5972750388902, predicted->1228.7223305938255, err->1.2771570289629517
[test.py] Running 7th optmization experiment
[test.py] Running 7th groundtruth exp
    [exp] Running (pre_run: False) workload synthetic/chain-d2-grpc-sync request with the following configuration: {'CLIENT_CPU_QUOTA': '2', 'SLOWPOKE_POKER_BATCH_THRESHOLD': '20000000', 'PROCESSING_TIME_SERVICE0': '0.0014149', 'PROCESSING_TIME_SERVICE1': '0.00090814', 'PROCESSING_TIME_SERVICE2': '0.001029', 'SLOWPOKE_DELAY_MICROS_SERVICE0': '0.0', 'SLOWPOKE_POKER_BATCH_THRESHOLD_SERVICE0': '100', 'SLOWPOKE_IS_TARGET_SERVICE_SERVICE0': 'false', 'SLOWPOKE_DELAY_MICROS_SERVICE1': '0.0', 'SLOWPOKE_POKER_BATCH_THRESHOLD_SERVICE1': '100', 'SLOWPOKE_IS_TARGET_SERVICE_SERVICE1': 'false', 'SLOWPOKE_DELAY_MICROS_SERVICE2': '0.0', 'SLOWPOKE_POKER_BATCH_THRESHOLD_SERVICE2': '100', 'SLOWPOKE_IS_TARGET_SERVICE_SERVICE2': 'true'}
    [exp] Executing cmd `bash run.sh synthetic chain-d2-grpc-sync 8 256 20000`:
        [run.sh] Running benchmark synthetic with request chain-d2-grpc-sync, thread 8, conn 256, duration 60
        [run.sh] Deleting all services
        configmap "config-service0" deleted
        deployment.apps "service0" deleted
        service "service0" deleted
        configmap "config-service1" deleted
        deployment.apps "service1" deleted
        service "service1" deleted
        configmap "config-service2" deleted
        deployment.apps "service2" deleted
        service "service2" deleted
        deployment.apps "ubuntu-client" deleted
        [run.sh] Waiting for all pods to be deleted
        [run.sh] Deploying all services
        configmap/config-service0 created
        deployment.apps/service0 created
        service/service0 created
        configmap/config-service1 created
        deployment.apps/service1 created
        service/service1 created
        configmap/config-service2 created
        deployment.apps/service2 created
        service/service2 created
        [run.sh] Client pod not found, deploying client
        deployment.apps/ubuntu-client created
        [run.sh] Waiting for all pods to be running
        [run.sh] All pods are running
        [run.sh] Checking heartbeat for all services
        [run.sh] Running warmup test
        [run.sh] /wrk/wrk -t8 -c256 --timeout 3s -d3s -L http://service0:80/endpoint1
        Running 3s test @ http://service0:80/endpoint1
        8 threads and 256 connections
        Thread Stats   Avg      Stdev     Max   +/- Stdev
        Latency   237.60ms  170.51ms 913.39ms   76.29%
        Req/Sec   150.28     63.88   363.00     69.91%
        Latency Distribution
        50%  187.04ms
        75%  332.20ms
        90%  471.57ms
        99%  811.14ms
        3332 requests in 3.02s, 517.37KB read
        Requests/sec:   1102.37
        Transfer/sec:    171.17KB
        [run.sh] Speed is 1102.37, duration is 27
        [run.sh] Fix the request number.
        [run.sh] Running the actual test
        [run.sh] /wrk/wrk --timeout 20s -t8 -c256 -d27s -L -s /wrk/fix_req_n.lua http://service0:80/endpoint1
        Running 27s test @ http://service0:80/endpoint1
        8 threads and 256 connections
        Thread Stats   Avg      Stdev     Max   +/- Stdev
        Latency   216.78ms  154.75ms   1.35s    79.52%
        Req/Sec   151.19     65.28   565.00     69.35%
        Latency Distribution
        50%  172.47ms
        75%  277.23ms
        90%  418.16ms
        99%  762.65ms
        20000 requests in 27.00s, 3.03MB read
        Requests/sec:    740.74
        Transfer/sec:    115.02KB
        ------------------------------
        stop time: 16.724741
        stop time: 16.401553
        stop time: 16.742537
        stop time: 16.615659
        stop time: 16.649306
        stop time: 16.758380
        stop time: 16.823930
        stop time: 16.705370
        [run.sh] Checking the resource usage
        NAME                             CPU(cores)   MEMORY(bytes)
        service0-6fb7cc7c7f-qf2p4        488m         29Mi
        service1-76b89695f7-bknq2        678m         12Mi
        service2-7bdbb95446-n7l7q        633m         10Mi
        ubuntu-client-76886f6bbd-dsr2v   34m          0Mi
        [run.sh] Test finished with status 0
        > STDERR
        > No resources found in default namespace.
    [exp] Times: [16.724741, 16.401553, 16.742537, 16.615659, 16.649306, 16.75838, 16.82393, 16.70537]
    [exp] Throughput: 1199.207240069807
[test.py] Running 7th slowdown exp
    [exp] Running (pre_run: False) workload synthetic/chain-d2-grpc-sync request with the following configuration: {'CLIENT_CPU_QUOTA': '2', 'SLOWPOKE_POKER_BATCH_THRESHOLD': '20000000', 'PROCESSING_TIME_SERVICE0': '0.0014149', 'PROCESSING_TIME_SERVICE1': '0.00090814', 'PROCESSING_TIME_SERVICE2': '0.00147751', 'SLOWPOKE_DELAY_MICROS_SERVICE0': '224.0', 'SLOWPOKE_POKER_BATCH_THRESHOLD_SERVICE0': '100', 'SLOWPOKE_IS_TARGET_SERVICE_SERVICE0': 'false', 'SLOWPOKE_DELAY_MICROS_SERVICE1': '224.0', 'SLOWPOKE_POKER_BATCH_THRESHOLD_SERVICE1': '100', 'SLOWPOKE_IS_TARGET_SERVICE_SERVICE1': 'false', 'SLOWPOKE_DELAY_MICROS_SERVICE2': '0.0', 'SLOWPOKE_POKER_BATCH_THRESHOLD_SERVICE2': '100', 'SLOWPOKE_IS_TARGET_SERVICE_SERVICE2': 'true'}
    [exp] Executing cmd `bash run.sh synthetic chain-d2-grpc-sync 8 256 20000`:
        [run.sh] Running benchmark synthetic with request chain-d2-grpc-sync, thread 8, conn 256, duration 60
        [run.sh] Deleting all services
        configmap "config-service0" deleted
        deployment.apps "service0" deleted
        service "service0" deleted
        configmap "config-service1" deleted
        deployment.apps "service1" deleted
        service "service1" deleted
        configmap "config-service2" deleted
        deployment.apps "service2" deleted
        service "service2" deleted
        deployment.apps "ubuntu-client" deleted
        [run.sh] Waiting for all pods to be deleted
        [run.sh] Deploying all services
        configmap/config-service0 created
        deployment.apps/service0 created
        service/service0 created
        configmap/config-service1 created
        deployment.apps/service1 created
        service/service1 created
        configmap/config-service2 created
        deployment.apps/service2 created
        service/service2 created
        [run.sh] Client pod not found, deploying client
        deployment.apps/ubuntu-client created
        [run.sh] Waiting for all pods to be running
        [run.sh] All pods are running
        [run.sh] Checking heartbeat for all services
        [run.sh] Running warmup test
        [run.sh] /wrk/wrk -t8 -c256 --timeout 3s -d3s -L http://service0:80/endpoint1
        Running 3s test @ http://service0:80/endpoint1
        8 threads and 256 connections
        Thread Stats   Avg      Stdev     Max   +/- Stdev
        Latency   266.24ms  145.77ms 918.05ms   73.86%
        Req/Sec   117.52     59.59   292.00     66.38%
        Latency Distribution
        50%  226.68ms
        75%  350.27ms
        90%  451.04ms
        99%  734.70ms
        2719 requests in 3.02s, 422.19KB read
        Requests/sec:    899.91
        Transfer/sec:    139.73KB
        [run.sh] Speed is 899.91, duration is 33
        [run.sh] Fix the request number.
        [run.sh] Running the actual test
        [run.sh] /wrk/wrk --timeout 20s -t8 -c256 -d33s -L -s /wrk/fix_req_n.lua http://service0:80/endpoint1
        Running 33s test @ http://service0:80/endpoint1
        8 threads and 256 connections
        Thread Stats   Avg      Stdev     Max   +/- Stdev
        Latency   265.68ms  175.90ms   1.59s    79.55%
        Req/Sec   122.66     60.49   320.00     66.48%
        Latency Distribution
        50%  212.85ms
        75%  335.68ms
        90%  496.46ms
        99%  873.47ms
        20000 requests in 33.00s, 3.03MB read
        Requests/sec:    606.06
        Transfer/sec:     94.10KB
        ------------------------------
        stop time: 19.935285
        stop time: 19.945858
        stop time: 20.599395
        stop time: 20.666703
        stop time: 20.883292
        stop time: 20.847900
        stop time: 20.773717
        stop time: 20.966508
        [run.sh] Checking the resource usage
        NAME                             CPU(cores)   MEMORY(bytes)
        service0-65b8d76c67-vgdhk        486m         27Mi
        service1-7d9c97cc57-rglwl        246m         12Mi
        service2-7bdbb95446-452nm        428m         10Mi
        ubuntu-client-76886f6bbd-pmnlh   0m           0Mi
        [run.sh] Test finished with status 0
        > STDERR
        > No resources found in default namespace.
    [exp] Times: [19.935285, 19.945858, 20.599395, 20.666703, 20.883292, 20.8479, 20.773717, 20.966508]
    [exp] Throughput: 971.9432896846965
[test.py] Finished running 7th optmization experiment: groundtruth->1199.207240069807, slowdown->971.9432896846965, predicted->1242.8356544506123, err->3.6381046513916617
[test.py] Running 8th optmization experiment
[test.py] Running 8th groundtruth exp
    [exp] Running (pre_run: False) workload synthetic/chain-d2-grpc-sync request with the following configuration: {'CLIENT_CPU_QUOTA': '2', 'SLOWPOKE_POKER_BATCH_THRESHOLD': '20000000', 'PROCESSING_TIME_SERVICE0': '0.0014149', 'PROCESSING_TIME_SERVICE1': '0.00090814', 'PROCESSING_TIME_SERVICE2': '0.001176', 'SLOWPOKE_DELAY_MICROS_SERVICE0': '0.0', 'SLOWPOKE_POKER_BATCH_THRESHOLD_SERVICE0': '100', 'SLOWPOKE_IS_TARGET_SERVICE_SERVICE0': 'false', 'SLOWPOKE_DELAY_MICROS_SERVICE1': '0.0', 'SLOWPOKE_POKER_BATCH_THRESHOLD_SERVICE1': '100', 'SLOWPOKE_IS_TARGET_SERVICE_SERVICE1': 'false', 'SLOWPOKE_DELAY_MICROS_SERVICE2': '0.0', 'SLOWPOKE_POKER_BATCH_THRESHOLD_SERVICE2': '100', 'SLOWPOKE_IS_TARGET_SERVICE_SERVICE2': 'true'}
    [exp] Executing cmd `bash run.sh synthetic chain-d2-grpc-sync 8 256 20000`:
        [run.sh] Running benchmark synthetic with request chain-d2-grpc-sync, thread 8, conn 256, duration 60
        [run.sh] Deleting all services
        configmap "config-service0" deleted
        deployment.apps "service0" deleted
        service "service0" deleted
        configmap "config-service1" deleted
        deployment.apps "service1" deleted
        service "service1" deleted
        configmap "config-service2" deleted
        deployment.apps "service2" deleted
        service "service2" deleted
        deployment.apps "ubuntu-client" deleted
        [run.sh] Waiting for all pods to be deleted
        [run.sh] Deploying all services
        configmap/config-service0 created
        deployment.apps/service0 created
        service/service0 created
        configmap/config-service1 created
        deployment.apps/service1 created
        service/service1 created
        configmap/config-service2 created
        deployment.apps/service2 created
        service/service2 created
        [run.sh] Client pod not found, deploying client
        deployment.apps/ubuntu-client created
        [run.sh] Waiting for all pods to be running
        [run.sh] All pods are running
        [run.sh] Checking heartbeat for all services
        [run.sh] Running warmup test
        [run.sh] /wrk/wrk -t8 -c256 --timeout 3s -d3s -L http://service0:80/endpoint1
        Running 3s test @ http://service0:80/endpoint1
        8 threads and 256 connections
        Thread Stats   Avg      Stdev     Max   +/- Stdev
        Latency   241.31ms  136.52ms 758.09ms   71.67%
        Req/Sec   149.12     59.94   330.00     69.15%
        Latency Distribution
        50%  209.15ms
        75%  297.34ms
        90%  479.67ms
        99%  674.75ms
        3139 requests in 3.02s, 487.40KB read
        Requests/sec:   1039.28
        Transfer/sec:    161.37KB
        [run.sh] Speed is 1039.28, duration is 28
        [run.sh] Fix the request number.
        [run.sh] Running the actual test
        [run.sh] /wrk/wrk --timeout 20s -t8 -c256 -d28s -L -s /wrk/fix_req_n.lua http://service0:80/endpoint1
        Running 28s test @ http://service0:80/endpoint1
        8 threads and 256 connections
        Thread Stats   Avg      Stdev     Max   +/- Stdev
        Latency   214.37ms  135.43ms   1.47s    77.88%
        Req/Sec   150.80     69.52   373.00     65.47%
        Latency Distribution
        50%  179.22ms
        75%  272.13ms
        90%  388.99ms
        99%  692.86ms
        20000 requests in 28.00s, 3.03MB read
        Requests/sec:    714.28
        Transfer/sec:    110.91KB
        ------------------------------
        stop time: 16.616895
        stop time: 16.384506
        stop time: 16.483413
        stop time: 16.876236
        stop time: 16.846035
        stop time: 16.779790
        stop time: 16.904977
        stop time: 16.824449
        [run.sh] Checking the resource usage
        NAME                             CPU(cores)   MEMORY(bytes)
        service0-6fb7cc7c7f-qvshq        1435m        30Mi
        service1-76b89695f7-t24zn        1352m        11Mi
        service2-7bdbb95446-5fzmp        1518m        11Mi
        ubuntu-client-76886f6bbd-m95v9   42m          10Mi
        [run.sh] Test finished with status 0
        > STDERR
        > No resources found in default namespace.
    [exp] Times: [16.616895, 16.384506, 16.483413, 16.876236, 16.846035, 16.77979, 16.904977, 16.824449]
    [exp] Throughput: 1196.5631624823366
[test.py] Running 8th slowdown exp
    [exp] Running (pre_run: False) workload synthetic/chain-d2-grpc-sync request with the following configuration: {'CLIENT_CPU_QUOTA': '2', 'SLOWPOKE_POKER_BATCH_THRESHOLD': '20000000', 'PROCESSING_TIME_SERVICE0': '0.0014149', 'PROCESSING_TIME_SERVICE1': '0.00090814', 'PROCESSING_TIME_SERVICE2': '0.00147751', 'SLOWPOKE_DELAY_MICROS_SERVICE0': '150.5', 'SLOWPOKE_POKER_BATCH_THRESHOLD_SERVICE0': '100', 'SLOWPOKE_IS_TARGET_SERVICE_SERVICE0': 'false', 'SLOWPOKE_DELAY_MICROS_SERVICE1': '150.5', 'SLOWPOKE_POKER_BATCH_THRESHOLD_SERVICE1': '100', 'SLOWPOKE_IS_TARGET_SERVICE_SERVICE1': 'false', 'SLOWPOKE_DELAY_MICROS_SERVICE2': '0.0', 'SLOWPOKE_POKER_BATCH_THRESHOLD_SERVICE2': '100', 'SLOWPOKE_IS_TARGET_SERVICE_SERVICE2': 'true'}
    [exp] Executing cmd `bash run.sh synthetic chain-d2-grpc-sync 8 256 20000`:
        [run.sh] Running benchmark synthetic with request chain-d2-grpc-sync, thread 8, conn 256, duration 60
        [run.sh] Deleting all services
        configmap "config-service0" deleted
        deployment.apps "service0" deleted
        service "service0" deleted
        configmap "config-service1" deleted
        deployment.apps "service1" deleted
        service "service1" deleted
        configmap "config-service2" deleted
        deployment.apps "service2" deleted
        service "service2" deleted
        deployment.apps "ubuntu-client" deleted
        [run.sh] Waiting for all pods to be deleted
        [run.sh] Deploying all services
        configmap/config-service0 created
        deployment.apps/service0 created
        service/service0 created
        configmap/config-service1 created
        deployment.apps/service1 created
        service/service1 created
        configmap/config-service2 created
        deployment.apps/service2 created
        service/service2 created
        [run.sh] Client pod not found, deploying client
        deployment.apps/ubuntu-client created
        [run.sh] Waiting for all pods to be running
        [run.sh] All pods are running
        [run.sh] Checking heartbeat for all services
        [run.sh] Running warmup test
        [run.sh] /wrk/wrk -t8 -c256 --timeout 3s -d3s -L http://service0:80/endpoint1
        Running 3s test @ http://service0:80/endpoint1
        8 threads and 256 connections
        Thread Stats   Avg      Stdev     Max   +/- Stdev
        Latency   252.11ms  121.99ms 747.84ms   67.68%
        Req/Sec   128.68     59.81   292.00     67.54%
        Latency Distribution
        50%  230.49ms
        75%  333.77ms
        90%  426.30ms
        99%  582.98ms
        2964 requests in 3.09s, 460.23KB read
        Requests/sec:    958.14
        Transfer/sec:    148.77KB
        [run.sh] Speed is 958.14, duration is 31
        [run.sh] Fix the request number.
        [run.sh] Running the actual test
        [run.sh] /wrk/wrk --timeout 20s -t8 -c256 -d31s -L -s /wrk/fix_req_n.lua http://service0:80/endpoint1
        Running 31s test @ http://service0:80/endpoint1
        8 threads and 256 connections
        Thread Stats   Avg      Stdev     Max   +/- Stdev
        Latency   249.20ms  164.49ms   1.70s    78.95%
        Req/Sec   130.21     55.43   363.00     66.40%
        Latency Distribution
        50%  199.38ms
        75%  319.94ms
        90%  472.23ms
        99%  788.56ms
        20000 requests in 31.00s, 3.03MB read
        Requests/sec:    645.16
        Transfer/sec:    100.18KB
        ------------------------------
        stop time: 19.398587
        stop time: 19.156897
        stop time: 19.446440
        stop time: 19.505467
        stop time: 19.177690
        stop time: 19.386901
        stop time: 19.511846
        stop time: 19.283795
        [run.sh] Checking the resource usage
        NAME                        CPU(cores)   MEMORY(bytes)
        service0-64c757c65d-cwdrs   0m           25Mi
        [run.sh] Test finished with status 0
        > STDERR
        > No resources found in default namespace.
    [exp] Times: [19.398587, 19.156897, 19.44644, 19.505467, 19.17769, 19.386901, 19.511846, 19.283795]
    [exp] Throughput: 1033.1404130868596
[test.py] Finished running 8th optmization experiment: groundtruth->1196.5631624823366, slowdown->1033.1404130868596, predicted->1223.7391037792179, err->2.2711664665075704
[test.py] Running 9th optmization experiment
[test.py] Running 9th groundtruth exp
    [exp] Running (pre_run: False) workload synthetic/chain-d2-grpc-sync request with the following configuration: {'CLIENT_CPU_QUOTA': '2', 'SLOWPOKE_POKER_BATCH_THRESHOLD': '20000000', 'PROCESSING_TIME_SERVICE0': '0.0014149', 'PROCESSING_TIME_SERVICE1': '0.00090814', 'PROCESSING_TIME_SERVICE2': '0.001323', 'SLOWPOKE_DELAY_MICROS_SERVICE0': '0.0', 'SLOWPOKE_POKER_BATCH_THRESHOLD_SERVICE0': '100', 'SLOWPOKE_IS_TARGET_SERVICE_SERVICE0': 'false', 'SLOWPOKE_DELAY_MICROS_SERVICE1': '0.0', 'SLOWPOKE_POKER_BATCH_THRESHOLD_SERVICE1': '100', 'SLOWPOKE_IS_TARGET_SERVICE_SERVICE1': 'false', 'SLOWPOKE_DELAY_MICROS_SERVICE2': '0.0', 'SLOWPOKE_POKER_BATCH_THRESHOLD_SERVICE2': '100', 'SLOWPOKE_IS_TARGET_SERVICE_SERVICE2': 'true'}
    [exp] Executing cmd `bash run.sh synthetic chain-d2-grpc-sync 8 256 20000`:
        [run.sh] Running benchmark synthetic with request chain-d2-grpc-sync, thread 8, conn 256, duration 60
        [run.sh] Deleting all services
        configmap "config-service0" deleted
        deployment.apps "service0" deleted
        service "service0" deleted
        configmap "config-service1" deleted
        deployment.apps "service1" deleted
        service "service1" deleted
        configmap "config-service2" deleted
        deployment.apps "service2" deleted
        service "service2" deleted
        deployment.apps "ubuntu-client" deleted
        [run.sh] Waiting for all pods to be deleted
        [run.sh] Deploying all services
        configmap/config-service0 created
        deployment.apps/service0 created
        service/service0 created
        configmap/config-service1 created
        deployment.apps/service1 created
        service/service1 created
        configmap/config-service2 created
        deployment.apps/service2 created
        service/service2 created
        [run.sh] Client pod not found, deploying client
        deployment.apps/ubuntu-client created
        [run.sh] Waiting for all pods to be running
        [run.sh] All pods are running
        [run.sh] Checking heartbeat for all services
        [run.sh] Running warmup test
        [run.sh] /wrk/wrk -t8 -c256 --timeout 3s -d3s -L http://service0:80/endpoint1
        Running 3s test @ http://service0:80/endpoint1
        8 threads and 256 connections
        Thread Stats   Avg      Stdev     Max   +/- Stdev
        Latency   219.22ms  154.15ms 976.35ms   78.14%
        Req/Sec   150.77     56.50   292.00     65.65%
        Latency Distribution
        50%  169.73ms
        75%  302.45ms
        90%  423.53ms
        99%  737.04ms
        3490 requests in 3.02s, 541.90KB read
        Requests/sec:   1155.03
        Transfer/sec:    179.35KB
        [run.sh] Speed is 1155.03, duration is 25
        [run.sh] Fix the request number.
        [run.sh] Running the actual test
        [run.sh] /wrk/wrk --timeout 20s -t8 -c256 -d25s -L -s /wrk/fix_req_n.lua http://service0:80/endpoint1
        Running 25s test @ http://service0:80/endpoint1
        8 threads and 256 connections
        Thread Stats   Avg      Stdev     Max   +/- Stdev
        Latency   217.24ms  149.28ms   1.09s    79.79%
        Req/Sec   149.97     58.43   400.00     66.04%
        Latency Distribution
        50%  172.88ms
        75%  274.70ms
        90%  416.04ms
        99%  748.68ms
        20000 requests in 25.00s, 3.03MB read
        Requests/sec:    800.00
        Transfer/sec:    124.22KB
        ------------------------------
        stop time: 16.743029
        stop time: 16.797010
        stop time: 16.467301
        stop time: 16.889114
        stop time: 16.712460
        stop time: 16.683052
        stop time: 16.893450
        stop time: 16.929737
        [run.sh] Checking the resource usage
        NAME                             CPU(cores)   MEMORY(bytes)
        service0-6fb7cc7c7f-h8lzt        1936m        29Mi
        service1-76b89695f7-9zf2k        1364m        13Mi
        service2-7bdbb95446-rv87c        1768m        11Mi
        ubuntu-client-76886f6bbd-gf2qg   33m          11Mi
        [run.sh] Test finished with status 0
        > STDERR
        > No resources found in default namespace.
    [exp] Times: [16.743029, 16.79701, 16.467301, 16.889114, 16.71246, 16.683052, 16.89345, 16.929737]
    [exp] Throughput: 1193.0046413174507
[test.py] Running 9th slowdown exp
    [exp] Running (pre_run: False) workload synthetic/chain-d2-grpc-sync request with the following configuration: {'CLIENT_CPU_QUOTA': '2', 'SLOWPOKE_POKER_BATCH_THRESHOLD': '20000000', 'PROCESSING_TIME_SERVICE0': '0.0014149', 'PROCESSING_TIME_SERVICE1': '0.00090814', 'PROCESSING_TIME_SERVICE2': '0.00147751', 'SLOWPOKE_DELAY_MICROS_SERVICE0': '77.0', 'SLOWPOKE_POKER_BATCH_THRESHOLD_SERVICE0': '100', 'SLOWPOKE_IS_TARGET_SERVICE_SERVICE0': 'false', 'SLOWPOKE_DELAY_MICROS_SERVICE1': '77.0', 'SLOWPOKE_POKER_BATCH_THRESHOLD_SERVICE1': '100', 'SLOWPOKE_IS_TARGET_SERVICE_SERVICE1': 'false', 'SLOWPOKE_DELAY_MICROS_SERVICE2': '0.0', 'SLOWPOKE_POKER_BATCH_THRESHOLD_SERVICE2': '100', 'SLOWPOKE_IS_TARGET_SERVICE_SERVICE2': 'true'}
    [exp] Executing cmd `bash run.sh synthetic chain-d2-grpc-sync 8 256 20000`:
        [run.sh] Running benchmark synthetic with request chain-d2-grpc-sync, thread 8, conn 256, duration 60
        [run.sh] Deleting all services
        configmap "config-service0" deleted
        deployment.apps "service0" deleted
        service "service0" deleted
        configmap "config-service1" deleted
        deployment.apps "service1" deleted
        service "service1" deleted
        configmap "config-service2" deleted
        deployment.apps "service2" deleted
        service "service2" deleted
        deployment.apps "ubuntu-client" deleted
        [run.sh] Waiting for all pods to be deleted
        [run.sh] Deploying all services
        configmap/config-service0 created
        deployment.apps/service0 created
        service/service0 created
        configmap/config-service1 created
        deployment.apps/service1 created
        service/service1 created
        configmap/config-service2 created
        deployment.apps/service2 created
        service/service2 created
        [run.sh] Client pod not found, deploying client
        deployment.apps/ubuntu-client created
        [run.sh] Waiting for all pods to be running
        [run.sh] All pods are running
        [run.sh] Checking heartbeat for all services
        [run.sh] Running warmup test
        [run.sh] /wrk/wrk -t8 -c256 --timeout 3s -d3s -L http://service0:80/endpoint1
        Running 3s test @ http://service0:80/endpoint1
        8 threads and 256 connections
        Thread Stats   Avg      Stdev     Max   +/- Stdev
        Latency   243.57ms  159.13ms 894.65ms   73.23%
        Req/Sec   141.76     52.28   282.00     71.76%
        Latency Distribution
        50%  194.10ms
        75%  343.10ms
        90%  474.71ms
        99%  723.54ms
        3144 requests in 3.02s, 488.18KB read
        Requests/sec:   1040.52
        Transfer/sec:    161.57KB
        [run.sh] Speed is 1040.52, duration is 28
        [run.sh] Fix the request number.
        [run.sh] Running the actual test
        [run.sh] /wrk/wrk --timeout 20s -t8 -c256 -d28s -L -s /wrk/fix_req_n.lua http://service0:80/endpoint1
        Running 28s test @ http://service0:80/endpoint1
        8 threads and 256 connections
        Thread Stats   Avg      Stdev     Max   +/- Stdev
        Latency   234.26ms  153.60ms   1.34s    78.50%
        Req/Sec   139.51     56.62   393.00     69.44%
        Latency Distribution
        50%  190.15ms
        75%  300.53ms
        90%  434.74ms
        99%  784.55ms
        20001 requests in 28.00s, 3.03MB read
        Requests/sec:    714.32
        Transfer/sec:    110.91KB
        ------------------------------
        stop time: 17.522288
        stop time: 17.900924
        stop time: 18.147994
        stop time: 18.264669
        stop time: 18.228113
        stop time: 18.122712
        stop time: 18.316984
        stop time: 18.207669
        [run.sh] Checking the resource usage
        [run.sh] Test finished with status 0
        > STDERR
        > No resources found in default namespace.
        > error: metrics not available yet
    [exp] Times: [17.522288, 17.900924, 18.147994, 18.264669, 18.228113, 18.122712, 18.316984, 18.207669]
    [exp] Throughput: 1105.6492575257728
[test.py] Finished running 9th optmization experiment: groundtruth->1193.0046413174507, slowdown->1105.6492575257728, predicted->1208.9107024736045, err->1.3332773909905757
[test.py] Baseline throughput:  1179.1631639686295
[test.py] Groundtruth:  [1197.1483507283729, 1193.8521449635564, 1212.0722792941183, 1215.4334709016644, 1205.4960796438713, 1207.8922441140865, 1213.2275101703724, 1199.207240069807, 1196.5631624823366, 1193.0046413174507]
[test.py] Slowdown:  [647.1060108803758, 672.8073569869749, 660.5992088160169, 749.0647680583913, 790.4911854822894, 840.3225983749516, 899.5972750388902, 971.9432896846965, 1033.1404130868596, 1105.6492575257728]
[test.py] Predicted:  [1239.792094304538, 1217.9458721713436, 1084.5726208033761, 1224.375288718215, 1219.0940700148124, 1221.3529098698725, 1228.7223305938255, 1242.8356544506123, 1223.7391037792179, 1208.9107024736045]
[test.py] Error percentage:  [3.562110205491221, 2.0181500120789817, -10.51914647903629, 0.7356896144975471, 1.1279995514343077, 1.1143929287880001, 1.2771570289629517, 3.6381046513916617, 2.2711664665075704, 1.3332773909905757]
[test.py] >>>>>>>>>>>>>>>>>>>>>>>>>>>>> Running experiment 2...
[test.py] Actual processing time range: [0, 147, 294, 441, 588, 735, 882, 1029, 1176, 1323]
[test.py] Running baseline experiment
    [exp] Running (pre_run: False) workload synthetic/chain-d2-grpc-sync request with the following configuration: {'CLIENT_CPU_QUOTA': '2', 'SLOWPOKE_POKER_BATCH_THRESHOLD': '20000000', 'PROCESSING_TIME_SERVICE0': '0.0014149', 'PROCESSING_TIME_SERVICE1': '0.00090814', 'PROCESSING_TIME_SERVICE2': '0.00147751', 'SLOWPOKE_DELAY_MICROS_SERVICE0': '0.0', 'SLOWPOKE_POKER_BATCH_THRESHOLD_SERVICE0': '100', 'SLOWPOKE_IS_TARGET_SERVICE_SERVICE0': 'false', 'SLOWPOKE_DELAY_MICROS_SERVICE1': '0.0', 'SLOWPOKE_POKER_BATCH_THRESHOLD_SERVICE1': '100', 'SLOWPOKE_IS_TARGET_SERVICE_SERVICE1': 'false', 'SLOWPOKE_DELAY_MICROS_SERVICE2': '0.0', 'SLOWPOKE_POKER_BATCH_THRESHOLD_SERVICE2': '100', 'SLOWPOKE_IS_TARGET_SERVICE_SERVICE2': 'true'}
    [exp] Executing cmd `bash run.sh synthetic chain-d2-grpc-sync 8 256 20000`:
        [run.sh] Running benchmark synthetic with request chain-d2-grpc-sync, thread 8, conn 256, duration 60
        [run.sh] Deleting all services
        configmap "config-service0" deleted
        deployment.apps "service0" deleted
        service "service0" deleted
        configmap "config-service1" deleted
        deployment.apps "service1" deleted
        service "service1" deleted
        configmap "config-service2" deleted
        deployment.apps "service2" deleted
        service "service2" deleted
        deployment.apps "ubuntu-client" deleted
        [run.sh] Waiting for all pods to be deleted
        [run.sh] Deploying all services
        configmap/config-service0 created
        deployment.apps/service0 created
        service/service0 created
        configmap/config-service1 created
        deployment.apps/service1 created
        service/service1 created
        configmap/config-service2 created
        deployment.apps/service2 created
        service/service2 created
        [run.sh] Client pod not found, deploying client
        deployment.apps/ubuntu-client created
        [run.sh] Waiting for all pods to be running
        [run.sh] All pods are running
        [run.sh] Checking heartbeat for all services
        [run.sh] Running warmup test
        [run.sh] /wrk/wrk -t8 -c256 --timeout 3s -d3s -L http://service0:80/endpoint1
        Running 3s test @ http://service0:80/endpoint1
        8 threads and 256 connections
        Thread Stats   Avg      Stdev     Max   +/- Stdev
        Latency   262.96ms  232.50ms   1.32s    87.08%
        Req/Sec   143.90     49.56   262.00     73.15%
        Latency Distribution
        50%  167.29ms
        75%  366.01ms
        90%  555.47ms
        99%    1.14s
        3161 requests in 3.02s, 490.82KB read
        Requests/sec:   1046.88
        Transfer/sec:    162.55KB
        [run.sh] Speed is 1046.88, duration is 28
        [run.sh] Fix the request number.
        [run.sh] Running the actual test
        [run.sh] /wrk/wrk --timeout 20s -t8 -c256 -d28s -L -s /wrk/fix_req_n.lua http://service0:80/endpoint1
        Running 28s test @ http://service0:80/endpoint1
        8 threads and 256 connections
        Thread Stats   Avg      Stdev     Max   +/- Stdev
        Latency   218.81ms  137.51ms   1.03s    72.87%
        Req/Sec   146.60     51.01   414.00     69.25%
        Latency Distribution
        50%  182.13ms
        75%  291.88ms
        90%  411.90ms
        99%  644.96ms
        20000 requests in 28.00s, 3.03MB read
        Requests/sec:    714.28
        Transfer/sec:    110.91KB
        ------------------------------
        stop time: 17.093107
        stop time: 17.162541
        stop time: 17.137036
        stop time: 17.205840
        stop time: 17.252285
        stop time: 17.272934
        stop time: 17.343964
        stop time: 16.944395
        [run.sh] Checking the resource usage
        NAME                             CPU(cores)   MEMORY(bytes)
        service0-6fb7cc7c7f-qfhqq        93m          28Mi
        service1-76b89695f7-f9lc8        1002m        14Mi
        service2-7bdbb95446-bltgf        1564m        15Mi
        ubuntu-client-76886f6bbd-snbv8   14m          10Mi
        [run.sh] Test finished with status 0
        > STDERR
        > No resources found in default namespace.
    [exp] Times: [17.093107, 17.162541, 17.137036, 17.20584, 17.252285, 17.272934, 17.343964, 16.944395]
    [exp] Throughput: 1164.380703527845
[test.py] Baseline throughput: 1164.380703527845
[test.py] Running 0th optmization experiment
[test.py] Running 0th groundtruth exp
    [exp] Running (pre_run: False) workload synthetic/chain-d2-grpc-sync request with the following configuration: {'CLIENT_CPU_QUOTA': '2', 'SLOWPOKE_POKER_BATCH_THRESHOLD': '20000000', 'PROCESSING_TIME_SERVICE0': '0.0014149', 'PROCESSING_TIME_SERVICE1': '0.00090814', 'PROCESSING_TIME_SERVICE2': '0.0', 'SLOWPOKE_DELAY_MICROS_SERVICE0': '0.0', 'SLOWPOKE_POKER_BATCH_THRESHOLD_SERVICE0': '100', 'SLOWPOKE_IS_TARGET_SERVICE_SERVICE0': 'false', 'SLOWPOKE_DELAY_MICROS_SERVICE1': '0.0', 'SLOWPOKE_POKER_BATCH_THRESHOLD_SERVICE1': '100', 'SLOWPOKE_IS_TARGET_SERVICE_SERVICE1': 'false', 'SLOWPOKE_DELAY_MICROS_SERVICE2': '0.0', 'SLOWPOKE_POKER_BATCH_THRESHOLD_SERVICE2': '100', 'SLOWPOKE_IS_TARGET_SERVICE_SERVICE2': 'true'}
    [exp] Executing cmd `bash run.sh synthetic chain-d2-grpc-sync 8 256 20000`:
        [run.sh] Running benchmark synthetic with request chain-d2-grpc-sync, thread 8, conn 256, duration 60
        [run.sh] Deleting all services
        configmap "config-service0" deleted
        deployment.apps "service0" deleted
        service "service0" deleted
        configmap "config-service1" deleted
        deployment.apps "service1" deleted
        service "service1" deleted
        configmap "config-service2" deleted
        deployment.apps "service2" deleted
        service "service2" deleted
        deployment.apps "ubuntu-client" deleted
        [run.sh] Waiting for all pods to be deleted
        [run.sh] Deploying all services
        configmap/config-service0 created
        deployment.apps/service0 created
        service/service0 created
        configmap/config-service1 created
        deployment.apps/service1 created
        service/service1 created
        configmap/config-service2 created
        deployment.apps/service2 created
        service/service2 created
        [run.sh] Client pod not found, deploying client
        deployment.apps/ubuntu-client created
        [run.sh] Waiting for all pods to be running
        [run.sh] All pods are running
        [run.sh] Checking heartbeat for all services
        [run.sh] Running warmup test
        [run.sh] /wrk/wrk -t8 -c256 --timeout 3s -d3s -L http://service0:80/endpoint1
        Running 3s test @ http://service0:80/endpoint1
        8 threads and 256 connections
        Thread Stats   Avg      Stdev     Max   +/- Stdev
        Latency   238.93ms  145.74ms 975.41ms   68.22%
        Req/Sec   141.91     74.77   323.00     62.38%
        Latency Distribution
        50%  215.70ms
        75%  333.57ms
        90%  423.53ms
        99%  681.37ms
        3212 requests in 3.10s, 498.74KB read
        Requests/sec:   1036.30
        Transfer/sec:    160.91KB
        [run.sh] Speed is 1036.30, duration is 28
        [run.sh] Fix the request number.
        [run.sh] Running the actual test
        [run.sh] /wrk/wrk --timeout 20s -t8 -c256 -d28s -L -s /wrk/fix_req_n.lua http://service0:80/endpoint1
        Running 28s test @ http://service0:80/endpoint1
        8 threads and 256 connections
        Thread Stats   Avg      Stdev     Max   +/- Stdev
        Latency   214.02ms  142.42ms   1.39s    77.44%
        Req/Sec   152.16     70.41   363.00     67.26%
        Latency Distribution
        50%  179.14ms
        75%  275.77ms
        90%  405.83ms
        99%  711.58ms
        20000 requests in 28.00s, 3.03MB read
        Requests/sec:    714.28
        Transfer/sec:    110.91KB
        ------------------------------
        stop time: 16.454622
        stop time: 16.660424
        stop time: 16.339148
        stop time: 16.548536
        stop time: 16.787672
        stop time: 16.826206
        stop time: 16.870805
        stop time: 16.455004
        [run.sh] Checking the resource usage
        [run.sh] Test finished with status 0
        > STDERR
        > No resources found in default namespace.
        > error: metrics not available yet
    [exp] Times: [16.454622, 16.660424, 16.339148, 16.548536, 16.787672, 16.826206, 16.870805, 16.455004]
    [exp] Throughput: 1203.5285923829713
[test.py] Running 0th slowdown exp
    [exp] Running (pre_run: False) workload synthetic/chain-d2-grpc-sync request with the following configuration: {'CLIENT_CPU_QUOTA': '2', 'SLOWPOKE_POKER_BATCH_THRESHOLD': '20000000', 'PROCESSING_TIME_SERVICE0': '0.0014149', 'PROCESSING_TIME_SERVICE1': '0.00090814', 'PROCESSING_TIME_SERVICE2': '0.00147751', 'SLOWPOKE_DELAY_MICROS_SERVICE0': '738.5', 'SLOWPOKE_POKER_BATCH_THRESHOLD_SERVICE0': '100', 'SLOWPOKE_IS_TARGET_SERVICE_SERVICE0': 'false', 'SLOWPOKE_DELAY_MICROS_SERVICE1': '738.5', 'SLOWPOKE_POKER_BATCH_THRESHOLD_SERVICE1': '100', 'SLOWPOKE_IS_TARGET_SERVICE_SERVICE1': 'false', 'SLOWPOKE_DELAY_MICROS_SERVICE2': '0.0', 'SLOWPOKE_POKER_BATCH_THRESHOLD_SERVICE2': '100', 'SLOWPOKE_IS_TARGET_SERVICE_SERVICE2': 'true'}
    [exp] Executing cmd `bash run.sh synthetic chain-d2-grpc-sync 8 256 20000`:
        [run.sh] Running benchmark synthetic with request chain-d2-grpc-sync, thread 8, conn 256, duration 60
        [run.sh] Deleting all services
        configmap "config-service0" deleted
        deployment.apps "service0" deleted
        service "service0" deleted
        configmap "config-service1" deleted
        deployment.apps "service1" deleted
        service "service1" deleted
        configmap "config-service2" deleted
        deployment.apps "service2" deleted
        service "service2" deleted
        deployment.apps "ubuntu-client" deleted
        [run.sh] Waiting for all pods to be deleted
        [run.sh] Deploying all services
        configmap/config-service0 created
        deployment.apps/service0 created
        service/service0 created
        configmap/config-service1 created
        deployment.apps/service1 created
        service/service1 created
        configmap/config-service2 created
        deployment.apps/service2 created
        service/service2 created
        [run.sh] Client pod not found, deploying client
        deployment.apps/ubuntu-client created
        [run.sh] Waiting for all pods to be running
        [run.sh] All pods are running
        [run.sh] Checking heartbeat for all services
        [run.sh] Running warmup test
        [run.sh] /wrk/wrk -t8 -c256 --timeout 3s -d3s -L http://service0:80/endpoint1
        Running 3s test @ http://service0:80/endpoint1
        8 threads and 256 connections
        Thread Stats   Avg      Stdev     Max   +/- Stdev
        Latency   416.26ms  205.89ms   1.22s    68.52%
        Req/Sec    81.04     63.27   292.00     80.12%
        Latency Distribution
        50%  385.31ms
        75%  569.74ms
        90%  670.37ms
        99%  898.62ms
        1704 requests in 3.02s, 264.59KB read
        Requests/sec:    564.60
        Transfer/sec:     87.67KB
        [run.sh] Speed is 564.60, duration is 53
        [run.sh] Fix the request number.
        [run.sh] Running the actual test
        [run.sh] /wrk/wrk --timeout 20s -t8 -c256 -d53s -L -s /wrk/fix_req_n.lua http://service0:80/endpoint1
        [run.sh] Checking the resource usage
        NAME                             CPU(cores)   MEMORY(bytes)
        service0-6846bf7d94-g468l        326m         29Mi
        service1-566b685748-zd562        267m         13Mi
        service2-7bdbb95446-rj9ck        448m         11Mi
        ubuntu-client-76886f6bbd-nmdrv   6m           10Mi
        Running 1m test @ http://service0:80/endpoint1
        8 threads and 256 connections
        Thread Stats   Avg      Stdev     Max   +/- Stdev
        Latency   402.72ms  240.67ms   2.49s    77.25%
        Req/Sec    82.60     52.16   333.00     63.45%
        Latency Distribution
        50%  347.46ms
        75%  503.46ms
        90%  701.19ms
        99%    1.25s
        20000 requests in 0.88m, 3.03MB read
        Requests/sec:    377.36
        Transfer/sec:     58.59KB
        ------------------------------
        stop time: 30.377636
        stop time: 31.076648
        stop time: 31.776956
        stop time: 31.714328
        stop time: 31.597454
        stop time: 31.512896
        stop time: 30.885299
        stop time: 31.312655
        [run.sh] Test finished with status 0
        > STDERR
        > No resources found in default namespace.
    [exp] Times: [30.377636, 31.076648, 31.776956, 31.714328, 31.597454, 31.512896, 30.885299, 31.312655]
    [exp] Throughput: 639.350746988642
[test.py] Finished running 0th optmization experiment: groundtruth->1203.5285923829713, slowdown->639.350746988642, predicted->1211.6340617960027, err->0.6734754341799798
[test.py] Running 1th optmization experiment
[test.py] Running 1th groundtruth exp
    [exp] Running (pre_run: False) workload synthetic/chain-d2-grpc-sync request with the following configuration: {'CLIENT_CPU_QUOTA': '2', 'SLOWPOKE_POKER_BATCH_THRESHOLD': '20000000', 'PROCESSING_TIME_SERVICE0': '0.0014149', 'PROCESSING_TIME_SERVICE1': '0.00090814', 'PROCESSING_TIME_SERVICE2': '0.000147', 'SLOWPOKE_DELAY_MICROS_SERVICE0': '0.0', 'SLOWPOKE_POKER_BATCH_THRESHOLD_SERVICE0': '100', 'SLOWPOKE_IS_TARGET_SERVICE_SERVICE0': 'false', 'SLOWPOKE_DELAY_MICROS_SERVICE1': '0.0', 'SLOWPOKE_POKER_BATCH_THRESHOLD_SERVICE1': '100', 'SLOWPOKE_IS_TARGET_SERVICE_SERVICE1': 'false', 'SLOWPOKE_DELAY_MICROS_SERVICE2': '0.0', 'SLOWPOKE_POKER_BATCH_THRESHOLD_SERVICE2': '100', 'SLOWPOKE_IS_TARGET_SERVICE_SERVICE2': 'true'}
    [exp] Executing cmd `bash run.sh synthetic chain-d2-grpc-sync 8 256 20000`:
        [run.sh] Running benchmark synthetic with request chain-d2-grpc-sync, thread 8, conn 256, duration 60
        [run.sh] Deleting all services
        configmap "config-service0" deleted
        deployment.apps "service0" deleted
        service "service0" deleted
        configmap "config-service1" deleted
        deployment.apps "service1" deleted
        service "service1" deleted
        configmap "config-service2" deleted
        deployment.apps "service2" deleted
        service "service2" deleted
        deployment.apps "ubuntu-client" deleted
        [run.sh] Waiting for all pods to be deleted
        [run.sh] Deploying all services
        configmap/config-service0 created
        deployment.apps/service0 created
        service/service0 created
        configmap/config-service1 created
        deployment.apps/service1 created
        service/service1 created
        configmap/config-service2 created
        deployment.apps/service2 created
        service/service2 created
        [run.sh] Client pod not found, deploying client
        deployment.apps/ubuntu-client created
        [run.sh] Waiting for all pods to be running
        [run.sh] All pods are running
        [run.sh] Checking heartbeat for all services
        [run.sh] Running warmup test
        [run.sh] /wrk/wrk -t8 -c256 --timeout 3s -d3s -L http://service0:80/endpoint1
        Running 3s test @ http://service0:80/endpoint1
        8 threads and 256 connections
        Thread Stats   Avg      Stdev     Max   +/- Stdev
        Latency   217.30ms  127.10ms 781.13ms   69.42%
        Req/Sec   143.08     79.59   410.00     65.11%
        Latency Distribution
        50%  193.86ms
        75%  282.74ms
        90%  401.17ms
        99%  644.75ms
        3366 requests in 3.02s, 522.65KB read
        Requests/sec:   1116.05
        Transfer/sec:    173.29KB
        [run.sh] Speed is 1116.05, duration is 26
        [run.sh] Fix the request number.
        [run.sh] Running the actual test
        [run.sh] /wrk/wrk --timeout 20s -t8 -c256 -d26s -L -s /wrk/fix_req_n.lua http://service0:80/endpoint1
        Running 26s test @ http://service0:80/endpoint1
        8 threads and 256 connections
        Thread Stats   Avg      Stdev     Max   +/- Stdev
        Latency   224.47ms  183.76ms   1.51s    82.78%
        Req/Sec   149.14     73.38   430.00     68.22%
        Latency Distribution
        50%  167.55ms
        75%  285.45ms
        90%  472.66ms
        99%  862.90ms
        20001 requests in 26.00s, 3.03MB read
        Requests/sec:    769.27
        Transfer/sec:    119.45KB
        ------------------------------
        stop time: 16.691787
        stop time: 16.689520
        stop time: 16.695465
        stop time: 16.890689
        stop time: 16.960656
        stop time: 16.995226
        stop time: 16.801979
        stop time: 16.875545
        [run.sh] Checking the resource usage
        NAME                             CPU(cores)   MEMORY(bytes)
        service0-6fb7cc7c7f-5pd6s        1109m        30Mi
        service1-76b89695f7-m9tw4        1366m        11Mi
        service2-7bdbb95446-6ljwz        404m         9Mi
        ubuntu-client-76886f6bbd-pqn4k   33m          12Mi
        [run.sh] Test finished with status 0
        > STDERR
        > No resources found in default namespace.
    [exp] Times: [16.691787, 16.68952, 16.695465, 16.890689, 16.960656, 16.995226, 16.801979, 16.875545]
    [exp] Throughput: 1188.6996240521987
[test.py] Running 1th slowdown exp
    [exp] Running (pre_run: False) workload synthetic/chain-d2-grpc-sync request with the following configuration: {'CLIENT_CPU_QUOTA': '2', 'SLOWPOKE_POKER_BATCH_THRESHOLD': '20000000', 'PROCESSING_TIME_SERVICE0': '0.0014149', 'PROCESSING_TIME_SERVICE1': '0.00090814', 'PROCESSING_TIME_SERVICE2': '0.00147751', 'SLOWPOKE_DELAY_MICROS_SERVICE0': '665.0', 'SLOWPOKE_POKER_BATCH_THRESHOLD_SERVICE0': '100', 'SLOWPOKE_IS_TARGET_SERVICE_SERVICE0': 'false', 'SLOWPOKE_DELAY_MICROS_SERVICE1': '665.0', 'SLOWPOKE_POKER_BATCH_THRESHOLD_SERVICE1': '100', 'SLOWPOKE_IS_TARGET_SERVICE_SERVICE1': 'false', 'SLOWPOKE_DELAY_MICROS_SERVICE2': '0.0', 'SLOWPOKE_POKER_BATCH_THRESHOLD_SERVICE2': '100', 'SLOWPOKE_IS_TARGET_SERVICE_SERVICE2': 'true'}
    [exp] Executing cmd `bash run.sh synthetic chain-d2-grpc-sync 8 256 20000`:
        [run.sh] Running benchmark synthetic with request chain-d2-grpc-sync, thread 8, conn 256, duration 60
        [run.sh] Deleting all services
        configmap "config-service0" deleted
        deployment.apps "service0" deleted
        service "service0" deleted
        configmap "config-service1" deleted
        deployment.apps "service1" deleted
        service "service1" deleted
        configmap "config-service2" deleted
        deployment.apps "service2" deleted
        service "service2" deleted
        deployment.apps "ubuntu-client" deleted
        [run.sh] Waiting for all pods to be deleted
        [run.sh] Deploying all services
        configmap/config-service0 created
        deployment.apps/service0 created
        service/service0 created
        configmap/config-service1 created
        deployment.apps/service1 created
        service/service1 created
        configmap/config-service2 created
        deployment.apps/service2 created
        service/service2 created
        [run.sh] Client pod not found, deploying client
        deployment.apps/ubuntu-client created
        [run.sh] Waiting for all pods to be running
        [run.sh] All pods are running
        [run.sh] Checking heartbeat for all services
        [run.sh] Running warmup test
        [run.sh] /wrk/wrk -t8 -c256 --timeout 3s -d3s -L http://service0:80/endpoint1
        Running 3s test @ http://service0:80/endpoint1
        8 threads and 256 connections
        Thread Stats   Avg      Stdev     Max   +/- Stdev
        Latency   408.44ms  227.67ms   1.41s    70.96%
        Req/Sec    85.61     53.90   260.00     62.83%
        Latency Distribution
        50%  343.55ms
        75%  541.36ms
        90%  714.28ms
        99%    1.19s
        1864 requests in 3.02s, 289.43KB read
        Requests/sec:    616.80
        Transfer/sec:     95.77KB
        [run.sh] Speed is 616.80, duration is 48
        [run.sh] Fix the request number.
        [run.sh] Running the actual test
        [run.sh] /wrk/wrk --timeout 20s -t8 -c256 -d48s -L -s /wrk/fix_req_n.lua http://service0:80/endpoint1
        [run.sh] Checking the resource usage
        Running 48s test @ http://service0:80/endpoint1
        8 threads and 256 connections
        Thread Stats   Avg      Stdev     Max   +/- Stdev
        Latency   382.82ms  229.23ms   2.20s    77.31%
        Req/Sec    87.15     53.46   323.00     69.94%
        Latency Distribution
        50%  325.75ms
        75%  483.21ms
        90%  687.89ms
        99%    1.22s
        20000 requests in 48.00s, 3.03MB read
        Requests/sec:    416.67
        Transfer/sec:     64.70KB
        ------------------------------
        stop time: 29.671585
        stop time: 29.673179
        stop time: 30.005859
        stop time: 29.903777
        stop time: 29.476466
        stop time: 29.913797
        stop time: 29.881572
        stop time: 29.988238
        [run.sh] Test finished with status 0
        > STDERR
        > No resources found in default namespace.
        > error: metrics not available yet
    [exp] Times: [29.671585, 29.673179, 30.005859, 29.903777, 29.476466, 29.913797, 29.881572, 29.988238]
    [exp] Throughput: 670.8188311910112
[test.py] Finished running 1th optmization experiment: groundtruth->1188.6996240521987, slowdown->670.8188311910112, predicted->1211.4450697528493, err->1.9134729447556236
[test.py] Running 2th optmization experiment
[test.py] Running 2th groundtruth exp
    [exp] Running (pre_run: False) workload synthetic/chain-d2-grpc-sync request with the following configuration: {'CLIENT_CPU_QUOTA': '2', 'SLOWPOKE_POKER_BATCH_THRESHOLD': '20000000', 'PROCESSING_TIME_SERVICE0': '0.0014149', 'PROCESSING_TIME_SERVICE1': '0.00090814', 'PROCESSING_TIME_SERVICE2': '0.000294', 'SLOWPOKE_DELAY_MICROS_SERVICE0': '0.0', 'SLOWPOKE_POKER_BATCH_THRESHOLD_SERVICE0': '100', 'SLOWPOKE_IS_TARGET_SERVICE_SERVICE0': 'false', 'SLOWPOKE_DELAY_MICROS_SERVICE1': '0.0', 'SLOWPOKE_POKER_BATCH_THRESHOLD_SERVICE1': '100', 'SLOWPOKE_IS_TARGET_SERVICE_SERVICE1': 'false', 'SLOWPOKE_DELAY_MICROS_SERVICE2': '0.0', 'SLOWPOKE_POKER_BATCH_THRESHOLD_SERVICE2': '100', 'SLOWPOKE_IS_TARGET_SERVICE_SERVICE2': 'true'}
    [exp] Executing cmd `bash run.sh synthetic chain-d2-grpc-sync 8 256 20000`:
        [run.sh] Running benchmark synthetic with request chain-d2-grpc-sync, thread 8, conn 256, duration 60
        [run.sh] Deleting all services
        configmap "config-service0" deleted
        deployment.apps "service0" deleted
        service "service0" deleted
        configmap "config-service1" deleted
        deployment.apps "service1" deleted
        service "service1" deleted
        configmap "config-service2" deleted
        deployment.apps "service2" deleted
        service "service2" deleted
        deployment.apps "ubuntu-client" deleted
        [run.sh] Waiting for all pods to be deleted
        [run.sh] Deploying all services
        configmap/config-service0 created
        deployment.apps/service0 created
        service/service0 created
        configmap/config-service1 created
        deployment.apps/service1 created
        service/service1 created
        configmap/config-service2 created
        deployment.apps/service2 created
        service/service2 created
        [run.sh] Client pod not found, deploying client
        deployment.apps/ubuntu-client created
        [run.sh] Waiting for all pods to be running
        [run.sh] All pods are running
        [run.sh] Checking heartbeat for all services
        [run.sh] Running warmup test
        [run.sh] /wrk/wrk -t8 -c256 --timeout 3s -d3s -L http://service0:80/endpoint1
        Running 3s test @ http://service0:80/endpoint1
        8 threads and 256 connections
        Thread Stats   Avg      Stdev     Max   +/- Stdev
        Latency   225.18ms  113.71ms 764.21ms   68.27%
        Req/Sec   143.78     74.86   300.00     62.33%
        Latency Distribution
        50%  198.53ms
        75%  290.11ms
        90%  401.40ms
        99%  527.85ms
        3146 requests in 3.02s, 488.49KB read
        Requests/sec:   1041.18
        Transfer/sec:    161.67KB
        [run.sh] Speed is 1041.18, duration is 28
        [run.sh] Fix the request number.
        [run.sh] Running the actual test
        [run.sh] /wrk/wrk --timeout 20s -t8 -c256 -d28s -L -s /wrk/fix_req_n.lua http://service0:80/endpoint1
        Running 28s test @ http://service0:80/endpoint1
        8 threads and 256 connections
        Thread Stats   Avg      Stdev     Max   +/- Stdev
        Latency   214.23ms  142.53ms   1.34s    74.77%
        Req/Sec   150.48     78.28   410.00     65.06%
        Latency Distribution
        50%  175.36ms
        75%  278.00ms
        90%  423.61ms
        99%  664.35ms
        20000 requests in 28.00s, 3.03MB read
        Requests/sec:    714.28
        Transfer/sec:    110.91KB
        ------------------------------
        stop time: 16.776477
        stop time: 16.882884
        stop time: 16.274125
        stop time: 16.634365
        stop time: 16.806255
        stop time: 16.633396
        stop time: 16.899914
        stop time: 16.814780
        [run.sh] Checking the resource usage
        NAME                             CPU(cores)   MEMORY(bytes)
        service0-6fb7cc7c7f-prhks        94m          21Mi
        ubuntu-client-76886f6bbd-58zzp   8m           0Mi
        [run.sh] Test finished with status 0
        > STDERR
        > No resources found in default namespace.
    [exp] Times: [16.776477, 16.882884, 16.274125, 16.634365, 16.806255, 16.633396, 16.899914, 16.81478]
    [exp] Throughput: 1196.510413274996
[test.py] Running 2th slowdown exp
    [exp] Running (pre_run: False) workload synthetic/chain-d2-grpc-sync request with the following configuration: {'CLIENT_CPU_QUOTA': '2', 'SLOWPOKE_POKER_BATCH_THRESHOLD': '20000000', 'PROCESSING_TIME_SERVICE0': '0.0014149', 'PROCESSING_TIME_SERVICE1': '0.00090814', 'PROCESSING_TIME_SERVICE2': '0.00147751', 'SLOWPOKE_DELAY_MICROS_SERVICE0': '591.5', 'SLOWPOKE_POKER_BATCH_THRESHOLD_SERVICE0': '100', 'SLOWPOKE_IS_TARGET_SERVICE_SERVICE0': 'false', 'SLOWPOKE_DELAY_MICROS_SERVICE1': '591.5', 'SLOWPOKE_POKER_BATCH_THRESHOLD_SERVICE1': '100', 'SLOWPOKE_IS_TARGET_SERVICE_SERVICE1': 'false', 'SLOWPOKE_DELAY_MICROS_SERVICE2': '0.0', 'SLOWPOKE_POKER_BATCH_THRESHOLD_SERVICE2': '100', 'SLOWPOKE_IS_TARGET_SERVICE_SERVICE2': 'true'}
    [exp] Executing cmd `bash run.sh synthetic chain-d2-grpc-sync 8 256 20000`:
        [run.sh] Running benchmark synthetic with request chain-d2-grpc-sync, thread 8, conn 256, duration 60
        [run.sh] Deleting all services
        configmap "config-service0" deleted
        deployment.apps "service0" deleted
        service "service0" deleted
        configmap "config-service1" deleted
        deployment.apps "service1" deleted
        service "service1" deleted
        configmap "config-service2" deleted
        deployment.apps "service2" deleted
        service "service2" deleted
        deployment.apps "ubuntu-client" deleted
        [run.sh] Waiting for all pods to be deleted
        [run.sh] Deploying all services
        configmap/config-service0 created
        deployment.apps/service0 created
        service/service0 created
        configmap/config-service1 created
        deployment.apps/service1 created
        service/service1 created
        configmap/config-service2 created
        deployment.apps/service2 created
        service/service2 created
        [run.sh] Client pod not found, deploying client
        deployment.apps/ubuntu-client created
        [run.sh] Waiting for all pods to be running
        [run.sh] All pods are running
        [run.sh] Checking heartbeat for all services
        [run.sh] Running warmup test
        [run.sh] /wrk/wrk -t8 -c256 --timeout 3s -d3s -L http://service0:80/endpoint1
        Running 3s test @ http://service0:80/endpoint1
        8 threads and 256 connections
        Thread Stats   Avg      Stdev     Max   +/- Stdev
        Latency   362.07ms  214.59ms   1.28s    68.79%
        Req/Sec    84.58     51.09   240.00     63.73%
        Latency Distribution
        50%  299.10ms
        75%  502.61ms
        90%  690.09ms
        99%  989.45ms
        1914 requests in 3.10s, 297.19KB read
        Requests/sec:    617.39
        Transfer/sec:     95.86KB
        [run.sh] Speed is 617.39, duration is 48
        [run.sh] Fix the request number.
        [run.sh] Running the actual test
        [run.sh] /wrk/wrk --timeout 20s -t8 -c256 -d48s -L -s /wrk/fix_req_n.lua http://service0:80/endpoint1
        [run.sh] Checking the resource usage
        NAME                             CPU(cores)   MEMORY(bytes)
        service0-98d97c5c7-mn499         1142m        31Mi
        service1-7cc8748c87-5jvv9        794m         13Mi
        service2-7bdbb95446-lxwz5        1161m        11Mi
        ubuntu-client-76886f6bbd-j2pkt   25m          13Mi
        Running 48s test @ http://service0:80/endpoint1
        8 threads and 256 connections
        Thread Stats   Avg      Stdev     Max   +/- Stdev
        Latency   362.01ms  213.28ms   1.84s    73.58%
        Req/Sec    90.91     54.08   300.00     67.17%
        Latency Distribution
        50%  306.44ms
        75%  464.74ms
        90%  656.20ms
        99%    1.04s
        20000 requests in 48.00s, 3.03MB read
        Requests/sec:    416.67
        Transfer/sec:     64.70KB
        ------------------------------
        stop time: 28.051094
        stop time: 28.439800
        stop time: 28.213640
        stop time: 28.277084
        stop time: 28.629117
        stop time: 28.639862
        stop time: 27.847431
        stop time: 28.635654
        [run.sh] Test finished with status 0
        > STDERR
        > No resources found in default namespace.
    [exp] Times: [28.051094, 28.4398, 28.21364, 28.277084, 28.629117, 28.639862, 27.847431, 28.635654]
    [exp] Throughput: 705.673716355914
[test.py] Finished running 2th optmization experiment: groundtruth->1196.510413274996, slowdown->705.673716355914, predicted->1211.6358051163172, err->1.2641253827387289
[test.py] Running 3th optmization experiment
[test.py] Running 3th groundtruth exp
    [exp] Running (pre_run: False) workload synthetic/chain-d2-grpc-sync request with the following configuration: {'CLIENT_CPU_QUOTA': '2', 'SLOWPOKE_POKER_BATCH_THRESHOLD': '20000000', 'PROCESSING_TIME_SERVICE0': '0.0014149', 'PROCESSING_TIME_SERVICE1': '0.00090814', 'PROCESSING_TIME_SERVICE2': '0.000441', 'SLOWPOKE_DELAY_MICROS_SERVICE0': '0.0', 'SLOWPOKE_POKER_BATCH_THRESHOLD_SERVICE0': '100', 'SLOWPOKE_IS_TARGET_SERVICE_SERVICE0': 'false', 'SLOWPOKE_DELAY_MICROS_SERVICE1': '0.0', 'SLOWPOKE_POKER_BATCH_THRESHOLD_SERVICE1': '100', 'SLOWPOKE_IS_TARGET_SERVICE_SERVICE1': 'false', 'SLOWPOKE_DELAY_MICROS_SERVICE2': '0.0', 'SLOWPOKE_POKER_BATCH_THRESHOLD_SERVICE2': '100', 'SLOWPOKE_IS_TARGET_SERVICE_SERVICE2': 'true'}
    [exp] Executing cmd `bash run.sh synthetic chain-d2-grpc-sync 8 256 20000`:
        [run.sh] Running benchmark synthetic with request chain-d2-grpc-sync, thread 8, conn 256, duration 60
        [run.sh] Deleting all services
        configmap "config-service0" deleted
        deployment.apps "service0" deleted
        service "service0" deleted
        configmap "config-service1" deleted
        deployment.apps "service1" deleted
        service "service1" deleted
        configmap "config-service2" deleted
        deployment.apps "service2" deleted
        service "service2" deleted
        deployment.apps "ubuntu-client" deleted
        [run.sh] Waiting for all pods to be deleted
        [run.sh] Deploying all services
        configmap/config-service0 created
        deployment.apps/service0 created
        service/service0 created
        configmap/config-service1 created
        deployment.apps/service1 created
        service/service1 created
        configmap/config-service2 created
        deployment.apps/service2 created
        service/service2 created
        [run.sh] Client pod not found, deploying client
        deployment.apps/ubuntu-client created
        [run.sh] Waiting for all pods to be running
        [run.sh] All pods are running
        [run.sh] Checking heartbeat for all services
        [run.sh] Running warmup test
        [run.sh] /wrk/wrk -t8 -c256 --timeout 3s -d3s -L http://service0:80/endpoint1
        Running 3s test @ http://service0:80/endpoint1
        8 threads and 256 connections
        Thread Stats   Avg      Stdev     Max   +/- Stdev
        Latency   225.80ms  127.30ms 851.95ms   70.15%
        Req/Sec   146.34     75.44   330.00     63.23%
        Latency Distribution
        50%  206.97ms
        75%  298.41ms
        90%  394.98ms
        99%  592.28ms
        3363 requests in 3.02s, 522.18KB read
        Requests/sec:   1112.52
        Transfer/sec:    172.74KB
        [run.sh] Speed is 1112.52, duration is 26
        [run.sh] Fix the request number.
        [run.sh] Running the actual test
        [run.sh] /wrk/wrk --timeout 20s -t8 -c256 -d26s -L -s /wrk/fix_req_n.lua http://service0:80/endpoint1
        Running 26s test @ http://service0:80/endpoint1
        8 threads and 256 connections
        Thread Stats   Avg      Stdev     Max   +/- Stdev
        Latency   221.78ms  163.45ms   1.36s    79.02%
        Req/Sec   149.16     74.68   393.00     65.76%
        Latency Distribution
        50%  176.41ms
        75%  287.15ms
        90%  433.76ms
        99%  816.39ms
        20000 requests in 26.00s, 3.03MB read
        Requests/sec:    769.23
        Transfer/sec:    119.44KB
        ------------------------------
        stop time: 16.647282
        stop time: 16.850563
        stop time: 16.849342
        stop time: 17.112760
        stop time: 17.077335
        stop time: 17.051887
        stop time: 16.912657
        stop time: 17.024357
        [run.sh] Checking the resource usage
        NAME                             CPU(cores)   MEMORY(bytes)
        service0-6fb7cc7c7f-5pkz2        1m           29Mi
        service1-76b89695f7-p5794        138m         13Mi
        service2-7bdbb95446-2zhzg        48m          10Mi
        ubuntu-client-76886f6bbd-crlh6   2m           0Mi
        [run.sh] Test finished with status 0
        > STDERR
        > No resources found in default namespace.
    [exp] Times: [16.647282, 16.850563, 16.849342, 17.11276, 17.077335, 17.051887, 16.912657, 17.024357]
    [exp] Throughput: 1180.5836810146125
[test.py] Running 3th slowdown exp
    [exp] Running (pre_run: False) workload synthetic/chain-d2-grpc-sync request with the following configuration: {'CLIENT_CPU_QUOTA': '2', 'SLOWPOKE_POKER_BATCH_THRESHOLD': '20000000', 'PROCESSING_TIME_SERVICE0': '0.0014149', 'PROCESSING_TIME_SERVICE1': '0.00090814', 'PROCESSING_TIME_SERVICE2': '0.00147751', 'SLOWPOKE_DELAY_MICROS_SERVICE0': '518.0', 'SLOWPOKE_POKER_BATCH_THRESHOLD_SERVICE0': '100', 'SLOWPOKE_IS_TARGET_SERVICE_SERVICE0': 'false', 'SLOWPOKE_DELAY_MICROS_SERVICE1': '518.0', 'SLOWPOKE_POKER_BATCH_THRESHOLD_SERVICE1': '100', 'SLOWPOKE_IS_TARGET_SERVICE_SERVICE1': 'false', 'SLOWPOKE_DELAY_MICROS_SERVICE2': '0.0', 'SLOWPOKE_POKER_BATCH_THRESHOLD_SERVICE2': '100', 'SLOWPOKE_IS_TARGET_SERVICE_SERVICE2': 'true'}
    [exp] Executing cmd `bash run.sh synthetic chain-d2-grpc-sync 8 256 20000`:
        [run.sh] Running benchmark synthetic with request chain-d2-grpc-sync, thread 8, conn 256, duration 60
        [run.sh] Deleting all services
        configmap "config-service0" deleted
        deployment.apps "service0" deleted
        service "service0" deleted
        configmap "config-service1" deleted
        deployment.apps "service1" deleted
        service "service1" deleted
        configmap "config-service2" deleted
        deployment.apps "service2" deleted
        service "service2" deleted
        deployment.apps "ubuntu-client" deleted
        [run.sh] Waiting for all pods to be deleted
        [run.sh] Deploying all services
        configmap/config-service0 created
        deployment.apps/service0 created
        service/service0 created
        configmap/config-service1 created
        deployment.apps/service1 created
        service/service1 created
        configmap/config-service2 created
        deployment.apps/service2 created
        service/service2 created
        [run.sh] Client pod not found, deploying client
        deployment.apps/ubuntu-client created
        [run.sh] Waiting for all pods to be running
        [run.sh] All pods are running
        [run.sh] Checking heartbeat for all services
        [run.sh] Running warmup test
        [run.sh] /wrk/wrk -t8 -c256 --timeout 3s -d3s -L http://service0:80/endpoint1
        Running 3s test @ http://service0:80/endpoint1
        8 threads and 256 connections
        Thread Stats   Avg      Stdev     Max   +/- Stdev
        Latency   331.17ms  219.55ms   1.64s    78.62%
        Req/Sec    90.51     54.34   290.00     75.00%
        Latency Distribution
        50%  252.11ms
        75%  441.05ms
        90%  627.54ms
        99%    1.07s
        2093 requests in 3.02s, 324.99KB read
        Requests/sec:    692.71
        Transfer/sec:    107.56KB
        [run.sh] Speed is 692.71, duration is 43
        [run.sh] Fix the request number.
        [run.sh] Running the actual test
        [run.sh] /wrk/wrk --timeout 20s -t8 -c256 -d43s -L -s /wrk/fix_req_n.lua http://service0:80/endpoint1
        [run.sh] Checking the resource usage
        NAME                             CPU(cores)   MEMORY(bytes)
        service0-5479b9f769-w6crc        384m         24Mi
        service1-c9cc88d59-ktxtx         269m         11Mi
        service2-7bdbb95446-m62nq        390m         10Mi
        ubuntu-client-76886f6bbd-f26kc   13m          6Mi
        Running 43s test @ http://service0:80/endpoint1
        8 threads and 256 connections
        Thread Stats   Avg      Stdev     Max   +/- Stdev
        Latency   342.43ms  190.71ms   1.38s    73.92%
        Req/Sec    95.20     55.98   280.00     71.04%
        Latency Distribution
        50%  299.88ms
        75%  434.38ms
        90%  603.26ms
        99%  958.66ms
        20000 requests in 43.00s, 3.03MB read
        Requests/sec:    465.11
        Transfer/sec:     72.22KB
        ------------------------------
        stop time: 26.857410
        stop time: 26.510270
        stop time: 27.012621
        stop time: 27.116503
        stop time: 26.694061
        stop time: 26.843379
        stop time: 27.011458
        stop time: 26.553665
        [run.sh] Test finished with status 0
        > STDERR
        > No resources found in default namespace.
    [exp] Times: [26.85741, 26.51027, 27.012621, 27.116503, 26.694061, 26.843379, 27.011458, 26.553665]
    [exp] Throughput: 745.5753585703727
[test.py] Finished running 3th optmization experiment: groundtruth->1180.5836810146125, slowdown->745.5753585703727, predicted->1215.0800517141108, err->2.921975905160033
[test.py] Running 4th optmization experiment
[test.py] Running 4th groundtruth exp
    [exp] Running (pre_run: False) workload synthetic/chain-d2-grpc-sync request with the following configuration: {'CLIENT_CPU_QUOTA': '2', 'SLOWPOKE_POKER_BATCH_THRESHOLD': '20000000', 'PROCESSING_TIME_SERVICE0': '0.0014149', 'PROCESSING_TIME_SERVICE1': '0.00090814', 'PROCESSING_TIME_SERVICE2': '0.000588', 'SLOWPOKE_DELAY_MICROS_SERVICE0': '0.0', 'SLOWPOKE_POKER_BATCH_THRESHOLD_SERVICE0': '100', 'SLOWPOKE_IS_TARGET_SERVICE_SERVICE0': 'false', 'SLOWPOKE_DELAY_MICROS_SERVICE1': '0.0', 'SLOWPOKE_POKER_BATCH_THRESHOLD_SERVICE1': '100', 'SLOWPOKE_IS_TARGET_SERVICE_SERVICE1': 'false', 'SLOWPOKE_DELAY_MICROS_SERVICE2': '0.0', 'SLOWPOKE_POKER_BATCH_THRESHOLD_SERVICE2': '100', 'SLOWPOKE_IS_TARGET_SERVICE_SERVICE2': 'true'}
    [exp] Executing cmd `bash run.sh synthetic chain-d2-grpc-sync 8 256 20000`:
        [run.sh] Running benchmark synthetic with request chain-d2-grpc-sync, thread 8, conn 256, duration 60
        [run.sh] Deleting all services
        configmap "config-service0" deleted
        deployment.apps "service0" deleted
        service "service0" deleted
        configmap "config-service1" deleted
        deployment.apps "service1" deleted
        service "service1" deleted
        configmap "config-service2" deleted
        deployment.apps "service2" deleted
        service "service2" deleted
        deployment.apps "ubuntu-client" deleted
        [run.sh] Waiting for all pods to be deleted
        [run.sh] Deploying all services
        configmap/config-service0 created
        deployment.apps/service0 created
        service/service0 created
        configmap/config-service1 created
        deployment.apps/service1 created
        service/service1 created
        configmap/config-service2 created
        deployment.apps/service2 created
        service/service2 created
        [run.sh] Client pod not found, deploying client
        deployment.apps/ubuntu-client created
        [run.sh] Waiting for all pods to be running
        [run.sh] All pods are running
        [run.sh] Checking heartbeat for all services
        [run.sh] Running warmup test
        [run.sh] /wrk/wrk -t8 -c256 --timeout 3s -d3s -L http://service0:80/endpoint1
        Running 3s test @ http://service0:80/endpoint1
        8 threads and 256 connections
        Thread Stats   Avg      Stdev     Max   +/- Stdev
        Latency   234.07ms  170.28ms 903.66ms   74.79%
        Req/Sec   147.48     74.87   343.00     67.13%
        Latency Distribution
        50%  166.53ms
        75%  334.32ms
        90%  497.48ms
        99%  707.50ms
        3236 requests in 3.02s, 502.46KB read
        Requests/sec:   1072.67
        Transfer/sec:    166.56KB
        [run.sh] Speed is 1072.67, duration is 27
        [run.sh] Fix the request number.
        [run.sh] Running the actual test
        [run.sh] /wrk/wrk --timeout 20s -t8 -c256 -d27s -L -s /wrk/fix_req_n.lua http://service0:80/endpoint1
        Running 27s test @ http://service0:80/endpoint1
        8 threads and 256 connections
        Thread Stats   Avg      Stdev     Max   +/- Stdev
        Latency   216.73ms  157.57ms   1.31s    78.86%
        Req/Sec   152.52     73.80   424.00     69.49%
        Latency Distribution
        50%  173.37ms
        75%  289.37ms
        90%  413.53ms
        99%  777.34ms
        20000 requests in 27.00s, 3.03MB read
        Requests/sec:    740.74
        Transfer/sec:    115.02KB
        ------------------------------
        stop time: 16.597028
        stop time: 16.377213
        stop time: 16.919276
        stop time: 16.848284
        stop time: 16.629394
        stop time: 16.692767
        stop time: 16.485508
        stop time: 16.574506
        [run.sh] Checking the resource usage
        NAME                             CPU(cores)   MEMORY(bytes)
        service0-6fb7cc7c7f-z8jwf        1936m        31Mi
        service1-76b89695f7-r8cpz        1372m        11Mi
        service2-7bdbb95446-rlp6q        926m         9Mi
        ubuntu-client-76886f6bbd-mbz45   41m          10Mi
        [run.sh] Test finished with status 0
        > STDERR
        > No resources found in default namespace.
    [exp] Times: [16.597028, 16.377213, 16.919276, 16.848284, 16.629394, 16.692767, 16.485508, 16.574506]
    [exp] Throughput: 1201.8871792110533
[test.py] Running 4th slowdown exp
    [exp] Running (pre_run: False) workload synthetic/chain-d2-grpc-sync request with the following configuration: {'CLIENT_CPU_QUOTA': '2', 'SLOWPOKE_POKER_BATCH_THRESHOLD': '20000000', 'PROCESSING_TIME_SERVICE0': '0.0014149', 'PROCESSING_TIME_SERVICE1': '0.00090814', 'PROCESSING_TIME_SERVICE2': '0.00147751', 'SLOWPOKE_DELAY_MICROS_SERVICE0': '444.5', 'SLOWPOKE_POKER_BATCH_THRESHOLD_SERVICE0': '100', 'SLOWPOKE_IS_TARGET_SERVICE_SERVICE0': 'false', 'SLOWPOKE_DELAY_MICROS_SERVICE1': '444.5', 'SLOWPOKE_POKER_BATCH_THRESHOLD_SERVICE1': '100', 'SLOWPOKE_IS_TARGET_SERVICE_SERVICE1': 'false', 'SLOWPOKE_DELAY_MICROS_SERVICE2': '0.0', 'SLOWPOKE_POKER_BATCH_THRESHOLD_SERVICE2': '100', 'SLOWPOKE_IS_TARGET_SERVICE_SERVICE2': 'true'}
    [exp] Executing cmd `bash run.sh synthetic chain-d2-grpc-sync 8 256 20000`:
        [run.sh] Running benchmark synthetic with request chain-d2-grpc-sync, thread 8, conn 256, duration 60
        [run.sh] Deleting all services
        configmap "config-service0" deleted
        deployment.apps "service0" deleted
        service "service0" deleted
        configmap "config-service1" deleted
        deployment.apps "service1" deleted
        service "service1" deleted
        configmap "config-service2" deleted
        deployment.apps "service2" deleted
        service "service2" deleted
        deployment.apps "ubuntu-client" deleted
        [run.sh] Waiting for all pods to be deleted
        [run.sh] Deploying all services
        configmap/config-service0 created
        deployment.apps/service0 created
        service/service0 created
        configmap/config-service1 created
        deployment.apps/service1 created
        service/service1 created
        configmap/config-service2 created
        deployment.apps/service2 created
        service/service2 created
        [run.sh] Client pod not found, deploying client
        deployment.apps/ubuntu-client created
        [run.sh] Waiting for all pods to be running
        [run.sh] All pods are running
        [run.sh] Checking heartbeat for all services
        [run.sh] Running warmup test
        [run.sh] /wrk/wrk -t8 -c256 --timeout 3s -d3s -L http://service0:80/endpoint1
        Running 3s test @ http://service0:80/endpoint1
        8 threads and 256 connections
        Thread Stats   Avg      Stdev     Max   +/- Stdev
        Latency   354.88ms  186.89ms   1.04s    67.67%
        Req/Sec    97.97     66.21   262.00     64.25%
        Latency Distribution
        50%  313.26ms
        75%  467.54ms
        90%  647.92ms
        99%  894.14ms
        2026 requests in 3.02s, 314.58KB read
        Requests/sec:    671.40
        Transfer/sec:    104.25KB
        [run.sh] Speed is 671.40, duration is 44
        [run.sh] Fix the request number.
        [run.sh] Running the actual test
        [run.sh] /wrk/wrk --timeout 20s -t8 -c256 -d44s -L -s /wrk/fix_req_n.lua http://service0:80/endpoint1
        [run.sh] Checking the resource usage
        Running 44s test @ http://service0:80/endpoint1
        8 threads and 256 connections
        Thread Stats   Avg      Stdev     Max   +/- Stdev
        Latency   324.86ms  182.94ms   1.34s    74.99%
        Req/Sec   100.50     58.88   373.00     65.05%
        Latency Distribution
        50%  282.75ms
        75%  414.47ms
        90%  572.65ms
        99%  915.44ms
        20000 requests in 44.00s, 3.03MB read
        Requests/sec:    454.54
        Transfer/sec:     70.58KB
        ------------------------------
        stop time: 25.702654
        stop time: 25.189956
        stop time: 25.272430
        stop time: 25.436338
        stop time: 25.402508
        stop time: 25.639975
        stop time: 25.682883
        stop time: 25.638623
        [run.sh] Test finished with status 0
        > STDERR
        > No resources found in default namespace.
        > error: metrics not available yet
    [exp] Times: [25.702654, 25.189956, 25.27243, 25.436338, 25.402508, 25.639975, 25.682883, 25.638623]
    [exp] Throughput: 784.4469007329072
[test.py] Finished running 4th optmization experiment: groundtruth->1201.8871792110533, slowdown->784.4469007329072, predicted->1204.7778447257765, err->0.24051055412877403
[test.py] Running 5th optmization experiment
[test.py] Running 5th groundtruth exp
    [exp] Running (pre_run: False) workload synthetic/chain-d2-grpc-sync request with the following configuration: {'CLIENT_CPU_QUOTA': '2', 'SLOWPOKE_POKER_BATCH_THRESHOLD': '20000000', 'PROCESSING_TIME_SERVICE0': '0.0014149', 'PROCESSING_TIME_SERVICE1': '0.00090814', 'PROCESSING_TIME_SERVICE2': '0.000735', 'SLOWPOKE_DELAY_MICROS_SERVICE0': '0.0', 'SLOWPOKE_POKER_BATCH_THRESHOLD_SERVICE0': '100', 'SLOWPOKE_IS_TARGET_SERVICE_SERVICE0': 'false', 'SLOWPOKE_DELAY_MICROS_SERVICE1': '0.0', 'SLOWPOKE_POKER_BATCH_THRESHOLD_SERVICE1': '100', 'SLOWPOKE_IS_TARGET_SERVICE_SERVICE1': 'false', 'SLOWPOKE_DELAY_MICROS_SERVICE2': '0.0', 'SLOWPOKE_POKER_BATCH_THRESHOLD_SERVICE2': '100', 'SLOWPOKE_IS_TARGET_SERVICE_SERVICE2': 'true'}
    [exp] Executing cmd `bash run.sh synthetic chain-d2-grpc-sync 8 256 20000`:
        [run.sh] Running benchmark synthetic with request chain-d2-grpc-sync, thread 8, conn 256, duration 60
        [run.sh] Deleting all services
        configmap "config-service0" deleted
        deployment.apps "service0" deleted
        service "service0" deleted
        configmap "config-service1" deleted
        deployment.apps "service1" deleted
        service "service1" deleted
        configmap "config-service2" deleted
        deployment.apps "service2" deleted
        service "service2" deleted
        deployment.apps "ubuntu-client" deleted
        [run.sh] Waiting for all pods to be deleted
        [run.sh] Deploying all services
        configmap/config-service0 created
        deployment.apps/service0 created
        service/service0 created
        configmap/config-service1 created
        deployment.apps/service1 created
        service/service1 created
        configmap/config-service2 created
        deployment.apps/service2 created
        service/service2 created
        [run.sh] Client pod not found, deploying client
        deployment.apps/ubuntu-client created
        [run.sh] Waiting for all pods to be running
        [run.sh] All pods are running
        [run.sh] Checking heartbeat for all services
        [run.sh] Running warmup test
        [run.sh] /wrk/wrk -t8 -c256 --timeout 3s -d3s -L http://service0:80/endpoint1
        Running 3s test @ http://service0:80/endpoint1
        8 threads and 256 connections
        Thread Stats   Avg      Stdev     Max   +/- Stdev
        Latency   225.65ms  137.83ms 712.72ms   63.24%
        Req/Sec   148.17     96.73   410.00     67.59%
        Latency Distribution
        50%  196.93ms
        75%  326.29ms
        90%  411.75ms
        99%  648.59ms
        3289 requests in 3.02s, 510.69KB read
        Requests/sec:   1087.72
        Transfer/sec:    168.89KB
        [run.sh] Speed is 1087.72, duration is 27
        [run.sh] Fix the request number.
        [run.sh] Running the actual test
        [run.sh] /wrk/wrk --timeout 20s -t8 -c256 -d27s -L -s /wrk/fix_req_n.lua http://service0:80/endpoint1
        Running 27s test @ http://service0:80/endpoint1
        8 threads and 256 connections
        Thread Stats   Avg      Stdev     Max   +/- Stdev
        Latency   215.04ms  150.55ms   1.49s    74.29%
        Req/Sec   151.51     75.32   440.00     68.26%
        Latency Distribution
        50%  171.76ms
        75%  284.46ms
        90%  429.90ms
        99%  732.90ms
        20000 requests in 27.00s, 3.03MB read
        Requests/sec:    740.74
        Transfer/sec:    115.02KB
        ------------------------------
        stop time: 15.988002
        stop time: 16.796356
        stop time: 16.953122
        stop time: 16.858338
        stop time: 16.870312
        stop time: 16.639836
        stop time: 16.908642
        stop time: 16.771083
        [run.sh] Checking the resource usage
        NAME                             CPU(cores)   MEMORY(bytes)
        service0-6fb7cc7c7f-slk47        426m         30Mi
        service1-76b89695f7-w49pc        126m         11Mi
        service2-7bdbb95446-27jbf        44m          11Mi
        ubuntu-client-76886f6bbd-lmcpk   10m          9Mi
        [run.sh] Test finished with status 0
        > STDERR
        > No resources found in default namespace.
    [exp] Times: [15.988002, 16.796356, 16.953122, 16.858338, 16.870312, 16.639836, 16.908642, 16.771083]
    [exp] Throughput: 1195.942546650972
[test.py] Running 5th slowdown exp
    [exp] Running (pre_run: False) workload synthetic/chain-d2-grpc-sync request with the following configuration: {'CLIENT_CPU_QUOTA': '2', 'SLOWPOKE_POKER_BATCH_THRESHOLD': '20000000', 'PROCESSING_TIME_SERVICE0': '0.0014149', 'PROCESSING_TIME_SERVICE1': '0.00090814', 'PROCESSING_TIME_SERVICE2': '0.00147751', 'SLOWPOKE_DELAY_MICROS_SERVICE0': '371.0', 'SLOWPOKE_POKER_BATCH_THRESHOLD_SERVICE0': '100', 'SLOWPOKE_IS_TARGET_SERVICE_SERVICE0': 'false', 'SLOWPOKE_DELAY_MICROS_SERVICE1': '371.0', 'SLOWPOKE_POKER_BATCH_THRESHOLD_SERVICE1': '100', 'SLOWPOKE_IS_TARGET_SERVICE_SERVICE1': 'false', 'SLOWPOKE_DELAY_MICROS_SERVICE2': '0.0', 'SLOWPOKE_POKER_BATCH_THRESHOLD_SERVICE2': '100', 'SLOWPOKE_IS_TARGET_SERVICE_SERVICE2': 'true'}
    [exp] Executing cmd `bash run.sh synthetic chain-d2-grpc-sync 8 256 20000`:
        [run.sh] Running benchmark synthetic with request chain-d2-grpc-sync, thread 8, conn 256, duration 60
        [run.sh] Deleting all services
        configmap "config-service0" deleted
        deployment.apps "service0" deleted
        service "service0" deleted
        configmap "config-service1" deleted
        deployment.apps "service1" deleted
        service "service1" deleted
        configmap "config-service2" deleted
        deployment.apps "service2" deleted
        service "service2" deleted
        deployment.apps "ubuntu-client" deleted
        [run.sh] Waiting for all pods to be deleted
        [run.sh] Deploying all services
        configmap/config-service0 created
        deployment.apps/service0 created
        service/service0 created
        configmap/config-service1 created
        deployment.apps/service1 created
        service/service1 created
        configmap/config-service2 created
        deployment.apps/service2 created
        service/service2 created
        [run.sh] Client pod not found, deploying client
        deployment.apps/ubuntu-client created
        [run.sh] Waiting for all pods to be running
        [run.sh] All pods are running
        [run.sh] Checking heartbeat for all services
        [run.sh] Running warmup test
        [run.sh] /wrk/wrk -t8 -c256 --timeout 3s -d3s -L http://service0:80/endpoint1
        Running 3s test @ http://service0:80/endpoint1
        8 threads and 256 connections
        Thread Stats   Avg      Stdev     Max   +/- Stdev
        Latency   340.63ms  170.14ms 969.30ms   64.08%
        Req/Sec    99.80     61.30   260.00     67.88%
        Latency Distribution
        50%  302.79ms
        75%  480.93ms
        90%  581.44ms
        99%  833.16ms
        2155 requests in 3.10s, 334.61KB read
        Requests/sec:    695.31
        Transfer/sec:    107.96KB
        [run.sh] Speed is 695.31, duration is 43
        [run.sh] Fix the request number.
        [run.sh] Running the actual test
        [run.sh] /wrk/wrk --timeout 20s -t8 -c256 -d43s -L -s /wrk/fix_req_n.lua http://service0:80/endpoint1
        [run.sh] Checking the resource usage
        NAME                             CPU(cores)   MEMORY(bytes)
        service0-779488cf4b-828n4        599m         30Mi
        service1-5687f7464d-wx9z4        721m         12Mi
        service2-7bdbb95446-ffsqx        990m         11Mi
        ubuntu-client-76886f6bbd-fhcgz   17m          12Mi
        Running 43s test @ http://service0:80/endpoint1
        8 threads and 256 connections
        Thread Stats   Avg      Stdev     Max   +/- Stdev
        Latency   306.18ms  187.57ms   1.57s    75.76%
        Req/Sec   106.57     58.09   440.00     68.92%
        Latency Distribution
        50%  256.61ms
        75%  389.86ms
        90%  567.57ms
        99%  920.52ms
        20001 requests in 43.00s, 3.03MB read
        Requests/sec:    465.14
        Transfer/sec:     72.22KB
        ------------------------------
        stop time: 23.791027
        stop time: 24.113855
        stop time: 23.817755
        stop time: 24.264710
        stop time: 23.803972
        stop time: 24.051027
        stop time: 24.093313
        stop time: 24.025554
        [run.sh] Test finished with status 0
        > STDERR
        > No resources found in default namespace.
    [exp] Times: [23.791027, 24.113855, 23.817755, 24.26471, 23.803972, 24.051027, 24.093313, 24.025554]
    [exp] Throughput: 833.5017137029656
[test.py] Finished running 5th optmization experiment: groundtruth->1195.942546650972, slowdown->833.5017137029656, predicted->1206.9968430167762, err->0.9243166736361937
[test.py] Running 6th optmization experiment
[test.py] Running 6th groundtruth exp
    [exp] Running (pre_run: False) workload synthetic/chain-d2-grpc-sync request with the following configuration: {'CLIENT_CPU_QUOTA': '2', 'SLOWPOKE_POKER_BATCH_THRESHOLD': '20000000', 'PROCESSING_TIME_SERVICE0': '0.0014149', 'PROCESSING_TIME_SERVICE1': '0.00090814', 'PROCESSING_TIME_SERVICE2': '0.000882', 'SLOWPOKE_DELAY_MICROS_SERVICE0': '0.0', 'SLOWPOKE_POKER_BATCH_THRESHOLD_SERVICE0': '100', 'SLOWPOKE_IS_TARGET_SERVICE_SERVICE0': 'false', 'SLOWPOKE_DELAY_MICROS_SERVICE1': '0.0', 'SLOWPOKE_POKER_BATCH_THRESHOLD_SERVICE1': '100', 'SLOWPOKE_IS_TARGET_SERVICE_SERVICE1': 'false', 'SLOWPOKE_DELAY_MICROS_SERVICE2': '0.0', 'SLOWPOKE_POKER_BATCH_THRESHOLD_SERVICE2': '100', 'SLOWPOKE_IS_TARGET_SERVICE_SERVICE2': 'true'}
    [exp] Executing cmd `bash run.sh synthetic chain-d2-grpc-sync 8 256 20000`:
        [run.sh] Running benchmark synthetic with request chain-d2-grpc-sync, thread 8, conn 256, duration 60
        [run.sh] Deleting all services
        configmap "config-service0" deleted
        deployment.apps "service0" deleted
        service "service0" deleted
        configmap "config-service1" deleted
        deployment.apps "service1" deleted
        service "service1" deleted
        configmap "config-service2" deleted
        deployment.apps "service2" deleted
        service "service2" deleted
        deployment.apps "ubuntu-client" deleted
        [run.sh] Waiting for all pods to be deleted
        [run.sh] Deploying all services
        configmap/config-service0 created
        deployment.apps/service0 created
        service/service0 created
        configmap/config-service1 created
        deployment.apps/service1 created
        service/service1 created
        configmap/config-service2 created
        deployment.apps/service2 created
        service/service2 created
        [run.sh] Client pod not found, deploying client
        deployment.apps/ubuntu-client created
        [run.sh] Waiting for all pods to be running
        [run.sh] All pods are running
        [run.sh] Checking heartbeat for all services
        [run.sh] Running warmup test
        [run.sh] /wrk/wrk -t8 -c256 --timeout 3s -d3s -L http://service0:80/endpoint1
        Running 3s test @ http://service0:80/endpoint1
        8 threads and 256 connections
        Thread Stats   Avg      Stdev     Max   +/- Stdev
        Latency   228.06ms  131.37ms 827.04ms   69.52%
        Req/Sec   151.78     71.08   330.00     67.96%
        Latency Distribution
        50%  199.71ms
        75%  297.34ms
        90%  411.12ms
        99%  623.07ms
        3316 requests in 3.02s, 514.89KB read
        Requests/sec:   1096.64
        Transfer/sec:    170.28KB
        [run.sh] Speed is 1096.64, duration is 27
        [run.sh] Fix the request number.
        [run.sh] Running the actual test
        [run.sh] /wrk/wrk --timeout 20s -t8 -c256 -d27s -L -s /wrk/fix_req_n.lua http://service0:80/endpoint1
        Running 27s test @ http://service0:80/endpoint1
        8 threads and 256 connections
        Thread Stats   Avg      Stdev     Max   +/- Stdev
        Latency   216.46ms  154.05ms   1.45s    80.07%
        Req/Sec   151.48     73.64   444.00     67.63%
        Latency Distribution
        50%  173.48ms
        75%  282.42ms
        90%  416.46ms
        99%  797.75ms
        20000 requests in 27.00s, 3.03MB read
        Requests/sec:    740.74
        Transfer/sec:    115.02KB
        ------------------------------
        stop time: 16.290462
        stop time: 16.587460
        stop time: 16.775666
        stop time: 16.638071
        stop time: 16.770245
        stop time: 16.561833
        stop time: 16.574798
        stop time: 16.767833
        [run.sh] Checking the resource usage
        NAME                             CPU(cores)   MEMORY(bytes)
        service0-6fb7cc7c7f-qbsdq        551m         25Mi
        service1-76b89695f7-snzfz        0m           13Mi
        service2-7bdbb95446-b49xl        0m           9Mi
        ubuntu-client-76886f6bbd-l75vx   9m           0Mi
        [run.sh] Test finished with status 0
        > STDERR
        > No resources found in default namespace.
    [exp] Times: [16.290462, 16.58746, 16.775666, 16.638071, 16.770245, 16.561833, 16.574798, 16.767833]
    [exp] Throughput: 1203.3118028763483
[test.py] Running 6th slowdown exp
    [exp] Running (pre_run: False) workload synthetic/chain-d2-grpc-sync request with the following configuration: {'CLIENT_CPU_QUOTA': '2', 'SLOWPOKE_POKER_BATCH_THRESHOLD': '20000000', 'PROCESSING_TIME_SERVICE0': '0.0014149', 'PROCESSING_TIME_SERVICE1': '0.00090814', 'PROCESSING_TIME_SERVICE2': '0.00147751', 'SLOWPOKE_DELAY_MICROS_SERVICE0': '297.5', 'SLOWPOKE_POKER_BATCH_THRESHOLD_SERVICE0': '100', 'SLOWPOKE_IS_TARGET_SERVICE_SERVICE0': 'false', 'SLOWPOKE_DELAY_MICROS_SERVICE1': '297.5', 'SLOWPOKE_POKER_BATCH_THRESHOLD_SERVICE1': '100', 'SLOWPOKE_IS_TARGET_SERVICE_SERVICE1': 'false', 'SLOWPOKE_DELAY_MICROS_SERVICE2': '0.0', 'SLOWPOKE_POKER_BATCH_THRESHOLD_SERVICE2': '100', 'SLOWPOKE_IS_TARGET_SERVICE_SERVICE2': 'true'}
    [exp] Executing cmd `bash run.sh synthetic chain-d2-grpc-sync 8 256 20000`:
        [run.sh] Running benchmark synthetic with request chain-d2-grpc-sync, thread 8, conn 256, duration 60
        [run.sh] Deleting all services
        configmap "config-service0" deleted
        deployment.apps "service0" deleted
        service "service0" deleted
        configmap "config-service1" deleted
        deployment.apps "service1" deleted
        service "service1" deleted
        configmap "config-service2" deleted
        deployment.apps "service2" deleted
        service "service2" deleted
        deployment.apps "ubuntu-client" deleted
        [run.sh] Waiting for all pods to be deleted
        [run.sh] Deploying all services
        configmap/config-service0 created
        deployment.apps/service0 created
        service/service0 created
        configmap/config-service1 created
        deployment.apps/service1 created
        service/service1 created
        configmap/config-service2 created
        deployment.apps/service2 created
        service/service2 created
        [run.sh] Client pod not found, deploying client
        deployment.apps/ubuntu-client created
        [run.sh] Waiting for all pods to be running
        [run.sh] All pods are running
        [run.sh] Checking heartbeat for all services
        [run.sh] Running warmup test
        [run.sh] /wrk/wrk -t8 -c256 --timeout 3s -d3s -L http://service0:80/endpoint1
        Running 3s test @ http://service0:80/endpoint1
        8 threads and 256 connections
        Thread Stats   Avg      Stdev     Max   +/- Stdev
        Latency   319.19ms  201.28ms   1.07s    66.23%
        Req/Sec   108.51     56.06   292.00     62.05%
        Latency Distribution
        50%  245.81ms
        75%  475.43ms
        90%  633.35ms
        99%  815.49ms
        2244 requests in 3.10s, 348.43KB read
        Requests/sec:    723.86
        Transfer/sec:    112.40KB
        [run.sh] Speed is 723.86, duration is 41
        [run.sh] Fix the request number.
        [run.sh] Running the actual test
        [run.sh] /wrk/wrk --timeout 20s -t8 -c256 -d41s -L -s /wrk/fix_req_n.lua http://service0:80/endpoint1
        [run.sh] Checking the resource usage
        NAME                             CPU(cores)   MEMORY(bytes)
        service0-57dcfccdd6-vgs9c        1454m        31Mi
        service1-55558577bd-9qgcj        1036m        14Mi
        service2-7bdbb95446-dq9h6        1487m        11Mi
        ubuntu-client-76886f6bbd-wkg2l   32m          12Mi
        Running 41s test @ http://service0:80/endpoint1
        8 threads and 256 connections
        Thread Stats   Avg      Stdev     Max   +/- Stdev
        Latency   286.98ms  183.73ms   1.32s    77.39%
        Req/Sec   113.30     61.14   320.00     65.22%
        Latency Distribution
        50%  240.40ms
        75%  365.31ms
        90%  524.16ms
        99%  919.71ms
        20001 requests in 41.00s, 3.03MB read
        Requests/sec:    487.83
        Transfer/sec:     75.75KB
        ------------------------------
        stop time: 22.271782
        stop time: 22.062555
        stop time: 22.399547
        stop time: 22.604423
        stop time: 22.239582
        stop time: 22.645357
        stop time: 22.550708
        stop time: 22.664849
        [run.sh] Test finished with status 0
        > STDERR
        > No resources found in default namespace.
    [exp] Times: [22.271782, 22.062555, 22.399547, 22.604423, 22.239582, 22.645357, 22.550708, 22.664849]
    [exp] Throughput: 891.6688995077614
[test.py] Finished running 6th optmization experiment: groundtruth->1203.3118028763483, slowdown->891.6688995077614, predicted->1213.9789401816656, err->0.8864815652783414
[test.py] Running 7th optmization experiment
[test.py] Running 7th groundtruth exp
    [exp] Running (pre_run: False) workload synthetic/chain-d2-grpc-sync request with the following configuration: {'CLIENT_CPU_QUOTA': '2', 'SLOWPOKE_POKER_BATCH_THRESHOLD': '20000000', 'PROCESSING_TIME_SERVICE0': '0.0014149', 'PROCESSING_TIME_SERVICE1': '0.00090814', 'PROCESSING_TIME_SERVICE2': '0.001029', 'SLOWPOKE_DELAY_MICROS_SERVICE0': '0.0', 'SLOWPOKE_POKER_BATCH_THRESHOLD_SERVICE0': '100', 'SLOWPOKE_IS_TARGET_SERVICE_SERVICE0': 'false', 'SLOWPOKE_DELAY_MICROS_SERVICE1': '0.0', 'SLOWPOKE_POKER_BATCH_THRESHOLD_SERVICE1': '100', 'SLOWPOKE_IS_TARGET_SERVICE_SERVICE1': 'false', 'SLOWPOKE_DELAY_MICROS_SERVICE2': '0.0', 'SLOWPOKE_POKER_BATCH_THRESHOLD_SERVICE2': '100', 'SLOWPOKE_IS_TARGET_SERVICE_SERVICE2': 'true'}
    [exp] Executing cmd `bash run.sh synthetic chain-d2-grpc-sync 8 256 20000`:
        [run.sh] Running benchmark synthetic with request chain-d2-grpc-sync, thread 8, conn 256, duration 60
        [run.sh] Deleting all services
        configmap "config-service0" deleted
        deployment.apps "service0" deleted
        service "service0" deleted
        configmap "config-service1" deleted
        deployment.apps "service1" deleted
        service "service1" deleted
        configmap "config-service2" deleted
        deployment.apps "service2" deleted
        service "service2" deleted
        deployment.apps "ubuntu-client" deleted
        [run.sh] Waiting for all pods to be deleted
        [run.sh] Deploying all services
        configmap/config-service0 created
        deployment.apps/service0 created
        service/service0 created
        configmap/config-service1 created
        deployment.apps/service1 created
        service/service1 created
        configmap/config-service2 created
        deployment.apps/service2 created
        service/service2 created
        [run.sh] Client pod not found, deploying client
        deployment.apps/ubuntu-client created
        [run.sh] Waiting for all pods to be running
        [run.sh] All pods are running
        [run.sh] Checking heartbeat for all services
        [run.sh] Running warmup test
        [run.sh] /wrk/wrk -t8 -c256 --timeout 3s -d3s -L http://service0:80/endpoint1
        Running 3s test @ http://service0:80/endpoint1
        8 threads and 256 connections
        Thread Stats   Avg      Stdev     Max   +/- Stdev
        Latency   239.25ms  203.08ms   1.25s    84.20%
        Req/Sec   148.33     64.40   310.00     68.30%
        Latency Distribution
        50%  162.16ms
        75%  337.05ms
        90%  516.52ms
        99%  986.29ms
        3378 requests in 3.03s, 524.51KB read
        Requests/sec:   1116.42
        Transfer/sec:    173.35KB
        [run.sh] Speed is 1116.42, duration is 26
        [run.sh] Fix the request number.
        [run.sh] Running the actual test
        [run.sh] /wrk/wrk --timeout 20s -t8 -c256 -d26s -L -s /wrk/fix_req_n.lua http://service0:80/endpoint1
        Running 26s test @ http://service0:80/endpoint1
        8 threads and 256 connections
        Thread Stats   Avg      Stdev     Max   +/- Stdev
        Latency   213.71ms  137.75ms   1.05s    74.41%
        Req/Sec   151.48     73.61   393.00     68.53%
        Latency Distribution
        50%  176.41ms
        75%  279.92ms
        90%  415.58ms
        99%  631.20ms
        20000 requests in 26.00s, 3.03MB read
        Requests/sec:    769.23
        Transfer/sec:    119.44KB
        ------------------------------
        stop time: 16.457213
        stop time: 16.557672
        stop time: 16.843924
        stop time: 16.747139
        stop time: 16.761277
        stop time: 16.788986
        stop time: 16.723676
        stop time: 16.821905
        [run.sh] Checking the resource usage
        [run.sh] Test finished with status 0
        > STDERR
        > No resources found in default namespace.
        > error: metrics not available yet
    [exp] Times: [16.457213, 16.557672, 16.843924, 16.747139, 16.761277, 16.788986, 16.723676, 16.821905]
    [exp] Throughput: 1196.6930106666036
[test.py] Running 7th slowdown exp
    [exp] Running (pre_run: False) workload synthetic/chain-d2-grpc-sync request with the following configuration: {'CLIENT_CPU_QUOTA': '2', 'SLOWPOKE_POKER_BATCH_THRESHOLD': '20000000', 'PROCESSING_TIME_SERVICE0': '0.0014149', 'PROCESSING_TIME_SERVICE1': '0.00090814', 'PROCESSING_TIME_SERVICE2': '0.00147751', 'SLOWPOKE_DELAY_MICROS_SERVICE0': '224.0', 'SLOWPOKE_POKER_BATCH_THRESHOLD_SERVICE0': '100', 'SLOWPOKE_IS_TARGET_SERVICE_SERVICE0': 'false', 'SLOWPOKE_DELAY_MICROS_SERVICE1': '224.0', 'SLOWPOKE_POKER_BATCH_THRESHOLD_SERVICE1': '100', 'SLOWPOKE_IS_TARGET_SERVICE_SERVICE1': 'false', 'SLOWPOKE_DELAY_MICROS_SERVICE2': '0.0', 'SLOWPOKE_POKER_BATCH_THRESHOLD_SERVICE2': '100', 'SLOWPOKE_IS_TARGET_SERVICE_SERVICE2': 'true'}
    [exp] Executing cmd `bash run.sh synthetic chain-d2-grpc-sync 8 256 20000`:
        [run.sh] Running benchmark synthetic with request chain-d2-grpc-sync, thread 8, conn 256, duration 60
        [run.sh] Deleting all services
        configmap "config-service0" deleted
        deployment.apps "service0" deleted
        service "service0" deleted
        configmap "config-service1" deleted
        deployment.apps "service1" deleted
        service "service1" deleted
        configmap "config-service2" deleted
        deployment.apps "service2" deleted
        service "service2" deleted
        deployment.apps "ubuntu-client" deleted
        [run.sh] Waiting for all pods to be deleted
        [run.sh] Deploying all services
        configmap/config-service0 created
        deployment.apps/service0 created
        service/service0 created
        configmap/config-service1 created
        deployment.apps/service1 created
        service/service1 created
        configmap/config-service2 created
        deployment.apps/service2 created
        service/service2 created
        [run.sh] Client pod not found, deploying client
        deployment.apps/ubuntu-client created
        [run.sh] Waiting for all pods to be running
        [run.sh] All pods are running
        [run.sh] Checking heartbeat for all services
        [run.sh] Running warmup test
        [run.sh] /wrk/wrk -t8 -c256 --timeout 3s -d3s -L http://service0:80/endpoint1
        Running 3s test @ http://service0:80/endpoint1
        8 threads and 256 connections
        Thread Stats   Avg      Stdev     Max   +/- Stdev
        Latency   277.40ms  157.33ms   1.07s    73.89%
        Req/Sec   116.65     58.07   252.00     66.98%
        Latency Distribution
        50%  252.96ms
        75%  383.07ms
        90%  458.92ms
        99%  795.65ms
        2624 requests in 3.02s, 407.44KB read
        Requests/sec:    867.51
        Transfer/sec:    134.70KB
        [run.sh] Speed is 867.51, duration is 34
        [run.sh] Fix the request number.
        [run.sh] Running the actual test
        [run.sh] /wrk/wrk --timeout 20s -t8 -c256 -d34s -L -s /wrk/fix_req_n.lua http://service0:80/endpoint1
        Running 34s test @ http://service0:80/endpoint1
        8 threads and 256 connections
        Thread Stats   Avg      Stdev     Max   +/- Stdev
        Latency   269.71ms  169.79ms   1.51s    76.94%
        Req/Sec   120.11     59.07   323.00     62.25%
        Latency Distribution
        50%  223.55ms
        75%  344.32ms
        90%  493.46ms
        99%  854.66ms
        20000 requests in 34.00s, 3.03MB read
        Requests/sec:    588.23
        Transfer/sec:     91.34KB
        ------------------------------
        stop time: 21.108924
        stop time: 21.103378
        stop time: 21.180279
        stop time: 21.031959
        stop time: 21.073040
        stop time: 20.714928
        stop time: 21.131474
        stop time: 21.084883
        [run.sh] Checking the resource usage
        NAME                             CPU(cores)   MEMORY(bytes)
        service0-65b8d76c67-r5sbr        471m         30Mi
        service1-7d9c97cc57-cxql8        274m         13Mi
        service2-7bdbb95446-nmchb        457m         11Mi
        ubuntu-client-76886f6bbd-rl57s   16m          10Mi
        [run.sh] Test finished with status 0
        > STDERR
        > No resources found in default namespace.
    [exp] Times: [21.108924, 21.103378, 21.180279, 21.031959, 21.07304, 20.714928, 21.131474, 21.084883]
    [exp] Throughput: 949.9559354033527
[test.py] Finished running 7th optmization experiment: groundtruth->1196.6930106666036, slowdown->949.9559354033527, predicted->1207.1092852241939, err->0.8704216089461366
[test.py] Running 8th optmization experiment
[test.py] Running 8th groundtruth exp
    [exp] Running (pre_run: False) workload synthetic/chain-d2-grpc-sync request with the following configuration: {'CLIENT_CPU_QUOTA': '2', 'SLOWPOKE_POKER_BATCH_THRESHOLD': '20000000', 'PROCESSING_TIME_SERVICE0': '0.0014149', 'PROCESSING_TIME_SERVICE1': '0.00090814', 'PROCESSING_TIME_SERVICE2': '0.001176', 'SLOWPOKE_DELAY_MICROS_SERVICE0': '0.0', 'SLOWPOKE_POKER_BATCH_THRESHOLD_SERVICE0': '100', 'SLOWPOKE_IS_TARGET_SERVICE_SERVICE0': 'false', 'SLOWPOKE_DELAY_MICROS_SERVICE1': '0.0', 'SLOWPOKE_POKER_BATCH_THRESHOLD_SERVICE1': '100', 'SLOWPOKE_IS_TARGET_SERVICE_SERVICE1': 'false', 'SLOWPOKE_DELAY_MICROS_SERVICE2': '0.0', 'SLOWPOKE_POKER_BATCH_THRESHOLD_SERVICE2': '100', 'SLOWPOKE_IS_TARGET_SERVICE_SERVICE2': 'true'}
    [exp] Executing cmd `bash run.sh synthetic chain-d2-grpc-sync 8 256 20000`:
        [run.sh] Running benchmark synthetic with request chain-d2-grpc-sync, thread 8, conn 256, duration 60
        [run.sh] Deleting all services
        configmap "config-service0" deleted
        deployment.apps "service0" deleted
        service "service0" deleted
        configmap "config-service1" deleted
        deployment.apps "service1" deleted
        service "service1" deleted
        configmap "config-service2" deleted
        deployment.apps "service2" deleted
        service "service2" deleted
        deployment.apps "ubuntu-client" deleted
        [run.sh] Waiting for all pods to be deleted
        [run.sh] Deploying all services
        configmap/config-service0 created
        deployment.apps/service0 created
        service/service0 created
        configmap/config-service1 created
        deployment.apps/service1 created
        service/service1 created
        configmap/config-service2 created
        deployment.apps/service2 created
        service/service2 created
        [run.sh] Client pod not found, deploying client
        deployment.apps/ubuntu-client created
        [run.sh] Waiting for all pods to be running
        [run.sh] All pods are running
        [run.sh] Checking heartbeat for all services
        [run.sh] Running warmup test
        [run.sh] /wrk/wrk -t8 -c256 --timeout 3s -d3s -L http://service0:80/endpoint1
        Running 3s test @ http://service0:80/endpoint1
        8 threads and 256 connections
        Thread Stats   Avg      Stdev     Max   +/- Stdev
        Latency   236.08ms  146.52ms 776.81ms   74.13%
        Req/Sec   148.32     71.85   360.00     71.30%
        Latency Distribution
        50%  194.66ms
        75%  309.88ms
        90%  427.74ms
        99%  697.25ms
        3277 requests in 3.10s, 508.83KB read
        Requests/sec:   1056.95
        Transfer/sec:    164.12KB
        [run.sh] Speed is 1056.95, duration is 28
        [run.sh] Fix the request number.
        [run.sh] Running the actual test
        [run.sh] /wrk/wrk --timeout 20s -t8 -c256 -d28s -L -s /wrk/fix_req_n.lua http://service0:80/endpoint1
        Running 28s test @ http://service0:80/endpoint1
        8 threads and 256 connections
        Thread Stats   Avg      Stdev     Max   +/- Stdev
        Latency   213.06ms  140.95ms   1.38s    76.88%
        Req/Sec   150.61     56.13   353.00     68.07%
        Latency Distribution
        50%  173.46ms
        75%  274.62ms
        90%  413.21ms
        99%  662.47ms
        20000 requests in 28.00s, 3.03MB read
        Requests/sec:    714.28
        Transfer/sec:    110.91KB
        ------------------------------
        stop time: 16.582074
        stop time: 16.798279
        stop time: 16.815358
        stop time: 16.655145
        stop time: 16.805869
        stop time: 16.690561
        stop time: 16.689342
        stop time: 16.892359
        [run.sh] Checking the resource usage
        NAME                             CPU(cores)   MEMORY(bytes)
        service0-6fb7cc7c7f-47b5c        665m         28Mi
        service1-76b89695f7-c5cwx        0m           12Mi
        service2-7bdbb95446-l4hf6        0m           10Mi
        ubuntu-client-76886f6bbd-x7dnn   2m           0Mi
        [run.sh] Test finished with status 0
        > STDERR
        > No resources found in default namespace.
    [exp] Times: [16.582074, 16.798279, 16.815358, 16.655145, 16.805869, 16.690561, 16.689342, 16.892359]
    [exp] Throughput: 1194.662959707147
[test.py] Running 8th slowdown exp
    [exp] Running (pre_run: False) workload synthetic/chain-d2-grpc-sync request with the following configuration: {'CLIENT_CPU_QUOTA': '2', 'SLOWPOKE_POKER_BATCH_THRESHOLD': '20000000', 'PROCESSING_TIME_SERVICE0': '0.0014149', 'PROCESSING_TIME_SERVICE1': '0.00090814', 'PROCESSING_TIME_SERVICE2': '0.00147751', 'SLOWPOKE_DELAY_MICROS_SERVICE0': '150.5', 'SLOWPOKE_POKER_BATCH_THRESHOLD_SERVICE0': '100', 'SLOWPOKE_IS_TARGET_SERVICE_SERVICE0': 'false', 'SLOWPOKE_DELAY_MICROS_SERVICE1': '150.5', 'SLOWPOKE_POKER_BATCH_THRESHOLD_SERVICE1': '100', 'SLOWPOKE_IS_TARGET_SERVICE_SERVICE1': 'false', 'SLOWPOKE_DELAY_MICROS_SERVICE2': '0.0', 'SLOWPOKE_POKER_BATCH_THRESHOLD_SERVICE2': '100', 'SLOWPOKE_IS_TARGET_SERVICE_SERVICE2': 'true'}
    [exp] Executing cmd `bash run.sh synthetic chain-d2-grpc-sync 8 256 20000`:
        [run.sh] Running benchmark synthetic with request chain-d2-grpc-sync, thread 8, conn 256, duration 60
        [run.sh] Deleting all services
        configmap "config-service0" deleted
        deployment.apps "service0" deleted
        service "service0" deleted
        configmap "config-service1" deleted
        deployment.apps "service1" deleted
        service "service1" deleted
        configmap "config-service2" deleted
        deployment.apps "service2" deleted
        service "service2" deleted
        deployment.apps "ubuntu-client" deleted
        [run.sh] Waiting for all pods to be deleted
        [run.sh] Deploying all services
        configmap/config-service0 created
        deployment.apps/service0 created
        service/service0 created
        configmap/config-service1 created
        deployment.apps/service1 created
        service/service1 created
        configmap/config-service2 created
        deployment.apps/service2 created
        service/service2 created
        [run.sh] Client pod not found, deploying client
        deployment.apps/ubuntu-client created
        [run.sh] Waiting for all pods to be running
        [run.sh] All pods are running
        [run.sh] Checking heartbeat for all services
        [run.sh] Running warmup test
        [run.sh] /wrk/wrk -t8 -c256 --timeout 3s -d3s -L http://service0:80/endpoint1
        Running 3s test @ http://service0:80/endpoint1
        8 threads and 256 connections
        Thread Stats   Avg      Stdev     Max   +/- Stdev
        Latency   254.59ms  162.67ms 795.95ms   67.51%
        Req/Sec   130.85     62.72   270.00     68.37%
        Latency Distribution
        50%  216.02ms
        75%  356.31ms
        90%  501.60ms
        99%  739.32ms
        2825 requests in 3.03s, 438.65KB read
        Requests/sec:    933.72
        Transfer/sec:    144.98KB
        [run.sh] Speed is 933.72, duration is 32
        [run.sh] Fix the request number.
        [run.sh] Running the actual test
        [run.sh] /wrk/wrk --timeout 20s -t8 -c256 -d32s -L -s /wrk/fix_req_n.lua http://service0:80/endpoint1
        Running 32s test @ http://service0:80/endpoint1
        8 threads and 256 connections
        Thread Stats   Avg      Stdev     Max   +/- Stdev
        Latency   248.23ms  166.45ms   1.54s    80.41%
        Req/Sec   130.84     59.02   400.00     64.35%
        Latency Distribution
        50%  202.86ms
        75%  309.13ms
        90%  457.88ms
        99%  841.30ms
        20000 requests in 32.00s, 3.03MB read
        Requests/sec:    625.00
        Transfer/sec:     97.05KB
        ------------------------------
        stop time: 18.674079
        stop time: 19.133442
        stop time: 19.043717
        stop time: 19.358681
        stop time: 19.210442
        stop time: 19.348572
        stop time: 19.187439
        stop time: 19.452833
        [run.sh] Checking the resource usage
        NAME                             CPU(cores)   MEMORY(bytes)
        service0-64c757c65d-lclk8        502m         28Mi
        service1-5bd594ff6-9ktxc         285m         10Mi
        service2-7bdbb95446-r7ll6        339m         10Mi
        ubuntu-client-76886f6bbd-8nxlk   8m           0Mi
        [run.sh] Test finished with status 0
        > STDERR
        > No resources found in default namespace.
    [exp] Times: [18.674079, 19.133442, 19.043717, 19.358681, 19.210442, 19.348572, 19.187439, 19.452833]
    [exp] Throughput: 1042.9621873081214
[test.py] Finished running 8th optmization experiment: groundtruth->1194.662959707147, slowdown->1042.9621873081214, predicted->1237.5433048307773, err->3.589325740386379
[test.py] Running 9th optmization experiment
[test.py] Running 9th groundtruth exp
    [exp] Running (pre_run: False) workload synthetic/chain-d2-grpc-sync request with the following configuration: {'CLIENT_CPU_QUOTA': '2', 'SLOWPOKE_POKER_BATCH_THRESHOLD': '20000000', 'PROCESSING_TIME_SERVICE0': '0.0014149', 'PROCESSING_TIME_SERVICE1': '0.00090814', 'PROCESSING_TIME_SERVICE2': '0.001323', 'SLOWPOKE_DELAY_MICROS_SERVICE0': '0.0', 'SLOWPOKE_POKER_BATCH_THRESHOLD_SERVICE0': '100', 'SLOWPOKE_IS_TARGET_SERVICE_SERVICE0': 'false', 'SLOWPOKE_DELAY_MICROS_SERVICE1': '0.0', 'SLOWPOKE_POKER_BATCH_THRESHOLD_SERVICE1': '100', 'SLOWPOKE_IS_TARGET_SERVICE_SERVICE1': 'false', 'SLOWPOKE_DELAY_MICROS_SERVICE2': '0.0', 'SLOWPOKE_POKER_BATCH_THRESHOLD_SERVICE2': '100', 'SLOWPOKE_IS_TARGET_SERVICE_SERVICE2': 'true'}
    [exp] Executing cmd `bash run.sh synthetic chain-d2-grpc-sync 8 256 20000`:
        [run.sh] Running benchmark synthetic with request chain-d2-grpc-sync, thread 8, conn 256, duration 60
        [run.sh] Deleting all services
        configmap "config-service0" deleted
        deployment.apps "service0" deleted
        service "service0" deleted
        configmap "config-service1" deleted
        deployment.apps "service1" deleted
        service "service1" deleted
        configmap "config-service2" deleted
        deployment.apps "service2" deleted
        service "service2" deleted
        deployment.apps "ubuntu-client" deleted
        [run.sh] Waiting for all pods to be deleted
        [run.sh] Deploying all services
        configmap/config-service0 created
        deployment.apps/service0 created
        service/service0 created
        configmap/config-service1 created
        deployment.apps/service1 created
        service/service1 created
        configmap/config-service2 created
        deployment.apps/service2 created
        service/service2 created
        [run.sh] Client pod not found, deploying client
        deployment.apps/ubuntu-client created
        [run.sh] Waiting for all pods to be running
        [run.sh] All pods are running
        [run.sh] Checking heartbeat for all services
        [run.sh] Running warmup test
        [run.sh] /wrk/wrk -t8 -c256 --timeout 3s -d3s -L http://service0:80/endpoint1
        Running 3s test @ http://service0:80/endpoint1
        8 threads and 256 connections
        Thread Stats   Avg      Stdev     Max   +/- Stdev
        Latency   237.40ms  171.35ms   1.22s    79.14%
        Req/Sec   151.05     57.28   282.00     62.50%
        Latency Distribution
        50%  179.51ms
        75%  319.52ms
        90%  479.85ms
        99%  778.21ms
        3344 requests in 3.02s, 519.23KB read
        Requests/sec:   1107.75
        Transfer/sec:    172.00KB
        [run.sh] Speed is 1107.75, duration is 27
        [run.sh] Fix the request number.
        [run.sh] Running the actual test
        [run.sh] /wrk/wrk --timeout 20s -t8 -c256 -d27s -L -s /wrk/fix_req_n.lua http://service0:80/endpoint1
        Running 27s test @ http://service0:80/endpoint1
        8 threads and 256 connections
        Thread Stats   Avg      Stdev     Max   +/- Stdev
        Latency   217.66ms  137.33ms   1.37s    76.66%
        Req/Sec   148.96     61.49   370.00     71.95%
        Latency Distribution
        50%  184.12ms
        75%  275.05ms
        90%  399.29ms
        99%  703.94ms
        20000 requests in 27.00s, 3.03MB read
        Requests/sec:    740.74
        Transfer/sec:    115.02KB
        ------------------------------
        stop time: 16.754273
        stop time: 16.925595
        stop time: 16.746125
        stop time: 17.027436
        stop time: 17.084729
        stop time: 17.084428
        stop time: 17.008839
        stop time: 16.833567
        [run.sh] Checking the resource usage
        NAME                             CPU(cores)   MEMORY(bytes)
        service0-6fb7cc7c7f-5rz57        1566m        29Mi
        service1-76b89695f7-nxn86        249m         13Mi
        service2-7bdbb95446-7nqgd        239m         12Mi
        ubuntu-client-76886f6bbd-zb5ff   6m           10Mi
        [run.sh] Test finished with status 0
        > STDERR
        > No resources found in default namespace.
    [exp] Times: [16.754273, 16.925595, 16.746125, 17.027436, 17.084729, 17.084428, 17.008839, 16.833567]
    [exp] Throughput: 1181.1169634144296
[test.py] Running 9th slowdown exp
    [exp] Running (pre_run: False) workload synthetic/chain-d2-grpc-sync request with the following configuration: {'CLIENT_CPU_QUOTA': '2', 'SLOWPOKE_POKER_BATCH_THRESHOLD': '20000000', 'PROCESSING_TIME_SERVICE0': '0.0014149', 'PROCESSING_TIME_SERVICE1': '0.00090814', 'PROCESSING_TIME_SERVICE2': '0.00147751', 'SLOWPOKE_DELAY_MICROS_SERVICE0': '77.0', 'SLOWPOKE_POKER_BATCH_THRESHOLD_SERVICE0': '100', 'SLOWPOKE_IS_TARGET_SERVICE_SERVICE0': 'false', 'SLOWPOKE_DELAY_MICROS_SERVICE1': '77.0', 'SLOWPOKE_POKER_BATCH_THRESHOLD_SERVICE1': '100', 'SLOWPOKE_IS_TARGET_SERVICE_SERVICE1': 'false', 'SLOWPOKE_DELAY_MICROS_SERVICE2': '0.0', 'SLOWPOKE_POKER_BATCH_THRESHOLD_SERVICE2': '100', 'SLOWPOKE_IS_TARGET_SERVICE_SERVICE2': 'true'}
    [exp] Executing cmd `bash run.sh synthetic chain-d2-grpc-sync 8 256 20000`:
        [run.sh] Running benchmark synthetic with request chain-d2-grpc-sync, thread 8, conn 256, duration 60
        [run.sh] Deleting all services
        configmap "config-service0" deleted
        deployment.apps "service0" deleted
        service "service0" deleted
        configmap "config-service1" deleted
        deployment.apps "service1" deleted
        service "service1" deleted
        configmap "config-service2" deleted
        deployment.apps "service2" deleted
        service "service2" deleted
        deployment.apps "ubuntu-client" deleted
        [run.sh] Waiting for all pods to be deleted
        [run.sh] Deploying all services
        configmap/config-service0 created
        deployment.apps/service0 created
        service/service0 created
        configmap/config-service1 created
        deployment.apps/service1 created
        service/service1 created
        configmap/config-service2 created
        deployment.apps/service2 created
        service/service2 created
        [run.sh] Client pod not found, deploying client
        deployment.apps/ubuntu-client created
        [run.sh] Waiting for all pods to be running
        [run.sh] All pods are running
        [run.sh] Checking heartbeat for all services
        [run.sh] Running warmup test
        [run.sh] /wrk/wrk -t8 -c256 --timeout 3s -d3s -L http://service0:80/endpoint1
        Running 3s test @ http://service0:80/endpoint1
        8 threads and 256 connections
        Thread Stats   Avg      Stdev     Max   +/- Stdev
        Latency   246.75ms  134.04ms 764.66ms   69.61%
        Req/Sec   142.88     51.52   262.00     68.72%
        Latency Distribution
        50%  213.08ms
        75%  324.60ms
        90%  431.49ms
        99%  658.62ms
        3076 requests in 3.02s, 477.62KB read
        Requests/sec:   1016.94
        Transfer/sec:    157.90KB
        [run.sh] Speed is 1016.94, duration is 29
        [run.sh] Fix the request number.
        [run.sh] Running the actual test
        [run.sh] /wrk/wrk --timeout 20s -t8 -c256 -d29s -L -s /wrk/fix_req_n.lua http://service0:80/endpoint1
        Running 29s test @ http://service0:80/endpoint1
        8 threads and 256 connections
        Thread Stats   Avg      Stdev     Max   +/- Stdev
        Latency   228.54ms  136.27ms   1.07s    74.19%
        Req/Sec   140.67     54.16   340.00     69.82%
        Latency Distribution
        50%  193.75ms
        75%  292.06ms
        90%  417.78ms
        99%  656.77ms
        20000 requests in 29.00s, 3.03MB read
        Requests/sec:    689.65
        Transfer/sec:    107.08KB
        ------------------------------
        stop time: 17.914401
        stop time: 17.828689
        stop time: 17.937819
        stop time: 17.693499
        stop time: 17.748940
        stop time: 18.015455
        stop time: 18.059893
        stop time: 17.934962
        [run.sh] Checking the resource usage
        NAME                             CPU(cores)   MEMORY(bytes)
        service0-84b45db649-cklh5        43m          26Mi
        service1-79897c79c5-m5jgh        375m         11Mi
        service2-7bdbb95446-qr4zh        542m         11Mi
        ubuntu-client-76886f6bbd-kxr7w   15m          0Mi
        [run.sh] Test finished with status 0
        > STDERR
        > No resources found in default namespace.
    [exp] Times: [17.914401, 17.828689, 17.937819, 17.693499, 17.74894, 18.015455, 18.059893, 17.934962]
    [exp] Throughput: 1117.8363093326377
[test.py] Finished running 9th optmization experiment: groundtruth->1181.1169634144296, slowdown->1117.8363093326377, predicted->1223.4954748790456, err->3.5880029478288167
[test.py] Baseline throughput:  1164.380703527845
[test.py] Groundtruth:  [1203.5285923829713, 1188.6996240521987, 1196.510413274996, 1180.5836810146125, 1201.8871792110533, 1195.942546650972, 1203.3118028763483, 1196.6930106666036, 1194.662959707147, 1181.1169634144296]
[test.py] Slowdown:  [639.350746988642, 670.8188311910112, 705.673716355914, 745.5753585703727, 784.4469007329072, 833.5017137029656, 891.6688995077614, 949.9559354033527, 1042.9621873081214, 1117.8363093326377]
[test.py] Predicted:  [1211.6340617960027, 1211.4450697528493, 1211.6358051163172, 1215.0800517141108, 1204.7778447257765, 1206.9968430167762, 1213.9789401816656, 1207.1092852241939, 1237.5433048307773, 1223.4954748790456]
[test.py] Error percentage:  [0.6734754341799798, 1.9134729447556236, 1.2641253827387289, 2.921975905160033, 0.24051055412877403, 0.9243166736361937, 0.8864815652783414, 0.8704216089461366, 3.589325740386379, 3.5880029478288167]
[test.py] >>>>>>>>>>>>>>>>>>>>>>>>>>>>> Running experiment 3...
[test.py] Actual processing time range: [0, 147, 294, 441, 588, 735, 882, 1029, 1176, 1323]
[test.py] Running baseline experiment
    [exp] Running (pre_run: False) workload synthetic/chain-d2-grpc-sync request with the following configuration: {'CLIENT_CPU_QUOTA': '2', 'SLOWPOKE_POKER_BATCH_THRESHOLD': '20000000', 'PROCESSING_TIME_SERVICE0': '0.0014149', 'PROCESSING_TIME_SERVICE1': '0.00090814', 'PROCESSING_TIME_SERVICE2': '0.00147751', 'SLOWPOKE_DELAY_MICROS_SERVICE0': '0.0', 'SLOWPOKE_POKER_BATCH_THRESHOLD_SERVICE0': '100', 'SLOWPOKE_IS_TARGET_SERVICE_SERVICE0': 'false', 'SLOWPOKE_DELAY_MICROS_SERVICE1': '0.0', 'SLOWPOKE_POKER_BATCH_THRESHOLD_SERVICE1': '100', 'SLOWPOKE_IS_TARGET_SERVICE_SERVICE1': 'false', 'SLOWPOKE_DELAY_MICROS_SERVICE2': '0.0', 'SLOWPOKE_POKER_BATCH_THRESHOLD_SERVICE2': '100', 'SLOWPOKE_IS_TARGET_SERVICE_SERVICE2': 'true'}
    [exp] Executing cmd `bash run.sh synthetic chain-d2-grpc-sync 8 256 20000`:
        [run.sh] Running benchmark synthetic with request chain-d2-grpc-sync, thread 8, conn 256, duration 60
        [run.sh] Deleting all services
        configmap "config-service0" deleted
        deployment.apps "service0" deleted
        service "service0" deleted
        configmap "config-service1" deleted
        deployment.apps "service1" deleted
        service "service1" deleted
        configmap "config-service2" deleted
        deployment.apps "service2" deleted
        service "service2" deleted
        deployment.apps "ubuntu-client" deleted
        [run.sh] Waiting for all pods to be deleted
        [run.sh] Deploying all services
        configmap/config-service0 created
        deployment.apps/service0 created
        service/service0 created
        configmap/config-service1 created
        deployment.apps/service1 created
        service/service1 created
        configmap/config-service2 created
        deployment.apps/service2 created
        service/service2 created
        [run.sh] Client pod not found, deploying client
        deployment.apps/ubuntu-client created
        [run.sh] Waiting for all pods to be running
        [run.sh] All pods are running
        [run.sh] Checking heartbeat for all services
        [run.sh] Running warmup test
        [run.sh] /wrk/wrk -t8 -c256 --timeout 3s -d3s -L http://service0:80/endpoint1
        Running 3s test @ http://service0:80/endpoint1
        8 threads and 256 connections
        Thread Stats   Avg      Stdev     Max   +/- Stdev
        Latency   225.21ms  124.23ms 763.87ms   74.43%
        Req/Sec   143.63     55.98   290.00     69.30%
        Latency Distribution
        50%  195.99ms
        75%  290.12ms
        90%  395.86ms
        99%  612.74ms
        3338 requests in 3.02s, 518.30KB read
        Requests/sec:   1105.68
        Transfer/sec:    171.68KB
        [run.sh] Speed is 1105.68, duration is 27
        [run.sh] Fix the request number.
        [run.sh] Running the actual test
        [run.sh] /wrk/wrk --timeout 20s -t8 -c256 -d27s -L -s /wrk/fix_req_n.lua http://service0:80/endpoint1
        Running 27s test @ http://service0:80/endpoint1
        8 threads and 256 connections
        Thread Stats   Avg      Stdev     Max   +/- Stdev
        Latency   219.82ms  140.91ms   1.06s    75.88%
        Req/Sec   146.29     48.55   320.00     70.82%
        Latency Distribution
        50%  179.91ms
        75%  285.62ms
        90%  415.83ms
        99%  681.47ms
        20001 requests in 27.00s, 3.03MB read
        Requests/sec:    740.77
        Transfer/sec:    115.02KB
        ------------------------------
        stop time: 17.153394
        stop time: 17.212808
        stop time: 17.186407
        stop time: 17.318835
        stop time: 17.098316
        stop time: 17.211212
        stop time: 17.252632
        stop time: 17.173682
        [run.sh] Checking the resource usage
        NAME                             CPU(cores)   MEMORY(bytes)
        service0-6fb7cc7c7f-f82fx        1850m        29Mi
        service1-76b89695f7-lfmpj        778m         15Mi
        service2-7bdbb95446-n5j4n        1903m        16Mi
        ubuntu-client-76886f6bbd-4mz4c   25m          10Mi
        [run.sh] Test finished with status 0
        > STDERR
        > No resources found in default namespace.
    [exp] Times: [17.153394, 17.212808, 17.186407, 17.318835, 17.098316, 17.211212, 17.252632, 17.173682]
    [exp] Throughput: 1162.7291304909538
[test.py] Baseline throughput: 1162.7291304909538
[test.py] Running 0th optmization experiment
[test.py] Running 0th groundtruth exp
    [exp] Running (pre_run: False) workload synthetic/chain-d2-grpc-sync request with the following configuration: {'CLIENT_CPU_QUOTA': '2', 'SLOWPOKE_POKER_BATCH_THRESHOLD': '20000000', 'PROCESSING_TIME_SERVICE0': '0.0014149', 'PROCESSING_TIME_SERVICE1': '0.00090814', 'PROCESSING_TIME_SERVICE2': '0.0', 'SLOWPOKE_DELAY_MICROS_SERVICE0': '0.0', 'SLOWPOKE_POKER_BATCH_THRESHOLD_SERVICE0': '100', 'SLOWPOKE_IS_TARGET_SERVICE_SERVICE0': 'false', 'SLOWPOKE_DELAY_MICROS_SERVICE1': '0.0', 'SLOWPOKE_POKER_BATCH_THRESHOLD_SERVICE1': '100', 'SLOWPOKE_IS_TARGET_SERVICE_SERVICE1': 'false', 'SLOWPOKE_DELAY_MICROS_SERVICE2': '0.0', 'SLOWPOKE_POKER_BATCH_THRESHOLD_SERVICE2': '100', 'SLOWPOKE_IS_TARGET_SERVICE_SERVICE2': 'true'}
    [exp] Executing cmd `bash run.sh synthetic chain-d2-grpc-sync 8 256 20000`:
        [run.sh] Running benchmark synthetic with request chain-d2-grpc-sync, thread 8, conn 256, duration 60
        [run.sh] Deleting all services
        configmap "config-service0" deleted
        deployment.apps "service0" deleted
        service "service0" deleted
        configmap "config-service1" deleted
        deployment.apps "service1" deleted
        service "service1" deleted
        configmap "config-service2" deleted
        deployment.apps "service2" deleted
        service "service2" deleted
        deployment.apps "ubuntu-client" deleted
        [run.sh] Waiting for all pods to be deleted
        [run.sh] Deploying all services
        configmap/config-service0 created
        deployment.apps/service0 created
        service/service0 created
        configmap/config-service1 created
        deployment.apps/service1 created
        service/service1 created
        configmap/config-service2 created
        deployment.apps/service2 created
        service/service2 created
        [run.sh] Client pod not found, deploying client
        deployment.apps/ubuntu-client created
        [run.sh] Waiting for all pods to be running
        [run.sh] All pods are running
        [run.sh] Checking heartbeat for all services
        [run.sh] Running warmup test
        [run.sh] /wrk/wrk -t8 -c256 --timeout 3s -d3s -L http://service0:80/endpoint1
        Running 3s test @ http://service0:80/endpoint1
        8 threads and 256 connections
        Thread Stats   Avg      Stdev     Max   +/- Stdev
        Latency   225.62ms  129.80ms 794.32ms   74.45%
        Req/Sec   147.92     67.27   313.00     64.84%
        Latency Distribution
        50%  199.64ms
        75%  279.20ms
        90%  402.21ms
        99%  634.43ms
        3374 requests in 3.03s, 523.89KB read
        Requests/sec:   1114.59
        Transfer/sec:    173.07KB
        [run.sh] Speed is 1114.59, duration is 26
        [run.sh] Fix the request number.
        [run.sh] Running the actual test
        [run.sh] /wrk/wrk --timeout 20s -t8 -c256 -d26s -L -s /wrk/fix_req_n.lua http://service0:80/endpoint1
        Running 26s test @ http://service0:80/endpoint1
        8 threads and 256 connections
        Thread Stats   Avg      Stdev     Max   +/- Stdev
        Latency   215.76ms  147.07ms   1.48s    78.02%
        Req/Sec   151.58     71.90   424.00     69.62%
        Latency Distribution
        50%  177.62ms
        75%  270.31ms
        90%  412.68ms
        99%  740.75ms
        20000 requests in 26.00s, 3.03MB read
        Requests/sec:    769.23
        Transfer/sec:    119.44KB
        ------------------------------
        stop time: 16.533448
        stop time: 16.551807
        stop time: 16.658197
        stop time: 16.821847
        stop time: 16.857647
        stop time: 16.471614
        stop time: 16.455575
        stop time: 16.808931
        [run.sh] Checking the resource usage
        NAME                             CPU(cores)   MEMORY(bytes)
        service1-76b89695f7-f2jwk        258m         10Mi
        ubuntu-client-76886f6bbd-dtcfz   9m           6Mi
        [run.sh] Test finished with status 0
        > STDERR
        > No resources found in default namespace.
    [exp] Times: [16.533448, 16.551807, 16.658197, 16.821847, 16.857647, 16.471614, 16.455575, 16.808931]
    [exp] Throughput: 1201.570458597239
[test.py] Running 0th slowdown exp
    [exp] Running (pre_run: False) workload synthetic/chain-d2-grpc-sync request with the following configuration: {'CLIENT_CPU_QUOTA': '2', 'SLOWPOKE_POKER_BATCH_THRESHOLD': '20000000', 'PROCESSING_TIME_SERVICE0': '0.0014149', 'PROCESSING_TIME_SERVICE1': '0.00090814', 'PROCESSING_TIME_SERVICE2': '0.00147751', 'SLOWPOKE_DELAY_MICROS_SERVICE0': '738.5', 'SLOWPOKE_POKER_BATCH_THRESHOLD_SERVICE0': '100', 'SLOWPOKE_IS_TARGET_SERVICE_SERVICE0': 'false', 'SLOWPOKE_DELAY_MICROS_SERVICE1': '738.5', 'SLOWPOKE_POKER_BATCH_THRESHOLD_SERVICE1': '100', 'SLOWPOKE_IS_TARGET_SERVICE_SERVICE1': 'false', 'SLOWPOKE_DELAY_MICROS_SERVICE2': '0.0', 'SLOWPOKE_POKER_BATCH_THRESHOLD_SERVICE2': '100', 'SLOWPOKE_IS_TARGET_SERVICE_SERVICE2': 'true'}
    [exp] Executing cmd `bash run.sh synthetic chain-d2-grpc-sync 8 256 20000`:
        [run.sh] Running benchmark synthetic with request chain-d2-grpc-sync, thread 8, conn 256, duration 60
        [run.sh] Deleting all services
        configmap "config-service0" deleted
        deployment.apps "service0" deleted
        service "service0" deleted
        configmap "config-service1" deleted
        deployment.apps "service1" deleted
        service "service1" deleted
        configmap "config-service2" deleted
        deployment.apps "service2" deleted
        service "service2" deleted
        deployment.apps "ubuntu-client" deleted
        [run.sh] Waiting for all pods to be deleted
        [run.sh] Deploying all services
        configmap/config-service0 created
        deployment.apps/service0 created
        service/service0 created
        configmap/config-service1 created
        deployment.apps/service1 created
        service/service1 created
        configmap/config-service2 created
        deployment.apps/service2 created
        service/service2 created
        [run.sh] Client pod not found, deploying client
        deployment.apps/ubuntu-client created
        [run.sh] Waiting for all pods to be running
        [run.sh] All pods are running
        [run.sh] Checking heartbeat for all services
        [run.sh] Running warmup test
        [run.sh] /wrk/wrk -t8 -c256 --timeout 3s -d3s -L http://service0:80/endpoint1
        Running 3s test @ http://service0:80/endpoint1
        8 threads and 256 connections
        Thread Stats   Avg      Stdev     Max   +/- Stdev
        Latency   418.82ms  189.67ms   1.25s    70.88%
        Req/Sec    81.19     57.31   262.00     61.29%
        Latency Distribution
        50%  364.97ms
        75%  522.78ms
        90%  673.73ms
        99%  972.85ms
        1762 requests in 3.02s, 273.59KB read
        Requests/sec:    582.74
        Transfer/sec:     90.48KB
        [run.sh] Speed is 582.74, duration is 51
        [run.sh] Fix the request number.
        [run.sh] Running the actual test
        [run.sh] /wrk/wrk --timeout 20s -t8 -c256 -d51s -L -s /wrk/fix_req_n.lua http://service0:80/endpoint1
        [run.sh] Checking the resource usage
        NAME                             CPU(cores)   MEMORY(bytes)
        service0-6846bf7d94-mr8r4        1046m        30Mi
        service1-566b685748-gpfsq        517m         14Mi
        service2-7bdbb95446-9gnnf        799m         10Mi
        ubuntu-client-76886f6bbd-2mrjh   24m          12Mi
        Running 1m test @ http://service0:80/endpoint1
        8 threads and 256 connections
        Thread Stats   Avg      Stdev     Max   +/- Stdev
        Latency   405.09ms  230.11ms   1.77s    75.60%
        Req/Sec    82.74     52.01   404.00     65.60%
        Latency Distribution
        50%  357.88ms
        75%  506.95ms
        90%  709.39ms
        99%    1.20s
        20000 requests in 0.85m, 3.03MB read
        Requests/sec:    392.16
        Transfer/sec:     60.89KB
        ------------------------------
        stop time: 31.457851
        stop time: 31.949934
        stop time: 31.613118
        stop time: 31.434092
        stop time: 31.779530
        stop time: 31.714427
        stop time: 31.594371
        stop time: 31.280917
        [run.sh] Test finished with status 0
        > STDERR
        > No resources found in default namespace.
    [exp] Times: [31.457851, 31.949934, 31.613118, 31.434092, 31.77953, 31.714427, 31.594371, 31.280917]
    [exp] Throughput: 632.8507108337398
[test.py] Finished running 0th optmization experiment: groundtruth->1201.570458597239, slowdown->632.8507108337398, predicted->1188.5003087129555, err->-1.0877555944194919
[test.py] Running 1th optmization experiment
[test.py] Running 1th groundtruth exp
    [exp] Running (pre_run: False) workload synthetic/chain-d2-grpc-sync request with the following configuration: {'CLIENT_CPU_QUOTA': '2', 'SLOWPOKE_POKER_BATCH_THRESHOLD': '20000000', 'PROCESSING_TIME_SERVICE0': '0.0014149', 'PROCESSING_TIME_SERVICE1': '0.00090814', 'PROCESSING_TIME_SERVICE2': '0.000147', 'SLOWPOKE_DELAY_MICROS_SERVICE0': '0.0', 'SLOWPOKE_POKER_BATCH_THRESHOLD_SERVICE0': '100', 'SLOWPOKE_IS_TARGET_SERVICE_SERVICE0': 'false', 'SLOWPOKE_DELAY_MICROS_SERVICE1': '0.0', 'SLOWPOKE_POKER_BATCH_THRESHOLD_SERVICE1': '100', 'SLOWPOKE_IS_TARGET_SERVICE_SERVICE1': 'false', 'SLOWPOKE_DELAY_MICROS_SERVICE2': '0.0', 'SLOWPOKE_POKER_BATCH_THRESHOLD_SERVICE2': '100', 'SLOWPOKE_IS_TARGET_SERVICE_SERVICE2': 'true'}
    [exp] Executing cmd `bash run.sh synthetic chain-d2-grpc-sync 8 256 20000`:
        [run.sh] Running benchmark synthetic with request chain-d2-grpc-sync, thread 8, conn 256, duration 60
        [run.sh] Deleting all services
        configmap "config-service0" deleted
        deployment.apps "service0" deleted
        service "service0" deleted
        configmap "config-service1" deleted
        deployment.apps "service1" deleted
        service "service1" deleted
        configmap "config-service2" deleted
        deployment.apps "service2" deleted
        service "service2" deleted
        deployment.apps "ubuntu-client" deleted
        [run.sh] Waiting for all pods to be deleted
        [run.sh] Deploying all services
        configmap/config-service0 created
        deployment.apps/service0 created
        service/service0 created
        configmap/config-service1 created
        deployment.apps/service1 created
        service/service1 created
        configmap/config-service2 created
        deployment.apps/service2 created
        service/service2 created
        [run.sh] Client pod not found, deploying client
        deployment.apps/ubuntu-client created
        [run.sh] Waiting for all pods to be running
        [run.sh] All pods are running
        [run.sh] Checking heartbeat for all services
        [run.sh] Running warmup test
        [run.sh] /wrk/wrk -t8 -c256 --timeout 3s -d3s -L http://service0:80/endpoint1
        Running 3s test @ http://service0:80/endpoint1
        8 threads and 256 connections
        Thread Stats   Avg      Stdev     Max   +/- Stdev
        Latency   230.03ms  113.19ms 615.63ms   62.27%
        Req/Sec   143.26     74.89   320.00     61.06%
        Latency Distribution
        50%  214.14ms
        75%  316.21ms
        90%  393.82ms
        99%  497.48ms
        3227 requests in 3.02s, 501.07KB read
        Requests/sec:   1068.96
        Transfer/sec:    165.98KB
        [run.sh] Speed is 1068.96, duration is 28
        [run.sh] Fix the request number.
        [run.sh] Running the actual test
        [run.sh] /wrk/wrk --timeout 20s -t8 -c256 -d28s -L -s /wrk/fix_req_n.lua http://service0:80/endpoint1
        Running 28s test @ http://service0:80/endpoint1
        8 threads and 256 connections
        Thread Stats   Avg      Stdev     Max   +/- Stdev
        Latency   210.59ms  132.46ms   1.18s    75.07%
        Req/Sec   152.35     73.74   420.00     66.80%
        Latency Distribution
        50%  181.57ms
        75%  270.47ms
        90%  388.42ms
        99%  660.32ms
        20000 requests in 28.00s, 3.03MB read
        Requests/sec:    714.28
        Transfer/sec:    110.91KB
        ------------------------------
        stop time: 16.596646
        stop time: 16.314384
        stop time: 16.563954
        stop time: 16.444309
        stop time: 16.358560
        stop time: 16.470112
        stop time: 16.635085
        stop time: 16.541305
        [run.sh] Checking the resource usage
        NAME                             CPU(cores)   MEMORY(bytes)
        service0-6fb7cc7c7f-pgqsg        878m         28Mi
        service1-76b89695f7-g7s5n        1145m        10Mi
        service2-7bdbb95446-sgszw        325m         8Mi
        ubuntu-client-76886f6bbd-zl87p   38m          10Mi
        [run.sh] Test finished with status 0
        > STDERR
        > No resources found in default namespace.
    [exp] Times: [16.596646, 16.314384, 16.563954, 16.444309, 16.35856, 16.470112, 16.635085, 16.541305]
    [exp] Throughput: 1212.8162385178991
[test.py] Running 1th slowdown exp
    [exp] Running (pre_run: False) workload synthetic/chain-d2-grpc-sync request with the following configuration: {'CLIENT_CPU_QUOTA': '2', 'SLOWPOKE_POKER_BATCH_THRESHOLD': '20000000', 'PROCESSING_TIME_SERVICE0': '0.0014149', 'PROCESSING_TIME_SERVICE1': '0.00090814', 'PROCESSING_TIME_SERVICE2': '0.00147751', 'SLOWPOKE_DELAY_MICROS_SERVICE0': '665.0', 'SLOWPOKE_POKER_BATCH_THRESHOLD_SERVICE0': '100', 'SLOWPOKE_IS_TARGET_SERVICE_SERVICE0': 'false', 'SLOWPOKE_DELAY_MICROS_SERVICE1': '665.0', 'SLOWPOKE_POKER_BATCH_THRESHOLD_SERVICE1': '100', 'SLOWPOKE_IS_TARGET_SERVICE_SERVICE1': 'false', 'SLOWPOKE_DELAY_MICROS_SERVICE2': '0.0', 'SLOWPOKE_POKER_BATCH_THRESHOLD_SERVICE2': '100', 'SLOWPOKE_IS_TARGET_SERVICE_SERVICE2': 'true'}
    [exp] Executing cmd `bash run.sh synthetic chain-d2-grpc-sync 8 256 20000`:
        [run.sh] Running benchmark synthetic with request chain-d2-grpc-sync, thread 8, conn 256, duration 60
        [run.sh] Deleting all services
        configmap "config-service0" deleted
        deployment.apps "service0" deleted
        service "service0" deleted
        configmap "config-service1" deleted
        deployment.apps "service1" deleted
        service "service1" deleted
        configmap "config-service2" deleted
        deployment.apps "service2" deleted
        service "service2" deleted
        deployment.apps "ubuntu-client" deleted
        [run.sh] Waiting for all pods to be deleted
        [run.sh] Deploying all services
        configmap/config-service0 created
        deployment.apps/service0 created
        service/service0 created
        configmap/config-service1 created
        deployment.apps/service1 created
        service/service1 created
        configmap/config-service2 created
        deployment.apps/service2 created
        service/service2 created
        [run.sh] Client pod not found, deploying client
        deployment.apps/ubuntu-client created
        [run.sh] Waiting for all pods to be running
        [run.sh] All pods are running
        [run.sh] Checking heartbeat for all services
        [run.sh] Running warmup test
        [run.sh] /wrk/wrk -t8 -c256 --timeout 3s -d3s -L http://service0:80/endpoint1
        Running 3s test @ http://service0:80/endpoint1
        8 threads and 256 connections
        Thread Stats   Avg      Stdev     Max   +/- Stdev
        Latency   382.33ms  193.83ms   1.41s    76.09%
        Req/Sec    77.71     46.93   230.00     69.14%
        Latency Distribution
        50%  339.42ms
        75%  455.32ms
        90%  610.97ms
        99%    1.01s
        1803 requests in 3.02s, 279.96KB read
        Requests/sec:    597.28
        Transfer/sec:     92.74KB
        [run.sh] Speed is 597.28, duration is 50
        [run.sh] Fix the request number.
        [run.sh] Running the actual test
        [run.sh] /wrk/wrk --timeout 20s -t8 -c256 -d50s -L -s /wrk/fix_req_n.lua http://service0:80/endpoint1
        [run.sh] Checking the resource usage
        NAME                        CPU(cores)   MEMORY(bytes)
        service0-7b885f9db8-pc8lc   290m         24Mi
        service1-85cbdfc4-spkrj     0m           12Mi
        service2-7bdbb95446-pw8jf   0m           9Mi
        Running 50s test @ http://service0:80/endpoint1
        8 threads and 256 connections
        Thread Stats   Avg      Stdev     Max   +/- Stdev
        Latency   377.14ms  209.06ms   1.64s    73.56%
        Req/Sec    86.98     51.75   280.00     67.83%
        Latency Distribution
        50%  331.42ms
        75%  477.81ms
        90%  669.03ms
        99%    1.04s
        20000 requests in 50.00s, 3.03MB read
        Requests/sec:    400.00
        Transfer/sec:     62.11KB
        ------------------------------
        stop time: 29.302641
        stop time: 29.483831
        stop time: 29.479287
        stop time: 29.931319
        stop time: 29.917505
        stop time: 29.274676
        stop time: 29.898204
        stop time: 29.535476
        [run.sh] Test finished with status 0
        > STDERR
        > No resources found in default namespace.
    [exp] Times: [29.302641, 29.483831, 29.479287, 29.931319, 29.917505, 29.274676, 29.898204, 29.535476]
    [exp] Throughput: 675.6102287878456
[test.py] Finished running 1th optmization experiment: groundtruth->1212.8162385178991, slowdown->675.6102287878456, predicted->1227.161950457033, err->1.1828429966162772
[test.py] Running 2th optmization experiment
[test.py] Running 2th groundtruth exp
    [exp] Running (pre_run: False) workload synthetic/chain-d2-grpc-sync request with the following configuration: {'CLIENT_CPU_QUOTA': '2', 'SLOWPOKE_POKER_BATCH_THRESHOLD': '20000000', 'PROCESSING_TIME_SERVICE0': '0.0014149', 'PROCESSING_TIME_SERVICE1': '0.00090814', 'PROCESSING_TIME_SERVICE2': '0.000294', 'SLOWPOKE_DELAY_MICROS_SERVICE0': '0.0', 'SLOWPOKE_POKER_BATCH_THRESHOLD_SERVICE0': '100', 'SLOWPOKE_IS_TARGET_SERVICE_SERVICE0': 'false', 'SLOWPOKE_DELAY_MICROS_SERVICE1': '0.0', 'SLOWPOKE_POKER_BATCH_THRESHOLD_SERVICE1': '100', 'SLOWPOKE_IS_TARGET_SERVICE_SERVICE1': 'false', 'SLOWPOKE_DELAY_MICROS_SERVICE2': '0.0', 'SLOWPOKE_POKER_BATCH_THRESHOLD_SERVICE2': '100', 'SLOWPOKE_IS_TARGET_SERVICE_SERVICE2': 'true'}
    [exp] Executing cmd `bash run.sh synthetic chain-d2-grpc-sync 8 256 20000`:
        [run.sh] Running benchmark synthetic with request chain-d2-grpc-sync, thread 8, conn 256, duration 60
        [run.sh] Deleting all services
        configmap "config-service0" deleted
        deployment.apps "service0" deleted
        service "service0" deleted
        configmap "config-service1" deleted
        deployment.apps "service1" deleted
        service "service1" deleted
        configmap "config-service2" deleted
        deployment.apps "service2" deleted
        service "service2" deleted
        deployment.apps "ubuntu-client" deleted
        [run.sh] Waiting for all pods to be deleted
        [run.sh] Deploying all services
        configmap/config-service0 created
        deployment.apps/service0 created
        service/service0 created
        configmap/config-service1 created
        deployment.apps/service1 created
        service/service1 created
        configmap/config-service2 created
        deployment.apps/service2 created
        service/service2 created
        [run.sh] Client pod not found, deploying client
        deployment.apps/ubuntu-client created
        [run.sh] Waiting for all pods to be running
        [run.sh] All pods are running
        [run.sh] Checking heartbeat for all services
        [run.sh] Running warmup test
        [run.sh] /wrk/wrk -t8 -c256 --timeout 3s -d3s -L http://service0:80/endpoint1
        Running 3s test @ http://service0:80/endpoint1
        8 threads and 256 connections
        Thread Stats   Avg      Stdev     Max   +/- Stdev
        Latency   211.84ms  124.50ms 852.14ms   63.53%
        Req/Sec   156.00     77.73   330.00     66.20%
        Latency Distribution
        50%  183.08ms
        75%  288.46ms
        90%  406.45ms
        99%  496.55ms
        3406 requests in 3.10s, 528.86KB read
        Requests/sec:   1098.64
        Transfer/sec:    170.59KB
        [run.sh] Speed is 1098.64, duration is 27
        [run.sh] Fix the request number.
        [run.sh] Running the actual test
        [run.sh] /wrk/wrk --timeout 20s -t8 -c256 -d27s -L -s /wrk/fix_req_n.lua http://service0:80/endpoint1
        Running 27s test @ http://service0:80/endpoint1
        8 threads and 256 connections
        Thread Stats   Avg      Stdev     Max   +/- Stdev
        Latency   218.72ms  161.74ms   1.22s    81.54%
        Req/Sec   152.02     69.62   410.00     66.13%
        Latency Distribution
        50%  175.22ms
        75%  272.22ms
        90%  422.73ms
        99%  871.18ms
        20000 requests in 27.00s, 3.03MB read
        Requests/sec:    740.74
        Transfer/sec:    115.02KB
        ------------------------------
        stop time: 16.471439
        stop time: 16.393744
        stop time: 16.839966
        stop time: 16.552726
        stop time: 16.682312
        stop time: 16.543578
        stop time: 16.642805
        stop time: 16.827383
        [run.sh] Checking the resource usage
        NAME                             CPU(cores)   MEMORY(bytes)
        service0-6fb7cc7c7f-bfj5d        274m         31Mi
        service1-76b89695f7-qg5g7        312m         10Mi
        service2-7bdbb95446-5zscw        109m         9Mi
        ubuntu-client-76886f6bbd-ppfhn   16m          9Mi
        [run.sh] Test finished with status 0
        > STDERR
        > No resources found in default namespace.
    [exp] Times: [16.471439, 16.393744, 16.839966, 16.552726, 16.682312, 16.543578, 16.642805, 16.827383]
    [exp] Throughput: 1203.4241659591723
[test.py] Running 2th slowdown exp
    [exp] Running (pre_run: False) workload synthetic/chain-d2-grpc-sync request with the following configuration: {'CLIENT_CPU_QUOTA': '2', 'SLOWPOKE_POKER_BATCH_THRESHOLD': '20000000', 'PROCESSING_TIME_SERVICE0': '0.0014149', 'PROCESSING_TIME_SERVICE1': '0.00090814', 'PROCESSING_TIME_SERVICE2': '0.00147751', 'SLOWPOKE_DELAY_MICROS_SERVICE0': '591.5', 'SLOWPOKE_POKER_BATCH_THRESHOLD_SERVICE0': '100', 'SLOWPOKE_IS_TARGET_SERVICE_SERVICE0': 'false', 'SLOWPOKE_DELAY_MICROS_SERVICE1': '591.5', 'SLOWPOKE_POKER_BATCH_THRESHOLD_SERVICE1': '100', 'SLOWPOKE_IS_TARGET_SERVICE_SERVICE1': 'false', 'SLOWPOKE_DELAY_MICROS_SERVICE2': '0.0', 'SLOWPOKE_POKER_BATCH_THRESHOLD_SERVICE2': '100', 'SLOWPOKE_IS_TARGET_SERVICE_SERVICE2': 'true'}
    [exp] Executing cmd `bash run.sh synthetic chain-d2-grpc-sync 8 256 20000`:
        [run.sh] Running benchmark synthetic with request chain-d2-grpc-sync, thread 8, conn 256, duration 60
        [run.sh] Deleting all services
        configmap "config-service0" deleted
        deployment.apps "service0" deleted
        service "service0" deleted
        configmap "config-service1" deleted
        deployment.apps "service1" deleted
        service "service1" deleted
        configmap "config-service2" deleted
        deployment.apps "service2" deleted
        service "service2" deleted
        deployment.apps "ubuntu-client" deleted
        [run.sh] Waiting for all pods to be deleted
        [run.sh] Deploying all services
        configmap/config-service0 created
        deployment.apps/service0 created
        service/service0 created
        configmap/config-service1 created
        deployment.apps/service1 created
        service/service1 created
        configmap/config-service2 created
        deployment.apps/service2 created
        service/service2 created
        [run.sh] Client pod not found, deploying client
        deployment.apps/ubuntu-client created
        [run.sh] Waiting for all pods to be running
        [run.sh] All pods are running
        [run.sh] Checking heartbeat for all services
        [run.sh] Running warmup test
        [run.sh] /wrk/wrk -t8 -c256 --timeout 3s -d3s -L http://service0:80/endpoint1
        Running 3s test @ http://service0:80/endpoint1
        8 threads and 256 connections
        Thread Stats   Avg      Stdev     Max   +/- Stdev
        Latency   375.98ms  173.78ms 988.95ms   68.08%
        Req/Sec    81.85     59.06   280.00     65.05%
        Latency Distribution
        50%  356.38ms
        75%  496.67ms
        90%  580.87ms
        99%  910.42ms
        1815 requests in 3.02s, 281.82KB read
        Requests/sec:    600.52
        Transfer/sec:     93.25KB
        [run.sh] Speed is 600.52, duration is 49
        [run.sh] Fix the request number.
        [run.sh] Running the actual test
        [run.sh] /wrk/wrk --timeout 20s -t8 -c256 -d49s -L -s /wrk/fix_req_n.lua http://service0:80/endpoint1
        [run.sh] Checking the resource usage
        NAME                             CPU(cores)   MEMORY(bytes)
        service0-98d97c5c7-4q2bx         1055m        27Mi
        service1-7cc8748c87-v6dth        809m         11Mi
        service2-7bdbb95446-6w8cq        1172m        11Mi
        ubuntu-client-76886f6bbd-7gq6r   26m          13Mi
        Running 49s test @ http://service0:80/endpoint1
        8 threads and 256 connections
        Thread Stats   Avg      Stdev     Max   +/- Stdev
        Latency   358.31ms  205.40ms   1.76s    73.81%
        Req/Sec    91.50     55.41   292.00     66.75%
        Latency Distribution
        50%  307.50ms
        75%  450.56ms
        90%  632.94ms
        99%    1.06s
        20000 requests in 49.00s, 3.03MB read
        Requests/sec:    408.16
        Transfer/sec:     63.38KB
        ------------------------------
        stop time: 28.076607
        stop time: 27.668996
        stop time: 28.251097
        stop time: 28.252649
        stop time: 28.236739
        stop time: 28.391386
        stop time: 28.328099
        stop time: 28.226467
        [run.sh] Test finished with status 0
        > STDERR
        > No resources found in default namespace.
    [exp] Times: [28.076607, 27.668996, 28.251097, 28.252649, 28.236739, 28.391386, 28.328099, 28.226467]
    [exp] Throughput: 709.7482682585846
[test.py] Finished running 2th optmization experiment: groundtruth->1203.4241659591723, slowdown->709.7482682585846, predicted->1223.697763784114, err->1.6846593577238664
[test.py] Running 3th optmization experiment
[test.py] Running 3th groundtruth exp
    [exp] Running (pre_run: False) workload synthetic/chain-d2-grpc-sync request with the following configuration: {'CLIENT_CPU_QUOTA': '2', 'SLOWPOKE_POKER_BATCH_THRESHOLD': '20000000', 'PROCESSING_TIME_SERVICE0': '0.0014149', 'PROCESSING_TIME_SERVICE1': '0.00090814', 'PROCESSING_TIME_SERVICE2': '0.000441', 'SLOWPOKE_DELAY_MICROS_SERVICE0': '0.0', 'SLOWPOKE_POKER_BATCH_THRESHOLD_SERVICE0': '100', 'SLOWPOKE_IS_TARGET_SERVICE_SERVICE0': 'false', 'SLOWPOKE_DELAY_MICROS_SERVICE1': '0.0', 'SLOWPOKE_POKER_BATCH_THRESHOLD_SERVICE1': '100', 'SLOWPOKE_IS_TARGET_SERVICE_SERVICE1': 'false', 'SLOWPOKE_DELAY_MICROS_SERVICE2': '0.0', 'SLOWPOKE_POKER_BATCH_THRESHOLD_SERVICE2': '100', 'SLOWPOKE_IS_TARGET_SERVICE_SERVICE2': 'true'}
    [exp] Executing cmd `bash run.sh synthetic chain-d2-grpc-sync 8 256 20000`:
        [run.sh] Running benchmark synthetic with request chain-d2-grpc-sync, thread 8, conn 256, duration 60
        [run.sh] Deleting all services
        configmap "config-service0" deleted
        deployment.apps "service0" deleted
        service "service0" deleted
        configmap "config-service1" deleted
        deployment.apps "service1" deleted
        service "service1" deleted
        configmap "config-service2" deleted
        deployment.apps "service2" deleted
        service "service2" deleted
        deployment.apps "ubuntu-client" deleted
        [run.sh] Waiting for all pods to be deleted
        [run.sh] Deploying all services
        configmap/config-service0 created
        deployment.apps/service0 created
        service/service0 created
        configmap/config-service1 created
        deployment.apps/service1 created
        service/service1 created
        configmap/config-service2 created
        deployment.apps/service2 created
        service/service2 created
        [run.sh] Client pod not found, deploying client
        deployment.apps/ubuntu-client created
        [run.sh] Waiting for all pods to be running
        [run.sh] All pods are running
        [run.sh] Checking heartbeat for all services
        [run.sh] Running warmup test
        [run.sh] /wrk/wrk -t8 -c256 --timeout 3s -d3s -L http://service0:80/endpoint1
        Running 3s test @ http://service0:80/endpoint1
        8 threads and 256 connections
        Thread Stats   Avg      Stdev     Max   +/- Stdev
        Latency   246.11ms  195.19ms   1.27s    75.66%
        Req/Sec   152.54     72.87   360.00     72.22%
        Latency Distribution
        50%  168.56ms
        75%  363.76ms
        90%  511.11ms
        99%  827.23ms
        3340 requests in 3.02s, 518.61KB read
        Requests/sec:   1106.25
        Transfer/sec:    171.77KB
        [run.sh] Speed is 1106.25, duration is 27
        [run.sh] Fix the request number.
        [run.sh] Running the actual test
        [run.sh] /wrk/wrk --timeout 20s -t8 -c256 -d27s -L -s /wrk/fix_req_n.lua http://service0:80/endpoint1
        Running 27s test @ http://service0:80/endpoint1
        8 threads and 256 connections
        Thread Stats   Avg      Stdev     Max   +/- Stdev
        Latency   215.44ms  137.41ms   1.27s    75.26%
        Req/Sec   149.66     71.15   383.00     69.27%
        Latency Distribution
        50%  182.87ms
        75%  278.49ms
        90%  400.54ms
        99%  660.74ms
        20000 requests in 27.00s, 3.03MB read
        Requests/sec:    740.74
        Transfer/sec:    115.02KB
        ------------------------------
        stop time: 16.404133
        stop time: 16.914830
        stop time: 16.678774
        stop time: 16.679215
        stop time: 16.911884
        stop time: 16.881742
        stop time: 16.901249
        stop time: 16.980079
        [run.sh] Checking the resource usage
        [run.sh] Test finished with status 0
        > STDERR
        > No resources found in default namespace.
        > error: metrics not available yet
    [exp] Times: [16.404133, 16.91483, 16.678774, 16.679215, 16.911884, 16.881742, 16.901249, 16.980079]
    [exp] Throughput: 1190.9023456652712
[test.py] Running 3th slowdown exp
    [exp] Running (pre_run: False) workload synthetic/chain-d2-grpc-sync request with the following configuration: {'CLIENT_CPU_QUOTA': '2', 'SLOWPOKE_POKER_BATCH_THRESHOLD': '20000000', 'PROCESSING_TIME_SERVICE0': '0.0014149', 'PROCESSING_TIME_SERVICE1': '0.00090814', 'PROCESSING_TIME_SERVICE2': '0.00147751', 'SLOWPOKE_DELAY_MICROS_SERVICE0': '518.0', 'SLOWPOKE_POKER_BATCH_THRESHOLD_SERVICE0': '100', 'SLOWPOKE_IS_TARGET_SERVICE_SERVICE0': 'false', 'SLOWPOKE_DELAY_MICROS_SERVICE1': '518.0', 'SLOWPOKE_POKER_BATCH_THRESHOLD_SERVICE1': '100', 'SLOWPOKE_IS_TARGET_SERVICE_SERVICE1': 'false', 'SLOWPOKE_DELAY_MICROS_SERVICE2': '0.0', 'SLOWPOKE_POKER_BATCH_THRESHOLD_SERVICE2': '100', 'SLOWPOKE_IS_TARGET_SERVICE_SERVICE2': 'true'}
    [exp] Executing cmd `bash run.sh synthetic chain-d2-grpc-sync 8 256 20000`:
        [run.sh] Running benchmark synthetic with request chain-d2-grpc-sync, thread 8, conn 256, duration 60
        [run.sh] Deleting all services
        configmap "config-service0" deleted
        deployment.apps "service0" deleted
        service "service0" deleted
        configmap "config-service1" deleted
        deployment.apps "service1" deleted
        service "service1" deleted
        configmap "config-service2" deleted
        deployment.apps "service2" deleted
        service "service2" deleted
        deployment.apps "ubuntu-client" deleted
        [run.sh] Waiting for all pods to be deleted
        [run.sh] Deploying all services
        configmap/config-service0 created
        deployment.apps/service0 created
        service/service0 created
        configmap/config-service1 created
        deployment.apps/service1 created
        service/service1 created
        configmap/config-service2 created
        deployment.apps/service2 created
        service/service2 created
        [run.sh] Client pod not found, deploying client
        deployment.apps/ubuntu-client created
        [run.sh] Waiting for all pods to be running
        [run.sh] All pods are running
        [run.sh] Checking heartbeat for all services
        [run.sh] Running warmup test
        [run.sh] /wrk/wrk -t8 -c256 --timeout 3s -d3s -L http://service0:80/endpoint1
        Running 3s test @ http://service0:80/endpoint1
        8 threads and 256 connections
        Thread Stats   Avg      Stdev     Max   +/- Stdev
        Latency   348.59ms  180.11ms   1.15s    75.34%
        Req/Sec    93.77     62.79   270.00     65.96%
        Latency Distribution
        50%  303.59ms
        75%  461.18ms
        90%  589.80ms
        99%  904.01ms
        2016 requests in 3.02s, 313.03KB read
        Requests/sec:    667.73
        Transfer/sec:    103.68KB
        [run.sh] Speed is 667.73, duration is 44
        [run.sh] Fix the request number.
        [run.sh] Running the actual test
        [run.sh] /wrk/wrk --timeout 20s -t8 -c256 -d44s -L -s /wrk/fix_req_n.lua http://service0:80/endpoint1
        [run.sh] Checking the resource usage
        NAME                             CPU(cores)   MEMORY(bytes)
        service0-5479b9f769-cbqxq        1210m        30Mi
        service1-c9cc88d59-69tqw         580m         12Mi
        service2-7bdbb95446-qdvjp        894m         11Mi
        ubuntu-client-76886f6bbd-rqtfn   16m          11Mi
        Running 44s test @ http://service0:80/endpoint1
        8 threads and 256 connections
        Thread Stats   Avg      Stdev     Max   +/- Stdev
        Latency   344.67ms  203.50ms   2.07s    75.19%
        Req/Sec    93.34     54.20   290.00     67.64%
        Latency Distribution
        50%  289.33ms
        75%  450.00ms
        90%  620.68ms
        99%  975.72ms
        20000 requests in 44.00s, 3.03MB read
        Requests/sec:    454.54
        Transfer/sec:     70.58KB
        ------------------------------
        stop time: 27.116084
        stop time: 26.997403
        stop time: 26.995599
        stop time: 26.481143
        stop time: 26.845517
        stop time: 27.208856
        stop time: 27.077888
        stop time: 27.019011
        [run.sh] Test finished with status 0
        > STDERR
        > No resources found in default namespace.
    [exp] Times: [27.116084, 26.997403, 26.995599, 26.481143, 26.845517, 27.208856, 27.077888, 27.019011]
    [exp] Throughput: 741.6282878276628
[test.py] Finished running 3th optmization experiment: groundtruth->1190.9023456652712, slowdown->741.6282878276628, predicted->1204.6314979168799, err->1.1528361079798823
[test.py] Running 4th optmization experiment
[test.py] Running 4th groundtruth exp
    [exp] Running (pre_run: False) workload synthetic/chain-d2-grpc-sync request with the following configuration: {'CLIENT_CPU_QUOTA': '2', 'SLOWPOKE_POKER_BATCH_THRESHOLD': '20000000', 'PROCESSING_TIME_SERVICE0': '0.0014149', 'PROCESSING_TIME_SERVICE1': '0.00090814', 'PROCESSING_TIME_SERVICE2': '0.000588', 'SLOWPOKE_DELAY_MICROS_SERVICE0': '0.0', 'SLOWPOKE_POKER_BATCH_THRESHOLD_SERVICE0': '100', 'SLOWPOKE_IS_TARGET_SERVICE_SERVICE0': 'false', 'SLOWPOKE_DELAY_MICROS_SERVICE1': '0.0', 'SLOWPOKE_POKER_BATCH_THRESHOLD_SERVICE1': '100', 'SLOWPOKE_IS_TARGET_SERVICE_SERVICE1': 'false', 'SLOWPOKE_DELAY_MICROS_SERVICE2': '0.0', 'SLOWPOKE_POKER_BATCH_THRESHOLD_SERVICE2': '100', 'SLOWPOKE_IS_TARGET_SERVICE_SERVICE2': 'true'}
    [exp] Executing cmd `bash run.sh synthetic chain-d2-grpc-sync 8 256 20000`:
        [run.sh] Running benchmark synthetic with request chain-d2-grpc-sync, thread 8, conn 256, duration 60
        [run.sh] Deleting all services
        configmap "config-service0" deleted
        deployment.apps "service0" deleted
        service "service0" deleted
        configmap "config-service1" deleted
        deployment.apps "service1" deleted
        service "service1" deleted
        configmap "config-service2" deleted
        deployment.apps "service2" deleted
        service "service2" deleted
        deployment.apps "ubuntu-client" deleted
        [run.sh] Waiting for all pods to be deleted
        [run.sh] Deploying all services
        configmap/config-service0 created
        deployment.apps/service0 created
        service/service0 created
        configmap/config-service1 created
        deployment.apps/service1 created
        service/service1 created
        configmap/config-service2 created
        deployment.apps/service2 created
        service/service2 created
        [run.sh] Client pod not found, deploying client
        deployment.apps/ubuntu-client created
        [run.sh] Waiting for all pods to be running
        [run.sh] All pods are running
        [run.sh] Checking heartbeat for all services
        [run.sh] Running warmup test
        [run.sh] /wrk/wrk -t8 -c256 --timeout 3s -d3s -L http://service0:80/endpoint1
        Running 3s test @ http://service0:80/endpoint1
        8 threads and 256 connections
        Thread Stats   Avg      Stdev     Max   +/- Stdev
        Latency   231.32ms  149.69ms 833.23ms   68.61%
        Req/Sec   152.63     81.46   370.00     62.15%
        Latency Distribution
        50%  187.10ms
        75%  326.59ms
        90%  429.13ms
        99%  722.20ms
        3352 requests in 3.03s, 520.48KB read
        Requests/sec:   1107.68
        Transfer/sec:    171.99KB
        [run.sh] Speed is 1107.68, duration is 27
        [run.sh] Fix the request number.
        [run.sh] Running the actual test
        [run.sh] /wrk/wrk --timeout 20s -t8 -c256 -d27s -L -s /wrk/fix_req_n.lua http://service0:80/endpoint1
        Running 27s test @ http://service0:80/endpoint1
        8 threads and 256 connections
        Thread Stats   Avg      Stdev     Max   +/- Stdev
        Latency   214.59ms  128.06ms   1.12s    74.00%
        Req/Sec   151.15     79.16   383.00     63.91%
        Latency Distribution
        50%  183.77ms
        75%  279.00ms
        90%  390.34ms
        99%  621.84ms
        20000 requests in 27.00s, 3.03MB read
        Requests/sec:    740.74
        Transfer/sec:    115.02KB
        ------------------------------
        stop time: 16.671996
        stop time: 16.541536
        stop time: 16.729073
        stop time: 16.851309
        stop time: 16.876900
        stop time: 16.756483
        stop time: 16.728302
        stop time: 16.894248
        [run.sh] Checking the resource usage
        NAME                             CPU(cores)   MEMORY(bytes)
        service0-6fb7cc7c7f-mnxbs        1m           31Mi
        service1-76b89695f7-r2fwf        259m         12Mi
        service2-7bdbb95446-6bmwd        138m         9Mi
        ubuntu-client-76886f6bbd-j5gbw   17m          0Mi
        [run.sh] Test finished with status 0
        > STDERR
        > No resources found in default namespace.
    [exp] Times: [16.671996, 16.541536, 16.729073, 16.851309, 16.8769, 16.756483, 16.728302, 16.894248]
    [exp] Throughput: 1193.5858457190182
[test.py] Running 4th slowdown exp
    [exp] Running (pre_run: False) workload synthetic/chain-d2-grpc-sync request with the following configuration: {'CLIENT_CPU_QUOTA': '2', 'SLOWPOKE_POKER_BATCH_THRESHOLD': '20000000', 'PROCESSING_TIME_SERVICE0': '0.0014149', 'PROCESSING_TIME_SERVICE1': '0.00090814', 'PROCESSING_TIME_SERVICE2': '0.00147751', 'SLOWPOKE_DELAY_MICROS_SERVICE0': '444.5', 'SLOWPOKE_POKER_BATCH_THRESHOLD_SERVICE0': '100', 'SLOWPOKE_IS_TARGET_SERVICE_SERVICE0': 'false', 'SLOWPOKE_DELAY_MICROS_SERVICE1': '444.5', 'SLOWPOKE_POKER_BATCH_THRESHOLD_SERVICE1': '100', 'SLOWPOKE_IS_TARGET_SERVICE_SERVICE1': 'false', 'SLOWPOKE_DELAY_MICROS_SERVICE2': '0.0', 'SLOWPOKE_POKER_BATCH_THRESHOLD_SERVICE2': '100', 'SLOWPOKE_IS_TARGET_SERVICE_SERVICE2': 'true'}
    [exp] Executing cmd `bash run.sh synthetic chain-d2-grpc-sync 8 256 20000`:
        [run.sh] Running benchmark synthetic with request chain-d2-grpc-sync, thread 8, conn 256, duration 60
        [run.sh] Deleting all services
        configmap "config-service0" deleted
        deployment.apps "service0" deleted
        service "service0" deleted
        configmap "config-service1" deleted
        deployment.apps "service1" deleted
        service "service1" deleted
        configmap "config-service2" deleted
        deployment.apps "service2" deleted
        service "service2" deleted
        deployment.apps "ubuntu-client" deleted
        [run.sh] Waiting for all pods to be deleted
        [run.sh] Deploying all services
        configmap/config-service0 created
        deployment.apps/service0 created
        service/service0 created
        configmap/config-service1 created
        deployment.apps/service1 created
        service/service1 created
        configmap/config-service2 created
        deployment.apps/service2 created
        service/service2 created
        [run.sh] Client pod not found, deploying client
        deployment.apps/ubuntu-client created
        [run.sh] Waiting for all pods to be running
        [run.sh] All pods are running
        [run.sh] Checking heartbeat for all services
        [run.sh] Running warmup test
        [run.sh] /wrk/wrk -t8 -c256 --timeout 3s -d3s -L http://service0:80/endpoint1
        Running 3s test @ http://service0:80/endpoint1
        8 threads and 256 connections
        Thread Stats   Avg      Stdev     Max   +/- Stdev
        Latency   358.64ms  205.49ms   1.26s    72.58%
        Req/Sec    92.68     62.45   270.00     64.86%
        Latency Distribution
        50%  302.19ms
        75%  541.53ms
        90%  581.55ms
        99%  994.43ms
        2008 requests in 3.03s, 311.79KB read
        Requests/sec:    663.79
        Transfer/sec:    103.07KB
        [run.sh] Speed is 663.79, duration is 45
        [run.sh] Fix the request number.
        [run.sh] Running the actual test
        [run.sh] /wrk/wrk --timeout 20s -t8 -c256 -d45s -L -s /wrk/fix_req_n.lua http://service0:80/endpoint1
        [run.sh] Checking the resource usage
        NAME                             CPU(cores)   MEMORY(bytes)
        service0-6bf56666d8-q2l79        370m         27Mi
        service1-76997599fd-bb7b9        258m         11Mi
        service2-7bdbb95446-kzrmk        373m         10Mi
        ubuntu-client-76886f6bbd-rkb5d   12m          0Mi
        Running 45s test @ http://service0:80/endpoint1
        8 threads and 256 connections
        Thread Stats   Avg      Stdev     Max   +/- Stdev
        Latency   320.91ms  180.70ms   1.43s    73.88%
        Req/Sec   101.54     56.95   353.00     67.86%
        Latency Distribution
        50%  282.59ms
        75%  410.92ms
        90%  572.67ms
        99%  916.19ms
        20000 requests in 45.00s, 3.03MB read
        Requests/sec:    444.44
        Transfer/sec:     69.01KB
        ------------------------------
        stop time: 24.785992
        stop time: 24.769104
        stop time: 25.237788
        stop time: 25.088511
        stop time: 25.418659
        stop time: 25.408432
        stop time: 25.482805
        stop time: 25.409934
        [run.sh] Test finished with status 0
        > STDERR
        > No resources found in default namespace.
    [exp] Times: [24.785992, 24.769104, 25.237788, 25.088511, 25.418659, 25.408432, 25.482805, 25.409934]
    [exp] Throughput: 793.645971149233
[test.py] Finished running 4th optmization experiment: groundtruth->1193.5858457190182, slowdown->793.645971149233, predicted->1226.613605406453, err->2.7671038330333775
[test.py] Running 5th optmization experiment
[test.py] Running 5th groundtruth exp
    [exp] Running (pre_run: False) workload synthetic/chain-d2-grpc-sync request with the following configuration: {'CLIENT_CPU_QUOTA': '2', 'SLOWPOKE_POKER_BATCH_THRESHOLD': '20000000', 'PROCESSING_TIME_SERVICE0': '0.0014149', 'PROCESSING_TIME_SERVICE1': '0.00090814', 'PROCESSING_TIME_SERVICE2': '0.000735', 'SLOWPOKE_DELAY_MICROS_SERVICE0': '0.0', 'SLOWPOKE_POKER_BATCH_THRESHOLD_SERVICE0': '100', 'SLOWPOKE_IS_TARGET_SERVICE_SERVICE0': 'false', 'SLOWPOKE_DELAY_MICROS_SERVICE1': '0.0', 'SLOWPOKE_POKER_BATCH_THRESHOLD_SERVICE1': '100', 'SLOWPOKE_IS_TARGET_SERVICE_SERVICE1': 'false', 'SLOWPOKE_DELAY_MICROS_SERVICE2': '0.0', 'SLOWPOKE_POKER_BATCH_THRESHOLD_SERVICE2': '100', 'SLOWPOKE_IS_TARGET_SERVICE_SERVICE2': 'true'}
    [exp] Executing cmd `bash run.sh synthetic chain-d2-grpc-sync 8 256 20000`:
        [run.sh] Running benchmark synthetic with request chain-d2-grpc-sync, thread 8, conn 256, duration 60
        [run.sh] Deleting all services
        configmap "config-service0" deleted
        deployment.apps "service0" deleted
        service "service0" deleted
        configmap "config-service1" deleted
        deployment.apps "service1" deleted
        service "service1" deleted
        configmap "config-service2" deleted
        deployment.apps "service2" deleted
        service "service2" deleted
        deployment.apps "ubuntu-client" deleted
        [run.sh] Waiting for all pods to be deleted
        [run.sh] Deploying all services
        configmap/config-service0 created
        deployment.apps/service0 created
        service/service0 created
        configmap/config-service1 created
        deployment.apps/service1 created
        service/service1 created
        configmap/config-service2 created
        deployment.apps/service2 created
        service/service2 created
        [run.sh] Client pod not found, deploying client
        deployment.apps/ubuntu-client created
        [run.sh] Waiting for all pods to be running
        [run.sh] All pods are running
        [run.sh] Checking heartbeat for all services
        [run.sh] Running warmup test
        [run.sh] /wrk/wrk -t8 -c256 --timeout 3s -d3s -L http://service0:80/endpoint1
        Running 3s test @ http://service0:80/endpoint1
        8 threads and 256 connections
        Thread Stats   Avg      Stdev     Max   +/- Stdev
        Latency   224.37ms  142.49ms 916.39ms   68.59%
        Req/Sec   151.68     65.17   320.00     69.64%
        Latency Distribution
        50%  198.36ms
        75%  306.24ms
        90%  423.44ms
        99%  670.36ms
        3405 requests in 3.01s, 528.71KB read
        Requests/sec:   1130.08
        Transfer/sec:    175.47KB
        [run.sh] Speed is 1130.08, duration is 26
        [run.sh] Fix the request number.
        [run.sh] Running the actual test
        [run.sh] /wrk/wrk --timeout 20s -t8 -c256 -d26s -L -s /wrk/fix_req_n.lua http://service0:80/endpoint1
        Running 26s test @ http://service0:80/endpoint1
        8 threads and 256 connections
        Thread Stats   Avg      Stdev     Max   +/- Stdev
        Latency   219.07ms  156.99ms   1.36s    78.37%
        Req/Sec   149.30     73.49   490.00     68.78%
        Latency Distribution
        50%  177.49ms
        75%  286.62ms
        90%  422.14ms
        99%  754.13ms
        20000 requests in 26.00s, 3.03MB read
        Requests/sec:    769.23
        Transfer/sec:    119.44KB
        ------------------------------
        stop time: 16.574814
        stop time: 16.898336
        stop time: 16.696474
        stop time: 16.839922
        stop time: 16.706316
        stop time: 16.809077
        stop time: 16.989698
        stop time: 16.909103
        [run.sh] Checking the resource usage
        NAME                             CPU(cores)   MEMORY(bytes)
        service0-6fb7cc7c7f-8lbl5        1907m        31Mi
        service1-76b89695f7-sths5        1285m        11Mi
        service2-7bdbb95446-cbsjp        1072m        10Mi
        ubuntu-client-76886f6bbd-bz9wf   30m          11Mi
        [run.sh] Test finished with status 0
        > STDERR
        > No resources found in default namespace.
    [exp] Times: [16.574814, 16.898336, 16.696474, 16.839922, 16.706316, 16.809077, 16.989698, 16.909103]
    [exp] Throughput: 1190.265945583719
[test.py] Running 5th slowdown exp
    [exp] Running (pre_run: False) workload synthetic/chain-d2-grpc-sync request with the following configuration: {'CLIENT_CPU_QUOTA': '2', 'SLOWPOKE_POKER_BATCH_THRESHOLD': '20000000', 'PROCESSING_TIME_SERVICE0': '0.0014149', 'PROCESSING_TIME_SERVICE1': '0.00090814', 'PROCESSING_TIME_SERVICE2': '0.00147751', 'SLOWPOKE_DELAY_MICROS_SERVICE0': '371.0', 'SLOWPOKE_POKER_BATCH_THRESHOLD_SERVICE0': '100', 'SLOWPOKE_IS_TARGET_SERVICE_SERVICE0': 'false', 'SLOWPOKE_DELAY_MICROS_SERVICE1': '371.0', 'SLOWPOKE_POKER_BATCH_THRESHOLD_SERVICE1': '100', 'SLOWPOKE_IS_TARGET_SERVICE_SERVICE1': 'false', 'SLOWPOKE_DELAY_MICROS_SERVICE2': '0.0', 'SLOWPOKE_POKER_BATCH_THRESHOLD_SERVICE2': '100', 'SLOWPOKE_IS_TARGET_SERVICE_SERVICE2': 'true'}
    [exp] Executing cmd `bash run.sh synthetic chain-d2-grpc-sync 8 256 20000`:
        [run.sh] Running benchmark synthetic with request chain-d2-grpc-sync, thread 8, conn 256, duration 60
        [run.sh] Deleting all services
        configmap "config-service0" deleted
        deployment.apps "service0" deleted
        service "service0" deleted
        configmap "config-service1" deleted
        deployment.apps "service1" deleted
        service "service1" deleted
        configmap "config-service2" deleted
        deployment.apps "service2" deleted
        service "service2" deleted
        deployment.apps "ubuntu-client" deleted
        [run.sh] Waiting for all pods to be deleted
        [run.sh] Deploying all services
        configmap/config-service0 created
        deployment.apps/service0 created
        service/service0 created
        configmap/config-service1 created
        deployment.apps/service1 created
        service/service1 created
        configmap/config-service2 created
        deployment.apps/service2 created
        service/service2 created
        [run.sh] Client pod not found, deploying client
        deployment.apps/ubuntu-client created
        [run.sh] Waiting for all pods to be running
        [run.sh] All pods are running
        [run.sh] Checking heartbeat for all services
        [run.sh] Running warmup test
        [run.sh] /wrk/wrk -t8 -c256 --timeout 3s -d3s -L http://service0:80/endpoint1
        Running 3s test @ http://service0:80/endpoint1
        8 threads and 256 connections
        Thread Stats   Avg      Stdev     Max   +/- Stdev
        Latency   308.01ms  182.94ms 919.08ms   61.96%
        Req/Sec   100.73     56.46   280.00     71.73%
        Latency Distribution
        50%  277.06ms
        75%  457.73ms
        90%  572.11ms
        99%  779.11ms
        2206 requests in 3.02s, 342.53KB read
        Requests/sec:    729.55
        Transfer/sec:    113.28KB
        [run.sh] Speed is 729.55, duration is 41
        [run.sh] Fix the request number.
        [run.sh] Running the actual test
        [run.sh] /wrk/wrk --timeout 20s -t8 -c256 -d41s -L -s /wrk/fix_req_n.lua http://service0:80/endpoint1
        [run.sh] Checking the resource usage
        Running 41s test @ http://service0:80/endpoint1
        8 threads and 256 connections
        Thread Stats   Avg      Stdev     Max   +/- Stdev
        Latency   302.68ms  179.19ms   1.47s    74.18%
        Req/Sec   107.34     58.97   292.00     67.40%
        Latency Distribution
        50%  256.39ms
        75%  392.72ms
        90%  554.73ms
        99%  884.36ms
        20000 requests in 41.00s, 3.03MB read
        Requests/sec:    487.80
        Transfer/sec:     75.74KB
        ------------------------------
        stop time: 23.495625
        stop time: 23.741293
        stop time: 23.723348
        stop time: 23.979153
        stop time: 23.979455
        stop time: 23.793472
        stop time: 23.680430
        stop time: 23.928744
        [run.sh] Test finished with status 0
        > STDERR
        > No resources found in default namespace.
        > error: metrics not available yet
    [exp] Times: [23.495625, 23.741293, 23.723348, 23.979153, 23.979455, 23.793472, 23.68043, 23.928744]
    [exp] Throughput: 840.6826511263677
[test.py] Finished running 5th optmization experiment: groundtruth->1190.265945583719, slowdown->840.6826511263677, predicted->1222.1136577922884, err->2.675680365949726
[test.py] Running 6th optmization experiment
[test.py] Running 6th groundtruth exp
    [exp] Running (pre_run: False) workload synthetic/chain-d2-grpc-sync request with the following configuration: {'CLIENT_CPU_QUOTA': '2', 'SLOWPOKE_POKER_BATCH_THRESHOLD': '20000000', 'PROCESSING_TIME_SERVICE0': '0.0014149', 'PROCESSING_TIME_SERVICE1': '0.00090814', 'PROCESSING_TIME_SERVICE2': '0.000882', 'SLOWPOKE_DELAY_MICROS_SERVICE0': '0.0', 'SLOWPOKE_POKER_BATCH_THRESHOLD_SERVICE0': '100', 'SLOWPOKE_IS_TARGET_SERVICE_SERVICE0': 'false', 'SLOWPOKE_DELAY_MICROS_SERVICE1': '0.0', 'SLOWPOKE_POKER_BATCH_THRESHOLD_SERVICE1': '100', 'SLOWPOKE_IS_TARGET_SERVICE_SERVICE1': 'false', 'SLOWPOKE_DELAY_MICROS_SERVICE2': '0.0', 'SLOWPOKE_POKER_BATCH_THRESHOLD_SERVICE2': '100', 'SLOWPOKE_IS_TARGET_SERVICE_SERVICE2': 'true'}
    [exp] Executing cmd `bash run.sh synthetic chain-d2-grpc-sync 8 256 20000`:
        [run.sh] Running benchmark synthetic with request chain-d2-grpc-sync, thread 8, conn 256, duration 60
        [run.sh] Deleting all services
        configmap "config-service0" deleted
        deployment.apps "service0" deleted
        service "service0" deleted
        configmap "config-service1" deleted
        deployment.apps "service1" deleted
        service "service1" deleted
        configmap "config-service2" deleted
        deployment.apps "service2" deleted
        service "service2" deleted
        deployment.apps "ubuntu-client" deleted
        [run.sh] Waiting for all pods to be deleted
        [run.sh] Deploying all services
        configmap/config-service0 created
        deployment.apps/service0 created
        service/service0 created
        configmap/config-service1 created
        deployment.apps/service1 created
        service/service1 created
        configmap/config-service2 created
        deployment.apps/service2 created
        service/service2 created
        [run.sh] Client pod not found, deploying client
        deployment.apps/ubuntu-client created
        [run.sh] Waiting for all pods to be running
        [run.sh] All pods are running
        [run.sh] Checking heartbeat for all services
        [run.sh] Running warmup test
        [run.sh] /wrk/wrk -t8 -c256 --timeout 3s -d3s -L http://service0:80/endpoint1
        Running 3s test @ http://service0:80/endpoint1
        8 threads and 256 connections
        Thread Stats   Avg      Stdev     Max   +/- Stdev
        Latency   225.07ms  114.86ms 770.19ms   68.02%
        Req/Sec   139.83     75.73   310.00     63.91%
        Latency Distribution
        50%  208.43ms
        75%  287.03ms
        90%  384.65ms
        99%  554.42ms
        3237 requests in 3.02s, 502.62KB read
        Requests/sec:   1071.54
        Transfer/sec:    166.38KB
        [run.sh] Speed is 1071.54, duration is 27
        [run.sh] Fix the request number.
        [run.sh] Running the actual test
        [run.sh] /wrk/wrk --timeout 20s -t8 -c256 -d27s -L -s /wrk/fix_req_n.lua http://service0:80/endpoint1
        Running 27s test @ http://service0:80/endpoint1
        8 threads and 256 connections
        Thread Stats   Avg      Stdev     Max   +/- Stdev
        Latency   212.78ms  136.42ms   1.19s    75.82%
        Req/Sec   151.05     67.74   380.00     65.62%
        Latency Distribution
        50%  180.04ms
        75%  277.34ms
        90%  386.91ms
        99%  674.81ms
        20000 requests in 27.00s, 3.03MB read
        Requests/sec:    740.74
        Transfer/sec:    115.02KB
        ------------------------------
        stop time: 16.778430
        stop time: 16.650821
        stop time: 16.728596
        stop time: 16.536663
        stop time: 16.234277
        stop time: 16.631253
        stop time: 16.385046
        stop time: 16.707768
        [run.sh] Checking the resource usage
        NAME                             CPU(cores)   MEMORY(bytes)
        service0-6fb7cc7c7f-rzp9m        566m         29Mi
        service1-76b89695f7-k76zj        242m         10Mi
        service2-7bdbb95446-xqf2l        177m         10Mi
        ubuntu-client-76886f6bbd-xhkd4   15m          7Mi
        [run.sh] Test finished with status 0
        > STDERR
        > No resources found in default namespace.
    [exp] Times: [16.77843, 16.650821, 16.728596, 16.536663, 16.234277, 16.631253, 16.385046, 16.707768]
    [exp] Throughput: 1206.1557303546595
[test.py] Running 6th slowdown exp
    [exp] Running (pre_run: False) workload synthetic/chain-d2-grpc-sync request with the following configuration: {'CLIENT_CPU_QUOTA': '2', 'SLOWPOKE_POKER_BATCH_THRESHOLD': '20000000', 'PROCESSING_TIME_SERVICE0': '0.0014149', 'PROCESSING_TIME_SERVICE1': '0.00090814', 'PROCESSING_TIME_SERVICE2': '0.00147751', 'SLOWPOKE_DELAY_MICROS_SERVICE0': '297.5', 'SLOWPOKE_POKER_BATCH_THRESHOLD_SERVICE0': '100', 'SLOWPOKE_IS_TARGET_SERVICE_SERVICE0': 'false', 'SLOWPOKE_DELAY_MICROS_SERVICE1': '297.5', 'SLOWPOKE_POKER_BATCH_THRESHOLD_SERVICE1': '100', 'SLOWPOKE_IS_TARGET_SERVICE_SERVICE1': 'false', 'SLOWPOKE_DELAY_MICROS_SERVICE2': '0.0', 'SLOWPOKE_POKER_BATCH_THRESHOLD_SERVICE2': '100', 'SLOWPOKE_IS_TARGET_SERVICE_SERVICE2': 'true'}
    [exp] Executing cmd `bash run.sh synthetic chain-d2-grpc-sync 8 256 20000`:
        [run.sh] Running benchmark synthetic with request chain-d2-grpc-sync, thread 8, conn 256, duration 60
        [run.sh] Deleting all services
        configmap "config-service0" deleted
        deployment.apps "service0" deleted
        service "service0" deleted
        configmap "config-service1" deleted
        deployment.apps "service1" deleted
        service "service1" deleted
        configmap "config-service2" deleted
        deployment.apps "service2" deleted
        service "service2" deleted
        deployment.apps "ubuntu-client" deleted
        [run.sh] Waiting for all pods to be deleted
        [run.sh] Deploying all services
        configmap/config-service0 created
        deployment.apps/service0 created
        service/service0 created
        configmap/config-service1 created
        deployment.apps/service1 created
        service/service1 created
        configmap/config-service2 created
        deployment.apps/service2 created
        service/service2 created
        [run.sh] Client pod not found, deploying client
        deployment.apps/ubuntu-client created
        [run.sh] Waiting for all pods to be running
        [run.sh] All pods are running
        [run.sh] Checking heartbeat for all services
        [run.sh] Running warmup test
        [run.sh] /wrk/wrk -t8 -c256 --timeout 3s -d3s -L http://service0:80/endpoint1
        Running 3s test @ http://service0:80/endpoint1
        8 threads and 256 connections
        Thread Stats   Avg      Stdev     Max   +/- Stdev
        Latency   310.53ms  157.30ms 837.16ms   62.94%
        Req/Sec   104.38     65.04   313.00     75.23%
        Latency Distribution
        50%  270.74ms
        75%  418.18ms
        90%  516.90ms
        99%  730.50ms
        2291 requests in 3.02s, 355.73KB read
        Requests/sec:    758.44
        Transfer/sec:    117.77KB
        [run.sh] Speed is 758.44, duration is 39
        [run.sh] Fix the request number.
        [run.sh] Running the actual test
        [run.sh] /wrk/wrk --timeout 20s -t8 -c256 -d39s -L -s /wrk/fix_req_n.lua http://service0:80/endpoint1
        [run.sh] Checking the resource usage
        NAME                             CPU(cores)   MEMORY(bytes)
        service0-57dcfccdd6-qj9bs        1411m        30Mi
        service1-55558577bd-xf2v9        728m         12Mi
        service2-7bdbb95446-7x2f9        991m         11Mi
        ubuntu-client-76886f6bbd-8hwdv   31m          12Mi
        Running 39s test @ http://service0:80/endpoint1
        8 threads and 256 connections
        Thread Stats   Avg      Stdev     Max   +/- Stdev
        Latency   287.57ms  187.23ms   1.51s    77.66%
        Req/Sec   114.24     57.57   292.00     67.02%
        Latency Distribution
        50%  231.32ms
        75%  375.15ms
        90%  551.54ms
        99%  902.40ms
        20000 requests in 39.00s, 3.03MB read
        Requests/sec:    512.82
        Transfer/sec:     79.63KB
        ------------------------------
        stop time: 22.365902
        stop time: 21.835782
        stop time: 22.402101
        stop time: 22.363266
        stop time: 22.720240
        stop time: 22.711849
        stop time: 22.596986
        stop time: 22.540199
        [run.sh] Test finished with status 0
        > STDERR
        > No resources found in default namespace.
    [exp] Times: [22.365902, 21.835782, 22.402101, 22.363266, 22.72024, 22.711849, 22.596986, 22.540199]
    [exp] Throughput: 891.1845555488562
[test.py] Finished running 6th optmization experiment: groundtruth->1206.1557303546595, slowdown->891.1845555488562, predicted->1213.0813384305495, err->0.5741885480951663
[test.py] Running 7th optmization experiment
[test.py] Running 7th groundtruth exp
    [exp] Running (pre_run: False) workload synthetic/chain-d2-grpc-sync request with the following configuration: {'CLIENT_CPU_QUOTA': '2', 'SLOWPOKE_POKER_BATCH_THRESHOLD': '20000000', 'PROCESSING_TIME_SERVICE0': '0.0014149', 'PROCESSING_TIME_SERVICE1': '0.00090814', 'PROCESSING_TIME_SERVICE2': '0.001029', 'SLOWPOKE_DELAY_MICROS_SERVICE0': '0.0', 'SLOWPOKE_POKER_BATCH_THRESHOLD_SERVICE0': '100', 'SLOWPOKE_IS_TARGET_SERVICE_SERVICE0': 'false', 'SLOWPOKE_DELAY_MICROS_SERVICE1': '0.0', 'SLOWPOKE_POKER_BATCH_THRESHOLD_SERVICE1': '100', 'SLOWPOKE_IS_TARGET_SERVICE_SERVICE1': 'false', 'SLOWPOKE_DELAY_MICROS_SERVICE2': '0.0', 'SLOWPOKE_POKER_BATCH_THRESHOLD_SERVICE2': '100', 'SLOWPOKE_IS_TARGET_SERVICE_SERVICE2': 'true'}
    [exp] Executing cmd `bash run.sh synthetic chain-d2-grpc-sync 8 256 20000`:
        [run.sh] Running benchmark synthetic with request chain-d2-grpc-sync, thread 8, conn 256, duration 60
        [run.sh] Deleting all services
        configmap "config-service0" deleted
        deployment.apps "service0" deleted
        service "service0" deleted
        configmap "config-service1" deleted
        deployment.apps "service1" deleted
        service "service1" deleted
        configmap "config-service2" deleted
        deployment.apps "service2" deleted
        service "service2" deleted
        deployment.apps "ubuntu-client" deleted
        [run.sh] Waiting for all pods to be deleted
        [run.sh] Deploying all services
        configmap/config-service0 created
        deployment.apps/service0 created
        service/service0 created
        configmap/config-service1 created
        deployment.apps/service1 created
        service/service1 created
        configmap/config-service2 created
        deployment.apps/service2 created
        service/service2 created
        [run.sh] Client pod not found, deploying client
        deployment.apps/ubuntu-client created
        [run.sh] Waiting for all pods to be running
        [run.sh] All pods are running
        [run.sh] Checking heartbeat for all services
        [run.sh] Running warmup test
        [run.sh] /wrk/wrk -t8 -c256 --timeout 3s -d3s -L http://service0:80/endpoint1
        Running 3s test @ http://service0:80/endpoint1
        8 threads and 256 connections
        Thread Stats   Avg      Stdev     Max   +/- Stdev
        Latency   235.92ms  174.14ms   1.37s    76.25%
        Req/Sec   151.01     59.58   280.00     66.06%
        Latency Distribution
        50%  175.00ms
        75%  324.66ms
        90%  469.87ms
        99%  770.41ms
        3360 requests in 3.02s, 521.72KB read
        Requests/sec:   1112.51
        Transfer/sec:    172.74KB
        [run.sh] Speed is 1112.51, duration is 26
        [run.sh] Fix the request number.
        [run.sh] Running the actual test
        [run.sh] /wrk/wrk --timeout 20s -t8 -c256 -d26s -L -s /wrk/fix_req_n.lua http://service0:80/endpoint1
        Running 26s test @ http://service0:80/endpoint1
        8 threads and 256 connections
        Thread Stats   Avg      Stdev     Max   +/- Stdev
        Latency   213.37ms  138.63ms   1.33s    77.74%
        Req/Sec   151.79     70.09   484.00     66.21%
        Latency Distribution
        50%  178.04ms
        75%  277.43ms
        90%  397.73ms
        99%  652.29ms
        20000 requests in 26.00s, 3.03MB read
        Requests/sec:    769.23
        Transfer/sec:    119.44KB
        ------------------------------
        stop time: 16.365244
        stop time: 16.465126
        stop time: 16.789228
        stop time: 16.785980
        stop time: 16.557126
        stop time: 16.702428
        stop time: 16.643495
        stop time: 16.696508
        [run.sh] Checking the resource usage
        NAME                        CPU(cores)   MEMORY(bytes)
        service1-76b89695f7-swqsd   199m         11Mi
        service2-7bdbb95446-j5jb9   278m         9Mi
        [run.sh] Test finished with status 0
        > STDERR
        > No resources found in default namespace.
    [exp] Times: [16.365244, 16.465126, 16.789228, 16.78598, 16.557126, 16.702428, 16.643495, 16.696508]
    [exp] Throughput: 1202.9610736457657
[test.py] Running 7th slowdown exp
    [exp] Running (pre_run: False) workload synthetic/chain-d2-grpc-sync request with the following configuration: {'CLIENT_CPU_QUOTA': '2', 'SLOWPOKE_POKER_BATCH_THRESHOLD': '20000000', 'PROCESSING_TIME_SERVICE0': '0.0014149', 'PROCESSING_TIME_SERVICE1': '0.00090814', 'PROCESSING_TIME_SERVICE2': '0.00147751', 'SLOWPOKE_DELAY_MICROS_SERVICE0': '224.0', 'SLOWPOKE_POKER_BATCH_THRESHOLD_SERVICE0': '100', 'SLOWPOKE_IS_TARGET_SERVICE_SERVICE0': 'false', 'SLOWPOKE_DELAY_MICROS_SERVICE1': '224.0', 'SLOWPOKE_POKER_BATCH_THRESHOLD_SERVICE1': '100', 'SLOWPOKE_IS_TARGET_SERVICE_SERVICE1': 'false', 'SLOWPOKE_DELAY_MICROS_SERVICE2': '0.0', 'SLOWPOKE_POKER_BATCH_THRESHOLD_SERVICE2': '100', 'SLOWPOKE_IS_TARGET_SERVICE_SERVICE2': 'true'}
    [exp] Executing cmd `bash run.sh synthetic chain-d2-grpc-sync 8 256 20000`:
        [run.sh] Running benchmark synthetic with request chain-d2-grpc-sync, thread 8, conn 256, duration 60
        [run.sh] Deleting all services
        configmap "config-service0" deleted
        deployment.apps "service0" deleted
        service "service0" deleted
        configmap "config-service1" deleted
        deployment.apps "service1" deleted
        service "service1" deleted
        configmap "config-service2" deleted
        deployment.apps "service2" deleted
        service "service2" deleted
        deployment.apps "ubuntu-client" deleted
        [run.sh] Waiting for all pods to be deleted
        [run.sh] Deploying all services
        configmap/config-service0 created
        deployment.apps/service0 created
        service/service0 created
        configmap/config-service1 created
        deployment.apps/service1 created
        service/service1 created
        configmap/config-service2 created
        deployment.apps/service2 created
        service/service2 created
        [run.sh] Client pod not found, deploying client
        deployment.apps/ubuntu-client created
        [run.sh] Waiting for all pods to be running
        [run.sh] All pods are running
        [run.sh] Checking heartbeat for all services
        [run.sh] Running warmup test
        [run.sh] /wrk/wrk -t8 -c256 --timeout 3s -d3s -L http://service0:80/endpoint1
        Running 3s test @ http://service0:80/endpoint1
        8 threads and 256 connections
        Thread Stats   Avg      Stdev     Max   +/- Stdev
        Latency   260.30ms  167.06ms   1.15s    73.56%
        Req/Sec   121.51     57.55   280.00     63.39%
        Latency Distribution
        50%  209.68ms
        75%  359.17ms
        90%  495.64ms
        99%  776.24ms
        2756 requests in 3.02s, 427.93KB read
        Requests/sec:    913.13
        Transfer/sec:    141.78KB
        [run.sh] Speed is 913.13, duration is 32
        [run.sh] Fix the request number.
        [run.sh] Running the actual test
        [run.sh] /wrk/wrk --timeout 20s -t8 -c256 -d32s -L -s /wrk/fix_req_n.lua http://service0:80/endpoint1
        Running 32s test @ http://service0:80/endpoint1
        8 threads and 256 connections
        Thread Stats   Avg      Stdev     Max   +/- Stdev
        Latency   269.16ms  166.81ms   1.03s    75.33%
        Req/Sec   120.48     62.18   540.00     71.54%
        Latency Distribution
        50%  225.65ms
        75%  345.14ms
        90%  512.81ms
        99%  778.25ms
        20000 requests in 32.00s, 3.03MB read
        Requests/sec:    625.00
        Transfer/sec:     97.05KB
        ------------------------------
        stop time: 20.927229
        stop time: 21.245452
        stop time: 21.336976
        stop time: 20.920278
        stop time: 21.076059
        stop time: 20.756377
        stop time: 21.159475
        stop time: 21.178464
        [run.sh] Checking the resource usage
        NAME                             CPU(cores)   MEMORY(bytes)
        service0-65b8d76c67-j4wdd        1527m        30Mi
        service1-7d9c97cc57-56hds        1081m        12Mi
        service2-7bdbb95446-btqvp        1588m        11Mi
        ubuntu-client-76886f6bbd-cbkl4   34m          11Mi
        [run.sh] Test finished with status 0
        > STDERR
        > No resources found in default namespace.
    [exp] Times: [20.927229, 21.245452, 21.336976, 20.920278, 21.076059, 20.756377, 21.159475, 21.178464]
    [exp] Throughput: 948.9899514419635
[test.py] Finished running 7th optmization experiment: groundtruth->1202.9610736457657, slowdown->948.9899514419635, predicted->1205.549960213084, err->0.21520950461615573
[test.py] Running 8th optmization experiment
[test.py] Running 8th groundtruth exp
    [exp] Running (pre_run: False) workload synthetic/chain-d2-grpc-sync request with the following configuration: {'CLIENT_CPU_QUOTA': '2', 'SLOWPOKE_POKER_BATCH_THRESHOLD': '20000000', 'PROCESSING_TIME_SERVICE0': '0.0014149', 'PROCESSING_TIME_SERVICE1': '0.00090814', 'PROCESSING_TIME_SERVICE2': '0.001176', 'SLOWPOKE_DELAY_MICROS_SERVICE0': '0.0', 'SLOWPOKE_POKER_BATCH_THRESHOLD_SERVICE0': '100', 'SLOWPOKE_IS_TARGET_SERVICE_SERVICE0': 'false', 'SLOWPOKE_DELAY_MICROS_SERVICE1': '0.0', 'SLOWPOKE_POKER_BATCH_THRESHOLD_SERVICE1': '100', 'SLOWPOKE_IS_TARGET_SERVICE_SERVICE1': 'false', 'SLOWPOKE_DELAY_MICROS_SERVICE2': '0.0', 'SLOWPOKE_POKER_BATCH_THRESHOLD_SERVICE2': '100', 'SLOWPOKE_IS_TARGET_SERVICE_SERVICE2': 'true'}
    [exp] Executing cmd `bash run.sh synthetic chain-d2-grpc-sync 8 256 20000`:
        [run.sh] Running benchmark synthetic with request chain-d2-grpc-sync, thread 8, conn 256, duration 60
        [run.sh] Deleting all services
        configmap "config-service0" deleted
        deployment.apps "service0" deleted
        service "service0" deleted
        configmap "config-service1" deleted
        deployment.apps "service1" deleted
        service "service1" deleted
        configmap "config-service2" deleted
        deployment.apps "service2" deleted
        service "service2" deleted
        deployment.apps "ubuntu-client" deleted
        [run.sh] Waiting for all pods to be deleted
        [run.sh] Deploying all services
        configmap/config-service0 created
        deployment.apps/service0 created
        service/service0 created
        configmap/config-service1 created
        deployment.apps/service1 created
        service/service1 created
        configmap/config-service2 created
        deployment.apps/service2 created
        service/service2 created
        [run.sh] Client pod not found, deploying client
        deployment.apps/ubuntu-client created
        [run.sh] Waiting for all pods to be running
        [run.sh] All pods are running
        [run.sh] Checking heartbeat for all services
        [run.sh] Running warmup test
        [run.sh] /wrk/wrk -t8 -c256 --timeout 3s -d3s -L http://service0:80/endpoint1
        Running 3s test @ http://service0:80/endpoint1
        8 threads and 256 connections
        Thread Stats   Avg      Stdev     Max   +/- Stdev
        Latency   224.75ms  141.14ms 922.59ms   70.19%
        Req/Sec   144.30     58.00   320.00     70.98%
        Latency Distribution
        50%  180.35ms
        75%  311.03ms
        90%  436.84ms
        99%  598.14ms
        3235 requests in 3.02s, 502.31KB read
        Requests/sec:   1070.95
        Transfer/sec:    166.29KB
        [run.sh] Speed is 1070.95, duration is 28
        [run.sh] Fix the request number.
        [run.sh] Running the actual test
        [run.sh] /wrk/wrk --timeout 20s -t8 -c256 -d28s -L -s /wrk/fix_req_n.lua http://service0:80/endpoint1
        Running 28s test @ http://service0:80/endpoint1
        8 threads and 256 connections
        Thread Stats   Avg      Stdev     Max   +/- Stdev
        Latency   215.86ms  145.47ms   1.17s    80.74%
        Req/Sec   150.50     60.20   360.00     65.27%
        Latency Distribution
        50%  175.17ms
        75%  262.97ms
        90%  401.93ms
        99%  772.75ms
        20000 requests in 28.00s, 3.03MB read
        Requests/sec:    714.28
        Transfer/sec:    110.91KB
        ------------------------------
        stop time: 16.463200
        stop time: 16.545287
        stop time: 16.731057
        stop time: 16.816351
        stop time: 16.557784
        stop time: 16.726746
        stop time: 16.830983
        stop time: 16.710602
        [run.sh] Checking the resource usage
        [run.sh] Test finished with status 0
        > STDERR
        > No resources found in default namespace.
        > error: metrics not available yet
    [exp] Times: [16.4632, 16.545287, 16.731057, 16.816351, 16.557784, 16.726746, 16.830983, 16.710602]
    [exp] Throughput: 1199.5620698773394
[test.py] Running 8th slowdown exp
    [exp] Running (pre_run: False) workload synthetic/chain-d2-grpc-sync request with the following configuration: {'CLIENT_CPU_QUOTA': '2', 'SLOWPOKE_POKER_BATCH_THRESHOLD': '20000000', 'PROCESSING_TIME_SERVICE0': '0.0014149', 'PROCESSING_TIME_SERVICE1': '0.00090814', 'PROCESSING_TIME_SERVICE2': '0.00147751', 'SLOWPOKE_DELAY_MICROS_SERVICE0': '150.5', 'SLOWPOKE_POKER_BATCH_THRESHOLD_SERVICE0': '100', 'SLOWPOKE_IS_TARGET_SERVICE_SERVICE0': 'false', 'SLOWPOKE_DELAY_MICROS_SERVICE1': '150.5', 'SLOWPOKE_POKER_BATCH_THRESHOLD_SERVICE1': '100', 'SLOWPOKE_IS_TARGET_SERVICE_SERVICE1': 'false', 'SLOWPOKE_DELAY_MICROS_SERVICE2': '0.0', 'SLOWPOKE_POKER_BATCH_THRESHOLD_SERVICE2': '100', 'SLOWPOKE_IS_TARGET_SERVICE_SERVICE2': 'true'}
    [exp] Executing cmd `bash run.sh synthetic chain-d2-grpc-sync 8 256 20000`:
        [run.sh] Running benchmark synthetic with request chain-d2-grpc-sync, thread 8, conn 256, duration 60
        [run.sh] Deleting all services
        configmap "config-service0" deleted
        deployment.apps "service0" deleted
        service "service0" deleted
        configmap "config-service1" deleted
        deployment.apps "service1" deleted
        service "service1" deleted
        configmap "config-service2" deleted
        deployment.apps "service2" deleted
        service "service2" deleted
        deployment.apps "ubuntu-client" deleted
        [run.sh] Waiting for all pods to be deleted
        [run.sh] Deploying all services
        configmap/config-service0 created
        deployment.apps/service0 created
        service/service0 created
        configmap/config-service1 created
        deployment.apps/service1 created
        service/service1 created
        configmap/config-service2 created
        deployment.apps/service2 created
        service/service2 created
        [run.sh] Client pod not found, deploying client
        deployment.apps/ubuntu-client created
        [run.sh] Waiting for all pods to be running
        [run.sh] All pods are running
        [run.sh] Checking heartbeat for all services
        [run.sh] Running warmup test
        [run.sh] /wrk/wrk -t8 -c256 --timeout 3s -d3s -L http://service0:80/endpoint1
        Running 3s test @ http://service0:80/endpoint1
        8 threads and 256 connections
        Thread Stats   Avg      Stdev     Max   +/- Stdev
        Latency   257.00ms  161.76ms   1.22s    78.20%
        Req/Sec   130.93     58.97   310.00     67.86%
        Latency Distribution
        50%  219.02ms
        75%  326.58ms
        90%  441.13ms
        99%  848.56ms
        2968 requests in 3.02s, 460.85KB read
        Requests/sec:    982.32
        Transfer/sec:    152.53KB
        [run.sh] Speed is 982.32, duration is 30
        [run.sh] Fix the request number.
        [run.sh] Running the actual test
        [run.sh] /wrk/wrk --timeout 20s -t8 -c256 -d30s -L -s /wrk/fix_req_n.lua http://service0:80/endpoint1
        Running 30s test @ http://service0:80/endpoint1
        8 threads and 256 connections
        Thread Stats   Avg      Stdev     Max   +/- Stdev
        Latency   250.14ms  158.07ms   1.10s    76.00%
        Req/Sec   129.10     55.80   310.00     68.15%
        Latency Distribution
        50%  204.66ms
        75%  321.11ms
        90%  474.43ms
        99%  767.97ms
        20000 requests in 30.00s, 3.03MB read
        Requests/sec:    666.66
        Transfer/sec:    103.52KB
        ------------------------------
        stop time: 19.599866
        stop time: 19.603842
        stop time: 19.414343
        stop time: 19.536208
        stop time: 19.212798
        stop time: 19.403428
        stop time: 19.589562
        stop time: 19.581573
        [run.sh] Checking the resource usage
        NAME                             CPU(cores)   MEMORY(bytes)
        service0-64c757c65d-cltnh        1031m        28Mi
        service1-5bd594ff6-bk5wl         1179m        11Mi
        service2-7bdbb95446-wbh2n        384m         11Mi
        ubuntu-client-76886f6bbd-fchpr   30m          11Mi
        [run.sh] Test finished with status 0
        > STDERR
        > No resources found in default namespace.
    [exp] Times: [19.599866, 19.603842, 19.414343, 19.536208, 19.212798, 19.403428, 19.589562, 19.581573]
    [exp] Throughput: 1026.0249957644405
[test.py] Finished running 8th optmization experiment: groundtruth->1199.5620698773394, slowdown->1026.0249957644405, predicted->1213.7688113304105, err->1.1843273316005916
[test.py] Running 9th optmization experiment
[test.py] Running 9th groundtruth exp
    [exp] Running (pre_run: False) workload synthetic/chain-d2-grpc-sync request with the following configuration: {'CLIENT_CPU_QUOTA': '2', 'SLOWPOKE_POKER_BATCH_THRESHOLD': '20000000', 'PROCESSING_TIME_SERVICE0': '0.0014149', 'PROCESSING_TIME_SERVICE1': '0.00090814', 'PROCESSING_TIME_SERVICE2': '0.001323', 'SLOWPOKE_DELAY_MICROS_SERVICE0': '0.0', 'SLOWPOKE_POKER_BATCH_THRESHOLD_SERVICE0': '100', 'SLOWPOKE_IS_TARGET_SERVICE_SERVICE0': 'false', 'SLOWPOKE_DELAY_MICROS_SERVICE1': '0.0', 'SLOWPOKE_POKER_BATCH_THRESHOLD_SERVICE1': '100', 'SLOWPOKE_IS_TARGET_SERVICE_SERVICE1': 'false', 'SLOWPOKE_DELAY_MICROS_SERVICE2': '0.0', 'SLOWPOKE_POKER_BATCH_THRESHOLD_SERVICE2': '100', 'SLOWPOKE_IS_TARGET_SERVICE_SERVICE2': 'true'}
    [exp] Executing cmd `bash run.sh synthetic chain-d2-grpc-sync 8 256 20000`:
        [run.sh] Running benchmark synthetic with request chain-d2-grpc-sync, thread 8, conn 256, duration 60
        [run.sh] Deleting all services
        configmap "config-service0" deleted
        deployment.apps "service0" deleted
        service "service0" deleted
        configmap "config-service1" deleted
        deployment.apps "service1" deleted
        service "service1" deleted
        configmap "config-service2" deleted
        deployment.apps "service2" deleted
        service "service2" deleted
        deployment.apps "ubuntu-client" deleted
        [run.sh] Waiting for all pods to be deleted
        [run.sh] Deploying all services
        configmap/config-service0 created
        deployment.apps/service0 created
        service/service0 created
        configmap/config-service1 created
        deployment.apps/service1 created
        service/service1 created
        configmap/config-service2 created
        deployment.apps/service2 created
        service/service2 created
        [run.sh] Client pod not found, deploying client
        deployment.apps/ubuntu-client created
        [run.sh] Waiting for all pods to be running
        [run.sh] All pods are running
        [run.sh] Checking heartbeat for all services
        [run.sh] Running warmup test
        [run.sh] /wrk/wrk -t8 -c256 --timeout 3s -d3s -L http://service0:80/endpoint1
        Running 3s test @ http://service0:80/endpoint1
        8 threads and 256 connections
        Thread Stats   Avg      Stdev     Max   +/- Stdev
        Latency   229.48ms  136.99ms 890.53ms   71.57%
        Req/Sec   152.02     58.20   313.00     69.48%
        Latency Distribution
        50%  202.04ms
        75%  306.59ms
        90%  411.94ms
        99%  683.29ms
        3392 requests in 3.02s, 526.69KB read
        Requests/sec:   1124.72
        Transfer/sec:    174.64KB
        [run.sh] Speed is 1124.72, duration is 26
        [run.sh] Fix the request number.
        [run.sh] Running the actual test
        [run.sh] /wrk/wrk --timeout 20s -t8 -c256 -d26s -L -s /wrk/fix_req_n.lua http://service0:80/endpoint1
        Running 26s test @ http://service0:80/endpoint1
        8 threads and 256 connections
        Thread Stats   Avg      Stdev     Max   +/- Stdev
        Latency   215.79ms  142.32ms   1.34s    78.91%
        Req/Sec   150.70     61.56   360.00     70.27%
        Latency Distribution
        50%  177.25ms
        75%  276.23ms
        90%  400.01ms
        99%  727.45ms
        20000 requests in 26.00s, 3.03MB read
        Requests/sec:    769.23
        Transfer/sec:    119.44KB
        ------------------------------
        stop time: 16.439422
        stop time: 16.747913
        stop time: 16.282161
        stop time: 16.863140
        stop time: 16.881251
        stop time: 16.626666
        stop time: 16.806718
        stop time: 16.618414
        [run.sh] Checking the resource usage
        [run.sh] Test finished with status 0
        > STDERR
        > No resources found in default namespace.
        > error: metrics not available yet
    [exp] Times: [16.439422, 16.747913, 16.282161, 16.86314, 16.881251, 16.626666, 16.806718, 16.618414]
    [exp] Throughput: 1200.6091440568514
[test.py] Running 9th slowdown exp
    [exp] Running (pre_run: False) workload synthetic/chain-d2-grpc-sync request with the following configuration: {'CLIENT_CPU_QUOTA': '2', 'SLOWPOKE_POKER_BATCH_THRESHOLD': '20000000', 'PROCESSING_TIME_SERVICE0': '0.0014149', 'PROCESSING_TIME_SERVICE1': '0.00090814', 'PROCESSING_TIME_SERVICE2': '0.00147751', 'SLOWPOKE_DELAY_MICROS_SERVICE0': '77.0', 'SLOWPOKE_POKER_BATCH_THRESHOLD_SERVICE0': '100', 'SLOWPOKE_IS_TARGET_SERVICE_SERVICE0': 'false', 'SLOWPOKE_DELAY_MICROS_SERVICE1': '77.0', 'SLOWPOKE_POKER_BATCH_THRESHOLD_SERVICE1': '100', 'SLOWPOKE_IS_TARGET_SERVICE_SERVICE1': 'false', 'SLOWPOKE_DELAY_MICROS_SERVICE2': '0.0', 'SLOWPOKE_POKER_BATCH_THRESHOLD_SERVICE2': '100', 'SLOWPOKE_IS_TARGET_SERVICE_SERVICE2': 'true'}
    [exp] Executing cmd `bash run.sh synthetic chain-d2-grpc-sync 8 256 20000`:
        [run.sh] Running benchmark synthetic with request chain-d2-grpc-sync, thread 8, conn 256, duration 60
        [run.sh] Deleting all services
        configmap "config-service0" deleted
        deployment.apps "service0" deleted
        service "service0" deleted
        configmap "config-service1" deleted
        deployment.apps "service1" deleted
        service "service1" deleted
        configmap "config-service2" deleted
        deployment.apps "service2" deleted
        service "service2" deleted
        deployment.apps "ubuntu-client" deleted
        [run.sh] Waiting for all pods to be deleted
        [run.sh] Deploying all services
        configmap/config-service0 created
        deployment.apps/service0 created
        service/service0 created
        configmap/config-service1 created
        deployment.apps/service1 created
        service/service1 created
        configmap/config-service2 created
        deployment.apps/service2 created
        service/service2 created
        [run.sh] Client pod not found, deploying client
        deployment.apps/ubuntu-client created
        [run.sh] Waiting for all pods to be running
        [run.sh] All pods are running
        [run.sh] Checking heartbeat for all services
        [run.sh] Running warmup test
        [run.sh] /wrk/wrk -t8 -c256 --timeout 3s -d3s -L http://service0:80/endpoint1
        Running 3s test @ http://service0:80/endpoint1
        8 threads and 256 connections
        Thread Stats   Avg      Stdev     Max   +/- Stdev
        Latency   233.21ms  127.59ms 960.04ms   70.11%
        Req/Sec   131.51     57.29   313.00     62.01%
        Latency Distribution
        50%  198.77ms
        75%  309.44ms
        90%  414.80ms
        99%  598.85ms
        3038 requests in 3.02s, 471.72KB read
        Requests/sec:   1005.54
        Transfer/sec:    156.13KB
        [run.sh] Speed is 1005.54, duration is 29
        [run.sh] Fix the request number.
        [run.sh] Running the actual test
        [run.sh] /wrk/wrk --timeout 20s -t8 -c256 -d29s -L -s /wrk/fix_req_n.lua http://service0:80/endpoint1
        Running 29s test @ http://service0:80/endpoint1
        8 threads and 256 connections
        Thread Stats   Avg      Stdev     Max   +/- Stdev
        Latency   228.82ms  136.19ms   1.13s    74.92%
        Req/Sec   139.98     54.29   333.00     70.44%
        Latency Distribution
        50%  195.68ms
        75%  290.95ms
        90%  424.01ms
        99%  662.27ms
        20001 requests in 29.00s, 3.03MB read
        Requests/sec:    689.69
        Transfer/sec:    107.09KB
        ------------------------------
        stop time: 17.625130
        stop time: 17.853802
        stop time: 18.023311
        stop time: 17.780979
        stop time: 18.043130
        stop time: 18.089083
        stop time: 18.127529
        stop time: 17.828380
        [run.sh] Checking the resource usage
        NAME                             CPU(cores)   MEMORY(bytes)
        service0-84b45db649-6hk9s        217m         28Mi
        service1-79897c79c5-dvd2t        374m         11Mi
        service2-7bdbb95446-xpnbb        470m         13Mi
        ubuntu-client-76886f6bbd-4j2kw   9m           9Mi
        [run.sh] Test finished with status 0
        > STDERR
        > No resources found in default namespace.
    [exp] Times: [17.62513, 17.853802, 18.023311, 17.780979, 18.04313, 18.089083, 18.127529, 17.82838]
    [exp] Throughput: 1115.9831214248784
[test.py] Finished running 9th optmization experiment: groundtruth->1200.6091440568514, slowdown->1115.9831214248784, predicted->1221.2757470879596, err->1.7213431309773237
[test.py] Baseline throughput:  1162.7291304909538
[test.py] Groundtruth:  [1201.570458597239, 1212.8162385178991, 1203.4241659591723, 1190.9023456652712, 1193.5858457190182, 1190.265945583719, 1206.1557303546595, 1202.9610736457657, 1199.5620698773394, 1200.6091440568514]
[test.py] Slowdown:  [632.8507108337398, 675.6102287878456, 709.7482682585846, 741.6282878276628, 793.645971149233, 840.6826511263677, 891.1845555488562, 948.9899514419635, 1026.0249957644405, 1115.9831214248784]
[test.py] Predicted:  [1188.5003087129555, 1227.161950457033, 1223.697763784114, 1204.6314979168799, 1226.613605406453, 1222.1136577922884, 1213.0813384305495, 1205.549960213084, 1213.7688113304105, 1221.2757470879596]
[test.py] Error percentage:  [-1.0877555944194919, 1.1828429966162772, 1.6846593577238664, 1.1528361079798823, 2.7671038330333775, 2.675680365949726, 0.5741885480951663, 0.21520950461615573, 1.1843273316005916, 1.7213431309773237]
[test.py] >>>>>>>>>>>>>>>>>>>>>>>>>>>>> Running experiment 4...
[test.py] Actual processing time range: [0, 147, 294, 441, 588, 735, 882, 1029, 1176, 1323]
[test.py] Running baseline experiment
    [exp] Running (pre_run: False) workload synthetic/chain-d2-grpc-sync request with the following configuration: {'CLIENT_CPU_QUOTA': '2', 'SLOWPOKE_POKER_BATCH_THRESHOLD': '20000000', 'PROCESSING_TIME_SERVICE0': '0.0014149', 'PROCESSING_TIME_SERVICE1': '0.00090814', 'PROCESSING_TIME_SERVICE2': '0.00147751', 'SLOWPOKE_DELAY_MICROS_SERVICE0': '0.0', 'SLOWPOKE_POKER_BATCH_THRESHOLD_SERVICE0': '100', 'SLOWPOKE_IS_TARGET_SERVICE_SERVICE0': 'false', 'SLOWPOKE_DELAY_MICROS_SERVICE1': '0.0', 'SLOWPOKE_POKER_BATCH_THRESHOLD_SERVICE1': '100', 'SLOWPOKE_IS_TARGET_SERVICE_SERVICE1': 'false', 'SLOWPOKE_DELAY_MICROS_SERVICE2': '0.0', 'SLOWPOKE_POKER_BATCH_THRESHOLD_SERVICE2': '100', 'SLOWPOKE_IS_TARGET_SERVICE_SERVICE2': 'true'}
    [exp] Executing cmd `bash run.sh synthetic chain-d2-grpc-sync 8 256 20000`:
        [run.sh] Running benchmark synthetic with request chain-d2-grpc-sync, thread 8, conn 256, duration 60
        [run.sh] Deleting all services
        configmap "config-service0" deleted
        deployment.apps "service0" deleted
        service "service0" deleted
        configmap "config-service1" deleted
        deployment.apps "service1" deleted
        service "service1" deleted
        configmap "config-service2" deleted
        deployment.apps "service2" deleted
        service "service2" deleted
        deployment.apps "ubuntu-client" deleted
        [run.sh] Waiting for all pods to be deleted
        [run.sh] Deploying all services
        configmap/config-service0 created
        deployment.apps/service0 created
        service/service0 created
        configmap/config-service1 created
        deployment.apps/service1 created
        service/service1 created
        configmap/config-service2 created
        deployment.apps/service2 created
        service/service2 created
        [run.sh] Client pod not found, deploying client
        deployment.apps/ubuntu-client created
        [run.sh] Waiting for all pods to be running
        [run.sh] All pods are running
        [run.sh] Checking heartbeat for all services
        [run.sh] Running warmup test
        [run.sh] /wrk/wrk -t8 -c256 --timeout 3s -d3s -L http://service0:80/endpoint1
        Running 3s test @ http://service0:80/endpoint1
        8 threads and 256 connections
        Thread Stats   Avg      Stdev     Max   +/- Stdev
        Latency   247.43ms  197.96ms   1.34s    79.67%
        Req/Sec   144.14     47.00   272.00     78.03%
        Latency Distribution
        50%  170.49ms
        75%  347.90ms
        90%  533.45ms
        99%  918.23ms
        3230 requests in 3.03s, 501.53KB read
        Requests/sec:   1067.15
        Transfer/sec:    165.70KB
        [run.sh] Speed is 1067.15, duration is 28
        [run.sh] Fix the request number.
        [run.sh] Running the actual test
        [run.sh] /wrk/wrk --timeout 20s -t8 -c256 -d28s -L -s /wrk/fix_req_n.lua http://service0:80/endpoint1
        Running 28s test @ http://service0:80/endpoint1
        8 threads and 256 connections
        Thread Stats   Avg      Stdev     Max   +/- Stdev
        Latency   223.04ms  146.76ms   1.10s    73.83%
        Req/Sec   143.84     51.32   390.00     72.01%
        Latency Distribution
        50%  182.13ms
        75%  299.06ms
        90%  431.00ms
        99%  678.18ms
        20000 requests in 28.00s, 3.03MB read
        Requests/sec:    714.28
        Transfer/sec:    110.91KB
        ------------------------------
        stop time: 17.513546
        stop time: 17.561445
        stop time: 17.630086
        stop time: 17.626926
        stop time: 17.393281
        stop time: 17.414987
        stop time: 17.494412
        stop time: 17.725341
        [run.sh] Checking the resource usage
        NAME                             CPU(cores)   MEMORY(bytes)
        service0-6fb7cc7c7f-82xdk        1m           30Mi
        service1-76b89695f7-687lx        466m         15Mi
        service2-7bdbb95446-cfdp2        548m         14Mi
        ubuntu-client-76886f6bbd-62rqw   2m           0Mi
        [run.sh] Test finished with status 0
        > STDERR
        > No resources found in default namespace.
    [exp] Times: [17.513546, 17.561445, 17.630086, 17.626926, 17.393281, 17.414987, 17.494412, 17.725341]
    [exp] Throughput: 1139.92570990156
[test.py] Baseline throughput: 1139.92570990156
[test.py] Running 0th optmization experiment
[test.py] Running 0th groundtruth exp
    [exp] Running (pre_run: False) workload synthetic/chain-d2-grpc-sync request with the following configuration: {'CLIENT_CPU_QUOTA': '2', 'SLOWPOKE_POKER_BATCH_THRESHOLD': '20000000', 'PROCESSING_TIME_SERVICE0': '0.0014149', 'PROCESSING_TIME_SERVICE1': '0.00090814', 'PROCESSING_TIME_SERVICE2': '0.0', 'SLOWPOKE_DELAY_MICROS_SERVICE0': '0.0', 'SLOWPOKE_POKER_BATCH_THRESHOLD_SERVICE0': '100', 'SLOWPOKE_IS_TARGET_SERVICE_SERVICE0': 'false', 'SLOWPOKE_DELAY_MICROS_SERVICE1': '0.0', 'SLOWPOKE_POKER_BATCH_THRESHOLD_SERVICE1': '100', 'SLOWPOKE_IS_TARGET_SERVICE_SERVICE1': 'false', 'SLOWPOKE_DELAY_MICROS_SERVICE2': '0.0', 'SLOWPOKE_POKER_BATCH_THRESHOLD_SERVICE2': '100', 'SLOWPOKE_IS_TARGET_SERVICE_SERVICE2': 'true'}
    [exp] Executing cmd `bash run.sh synthetic chain-d2-grpc-sync 8 256 20000`:
        [run.sh] Running benchmark synthetic with request chain-d2-grpc-sync, thread 8, conn 256, duration 60
        [run.sh] Deleting all services
        configmap "config-service0" deleted
        deployment.apps "service0" deleted
        service "service0" deleted
        configmap "config-service1" deleted
        deployment.apps "service1" deleted
        service "service1" deleted
        configmap "config-service2" deleted
        deployment.apps "service2" deleted
        service "service2" deleted
        deployment.apps "ubuntu-client" deleted
        [run.sh] Waiting for all pods to be deleted
        [run.sh] Deploying all services
        configmap/config-service0 created
        deployment.apps/service0 created
        service/service0 created
        configmap/config-service1 created
        deployment.apps/service1 created
        service/service1 created
        configmap/config-service2 created
        deployment.apps/service2 created
        service/service2 created
        [run.sh] Client pod not found, deploying client
        deployment.apps/ubuntu-client created
        [run.sh] Waiting for all pods to be running
        [run.sh] All pods are running
        [run.sh] Checking heartbeat for all services
        [run.sh] Running warmup test
        [run.sh] /wrk/wrk -t8 -c256 --timeout 3s -d3s -L http://service0:80/endpoint1
        Running 3s test @ http://service0:80/endpoint1
        8 threads and 256 connections
        Thread Stats   Avg      Stdev     Max   +/- Stdev
        Latency   237.98ms  185.41ms   1.10s    78.39%
        Req/Sec   147.94     76.33   350.00     60.65%
        Latency Distribution
        50%  169.51ms
        75%  349.70ms
        90%  491.64ms
        99%  844.19ms
        3297 requests in 3.01s, 511.94KB read
        Requests/sec:   1093.64
        Transfer/sec:    169.81KB
        [run.sh] Speed is 1093.64, duration is 27
        [run.sh] Fix the request number.
        [run.sh] Running the actual test
        [run.sh] /wrk/wrk --timeout 20s -t8 -c256 -d27s -L -s /wrk/fix_req_n.lua http://service0:80/endpoint1
        Running 27s test @ http://service0:80/endpoint1
        8 threads and 256 connections
        Thread Stats   Avg      Stdev     Max   +/- Stdev
        Latency   221.58ms  170.81ms   1.91s    83.40%
        Req/Sec   150.12     71.85   400.00     68.59%
        Latency Distribution
        50%  172.32ms
        75%  278.17ms
        90%  424.63ms
        99%  866.07ms
        20000 requests in 27.00s, 3.03MB read
        Requests/sec:    740.74
        Transfer/sec:    115.02KB
        ------------------------------
        stop time: 16.467831
        stop time: 16.584461
        stop time: 16.903970
        stop time: 16.885394
        stop time: 16.904869
        stop time: 16.904454
        stop time: 16.751470
        stop time: 16.867213
        [run.sh] Checking the resource usage
        NAME                             CPU(cores)   MEMORY(bytes)
        service0-6fb7cc7c7f-n8lts        523m         28Mi
        service1-76b89695f7-f8x95        405m         11Mi
        service2-7bdbb95446-fb9jf        65m          8Mi
        ubuntu-client-76886f6bbd-4xxtd   13m          7Mi
        [run.sh] Test finished with status 0
        > STDERR
        > No resources found in default namespace.
    [exp] Times: [16.467831, 16.584461, 16.90397, 16.885394, 16.904869, 16.904454, 16.75147, 16.867213]
    [exp] Throughput: 1191.6318073400676
[test.py] Running 0th slowdown exp
    [exp] Running (pre_run: False) workload synthetic/chain-d2-grpc-sync request with the following configuration: {'CLIENT_CPU_QUOTA': '2', 'SLOWPOKE_POKER_BATCH_THRESHOLD': '20000000', 'PROCESSING_TIME_SERVICE0': '0.0014149', 'PROCESSING_TIME_SERVICE1': '0.00090814', 'PROCESSING_TIME_SERVICE2': '0.00147751', 'SLOWPOKE_DELAY_MICROS_SERVICE0': '738.5', 'SLOWPOKE_POKER_BATCH_THRESHOLD_SERVICE0': '100', 'SLOWPOKE_IS_TARGET_SERVICE_SERVICE0': 'false', 'SLOWPOKE_DELAY_MICROS_SERVICE1': '738.5', 'SLOWPOKE_POKER_BATCH_THRESHOLD_SERVICE1': '100', 'SLOWPOKE_IS_TARGET_SERVICE_SERVICE1': 'false', 'SLOWPOKE_DELAY_MICROS_SERVICE2': '0.0', 'SLOWPOKE_POKER_BATCH_THRESHOLD_SERVICE2': '100', 'SLOWPOKE_IS_TARGET_SERVICE_SERVICE2': 'true'}
    [exp] Executing cmd `bash run.sh synthetic chain-d2-grpc-sync 8 256 20000`:
        [run.sh] Running benchmark synthetic with request chain-d2-grpc-sync, thread 8, conn 256, duration 60
        [run.sh] Deleting all services
        configmap "config-service0" deleted
        deployment.apps "service0" deleted
        service "service0" deleted
        configmap "config-service1" deleted
        deployment.apps "service1" deleted
        service "service1" deleted
        configmap "config-service2" deleted
        deployment.apps "service2" deleted
        service "service2" deleted
        deployment.apps "ubuntu-client" deleted
        [run.sh] Waiting for all pods to be deleted
        [run.sh] Deploying all services
        configmap/config-service0 created
        deployment.apps/service0 created
        service/service0 created
        configmap/config-service1 created
        deployment.apps/service1 created
        service/service1 created
        configmap/config-service2 created
        deployment.apps/service2 created
        service/service2 created
        [run.sh] Client pod not found, deploying client
        deployment.apps/ubuntu-client created
        [run.sh] Waiting for all pods to be running
        [run.sh] All pods are running
        [run.sh] Checking heartbeat for all services
        [run.sh] Running warmup test
        [run.sh] /wrk/wrk -t8 -c256 --timeout 3s -d3s -L http://service0:80/endpoint1
        Running 3s test @ http://service0:80/endpoint1
        8 threads and 256 connections
        Thread Stats   Avg      Stdev     Max   +/- Stdev
        Latency   431.17ms  198.32ms   1.16s    61.97%
        Req/Sec    77.73     57.31   303.00     73.71%
        Latency Distribution
        50%  396.23ms
        75%  597.61ms
        90%  723.61ms
        99%  838.71ms
        1635 requests in 3.03s, 253.87KB read
        Requests/sec:    540.30
        Transfer/sec:     83.89KB
        [run.sh] Speed is 540.30, duration is 55
        [run.sh] Fix the request number.
        [run.sh] Running the actual test
        [run.sh] /wrk/wrk --timeout 20s -t8 -c256 -d55s -L -s /wrk/fix_req_n.lua http://service0:80/endpoint1
        [run.sh] Checking the resource usage
        NAME                             CPU(cores)   MEMORY(bytes)
        service0-6846bf7d94-f5f7z        1020m        29Mi
        service1-566b685748-22s7p        723m         12Mi
        service2-7bdbb95446-47drp        1061m        10Mi
        ubuntu-client-76886f6bbd-mg5dt   24m          14Mi
        Running 1m test @ http://service0:80/endpoint1
        8 threads and 256 connections
        Thread Stats   Avg      Stdev     Max   +/- Stdev
        Latency   402.22ms  238.66ms   2.03s    78.00%
        Req/Sec    83.08     50.51   292.00     65.56%
        Latency Distribution
        50%  347.05ms
        75%  501.84ms
        90%  704.41ms
        99%    1.27s
        20000 requests in 0.92m, 3.03MB read
        Requests/sec:    363.64
        Transfer/sec:     56.46KB
        ------------------------------
        stop time: 31.312066
        stop time: 31.093021
        stop time: 31.625117
        stop time: 31.235094
        stop time: 31.593916
        stop time: 31.707527
        stop time: 31.582180
        stop time: 31.706014
        [run.sh] Test finished with status 0
        > STDERR
        > No resources found in default namespace.
    [exp] Times: [31.312066, 31.093021, 31.625117, 31.235094, 31.593916, 31.707527, 31.58218, 31.706014]
    [exp] Throughput: 635.2863405277327
[test.py] Finished running 0th optmization experiment: groundtruth->1191.6318073400676, slowdown->635.2863405277327, predicted->1197.1197150017094, err->0.46053719175991636
[test.py] Running 1th optmization experiment
[test.py] Running 1th groundtruth exp
    [exp] Running (pre_run: False) workload synthetic/chain-d2-grpc-sync request with the following configuration: {'CLIENT_CPU_QUOTA': '2', 'SLOWPOKE_POKER_BATCH_THRESHOLD': '20000000', 'PROCESSING_TIME_SERVICE0': '0.0014149', 'PROCESSING_TIME_SERVICE1': '0.00090814', 'PROCESSING_TIME_SERVICE2': '0.000147', 'SLOWPOKE_DELAY_MICROS_SERVICE0': '0.0', 'SLOWPOKE_POKER_BATCH_THRESHOLD_SERVICE0': '100', 'SLOWPOKE_IS_TARGET_SERVICE_SERVICE0': 'false', 'SLOWPOKE_DELAY_MICROS_SERVICE1': '0.0', 'SLOWPOKE_POKER_BATCH_THRESHOLD_SERVICE1': '100', 'SLOWPOKE_IS_TARGET_SERVICE_SERVICE1': 'false', 'SLOWPOKE_DELAY_MICROS_SERVICE2': '0.0', 'SLOWPOKE_POKER_BATCH_THRESHOLD_SERVICE2': '100', 'SLOWPOKE_IS_TARGET_SERVICE_SERVICE2': 'true'}
    [exp] Executing cmd `bash run.sh synthetic chain-d2-grpc-sync 8 256 20000`:
        [run.sh] Running benchmark synthetic with request chain-d2-grpc-sync, thread 8, conn 256, duration 60
        [run.sh] Deleting all services
        configmap "config-service0" deleted
        deployment.apps "service0" deleted
        service "service0" deleted
        configmap "config-service1" deleted
        deployment.apps "service1" deleted
        service "service1" deleted
        configmap "config-service2" deleted
        deployment.apps "service2" deleted
        service "service2" deleted
        deployment.apps "ubuntu-client" deleted
        [run.sh] Waiting for all pods to be deleted
        [run.sh] Deploying all services
        configmap/config-service0 created
        deployment.apps/service0 created
        service/service0 created
        configmap/config-service1 created
        deployment.apps/service1 created
        service/service1 created
        configmap/config-service2 created
        deployment.apps/service2 created
        service/service2 created
        [run.sh] Client pod not found, deploying client
        deployment.apps/ubuntu-client created
        [run.sh] Waiting for all pods to be running
        [run.sh] All pods are running
        [run.sh] Checking heartbeat for all services
        [run.sh] Running warmup test
        [run.sh] /wrk/wrk -t8 -c256 --timeout 3s -d3s -L http://service0:80/endpoint1
        Running 3s test @ http://service0:80/endpoint1
        8 threads and 256 connections
        Thread Stats   Avg      Stdev     Max   +/- Stdev
        Latency   226.83ms  146.59ms   1.21s    71.91%
        Req/Sec   149.78     70.42   383.00     70.37%
        Latency Distribution
        50%  188.60ms
        75%  301.43ms
        90%  417.95ms
        99%  669.71ms
        3289 requests in 3.02s, 510.69KB read
        Requests/sec:   1089.19
        Transfer/sec:    169.12KB
        [run.sh] Speed is 1089.19, duration is 27
        [run.sh] Fix the request number.
        [run.sh] Running the actual test
        [run.sh] /wrk/wrk --timeout 20s -t8 -c256 -d27s -L -s /wrk/fix_req_n.lua http://service0:80/endpoint1
        Running 27s test @ http://service0:80/endpoint1
        8 threads and 256 connections
        Thread Stats   Avg      Stdev     Max   +/- Stdev
        Latency   214.04ms  138.47ms   1.09s    74.21%
        Req/Sec   150.66     77.49   460.00     64.09%
        Latency Distribution
        50%  180.54ms
        75%  276.86ms
        90%  403.42ms
        99%  648.92ms
        20000 requests in 27.00s, 3.03MB read
        Requests/sec:    740.74
        Transfer/sec:    115.02KB
        ------------------------------
        stop time: 16.271305
        stop time: 16.514090
        stop time: 16.407698
        stop time: 16.730906
        stop time: 16.895554
        stop time: 16.721935
        stop time: 16.903588
        stop time: 16.959581
        [run.sh] Checking the resource usage
        NAME                             CPU(cores)   MEMORY(bytes)
        service0-6fb7cc7c7f-hqnjh        1m           29Mi
        service1-76b89695f7-b9q94        0m           12Mi
        service2-7bdbb95446-9dkzh        0m           9Mi
        ubuntu-client-76886f6bbd-v9dtq   2m           0Mi
        [run.sh] Test finished with status 0
        > STDERR
        > No resources found in default namespace.
    [exp] Times: [16.271305, 16.51409, 16.407698, 16.730906, 16.895554, 16.721935, 16.903588, 16.959581]
    [exp] Throughput: 1199.3584301933327
[test.py] Running 1th slowdown exp
    [exp] Running (pre_run: False) workload synthetic/chain-d2-grpc-sync request with the following configuration: {'CLIENT_CPU_QUOTA': '2', 'SLOWPOKE_POKER_BATCH_THRESHOLD': '20000000', 'PROCESSING_TIME_SERVICE0': '0.0014149', 'PROCESSING_TIME_SERVICE1': '0.00090814', 'PROCESSING_TIME_SERVICE2': '0.00147751', 'SLOWPOKE_DELAY_MICROS_SERVICE0': '665.0', 'SLOWPOKE_POKER_BATCH_THRESHOLD_SERVICE0': '100', 'SLOWPOKE_IS_TARGET_SERVICE_SERVICE0': 'false', 'SLOWPOKE_DELAY_MICROS_SERVICE1': '665.0', 'SLOWPOKE_POKER_BATCH_THRESHOLD_SERVICE1': '100', 'SLOWPOKE_IS_TARGET_SERVICE_SERVICE1': 'false', 'SLOWPOKE_DELAY_MICROS_SERVICE2': '0.0', 'SLOWPOKE_POKER_BATCH_THRESHOLD_SERVICE2': '100', 'SLOWPOKE_IS_TARGET_SERVICE_SERVICE2': 'true'}
    [exp] Executing cmd `bash run.sh synthetic chain-d2-grpc-sync 8 256 20000`:
        [run.sh] Running benchmark synthetic with request chain-d2-grpc-sync, thread 8, conn 256, duration 60
        [run.sh] Deleting all services
        configmap "config-service0" deleted
        deployment.apps "service0" deleted
        service "service0" deleted
        configmap "config-service1" deleted
        deployment.apps "service1" deleted
        service "service1" deleted
        configmap "config-service2" deleted
        deployment.apps "service2" deleted
        service "service2" deleted
        deployment.apps "ubuntu-client" deleted
        [run.sh] Waiting for all pods to be deleted
        [run.sh] Deploying all services
        configmap/config-service0 created
        deployment.apps/service0 created
        service/service0 created
        configmap/config-service1 created
        deployment.apps/service1 created
        service/service1 created
        configmap/config-service2 created
        deployment.apps/service2 created
        service/service2 created
        [run.sh] Client pod not found, deploying client
        deployment.apps/ubuntu-client created
        [run.sh] Waiting for all pods to be running
        [run.sh] All pods are running
        [run.sh] Checking heartbeat for all services
        [run.sh] Running warmup test
        [run.sh] /wrk/wrk -t8 -c256 --timeout 3s -d3s -L http://service0:80/endpoint1
        Running 3s test @ http://service0:80/endpoint1
        8 threads and 256 connections
        Thread Stats   Avg      Stdev     Max   +/- Stdev
        Latency   401.45ms  190.89ms   1.13s    71.32%
        Req/Sec    80.81     60.04   252.00     65.84%
        Latency Distribution
        50%  379.54ms
        75%  535.68ms
        90%  613.25ms
        99%  968.75ms
        1860 requests in 3.02s, 288.81KB read
        Requests/sec:    615.65
        Transfer/sec:     95.59KB
        [run.sh] Speed is 615.65, duration is 48
        [run.sh] Fix the request number.
        [run.sh] Running the actual test
        [run.sh] /wrk/wrk --timeout 20s -t8 -c256 -d48s -L -s /wrk/fix_req_n.lua http://service0:80/endpoint1
        [run.sh] Checking the resource usage
        NAME                             CPU(cores)   MEMORY(bytes)
        service0-7b885f9db8-fkrqg        82m          26Mi
        service1-85cbdfc4-crbrf          240m         12Mi
        service2-7bdbb95446-vvwgh        350m         10Mi
        ubuntu-client-76886f6bbd-lbkdx   6m           6Mi
        Running 48s test @ http://service0:80/endpoint1
        8 threads and 256 connections
        Thread Stats   Avg      Stdev     Max   +/- Stdev
        Latency   377.79ms  203.99ms   1.65s    73.08%
        Req/Sec    87.97     52.94   310.00     66.29%
        Latency Distribution
        50%  333.10ms
        75%  485.97ms
        90%  665.62ms
        99%    1.02s
        20000 requests in 48.00s, 3.03MB read
        Requests/sec:    416.67
        Transfer/sec:     64.70KB
        ------------------------------
        stop time: 29.531931
        stop time: 29.508627
        stop time: 29.136661
        stop time: 29.768381
        stop time: 29.884764
        stop time: 29.667013
        stop time: 29.883012
        stop time: 29.629421
        [run.sh] Test finished with status 0
        > STDERR
        > No resources found in default namespace.
    [exp] Times: [29.531931, 29.508627, 29.136661, 29.768381, 29.884764, 29.667013, 29.883012, 29.629421]
    [exp] Throughput: 675.0775421489938
[test.py] Finished running 1th optmization experiment: groundtruth->1199.3584301933327, slowdown->675.0775421489938, predicted->1225.405630325297, err->2.1717611246344033
[test.py] Running 2th optmization experiment
[test.py] Running 2th groundtruth exp
    [exp] Running (pre_run: False) workload synthetic/chain-d2-grpc-sync request with the following configuration: {'CLIENT_CPU_QUOTA': '2', 'SLOWPOKE_POKER_BATCH_THRESHOLD': '20000000', 'PROCESSING_TIME_SERVICE0': '0.0014149', 'PROCESSING_TIME_SERVICE1': '0.00090814', 'PROCESSING_TIME_SERVICE2': '0.000294', 'SLOWPOKE_DELAY_MICROS_SERVICE0': '0.0', 'SLOWPOKE_POKER_BATCH_THRESHOLD_SERVICE0': '100', 'SLOWPOKE_IS_TARGET_SERVICE_SERVICE0': 'false', 'SLOWPOKE_DELAY_MICROS_SERVICE1': '0.0', 'SLOWPOKE_POKER_BATCH_THRESHOLD_SERVICE1': '100', 'SLOWPOKE_IS_TARGET_SERVICE_SERVICE1': 'false', 'SLOWPOKE_DELAY_MICROS_SERVICE2': '0.0', 'SLOWPOKE_POKER_BATCH_THRESHOLD_SERVICE2': '100', 'SLOWPOKE_IS_TARGET_SERVICE_SERVICE2': 'true'}
    [exp] Executing cmd `bash run.sh synthetic chain-d2-grpc-sync 8 256 20000`:
        [run.sh] Running benchmark synthetic with request chain-d2-grpc-sync, thread 8, conn 256, duration 60
        [run.sh] Deleting all services
        configmap "config-service0" deleted
        deployment.apps "service0" deleted
        service "service0" deleted
        configmap "config-service1" deleted
        deployment.apps "service1" deleted
        service "service1" deleted
        configmap "config-service2" deleted
        deployment.apps "service2" deleted
        service "service2" deleted
        deployment.apps "ubuntu-client" deleted
        [run.sh] Waiting for all pods to be deleted
        [run.sh] Deploying all services
        configmap/config-service0 created
        deployment.apps/service0 created
        service/service0 created
        configmap/config-service1 created
        deployment.apps/service1 created
        service/service1 created
        configmap/config-service2 created
        deployment.apps/service2 created
        service/service2 created
        [run.sh] Client pod not found, deploying client
        deployment.apps/ubuntu-client created
        [run.sh] Waiting for all pods to be running
        [run.sh] All pods are running
        [run.sh] Checking heartbeat for all services
        [run.sh] Running warmup test
        [run.sh] /wrk/wrk -t8 -c256 --timeout 3s -d3s -L http://service0:80/endpoint1
        Running 3s test @ http://service0:80/endpoint1
        8 threads and 256 connections
        Thread Stats   Avg      Stdev     Max   +/- Stdev
        Latency   221.48ms  130.64ms 940.61ms   66.98%
        Req/Sec   149.12     72.16   353.00     68.06%
        Latency Distribution
        50%  190.13ms
        75%  291.52ms
        90%  420.84ms
        99%  583.28ms
        3271 requests in 3.02s, 507.90KB read
        Requests/sec:   1083.90
        Transfer/sec:    168.30KB
        [run.sh] Speed is 1083.90, duration is 27
        [run.sh] Fix the request number.
        [run.sh] Running the actual test
        [run.sh] /wrk/wrk --timeout 20s -t8 -c256 -d27s -L -s /wrk/fix_req_n.lua http://service0:80/endpoint1
        Running 27s test @ http://service0:80/endpoint1
        8 threads and 256 connections
        Thread Stats   Avg      Stdev     Max   +/- Stdev
        Latency   213.23ms  135.20ms   1.05s    73.10%
        Req/Sec   149.92     72.43   450.00     68.31%
        Latency Distribution
        50%  179.56ms
        75%  275.29ms
        90%  403.95ms
        99%  636.39ms
        20000 requests in 27.00s, 3.03MB read
        Requests/sec:    740.74
        Transfer/sec:    115.02KB
        ------------------------------
        stop time: 16.753503
        stop time: 16.568290
        stop time: 16.836368
        stop time: 16.726463
        stop time: 16.721036
        stop time: 16.894409
        stop time: 16.850489
        stop time: 16.722432
        [run.sh] Checking the resource usage
        NAME                             CPU(cores)   MEMORY(bytes)
        service0-6fb7cc7c7f-lk5jl        1922m        29Mi
        service1-76b89695f7-cqw4x        1170m        12Mi
        service2-7bdbb95446-bn5t6        530m         9Mi
        ubuntu-client-76886f6bbd-rfkwr   42m          10Mi
        [run.sh] Test finished with status 0
        > STDERR
        > No resources found in default namespace.
    [exp] Times: [16.753503, 16.56829, 16.836368, 16.726463, 16.721036, 16.894409, 16.850489, 16.722432]
    [exp] Throughput: 1193.3798149798852
[test.py] Running 2th slowdown exp
    [exp] Running (pre_run: False) workload synthetic/chain-d2-grpc-sync request with the following configuration: {'CLIENT_CPU_QUOTA': '2', 'SLOWPOKE_POKER_BATCH_THRESHOLD': '20000000', 'PROCESSING_TIME_SERVICE0': '0.0014149', 'PROCESSING_TIME_SERVICE1': '0.00090814', 'PROCESSING_TIME_SERVICE2': '0.00147751', 'SLOWPOKE_DELAY_MICROS_SERVICE0': '591.5', 'SLOWPOKE_POKER_BATCH_THRESHOLD_SERVICE0': '100', 'SLOWPOKE_IS_TARGET_SERVICE_SERVICE0': 'false', 'SLOWPOKE_DELAY_MICROS_SERVICE1': '591.5', 'SLOWPOKE_POKER_BATCH_THRESHOLD_SERVICE1': '100', 'SLOWPOKE_IS_TARGET_SERVICE_SERVICE1': 'false', 'SLOWPOKE_DELAY_MICROS_SERVICE2': '0.0', 'SLOWPOKE_POKER_BATCH_THRESHOLD_SERVICE2': '100', 'SLOWPOKE_IS_TARGET_SERVICE_SERVICE2': 'true'}
    [exp] Executing cmd `bash run.sh synthetic chain-d2-grpc-sync 8 256 20000`:
        [run.sh] Running benchmark synthetic with request chain-d2-grpc-sync, thread 8, conn 256, duration 60
        [run.sh] Deleting all services
        configmap "config-service0" deleted
        deployment.apps "service0" deleted
        service "service0" deleted
        configmap "config-service1" deleted
        deployment.apps "service1" deleted
        service "service1" deleted
        configmap "config-service2" deleted
        deployment.apps "service2" deleted
        service "service2" deleted
        deployment.apps "ubuntu-client" deleted
        [run.sh] Waiting for all pods to be deleted
        [run.sh] Deploying all services
        configmap/config-service0 created
        deployment.apps/service0 created
        service/service0 created
        configmap/config-service1 created
        deployment.apps/service1 created
        service/service1 created
        configmap/config-service2 created
        deployment.apps/service2 created
        service/service2 created
        [run.sh] Client pod not found, deploying client
        deployment.apps/ubuntu-client created
        [run.sh] Waiting for all pods to be running
        [run.sh] All pods are running
        [run.sh] Checking heartbeat for all services
        [run.sh] Running warmup test
        [run.sh] /wrk/wrk -t8 -c256 --timeout 3s -d3s -L http://service0:80/endpoint1
        Running 3s test @ http://service0:80/endpoint1
        8 threads and 256 connections
        Thread Stats   Avg      Stdev     Max   +/- Stdev
        Latency   388.57ms  193.10ms   1.22s    62.90%
        Req/Sec    89.88     65.37   313.00     72.73%
        Latency Distribution
        50%  348.13ms
        75%  482.49ms
        90%  657.26ms
        99%    1.02s
        1933 requests in 3.03s, 300.14KB read
        Requests/sec:    638.99
        Transfer/sec:     99.22KB
        [run.sh] Speed is 638.99, duration is 46
        [run.sh] Fix the request number.
        [run.sh] Running the actual test
        [run.sh] /wrk/wrk --timeout 20s -t8 -c256 -d46s -L -s /wrk/fix_req_n.lua http://service0:80/endpoint1
        [run.sh] Checking the resource usage
        Running 46s test @ http://service0:80/endpoint1
        8 threads and 256 connections
        Thread Stats   Avg      Stdev     Max   +/- Stdev
        Latency   361.62ms  203.13ms   1.54s    72.47%
        Req/Sec    92.32     52.28   290.00     64.67%
        Latency Distribution
        50%  316.22ms
        75%  470.55ms
        90%  637.53ms
        99%  987.50ms
        20001 requests in 46.00s, 3.03MB read
        Requests/sec:    434.80
        Transfer/sec:     67.51KB
        ------------------------------
        stop time: 27.861843
        stop time: 28.072203
        stop time: 28.533545
        stop time: 28.384894
        stop time: 28.524868
        stop time: 28.638882
        stop time: 28.622549
        stop time: 28.299128
        [run.sh] Test finished with status 0
        > STDERR
        > No resources found in default namespace.
        > error: metrics not available yet
    [exp] Times: [27.861843, 28.072203, 28.533545, 28.384894, 28.524868, 28.638882, 28.622549, 28.299128]
    [exp] Throughput: 705.0386539204609
[test.py] Finished running 2th optmization experiment: groundtruth->1193.3798149798852, slowdown->705.0386539204609, predicted->1209.764810228126, err->1.3729908150421464
[test.py] Running 3th optmization experiment
[test.py] Running 3th groundtruth exp
    [exp] Running (pre_run: False) workload synthetic/chain-d2-grpc-sync request with the following configuration: {'CLIENT_CPU_QUOTA': '2', 'SLOWPOKE_POKER_BATCH_THRESHOLD': '20000000', 'PROCESSING_TIME_SERVICE0': '0.0014149', 'PROCESSING_TIME_SERVICE1': '0.00090814', 'PROCESSING_TIME_SERVICE2': '0.000441', 'SLOWPOKE_DELAY_MICROS_SERVICE0': '0.0', 'SLOWPOKE_POKER_BATCH_THRESHOLD_SERVICE0': '100', 'SLOWPOKE_IS_TARGET_SERVICE_SERVICE0': 'false', 'SLOWPOKE_DELAY_MICROS_SERVICE1': '0.0', 'SLOWPOKE_POKER_BATCH_THRESHOLD_SERVICE1': '100', 'SLOWPOKE_IS_TARGET_SERVICE_SERVICE1': 'false', 'SLOWPOKE_DELAY_MICROS_SERVICE2': '0.0', 'SLOWPOKE_POKER_BATCH_THRESHOLD_SERVICE2': '100', 'SLOWPOKE_IS_TARGET_SERVICE_SERVICE2': 'true'}
    [exp] Executing cmd `bash run.sh synthetic chain-d2-grpc-sync 8 256 20000`:
        [run.sh] Running benchmark synthetic with request chain-d2-grpc-sync, thread 8, conn 256, duration 60
        [run.sh] Deleting all services
        configmap "config-service0" deleted
        deployment.apps "service0" deleted
        service "service0" deleted
        configmap "config-service1" deleted
        deployment.apps "service1" deleted
        service "service1" deleted
        configmap "config-service2" deleted
        deployment.apps "service2" deleted
        service "service2" deleted
        deployment.apps "ubuntu-client" deleted
        [run.sh] Waiting for all pods to be deleted
        [run.sh] Deploying all services
        configmap/config-service0 created
        deployment.apps/service0 created
        service/service0 created
        configmap/config-service1 created
        deployment.apps/service1 created
        service/service1 created
        configmap/config-service2 created
        deployment.apps/service2 created
        service/service2 created
        [run.sh] Client pod not found, deploying client
        deployment.apps/ubuntu-client created
        [run.sh] Waiting for all pods to be running
        [run.sh] All pods are running
        [run.sh] Checking heartbeat for all services
        [run.sh] Running warmup test
        [run.sh] /wrk/wrk -t8 -c256 --timeout 3s -d3s -L http://service0:80/endpoint1
        Running 3s test @ http://service0:80/endpoint1
        8 threads and 256 connections
        Thread Stats   Avg      Stdev     Max   +/- Stdev
        Latency   232.04ms  157.31ms   1.00s    74.75%
        Req/Sec   145.94     78.38   444.00     72.12%
        Latency Distribution
        50%  175.07ms
        75%  336.66ms
        90%  431.42ms
        99%  744.44ms
        3231 requests in 3.02s, 501.69KB read
        Requests/sec:   1069.96
        Transfer/sec:    166.14KB
        [run.sh] Speed is 1069.96, duration is 28
        [run.sh] Fix the request number.
        [run.sh] Running the actual test
        [run.sh] /wrk/wrk --timeout 20s -t8 -c256 -d28s -L -s /wrk/fix_req_n.lua http://service0:80/endpoint1
        Running 28s test @ http://service0:80/endpoint1
        8 threads and 256 connections
        Thread Stats   Avg      Stdev     Max   +/- Stdev
        Latency   213.46ms  153.76ms   1.31s    77.01%
        Req/Sec   151.56     73.31   420.00     69.68%
        Latency Distribution
        50%  168.24ms
        75%  279.46ms
        90%  424.85ms
        99%  755.35ms
        20000 requests in 28.00s, 3.03MB read
        Requests/sec:    714.28
        Transfer/sec:    110.91KB
        ------------------------------
        stop time: 16.593783
        stop time: 16.538474
        stop time: 16.631479
        stop time: 16.540802
        stop time: 16.496423
        stop time: 16.531468
        stop time: 16.522792
        stop time: 16.523332
        [run.sh] Checking the resource usage
        NAME                             CPU(cores)   MEMORY(bytes)
        service0-6fb7cc7c7f-frbdl        388m         28Mi
        service1-76b89695f7-88m2h        398m         11Mi
        service2-7bdbb95446-v94cf        218m         8Mi
        ubuntu-client-76886f6bbd-8ghxn   15m          0Mi
        [run.sh] Test finished with status 0
        > STDERR
        > No resources found in default namespace.
    [exp] Times: [16.593783, 16.538474, 16.631479, 16.540802, 16.496423, 16.531468, 16.522792, 16.523332]
    [exp] Throughput: 1208.655000179674
[test.py] Running 3th slowdown exp
    [exp] Running (pre_run: False) workload synthetic/chain-d2-grpc-sync request with the following configuration: {'CLIENT_CPU_QUOTA': '2', 'SLOWPOKE_POKER_BATCH_THRESHOLD': '20000000', 'PROCESSING_TIME_SERVICE0': '0.0014149', 'PROCESSING_TIME_SERVICE1': '0.00090814', 'PROCESSING_TIME_SERVICE2': '0.00147751', 'SLOWPOKE_DELAY_MICROS_SERVICE0': '518.0', 'SLOWPOKE_POKER_BATCH_THRESHOLD_SERVICE0': '100', 'SLOWPOKE_IS_TARGET_SERVICE_SERVICE0': 'false', 'SLOWPOKE_DELAY_MICROS_SERVICE1': '518.0', 'SLOWPOKE_POKER_BATCH_THRESHOLD_SERVICE1': '100', 'SLOWPOKE_IS_TARGET_SERVICE_SERVICE1': 'false', 'SLOWPOKE_DELAY_MICROS_SERVICE2': '0.0', 'SLOWPOKE_POKER_BATCH_THRESHOLD_SERVICE2': '100', 'SLOWPOKE_IS_TARGET_SERVICE_SERVICE2': 'true'}
    [exp] Executing cmd `bash run.sh synthetic chain-d2-grpc-sync 8 256 20000`:
        [run.sh] Running benchmark synthetic with request chain-d2-grpc-sync, thread 8, conn 256, duration 60
        [run.sh] Deleting all services
        configmap "config-service0" deleted
        deployment.apps "service0" deleted
        service "service0" deleted
        configmap "config-service1" deleted
        deployment.apps "service1" deleted
        service "service1" deleted
        configmap "config-service2" deleted
        deployment.apps "service2" deleted
        service "service2" deleted
        deployment.apps "ubuntu-client" deleted
        [run.sh] Waiting for all pods to be deleted
        [run.sh] Deploying all services
        configmap/config-service0 created
        deployment.apps/service0 created
        service/service0 created
        configmap/config-service1 created
        deployment.apps/service1 created
        service/service1 created
        configmap/config-service2 created
        deployment.apps/service2 created
        service/service2 created
        [run.sh] Client pod not found, deploying client
        deployment.apps/ubuntu-client created
        [run.sh] Waiting for all pods to be running
        [run.sh] All pods are running
        [run.sh] Checking heartbeat for all services
        [run.sh] Running warmup test
        [run.sh] /wrk/wrk -t8 -c256 --timeout 3s -d3s -L http://service0:80/endpoint1
        Running 3s test @ http://service0:80/endpoint1
        8 threads and 256 connections
        Thread Stats   Avg      Stdev     Max   +/- Stdev
        Latency   358.17ms  161.73ms 899.94ms   62.90%
        Req/Sec   100.49     67.73   282.00     67.18%
        Latency Distribution
        50%  351.93ms
        75%  487.50ms
        90%  571.12ms
        99%  796.87ms
        2082 requests in 3.02s, 323.28KB read
        Requests/sec:    688.75
        Transfer/sec:    106.94KB
        [run.sh] Speed is 688.75, duration is 43
        [run.sh] Fix the request number.
        [run.sh] Running the actual test
        [run.sh] /wrk/wrk --timeout 20s -t8 -c256 -d43s -L -s /wrk/fix_req_n.lua http://service0:80/endpoint1
        [run.sh] Checking the resource usage
        NAME                             CPU(cores)   MEMORY(bytes)
        service0-5479b9f769-7dwfr        1213m        30Mi
        service1-c9cc88d59-hzmz9         847m         13Mi
        service2-7bdbb95446-pxn7j        1231m        11Mi
        ubuntu-client-76886f6bbd-cghz9   27m          13Mi
        Running 43s test @ http://service0:80/endpoint1
        8 threads and 256 connections
        Thread Stats   Avg      Stdev     Max   +/- Stdev
        Latency   346.21ms  213.45ms   1.89s    75.68%
        Req/Sec    95.19     57.89   303.00     71.02%
        Latency Distribution
        50%  283.84ms
        75%  443.85ms
        90%  638.72ms
        99%    1.07s
        20000 requests in 43.00s, 3.03MB read
        Requests/sec:    465.11
        Transfer/sec:     72.22KB
        ------------------------------
        stop time: 26.981209
        stop time: 26.606403
        stop time: 27.016469
        stop time: 27.255272
        stop time: 27.250404
        stop time: 27.224589
        stop time: 26.960812
        stop time: 27.075903
        [run.sh] Test finished with status 0
        > STDERR
        > No resources found in default namespace.
    [exp] Times: [26.981209, 26.606403, 27.016469, 27.255272, 27.250404, 27.224589, 26.960812, 27.075903]
    [exp] Throughput: 739.4704229878504
[test.py] Finished running 3th optmization experiment: groundtruth->1208.655000179674, slowdown->739.4704229878504, predicted->1198.9485730567433, err->-0.8030767358334571
[test.py] Running 4th optmization experiment
[test.py] Running 4th groundtruth exp
    [exp] Running (pre_run: False) workload synthetic/chain-d2-grpc-sync request with the following configuration: {'CLIENT_CPU_QUOTA': '2', 'SLOWPOKE_POKER_BATCH_THRESHOLD': '20000000', 'PROCESSING_TIME_SERVICE0': '0.0014149', 'PROCESSING_TIME_SERVICE1': '0.00090814', 'PROCESSING_TIME_SERVICE2': '0.000588', 'SLOWPOKE_DELAY_MICROS_SERVICE0': '0.0', 'SLOWPOKE_POKER_BATCH_THRESHOLD_SERVICE0': '100', 'SLOWPOKE_IS_TARGET_SERVICE_SERVICE0': 'false', 'SLOWPOKE_DELAY_MICROS_SERVICE1': '0.0', 'SLOWPOKE_POKER_BATCH_THRESHOLD_SERVICE1': '100', 'SLOWPOKE_IS_TARGET_SERVICE_SERVICE1': 'false', 'SLOWPOKE_DELAY_MICROS_SERVICE2': '0.0', 'SLOWPOKE_POKER_BATCH_THRESHOLD_SERVICE2': '100', 'SLOWPOKE_IS_TARGET_SERVICE_SERVICE2': 'true'}
    [exp] Executing cmd `bash run.sh synthetic chain-d2-grpc-sync 8 256 20000`:
        [run.sh] Running benchmark synthetic with request chain-d2-grpc-sync, thread 8, conn 256, duration 60
        [run.sh] Deleting all services
        configmap "config-service0" deleted
        deployment.apps "service0" deleted
        service "service0" deleted
        configmap "config-service1" deleted
        deployment.apps "service1" deleted
        service "service1" deleted
        configmap "config-service2" deleted
        deployment.apps "service2" deleted
        service "service2" deleted
        deployment.apps "ubuntu-client" deleted
        [run.sh] Waiting for all pods to be deleted
        [run.sh] Deploying all services
        configmap/config-service0 created
        deployment.apps/service0 created
        service/service0 created
        configmap/config-service1 created
        deployment.apps/service1 created
        service/service1 created
        configmap/config-service2 created
        deployment.apps/service2 created
        service/service2 created
        [run.sh] Client pod not found, deploying client
        deployment.apps/ubuntu-client created
        [run.sh] Waiting for all pods to be running
        [run.sh] All pods are running
        [run.sh] Checking heartbeat for all services
        [run.sh] Running warmup test
        [run.sh] /wrk/wrk -t8 -c256 --timeout 3s -d3s -L http://service0:80/endpoint1
        Running 3s test @ http://service0:80/endpoint1
        8 threads and 256 connections
        Thread Stats   Avg      Stdev     Max   +/- Stdev
        Latency   215.50ms  152.36ms 989.34ms   80.18%
        Req/Sec   152.16     68.21   330.00     71.62%
        Latency Distribution
        50%  172.17ms
        75%  270.57ms
        90%  418.38ms
        99%  783.79ms
        3534 requests in 3.10s, 548.74KB read
        Requests/sec:   1139.87
        Transfer/sec:    176.99KB
        [run.sh] Speed is 1139.87, duration is 26
        [run.sh] Fix the request number.
        [run.sh] Running the actual test
        [run.sh] /wrk/wrk --timeout 20s -t8 -c256 -d26s -L -s /wrk/fix_req_n.lua http://service0:80/endpoint1
        Running 26s test @ http://service0:80/endpoint1
        8 threads and 256 connections
        Thread Stats   Avg      Stdev     Max   +/- Stdev
        Latency   217.01ms  155.48ms   1.61s    76.27%
        Req/Sec   149.78     76.55   383.00     65.62%
        Latency Distribution
        50%  174.67ms
        75%  280.12ms
        90%  433.19ms
        99%  710.11ms
        20001 requests in 26.00s, 3.03MB read
        Requests/sec:    769.26
        Transfer/sec:    119.45KB
        ------------------------------
        stop time: 16.368156
        stop time: 16.583551
        stop time: 16.983862
        stop time: 16.950537
        stop time: 16.942694
        stop time: 16.696141
        stop time: 16.856745
        stop time: 16.752021
        [run.sh] Checking the resource usage
        [run.sh] Test finished with status 0
        > STDERR
        > No resources found in default namespace.
        > error: metrics not available yet
    [exp] Times: [16.368156, 16.583551, 16.983862, 16.950537, 16.942694, 16.696141, 16.856745, 16.752021]
    [exp] Throughput: 1192.8396193508615
[test.py] Running 4th slowdown exp
    [exp] Running (pre_run: False) workload synthetic/chain-d2-grpc-sync request with the following configuration: {'CLIENT_CPU_QUOTA': '2', 'SLOWPOKE_POKER_BATCH_THRESHOLD': '20000000', 'PROCESSING_TIME_SERVICE0': '0.0014149', 'PROCESSING_TIME_SERVICE1': '0.00090814', 'PROCESSING_TIME_SERVICE2': '0.00147751', 'SLOWPOKE_DELAY_MICROS_SERVICE0': '444.5', 'SLOWPOKE_POKER_BATCH_THRESHOLD_SERVICE0': '100', 'SLOWPOKE_IS_TARGET_SERVICE_SERVICE0': 'false', 'SLOWPOKE_DELAY_MICROS_SERVICE1': '444.5', 'SLOWPOKE_POKER_BATCH_THRESHOLD_SERVICE1': '100', 'SLOWPOKE_IS_TARGET_SERVICE_SERVICE1': 'false', 'SLOWPOKE_DELAY_MICROS_SERVICE2': '0.0', 'SLOWPOKE_POKER_BATCH_THRESHOLD_SERVICE2': '100', 'SLOWPOKE_IS_TARGET_SERVICE_SERVICE2': 'true'}
    [exp] Executing cmd `bash run.sh synthetic chain-d2-grpc-sync 8 256 20000`:
        [run.sh] Running benchmark synthetic with request chain-d2-grpc-sync, thread 8, conn 256, duration 60
        [run.sh] Deleting all services
        configmap "config-service0" deleted
        deployment.apps "service0" deleted
        service "service0" deleted
        configmap "config-service1" deleted
        deployment.apps "service1" deleted
        service "service1" deleted
        configmap "config-service2" deleted
        deployment.apps "service2" deleted
        service "service2" deleted
        deployment.apps "ubuntu-client" deleted
        [run.sh] Waiting for all pods to be deleted
        [run.sh] Deploying all services
        configmap/config-service0 created
        deployment.apps/service0 created
        service/service0 created
        configmap/config-service1 created
        deployment.apps/service1 created
        service/service1 created
        configmap/config-service2 created
        deployment.apps/service2 created
        service/service2 created
        [run.sh] Client pod not found, deploying client
        deployment.apps/ubuntu-client created
        [run.sh] Waiting for all pods to be running
        [run.sh] All pods are running
        [run.sh] Checking heartbeat for all services
        [run.sh] Running warmup test
        [run.sh] /wrk/wrk -t8 -c256 --timeout 3s -d3s -L http://service0:80/endpoint1
        Running 3s test @ http://service0:80/endpoint1
        8 threads and 256 connections
        Thread Stats   Avg      Stdev     Max   +/- Stdev
        Latency   335.57ms  206.93ms   1.23s    73.68%
        Req/Sec    98.41     52.08   260.00     67.46%
        Latency Distribution
        50%  274.97ms
        75%  476.28ms
        90%  612.46ms
        99%  958.31ms
        2212 requests in 3.02s, 343.46KB read
        Requests/sec:    733.03
        Transfer/sec:    113.82KB
        [run.sh] Speed is 733.03, duration is 40
        [run.sh] Fix the request number.
        [run.sh] Running the actual test
        [run.sh] /wrk/wrk --timeout 20s -t8 -c256 -d40s -L -s /wrk/fix_req_n.lua http://service0:80/endpoint1
        [run.sh] Checking the resource usage
        NAME                             CPU(cores)   MEMORY(bytes)
        service0-6bf56666d8-mqf82        515m         29Mi
        service1-76997599fd-2bdx7        797m         12Mi
        service2-7bdbb95446-pmgj9        1252m        11Mi
        ubuntu-client-76886f6bbd-2gdgq   28m          11Mi
        Running 40s test @ http://service0:80/endpoint1
        8 threads and 256 connections
        Thread Stats   Avg      Stdev     Max   +/- Stdev
        Latency   325.89ms  170.12ms   1.45s    72.84%
        Req/Sec   100.52     56.65   290.00     65.41%
        Latency Distribution
        50%  292.66ms
        75%  411.65ms
        90%  555.42ms
        99%  872.31ms
        20000 requests in 40.00s, 3.03MB read
        Requests/sec:    500.00
        Transfer/sec:     77.64KB
        ------------------------------
        stop time: 25.234481
        stop time: 25.504246
        stop time: 25.732292
        stop time: 25.501989
        stop time: 25.630040
        stop time: 25.810566
        stop time: 25.633218
        stop time: 25.715235
        [run.sh] Test finished with status 0
        > STDERR
        > No resources found in default namespace.
    [exp] Times: [25.234481, 25.504246, 25.732292, 25.501989, 25.63004, 25.810566, 25.633218, 25.715235]
    [exp] Throughput: 781.3947297181758
[test.py] Finished running 4th optmization experiment: groundtruth->1192.8396193508615, slowdown->781.3947297181758, predicted->1197.5934330023981, err->0.3985291546673794
[test.py] Running 5th optmization experiment
[test.py] Running 5th groundtruth exp
    [exp] Running (pre_run: False) workload synthetic/chain-d2-grpc-sync request with the following configuration: {'CLIENT_CPU_QUOTA': '2', 'SLOWPOKE_POKER_BATCH_THRESHOLD': '20000000', 'PROCESSING_TIME_SERVICE0': '0.0014149', 'PROCESSING_TIME_SERVICE1': '0.00090814', 'PROCESSING_TIME_SERVICE2': '0.000735', 'SLOWPOKE_DELAY_MICROS_SERVICE0': '0.0', 'SLOWPOKE_POKER_BATCH_THRESHOLD_SERVICE0': '100', 'SLOWPOKE_IS_TARGET_SERVICE_SERVICE0': 'false', 'SLOWPOKE_DELAY_MICROS_SERVICE1': '0.0', 'SLOWPOKE_POKER_BATCH_THRESHOLD_SERVICE1': '100', 'SLOWPOKE_IS_TARGET_SERVICE_SERVICE1': 'false', 'SLOWPOKE_DELAY_MICROS_SERVICE2': '0.0', 'SLOWPOKE_POKER_BATCH_THRESHOLD_SERVICE2': '100', 'SLOWPOKE_IS_TARGET_SERVICE_SERVICE2': 'true'}
    [exp] Executing cmd `bash run.sh synthetic chain-d2-grpc-sync 8 256 20000`:
        [run.sh] Running benchmark synthetic with request chain-d2-grpc-sync, thread 8, conn 256, duration 60
        [run.sh] Deleting all services
        configmap "config-service0" deleted
        deployment.apps "service0" deleted
        service "service0" deleted
        configmap "config-service1" deleted
        deployment.apps "service1" deleted
        service "service1" deleted
        configmap "config-service2" deleted
        deployment.apps "service2" deleted
        service "service2" deleted
        deployment.apps "ubuntu-client" deleted
        [run.sh] Waiting for all pods to be deleted
        [run.sh] Deploying all services
        configmap/config-service0 created
        deployment.apps/service0 created
        service/service0 created
        configmap/config-service1 created
        deployment.apps/service1 created
        service/service1 created
        configmap/config-service2 created
        deployment.apps/service2 created
        service/service2 created
        [run.sh] Client pod not found, deploying client
        deployment.apps/ubuntu-client created
        [run.sh] Waiting for all pods to be running
        [run.sh] All pods are running
        [run.sh] Checking heartbeat for all services
        [run.sh] Running warmup test
        [run.sh] /wrk/wrk -t8 -c256 --timeout 3s -d3s -L http://service0:80/endpoint1
        Running 3s test @ http://service0:80/endpoint1
        8 threads and 256 connections
        Thread Stats   Avg      Stdev     Max   +/- Stdev
        Latency   230.76ms  153.17ms 945.95ms   75.68%
        Req/Sec   147.85     65.55   303.00     62.50%
        Latency Distribution
        50%  181.24ms
        75%  317.81ms
        90%  430.96ms
        99%  758.98ms
        3284 requests in 3.02s, 509.92KB read
        Requests/sec:   1088.09
        Transfer/sec:    168.95KB
        [run.sh] Speed is 1088.09, duration is 27
        [run.sh] Fix the request number.
        [run.sh] Running the actual test
        [run.sh] /wrk/wrk --timeout 20s -t8 -c256 -d27s -L -s /wrk/fix_req_n.lua http://service0:80/endpoint1
        Running 27s test @ http://service0:80/endpoint1
        8 threads and 256 connections
        Thread Stats   Avg      Stdev     Max   +/- Stdev
        Latency   215.70ms  151.74ms   1.33s    79.10%
        Req/Sec   151.26     69.01   370.00     64.83%
        Latency Distribution
        50%  176.14ms
        75%  274.26ms
        90%  410.68ms
        99%  762.22ms
        20000 requests in 27.00s, 3.03MB read
        Requests/sec:    740.74
        Transfer/sec:    115.02KB
        ------------------------------
        stop time: 16.416238
        stop time: 16.824184
        stop time: 16.798201
        stop time: 16.493543
        stop time: 16.879830
        stop time: 16.812946
        stop time: 16.135882
        stop time: 16.779114
        [run.sh] Checking the resource usage
        [run.sh] Test finished with status 0
        > STDERR
        > No resources found in default namespace.
        > error: metrics not available yet
    [exp] Times: [16.416238, 16.824184, 16.798201, 16.493543, 16.87983, 16.812946, 16.135882, 16.779114]
    [exp] Throughput: 1201.7430862856495
[test.py] Running 5th slowdown exp
    [exp] Running (pre_run: False) workload synthetic/chain-d2-grpc-sync request with the following configuration: {'CLIENT_CPU_QUOTA': '2', 'SLOWPOKE_POKER_BATCH_THRESHOLD': '20000000', 'PROCESSING_TIME_SERVICE0': '0.0014149', 'PROCESSING_TIME_SERVICE1': '0.00090814', 'PROCESSING_TIME_SERVICE2': '0.00147751', 'SLOWPOKE_DELAY_MICROS_SERVICE0': '371.0', 'SLOWPOKE_POKER_BATCH_THRESHOLD_SERVICE0': '100', 'SLOWPOKE_IS_TARGET_SERVICE_SERVICE0': 'false', 'SLOWPOKE_DELAY_MICROS_SERVICE1': '371.0', 'SLOWPOKE_POKER_BATCH_THRESHOLD_SERVICE1': '100', 'SLOWPOKE_IS_TARGET_SERVICE_SERVICE1': 'false', 'SLOWPOKE_DELAY_MICROS_SERVICE2': '0.0', 'SLOWPOKE_POKER_BATCH_THRESHOLD_SERVICE2': '100', 'SLOWPOKE_IS_TARGET_SERVICE_SERVICE2': 'true'}
    [exp] Executing cmd `bash run.sh synthetic chain-d2-grpc-sync 8 256 20000`:
        [run.sh] Running benchmark synthetic with request chain-d2-grpc-sync, thread 8, conn 256, duration 60
        [run.sh] Deleting all services
        configmap "config-service0" deleted
        deployment.apps "service0" deleted
        service "service0" deleted
        configmap "config-service1" deleted
        deployment.apps "service1" deleted
        service "service1" deleted
        configmap "config-service2" deleted
        deployment.apps "service2" deleted
        service "service2" deleted
        deployment.apps "ubuntu-client" deleted
        [run.sh] Waiting for all pods to be deleted
        [run.sh] Deploying all services
        configmap/config-service0 created
        deployment.apps/service0 created
        service/service0 created
        configmap/config-service1 created
        deployment.apps/service1 created
        service/service1 created
        configmap/config-service2 created
        deployment.apps/service2 created
        service/service2 created
        [run.sh] Client pod not found, deploying client
        deployment.apps/ubuntu-client created
        [run.sh] Waiting for all pods to be running
        [run.sh] All pods are running
        [run.sh] Checking heartbeat for all services
        [run.sh] Running warmup test
        [run.sh] /wrk/wrk -t8 -c256 --timeout 3s -d3s -L http://service0:80/endpoint1
        Running 3s test @ http://service0:80/endpoint1
        8 threads and 256 connections
        Thread Stats   Avg      Stdev     Max   +/- Stdev
        Latency   319.51ms  167.82ms   1.03s    74.77%
        Req/Sec   107.75     68.57   290.00     68.08%
        Latency Distribution
        50%  277.78ms
        75%  383.61ms
        90%  571.76ms
        99%  847.70ms
        2393 requests in 3.02s, 371.57KB read
        Requests/sec:    792.65
        Transfer/sec:    123.08KB
        [run.sh] Speed is 792.65, duration is 37
        [run.sh] Fix the request number.
        [run.sh] Running the actual test
        [run.sh] /wrk/wrk --timeout 20s -t8 -c256 -d37s -L -s /wrk/fix_req_n.lua http://service0:80/endpoint1
        [run.sh] Checking the resource usage
        NAME                             CPU(cores)   MEMORY(bytes)
        service0-779488cf4b-j4m4z        434m         28Mi
        service1-5687f7464d-9ms6q        69m          14Mi
        service2-7bdbb95446-sx9rq        211m         10Mi
        ubuntu-client-76886f6bbd-wknm8   11m          8Mi
        Running 37s test @ http://service0:80/endpoint1
        8 threads and 256 connections
        Thread Stats   Avg      Stdev     Max   +/- Stdev
        Latency   310.66ms  191.72ms   1.62s    77.24%
        Req/Sec   105.74     63.69   360.00     63.31%
        Latency Distribution
        50%  267.34ms
        75%  391.65ms
        90%  563.13ms
        99%  996.92ms
        20001 requests in 37.00s, 3.03MB read
        Requests/sec:    540.57
        Transfer/sec:     83.94KB
        ------------------------------
        stop time: 23.417600
        stop time: 24.217126
        stop time: 24.034782
        stop time: 24.216722
        stop time: 24.211688
        stop time: 24.308759
        stop time: 24.064387
        stop time: 24.252347
        [run.sh] Test finished with status 0
        > STDERR
        > No resources found in default namespace.
    [exp] Times: [23.4176, 24.217126, 24.034782, 24.216722, 24.211688, 24.308759, 24.064387, 24.252347]
    [exp] Throughput: 830.2053142884649
[test.py] Finished running 5th optmization experiment: groundtruth->1201.7430862856495, slowdown->830.2053142884649, predicted->1200.0965087609932, err->-0.13701576846558514
[test.py] Running 6th optmization experiment
[test.py] Running 6th groundtruth exp
    [exp] Running (pre_run: False) workload synthetic/chain-d2-grpc-sync request with the following configuration: {'CLIENT_CPU_QUOTA': '2', 'SLOWPOKE_POKER_BATCH_THRESHOLD': '20000000', 'PROCESSING_TIME_SERVICE0': '0.0014149', 'PROCESSING_TIME_SERVICE1': '0.00090814', 'PROCESSING_TIME_SERVICE2': '0.000882', 'SLOWPOKE_DELAY_MICROS_SERVICE0': '0.0', 'SLOWPOKE_POKER_BATCH_THRESHOLD_SERVICE0': '100', 'SLOWPOKE_IS_TARGET_SERVICE_SERVICE0': 'false', 'SLOWPOKE_DELAY_MICROS_SERVICE1': '0.0', 'SLOWPOKE_POKER_BATCH_THRESHOLD_SERVICE1': '100', 'SLOWPOKE_IS_TARGET_SERVICE_SERVICE1': 'false', 'SLOWPOKE_DELAY_MICROS_SERVICE2': '0.0', 'SLOWPOKE_POKER_BATCH_THRESHOLD_SERVICE2': '100', 'SLOWPOKE_IS_TARGET_SERVICE_SERVICE2': 'true'}
    [exp] Executing cmd `bash run.sh synthetic chain-d2-grpc-sync 8 256 20000`:
        [run.sh] Running benchmark synthetic with request chain-d2-grpc-sync, thread 8, conn 256, duration 60
        [run.sh] Deleting all services
        configmap "config-service0" deleted
        deployment.apps "service0" deleted
        service "service0" deleted
        configmap "config-service1" deleted
        deployment.apps "service1" deleted
        service "service1" deleted
        configmap "config-service2" deleted
        deployment.apps "service2" deleted
        service "service2" deleted
        deployment.apps "ubuntu-client" deleted
        [run.sh] Waiting for all pods to be deleted
        [run.sh] Deploying all services
        configmap/config-service0 created
        deployment.apps/service0 created
        service/service0 created
        configmap/config-service1 created
        deployment.apps/service1 created
        service/service1 created
        configmap/config-service2 created
        deployment.apps/service2 created
        service/service2 created
        [run.sh] Client pod not found, deploying client
        deployment.apps/ubuntu-client created
        [run.sh] Waiting for all pods to be running
        [run.sh] All pods are running
        [run.sh] Checking heartbeat for all services
        [run.sh] Running warmup test
        [run.sh] /wrk/wrk -t8 -c256 --timeout 3s -d3s -L http://service0:80/endpoint1
        Running 3s test @ http://service0:80/endpoint1
        8 threads and 256 connections
        Thread Stats   Avg      Stdev     Max   +/- Stdev
        Latency   228.46ms  116.33ms 591.26ms   75.90%
        Req/Sec   151.11     77.28   310.00     63.08%
        Latency Distribution
        50%  204.11ms
        75%  277.68ms
        90%  394.76ms
        99%  578.28ms
        3258 requests in 3.02s, 505.88KB read
        Requests/sec:   1080.56
        Transfer/sec:    167.78KB
        [run.sh] Speed is 1080.56, duration is 27
        [run.sh] Fix the request number.
        [run.sh] Running the actual test
        [run.sh] /wrk/wrk --timeout 20s -t8 -c256 -d27s -L -s /wrk/fix_req_n.lua http://service0:80/endpoint1
        Running 27s test @ http://service0:80/endpoint1
        8 threads and 256 connections
        Thread Stats   Avg      Stdev     Max   +/- Stdev
        Latency   214.09ms  131.66ms   1.07s    76.66%
        Req/Sec   151.24     70.33   414.00     64.24%
        Latency Distribution
        50%  181.02ms
        75%  272.48ms
        90%  380.50ms
        99%  694.65ms
        20000 requests in 27.00s, 3.03MB read
        Requests/sec:    740.74
        Transfer/sec:    115.02KB
        ------------------------------
        stop time: 16.233480
        stop time: 16.666409
        stop time: 16.694898
        stop time: 16.751422
        stop time: 16.631428
        stop time: 16.794890
        stop time: 16.688928
        stop time: 16.780624
        [run.sh] Checking the resource usage
        NAME                             CPU(cores)   MEMORY(bytes)
        service0-6fb7cc7c7f-54wn2        1111m        30Mi
        service1-76b89695f7-kb4js        109m         11Mi
        service2-7bdbb95446-swr2s        2m           10Mi
        ubuntu-client-76886f6bbd-bthbk   38m          0Mi
        [run.sh] Test finished with status 0
        > STDERR
        > No resources found in default namespace.
    [exp] Times: [16.23348, 16.666409, 16.694898, 16.751422, 16.631428, 16.79489, 16.688928, 16.780624]
    [exp] Throughput: 1200.8218514813177
[test.py] Running 6th slowdown exp
    [exp] Running (pre_run: False) workload synthetic/chain-d2-grpc-sync request with the following configuration: {'CLIENT_CPU_QUOTA': '2', 'SLOWPOKE_POKER_BATCH_THRESHOLD': '20000000', 'PROCESSING_TIME_SERVICE0': '0.0014149', 'PROCESSING_TIME_SERVICE1': '0.00090814', 'PROCESSING_TIME_SERVICE2': '0.00147751', 'SLOWPOKE_DELAY_MICROS_SERVICE0': '297.5', 'SLOWPOKE_POKER_BATCH_THRESHOLD_SERVICE0': '100', 'SLOWPOKE_IS_TARGET_SERVICE_SERVICE0': 'false', 'SLOWPOKE_DELAY_MICROS_SERVICE1': '297.5', 'SLOWPOKE_POKER_BATCH_THRESHOLD_SERVICE1': '100', 'SLOWPOKE_IS_TARGET_SERVICE_SERVICE1': 'false', 'SLOWPOKE_DELAY_MICROS_SERVICE2': '0.0', 'SLOWPOKE_POKER_BATCH_THRESHOLD_SERVICE2': '100', 'SLOWPOKE_IS_TARGET_SERVICE_SERVICE2': 'true'}
    [exp] Executing cmd `bash run.sh synthetic chain-d2-grpc-sync 8 256 20000`:
        [run.sh] Running benchmark synthetic with request chain-d2-grpc-sync, thread 8, conn 256, duration 60
        [run.sh] Deleting all services
        configmap "config-service0" deleted
        deployment.apps "service0" deleted
        service "service0" deleted
        configmap "config-service1" deleted
        deployment.apps "service1" deleted
        service "service1" deleted
        configmap "config-service2" deleted
        deployment.apps "service2" deleted
        service "service2" deleted
        deployment.apps "ubuntu-client" deleted
        [run.sh] Waiting for all pods to be deleted
        [run.sh] Deploying all services
        configmap/config-service0 created
        deployment.apps/service0 created
        service/service0 created
        configmap/config-service1 created
        deployment.apps/service1 created
        service/service1 created
        configmap/config-service2 created
        deployment.apps/service2 created
        service/service2 created
        [run.sh] Client pod not found, deploying client
        deployment.apps/ubuntu-client created
        [run.sh] Waiting for all pods to be running
        [run.sh] All pods are running
        [run.sh] Checking heartbeat for all services
        [run.sh] Running warmup test
        [run.sh] /wrk/wrk -t8 -c256 --timeout 3s -d3s -L http://service0:80/endpoint1
        Running 3s test @ http://service0:80/endpoint1
        8 threads and 256 connections
        Thread Stats   Avg      Stdev     Max   +/- Stdev
        Latency   301.82ms  154.50ms 979.38ms   67.99%
        Req/Sec   109.34     63.08   280.00     66.35%
        Latency Distribution
        50%  266.42ms
        75%  398.49ms
        90%  516.85ms
        99%  758.97ms
        2377 requests in 3.02s, 369.08KB read
        Requests/sec:    787.93
        Transfer/sec:    122.35KB
        [run.sh] Speed is 787.93, duration is 38
        [run.sh] Fix the request number.
        [run.sh] Running the actual test
        [run.sh] /wrk/wrk --timeout 20s -t8 -c256 -d38s -L -s /wrk/fix_req_n.lua http://service0:80/endpoint1
        [run.sh] Checking the resource usage
        NAME                        CPU(cores)   MEMORY(bytes)
        service0-57dcfccdd6-64xcb   210m         27Mi
        service1-55558577bd-8jzdn   300m         10Mi
        service2-7bdbb95446-wj7pw   434m         10Mi
        Running 38s test @ http://service0:80/endpoint1
        8 threads and 256 connections
        Thread Stats   Avg      Stdev     Max   +/- Stdev
        Latency   287.15ms  172.96ms   1.32s    73.21%
        Req/Sec   112.88     61.21   323.00     65.09%
        Latency Distribution
        50%  240.05ms
        75%  375.56ms
        90%  536.65ms
        99%  808.30ms
        20001 requests in 38.00s, 3.03MB read
        Requests/sec:    526.34
        Transfer/sec:     81.73KB
        ------------------------------
        stop time: 22.271722
        stop time: 22.448655
        stop time: 22.507884
        stop time: 22.545392
        stop time: 22.699696
        stop time: 22.362039
        stop time: 22.830696
        stop time: 22.718194
        [run.sh] Test finished with status 0
        > STDERR
        > No resources found in default namespace.
    [exp] Times: [22.271722, 22.448655, 22.507884, 22.545392, 22.699696, 22.362039, 22.830696, 22.718194]
    [exp] Throughput: 886.9952624141667
[test.py] Finished running 6th optmization experiment: groundtruth->1200.8218514813177, slowdown->886.9952624141667, predicted->1205.3322875870408, err->0.3756124274520062
[test.py] Running 7th optmization experiment
[test.py] Running 7th groundtruth exp
    [exp] Running (pre_run: False) workload synthetic/chain-d2-grpc-sync request with the following configuration: {'CLIENT_CPU_QUOTA': '2', 'SLOWPOKE_POKER_BATCH_THRESHOLD': '20000000', 'PROCESSING_TIME_SERVICE0': '0.0014149', 'PROCESSING_TIME_SERVICE1': '0.00090814', 'PROCESSING_TIME_SERVICE2': '0.001029', 'SLOWPOKE_DELAY_MICROS_SERVICE0': '0.0', 'SLOWPOKE_POKER_BATCH_THRESHOLD_SERVICE0': '100', 'SLOWPOKE_IS_TARGET_SERVICE_SERVICE0': 'false', 'SLOWPOKE_DELAY_MICROS_SERVICE1': '0.0', 'SLOWPOKE_POKER_BATCH_THRESHOLD_SERVICE1': '100', 'SLOWPOKE_IS_TARGET_SERVICE_SERVICE1': 'false', 'SLOWPOKE_DELAY_MICROS_SERVICE2': '0.0', 'SLOWPOKE_POKER_BATCH_THRESHOLD_SERVICE2': '100', 'SLOWPOKE_IS_TARGET_SERVICE_SERVICE2': 'true'}
    [exp] Executing cmd `bash run.sh synthetic chain-d2-grpc-sync 8 256 20000`:
        [run.sh] Running benchmark synthetic with request chain-d2-grpc-sync, thread 8, conn 256, duration 60
        [run.sh] Deleting all services
        configmap "config-service0" deleted
        deployment.apps "service0" deleted
        service "service0" deleted
        configmap "config-service1" deleted
        deployment.apps "service1" deleted
        service "service1" deleted
        configmap "config-service2" deleted
        deployment.apps "service2" deleted
        service "service2" deleted
        deployment.apps "ubuntu-client" deleted
        [run.sh] Waiting for all pods to be deleted
        [run.sh] Deploying all services
        configmap/config-service0 created
        deployment.apps/service0 created
        service/service0 created
        configmap/config-service1 created
        deployment.apps/service1 created
        service/service1 created
        configmap/config-service2 created
        deployment.apps/service2 created
        service/service2 created
        [run.sh] Client pod not found, deploying client
        deployment.apps/ubuntu-client created
        [run.sh] Waiting for all pods to be running
        [run.sh] All pods are running
        [run.sh] Checking heartbeat for all services
        [run.sh] Running warmup test
        [run.sh] /wrk/wrk -t8 -c256 --timeout 3s -d3s -L http://service0:80/endpoint1
        Running 3s test @ http://service0:80/endpoint1
        8 threads and 256 connections
        Thread Stats   Avg      Stdev     Max   +/- Stdev
        Latency   228.95ms  134.16ms 774.21ms   74.60%
        Req/Sec   153.36     76.57   323.00     59.62%
        Latency Distribution
        50%  195.78ms
        75%  307.60ms
        90%  408.21ms
        99%  657.15ms
        3346 requests in 3.02s, 519.54KB read
        Requests/sec:   1107.85
        Transfer/sec:    172.02KB
        [run.sh] Speed is 1107.85, duration is 27
        [run.sh] Fix the request number.
        [run.sh] Running the actual test
        [run.sh] /wrk/wrk --timeout 20s -t8 -c256 -d27s -L -s /wrk/fix_req_n.lua http://service0:80/endpoint1
        Running 27s test @ http://service0:80/endpoint1
        8 threads and 256 connections
        Thread Stats   Avg      Stdev     Max   +/- Stdev
        Latency   216.17ms  138.05ms   1.08s    75.91%
        Req/Sec   149.80     71.46   373.00     65.54%
        Latency Distribution
        50%  182.70ms
        75%  279.51ms
        90%  395.30ms
        99%  691.54ms
        20000 requests in 27.00s, 3.03MB read
        Requests/sec:    740.74
        Transfer/sec:    115.02KB
        ------------------------------
        stop time: 16.544986
        stop time: 16.997386
        stop time: 16.826699
        stop time: 17.009202
        stop time: 17.040898
        stop time: 16.981172
        stop time: 16.814718
        stop time: 16.838985
        [run.sh] Checking the resource usage
        NAME                             CPU(cores)   MEMORY(bytes)
        service0-6fb7cc7c7f-d4nrs        1912m        30Mi
        service1-76b89695f7-pqnvz        1021m        12Mi
        service2-7bdbb95446-gg5j8        1398m        10Mi
        ubuntu-client-76886f6bbd-2hplq   43m          10Mi
        [run.sh] Test finished with status 0
        > STDERR
        > No resources found in default namespace.
    [exp] Times: [16.544986, 16.997386, 16.826699, 17.009202, 17.040898, 16.981172, 16.814718, 16.838985]
    [exp] Throughput: 1184.7108971470577
[test.py] Running 7th slowdown exp
    [exp] Running (pre_run: False) workload synthetic/chain-d2-grpc-sync request with the following configuration: {'CLIENT_CPU_QUOTA': '2', 'SLOWPOKE_POKER_BATCH_THRESHOLD': '20000000', 'PROCESSING_TIME_SERVICE0': '0.0014149', 'PROCESSING_TIME_SERVICE1': '0.00090814', 'PROCESSING_TIME_SERVICE2': '0.00147751', 'SLOWPOKE_DELAY_MICROS_SERVICE0': '224.0', 'SLOWPOKE_POKER_BATCH_THRESHOLD_SERVICE0': '100', 'SLOWPOKE_IS_TARGET_SERVICE_SERVICE0': 'false', 'SLOWPOKE_DELAY_MICROS_SERVICE1': '224.0', 'SLOWPOKE_POKER_BATCH_THRESHOLD_SERVICE1': '100', 'SLOWPOKE_IS_TARGET_SERVICE_SERVICE1': 'false', 'SLOWPOKE_DELAY_MICROS_SERVICE2': '0.0', 'SLOWPOKE_POKER_BATCH_THRESHOLD_SERVICE2': '100', 'SLOWPOKE_IS_TARGET_SERVICE_SERVICE2': 'true'}
    [exp] Executing cmd `bash run.sh synthetic chain-d2-grpc-sync 8 256 20000`:
        [run.sh] Running benchmark synthetic with request chain-d2-grpc-sync, thread 8, conn 256, duration 60
        [run.sh] Deleting all services
        configmap "config-service0" deleted
        deployment.apps "service0" deleted
        service "service0" deleted
        configmap "config-service1" deleted
        deployment.apps "service1" deleted
        service "service1" deleted
        configmap "config-service2" deleted
        deployment.apps "service2" deleted
        service "service2" deleted
        deployment.apps "ubuntu-client" deleted
        [run.sh] Waiting for all pods to be deleted
        [run.sh] Deploying all services
        configmap/config-service0 created
        deployment.apps/service0 created
        service/service0 created
        configmap/config-service1 created
        deployment.apps/service1 created
        service/service1 created
        configmap/config-service2 created
        deployment.apps/service2 created
        service/service2 created
        [run.sh] Client pod not found, deploying client
        deployment.apps/ubuntu-client created
        [run.sh] Waiting for all pods to be running
        [run.sh] All pods are running
        [run.sh] Checking heartbeat for all services
        [run.sh] Running warmup test
        [run.sh] /wrk/wrk -t8 -c256 --timeout 3s -d3s -L http://service0:80/endpoint1
        Running 3s test @ http://service0:80/endpoint1
        8 threads and 256 connections
        Thread Stats   Avg      Stdev     Max   +/- Stdev
        Latency   294.13ms  151.44ms 920.69ms   73.70%
        Req/Sec   121.48     52.06   250.00     68.75%
        Latency Distribution
        50%  256.15ms
        75%  370.86ms
        90%  499.75ms
        99%  750.69ms
        2562 requests in 3.02s, 397.81KB read
        Requests/sec:    847.69
        Transfer/sec:    131.62KB
        [run.sh] Speed is 847.69, duration is 35
        [run.sh] Fix the request number.
        [run.sh] Running the actual test
        [run.sh] /wrk/wrk --timeout 20s -t8 -c256 -d35s -L -s /wrk/fix_req_n.lua http://service0:80/endpoint1
        [run.sh] Checking the resource usage
        Running 35s test @ http://service0:80/endpoint1
        8 threads and 256 connections
        Thread Stats   Avg      Stdev     Max   +/- Stdev
        Latency   267.82ms  163.74ms   1.55s    75.12%
        Req/Sec   120.88     59.31   340.00     65.49%
        Latency Distribution
        50%  226.73ms
        75%  347.65ms
        90%  480.48ms
        99%  828.04ms
        20001 requests in 35.00s, 3.03MB read
        Requests/sec:    571.45
        Transfer/sec:     88.73KB
        ------------------------------
        stop time: 20.883198
        stop time: 20.701393
        stop time: 20.947429
        stop time: 20.891096
        stop time: 21.153817
        stop time: 21.003478
        stop time: 21.109268
        stop time: 20.992929
        [run.sh] Test finished with status 0
        > STDERR
        > No resources found in default namespace.
        > error: metrics not available yet
    [exp] Times: [20.883198, 20.701393, 20.947429, 20.891096, 21.153817, 21.003478, 21.109268, 20.992929]
    [exp] Throughput: 954.1836324492281
[test.py] Finished running 7th optmization experiment: groundtruth->1184.7108971470577, slowdown->954.1836324492281, predicted->1213.9438936983322, err->2.4675215380960407
[test.py] Running 8th optmization experiment
[test.py] Running 8th groundtruth exp
    [exp] Running (pre_run: False) workload synthetic/chain-d2-grpc-sync request with the following configuration: {'CLIENT_CPU_QUOTA': '2', 'SLOWPOKE_POKER_BATCH_THRESHOLD': '20000000', 'PROCESSING_TIME_SERVICE0': '0.0014149', 'PROCESSING_TIME_SERVICE1': '0.00090814', 'PROCESSING_TIME_SERVICE2': '0.001176', 'SLOWPOKE_DELAY_MICROS_SERVICE0': '0.0', 'SLOWPOKE_POKER_BATCH_THRESHOLD_SERVICE0': '100', 'SLOWPOKE_IS_TARGET_SERVICE_SERVICE0': 'false', 'SLOWPOKE_DELAY_MICROS_SERVICE1': '0.0', 'SLOWPOKE_POKER_BATCH_THRESHOLD_SERVICE1': '100', 'SLOWPOKE_IS_TARGET_SERVICE_SERVICE1': 'false', 'SLOWPOKE_DELAY_MICROS_SERVICE2': '0.0', 'SLOWPOKE_POKER_BATCH_THRESHOLD_SERVICE2': '100', 'SLOWPOKE_IS_TARGET_SERVICE_SERVICE2': 'true'}
    [exp] Executing cmd `bash run.sh synthetic chain-d2-grpc-sync 8 256 20000`:
        [run.sh] Running benchmark synthetic with request chain-d2-grpc-sync, thread 8, conn 256, duration 60
        [run.sh] Deleting all services
        configmap "config-service0" deleted
        deployment.apps "service0" deleted
        service "service0" deleted
        configmap "config-service1" deleted
        deployment.apps "service1" deleted
        service "service1" deleted
        configmap "config-service2" deleted
        deployment.apps "service2" deleted
        service "service2" deleted
        deployment.apps "ubuntu-client" deleted
        [run.sh] Waiting for all pods to be deleted
        [run.sh] Deploying all services
        configmap/config-service0 created
        deployment.apps/service0 created
        service/service0 created
        configmap/config-service1 created
        deployment.apps/service1 created
        service/service1 created
        configmap/config-service2 created
        deployment.apps/service2 created
        service/service2 created
        [run.sh] Client pod not found, deploying client
        deployment.apps/ubuntu-client created
        [run.sh] Waiting for all pods to be running
        [run.sh] All pods are running
        [run.sh] Checking heartbeat for all services
        [run.sh] Running warmup test
        [run.sh] /wrk/wrk -t8 -c256 --timeout 3s -d3s -L http://service0:80/endpoint1
        Running 3s test @ http://service0:80/endpoint1
        8 threads and 256 connections
        Thread Stats   Avg      Stdev     Max   +/- Stdev
        Latency   224.36ms  135.90ms 803.65ms   76.80%
        Req/Sec   151.03     57.01   290.00     67.87%
        Latency Distribution
        50%  191.84ms
        75%  282.25ms
        90%  411.02ms
        99%  686.36ms
        3368 requests in 3.02s, 522.96KB read
        Requests/sec:   1114.30
        Transfer/sec:    173.02KB
        [run.sh] Speed is 1114.30, duration is 26
        [run.sh] Fix the request number.
        [run.sh] Running the actual test
        [run.sh] /wrk/wrk --timeout 20s -t8 -c256 -d26s -L -s /wrk/fix_req_n.lua http://service0:80/endpoint1
        Running 26s test @ http://service0:80/endpoint1
        8 threads and 256 connections
        Thread Stats   Avg      Stdev     Max   +/- Stdev
        Latency   217.08ms  138.05ms   1.03s    75.41%
        Req/Sec   149.23     67.62   400.00     65.66%
        Latency Distribution
        50%  178.49ms
        75%  282.08ms
        90%  405.14ms
        99%  666.55ms
        20000 requests in 26.00s, 3.03MB read
        Requests/sec:    769.23
        Transfer/sec:    119.44KB
        ------------------------------
        stop time: 16.593975
        stop time: 17.057034
        stop time: 16.956460
        stop time: 16.778446
        stop time: 17.127330
        stop time: 16.923143
        stop time: 17.076337
        stop time: 16.974018
        [run.sh] Checking the resource usage
        NAME                             CPU(cores)   MEMORY(bytes)
        service0-6fb7cc7c7f-7fhpg        1730m        30Mi
        service1-76b89695f7-2cpcb        543m         12Mi
        service2-7bdbb95446-ppggt        757m         9Mi
        ubuntu-client-76886f6bbd-vwcrs   22m          10Mi
        [run.sh] Test finished with status 0
        > STDERR
        > No resources found in default namespace.
    [exp] Times: [16.593975, 17.057034, 16.95646, 16.778446, 17.12733, 16.923143, 17.076337, 16.974018]
    [exp] Throughput: 1180.9273472608313
[test.py] Running 8th slowdown exp
    [exp] Running (pre_run: False) workload synthetic/chain-d2-grpc-sync request with the following configuration: {'CLIENT_CPU_QUOTA': '2', 'SLOWPOKE_POKER_BATCH_THRESHOLD': '20000000', 'PROCESSING_TIME_SERVICE0': '0.0014149', 'PROCESSING_TIME_SERVICE1': '0.00090814', 'PROCESSING_TIME_SERVICE2': '0.00147751', 'SLOWPOKE_DELAY_MICROS_SERVICE0': '150.5', 'SLOWPOKE_POKER_BATCH_THRESHOLD_SERVICE0': '100', 'SLOWPOKE_IS_TARGET_SERVICE_SERVICE0': 'false', 'SLOWPOKE_DELAY_MICROS_SERVICE1': '150.5', 'SLOWPOKE_POKER_BATCH_THRESHOLD_SERVICE1': '100', 'SLOWPOKE_IS_TARGET_SERVICE_SERVICE1': 'false', 'SLOWPOKE_DELAY_MICROS_SERVICE2': '0.0', 'SLOWPOKE_POKER_BATCH_THRESHOLD_SERVICE2': '100', 'SLOWPOKE_IS_TARGET_SERVICE_SERVICE2': 'true'}
    [exp] Executing cmd `bash run.sh synthetic chain-d2-grpc-sync 8 256 20000`:
        [run.sh] Running benchmark synthetic with request chain-d2-grpc-sync, thread 8, conn 256, duration 60
        [run.sh] Deleting all services
        configmap "config-service0" deleted
        deployment.apps "service0" deleted
        service "service0" deleted
        configmap "config-service1" deleted
        deployment.apps "service1" deleted
        service "service1" deleted
        configmap "config-service2" deleted
        deployment.apps "service2" deleted
        service "service2" deleted
        deployment.apps "ubuntu-client" deleted
        [run.sh] Waiting for all pods to be deleted
        [run.sh] Deploying all services
        configmap/config-service0 created
        deployment.apps/service0 created
        service/service0 created
        configmap/config-service1 created
        deployment.apps/service1 created
        service/service1 created
        configmap/config-service2 created
        deployment.apps/service2 created
        service/service2 created
        [run.sh] Client pod not found, deploying client
        deployment.apps/ubuntu-client created
        [run.sh] Waiting for all pods to be running
        [run.sh] All pods are running
        [run.sh] Checking heartbeat for all services
        [run.sh] Running warmup test
        [run.sh] /wrk/wrk -t8 -c256 --timeout 3s -d3s -L http://service0:80/endpoint1
        Running 3s test @ http://service0:80/endpoint1
        8 threads and 256 connections
        Thread Stats   Avg      Stdev     Max   +/- Stdev
        Latency   268.63ms  145.70ms 763.30ms   70.43%
        Req/Sec   131.26     71.49   360.00     69.76%
        Latency Distribution
        50%  234.00ms
        75%  356.98ms
        90%  507.30ms
        99%  656.34ms
        2773 requests in 3.10s, 430.57KB read
        Requests/sec:    894.43
        Transfer/sec:    138.88KB
        [run.sh] Speed is 894.43, duration is 33
        [run.sh] Fix the request number.
        [run.sh] Running the actual test
        [run.sh] /wrk/wrk --timeout 20s -t8 -c256 -d33s -L -s /wrk/fix_req_n.lua http://service0:80/endpoint1
        Running 33s test @ http://service0:80/endpoint1
        8 threads and 256 connections
        Thread Stats   Avg      Stdev     Max   +/- Stdev
        Latency   254.80ms  167.20ms   1.43s    78.38%
        Req/Sec   127.04     60.37   330.00     67.44%
        Latency Distribution
        50%  208.41ms
        75%  317.15ms
        90%  487.42ms
        99%  828.12ms
        20000 requests in 33.00s, 3.03MB read
        Requests/sec:    606.06
        Transfer/sec:     94.10KB
        ------------------------------
        stop time: 19.680552
        stop time: 19.984577
        stop time: 19.719317
        stop time: 19.562699
        stop time: 20.007603
        stop time: 19.953984
        stop time: 19.622238
        stop time: 19.915921
        [run.sh] Checking the resource usage
        [run.sh] Test finished with status 0
        > STDERR
        > No resources found in default namespace.
        > error: metrics not available yet
    [exp] Times: [19.680552, 19.984577, 19.719317, 19.562699, 20.007603, 19.953984, 19.622238, 19.915921]
    [exp] Throughput: 1009.8020793604591
[test.py] Finished running 8th optmization experiment: groundtruth->1180.9273472608313, slowdown->1009.8020793604591, predicted->1191.1312151561085, err->0.8640555169583579
[test.py] Running 9th optmization experiment
[test.py] Running 9th groundtruth exp
    [exp] Running (pre_run: False) workload synthetic/chain-d2-grpc-sync request with the following configuration: {'CLIENT_CPU_QUOTA': '2', 'SLOWPOKE_POKER_BATCH_THRESHOLD': '20000000', 'PROCESSING_TIME_SERVICE0': '0.0014149', 'PROCESSING_TIME_SERVICE1': '0.00090814', 'PROCESSING_TIME_SERVICE2': '0.001323', 'SLOWPOKE_DELAY_MICROS_SERVICE0': '0.0', 'SLOWPOKE_POKER_BATCH_THRESHOLD_SERVICE0': '100', 'SLOWPOKE_IS_TARGET_SERVICE_SERVICE0': 'false', 'SLOWPOKE_DELAY_MICROS_SERVICE1': '0.0', 'SLOWPOKE_POKER_BATCH_THRESHOLD_SERVICE1': '100', 'SLOWPOKE_IS_TARGET_SERVICE_SERVICE1': 'false', 'SLOWPOKE_DELAY_MICROS_SERVICE2': '0.0', 'SLOWPOKE_POKER_BATCH_THRESHOLD_SERVICE2': '100', 'SLOWPOKE_IS_TARGET_SERVICE_SERVICE2': 'true'}
    [exp] Executing cmd `bash run.sh synthetic chain-d2-grpc-sync 8 256 20000`:
        [run.sh] Running benchmark synthetic with request chain-d2-grpc-sync, thread 8, conn 256, duration 60
        [run.sh] Deleting all services
        configmap "config-service0" deleted
        deployment.apps "service0" deleted
        service "service0" deleted
        configmap "config-service1" deleted
        deployment.apps "service1" deleted
        service "service1" deleted
        configmap "config-service2" deleted
        deployment.apps "service2" deleted
        service "service2" deleted
        deployment.apps "ubuntu-client" deleted
        [run.sh] Waiting for all pods to be deleted
        [run.sh] Deploying all services
        configmap/config-service0 created
        deployment.apps/service0 created
        service/service0 created
        configmap/config-service1 created
        deployment.apps/service1 created
        service/service1 created
        configmap/config-service2 created
        deployment.apps/service2 created
        service/service2 created
        [run.sh] Client pod not found, deploying client
        deployment.apps/ubuntu-client created
        [run.sh] Waiting for all pods to be running
        [run.sh] All pods are running
        [run.sh] Checking heartbeat for all services
        [run.sh] Running warmup test
        [run.sh] /wrk/wrk -t8 -c256 --timeout 3s -d3s -L http://service0:80/endpoint1
        Running 3s test @ http://service0:80/endpoint1
        8 threads and 256 connections
        Thread Stats   Avg      Stdev     Max   +/- Stdev
        Latency   241.74ms  178.38ms   1.11s    77.38%
        Req/Sec   149.05     63.95   320.00     74.54%
        Latency Distribution
        50%  181.30ms
        75%  315.92ms
        90%  514.61ms
        99%  813.80ms
        3250 requests in 3.02s, 504.64KB read
        Requests/sec:   1076.06
        Transfer/sec:    167.08KB
        [run.sh] Speed is 1076.06, duration is 27
        [run.sh] Fix the request number.
        [run.sh] Running the actual test
        [run.sh] /wrk/wrk --timeout 20s -t8 -c256 -d27s -L -s /wrk/fix_req_n.lua http://service0:80/endpoint1
        Running 27s test @ http://service0:80/endpoint1
        8 threads and 256 connections
        Thread Stats   Avg      Stdev     Max   +/- Stdev
        Latency   214.41ms  118.66ms   1.15s    73.31%
        Req/Sec   149.39     57.45   323.00     68.65%
        Latency Distribution
        50%  186.10ms
        75%  275.62ms
        90%  374.63ms
        99%  592.46ms
        20000 requests in 27.00s, 3.03MB read
        Requests/sec:    740.74
        Transfer/sec:    115.02KB
        ------------------------------
        stop time: 16.649921
        stop time: 16.675336
        stop time: 16.952286
        stop time: 16.817980
        stop time: 16.618724
        stop time: 16.906596
        stop time: 16.699903
        stop time: 16.889058
        [run.sh] Checking the resource usage
        NAME                             CPU(cores)   MEMORY(bytes)
        service0-6fb7cc7c7f-mj22j        1018m        28Mi
        service1-76b89695f7-9dt8k        28m          13Mi
        service2-7bdbb95446-xxmws        173m         11Mi
        ubuntu-client-76886f6bbd-2xdh9   4m           9Mi
        [run.sh] Test finished with status 0
        > STDERR
        > No resources found in default namespace.
    [exp] Times: [16.649921, 16.675336, 16.952286, 16.81798, 16.618724, 16.906596, 16.699903, 16.889058]
    [exp] Throughput: 1192.1632789211135
[test.py] Running 9th slowdown exp
    [exp] Running (pre_run: False) workload synthetic/chain-d2-grpc-sync request with the following configuration: {'CLIENT_CPU_QUOTA': '2', 'SLOWPOKE_POKER_BATCH_THRESHOLD': '20000000', 'PROCESSING_TIME_SERVICE0': '0.0014149', 'PROCESSING_TIME_SERVICE1': '0.00090814', 'PROCESSING_TIME_SERVICE2': '0.00147751', 'SLOWPOKE_DELAY_MICROS_SERVICE0': '77.0', 'SLOWPOKE_POKER_BATCH_THRESHOLD_SERVICE0': '100', 'SLOWPOKE_IS_TARGET_SERVICE_SERVICE0': 'false', 'SLOWPOKE_DELAY_MICROS_SERVICE1': '77.0', 'SLOWPOKE_POKER_BATCH_THRESHOLD_SERVICE1': '100', 'SLOWPOKE_IS_TARGET_SERVICE_SERVICE1': 'false', 'SLOWPOKE_DELAY_MICROS_SERVICE2': '0.0', 'SLOWPOKE_POKER_BATCH_THRESHOLD_SERVICE2': '100', 'SLOWPOKE_IS_TARGET_SERVICE_SERVICE2': 'true'}
    [exp] Executing cmd `bash run.sh synthetic chain-d2-grpc-sync 8 256 20000`:
        [run.sh] Running benchmark synthetic with request chain-d2-grpc-sync, thread 8, conn 256, duration 60
        [run.sh] Deleting all services
        configmap "config-service0" deleted
        deployment.apps "service0" deleted
        service "service0" deleted
        configmap "config-service1" deleted
        deployment.apps "service1" deleted
        service "service1" deleted
        configmap "config-service2" deleted
        deployment.apps "service2" deleted
        service "service2" deleted
        deployment.apps "ubuntu-client" deleted
        [run.sh] Waiting for all pods to be deleted
        [run.sh] Deploying all services
        configmap/config-service0 created
        deployment.apps/service0 created
        service/service0 created
        configmap/config-service1 created
        deployment.apps/service1 created
        service/service1 created
        configmap/config-service2 created
        deployment.apps/service2 created
        service/service2 created
        [run.sh] Client pod not found, deploying client
        deployment.apps/ubuntu-client created
        [run.sh] Waiting for all pods to be running
        [run.sh] All pods are running
        [run.sh] Checking heartbeat for all services
        [run.sh] Running warmup test
        [run.sh] /wrk/wrk -t8 -c256 --timeout 3s -d3s -L http://service0:80/endpoint1
        Running 3s test @ http://service0:80/endpoint1
        8 threads and 256 connections
        Thread Stats   Avg      Stdev     Max   +/- Stdev
        Latency   256.77ms  155.32ms   1.07s    75.18%
        Req/Sec   137.23     59.76   282.00     67.59%
        Latency Distribution
        50%  212.23ms
        75%  331.86ms
        90%  465.93ms
        99%  749.65ms
        2983 requests in 3.02s, 463.18KB read
        Requests/sec:    986.56
        Transfer/sec:    153.19KB
        [run.sh] Speed is 986.56, duration is 30
        [run.sh] Fix the request number.
        [run.sh] Running the actual test
        [run.sh] /wrk/wrk --timeout 20s -t8 -c256 -d30s -L -s /wrk/fix_req_n.lua http://service0:80/endpoint1
        Running 30s test @ http://service0:80/endpoint1
        8 threads and 256 connections
        Thread Stats   Avg      Stdev     Max   +/- Stdev
        Latency   228.92ms  130.48ms   1.17s    74.44%
        Req/Sec   140.68     55.21   363.00     69.41%
        Latency Distribution
        50%  199.39ms
        75%  286.99ms
        90%  409.09ms
        99%  659.97ms
        20000 requests in 30.00s, 3.03MB read
        Requests/sec:    666.66
        Transfer/sec:    103.52KB
        ------------------------------
        stop time: 17.695511
        stop time: 17.767861
        stop time: 17.689650
        stop time: 18.023714
        stop time: 18.038292
        stop time: 18.027186
        stop time: 17.901454
        stop time: 17.998145
        [run.sh] Checking the resource usage
        [run.sh] Test finished with status 0
        > STDERR
        > No resources found in default namespace.
        > error: metrics not available yet
    [exp] Times: [17.695511, 17.767861, 17.68965, 18.023714, 18.038292, 18.027186, 17.901454, 17.998145]
    [exp] Throughput: 1117.7726245510107
[test.py] Finished running 9th optmization experiment: groundtruth->1192.1632789211135, slowdown->1117.7726245510107, predicted->1223.4191824160284, err->2.6217804261846567
[test.py] Baseline throughput:  1139.92570990156
[test.py] Groundtruth:  [1191.6318073400676, 1199.3584301933327, 1193.3798149798852, 1208.655000179674, 1192.8396193508615, 1201.7430862856495, 1200.8218514813177, 1184.7108971470577, 1180.9273472608313, 1192.1632789211135]
[test.py] Slowdown:  [635.2863405277327, 675.0775421489938, 705.0386539204609, 739.4704229878504, 781.3947297181758, 830.2053142884649, 886.9952624141667, 954.1836324492281, 1009.8020793604591, 1117.7726245510107]
[test.py] Predicted:  [1197.1197150017094, 1225.405630325297, 1209.764810228126, 1198.9485730567433, 1197.5934330023981, 1200.0965087609932, 1205.3322875870408, 1213.9438936983322, 1191.1312151561085, 1223.4191824160284]
[test.py] Error percentage:  [0.46053719175991636, 2.1717611246344033, 1.3729908150421464, -0.8030767358334571, 0.3985291546673794, -0.13701576846558514, 0.3756124274520062, 2.4675215380960407, 0.8640555169583579, 2.6217804261846567]
[test.py] ++++++++++++++++++++++++++++++++ Summary: 
[test.py] Result for the experiment 0: 
    Baseline throughput: 1166.3511370954056
    Groundtruth: [1205.5644848116995, 1185.0630183553596, 1215.8991304672154, 1185.661048051152, 1205.0283604177766, 1210.6247423686511, 1199.7266812667906, 1190.3556403971618, 1218.2048069524167, 1197.7996032004337]
    Slowdown:    [643.8628603817633, 672.0958993475903, 704.6759073725189, 731.8736375886348, 792.2344623436949, 845.6027920197547, 899.3654723645928, 963.4519326604907, 1020.7040502672247, 1095.8100865784484]
    Predicted:   [1227.94191340503, 1215.6164316848449, 1208.6971836063826, 1179.1047255319077, 1223.2452000966916, 1232.5390240728275, 1228.2899275504699, 1228.9851225205996, 1206.3294962656034, 1197.15763053833]
    Error Perc:  [1.8561784852865562, 2.5782100070836336, -0.5923145004689158, -0.5529676908945271, 1.5117353480875186, 1.8101630453463142, 2.38081279091996, 3.245205114544515, -0.9748205407694708, -0.053595998895668504]
[test.py] Result for the experiment 1: 
    Baseline throughput: 1179.1631639686295
    Groundtruth: [1197.1483507283729, 1193.8521449635564, 1212.0722792941183, 1215.4334709016644, 1205.4960796438713, 1207.8922441140865, 1213.2275101703724, 1199.207240069807, 1196.5631624823366, 1193.0046413174507]
    Slowdown:    [647.1060108803758, 672.8073569869749, 660.5992088160169, 749.0647680583913, 790.4911854822894, 840.3225983749516, 899.5972750388902, 971.9432896846965, 1033.1404130868596, 1105.6492575257728]
    Predicted:   [1239.792094304538, 1217.9458721713436, 1084.5726208033761, 1224.375288718215, 1219.0940700148124, 1221.3529098698725, 1228.7223305938255, 1242.8356544506123, 1223.7391037792179, 1208.9107024736045]
    Error Perc:  [3.562110205491221, 2.0181500120789817, -10.51914647903629, 0.7356896144975471, 1.1279995514343077, 1.1143929287880001, 1.2771570289629517, 3.6381046513916617, 2.2711664665075704, 1.3332773909905757]
[test.py] Result for the experiment 2: 
    Baseline throughput: 1164.380703527845
    Groundtruth: [1203.5285923829713, 1188.6996240521987, 1196.510413274996, 1180.5836810146125, 1201.8871792110533, 1195.942546650972, 1203.3118028763483, 1196.6930106666036, 1194.662959707147, 1181.1169634144296]
    Slowdown:    [639.350746988642, 670.8188311910112, 705.673716355914, 745.5753585703727, 784.4469007329072, 833.5017137029656, 891.6688995077614, 949.9559354033527, 1042.9621873081214, 1117.8363093326377]
    Predicted:   [1211.6340617960027, 1211.4450697528493, 1211.6358051163172, 1215.0800517141108, 1204.7778447257765, 1206.9968430167762, 1213.9789401816656, 1207.1092852241939, 1237.5433048307773, 1223.4954748790456]
    Error Perc:  [0.6734754341799798, 1.9134729447556236, 1.2641253827387289, 2.921975905160033, 0.24051055412877403, 0.9243166736361937, 0.8864815652783414, 0.8704216089461366, 3.589325740386379, 3.5880029478288167]
[test.py] Result for the experiment 3: 
    Baseline throughput: 1162.7291304909538
    Groundtruth: [1201.570458597239, 1212.8162385178991, 1203.4241659591723, 1190.9023456652712, 1193.5858457190182, 1190.265945583719, 1206.1557303546595, 1202.9610736457657, 1199.5620698773394, 1200.6091440568514]
    Slowdown:    [632.8507108337398, 675.6102287878456, 709.7482682585846, 741.6282878276628, 793.645971149233, 840.6826511263677, 891.1845555488562, 948.9899514419635, 1026.0249957644405, 1115.9831214248784]
    Predicted:   [1188.5003087129555, 1227.161950457033, 1223.697763784114, 1204.6314979168799, 1226.613605406453, 1222.1136577922884, 1213.0813384305495, 1205.549960213084, 1213.7688113304105, 1221.2757470879596]
    Error Perc:  [-1.0877555944194919, 1.1828429966162772, 1.6846593577238664, 1.1528361079798823, 2.7671038330333775, 2.675680365949726, 0.5741885480951663, 0.21520950461615573, 1.1843273316005916, 1.7213431309773237]
[test.py] Result for the experiment 4: 
    Baseline throughput: 1139.92570990156
    Groundtruth: [1191.6318073400676, 1199.3584301933327, 1193.3798149798852, 1208.655000179674, 1192.8396193508615, 1201.7430862856495, 1200.8218514813177, 1184.7108971470577, 1180.9273472608313, 1192.1632789211135]
    Slowdown:    [635.2863405277327, 675.0775421489938, 705.0386539204609, 739.4704229878504, 781.3947297181758, 830.2053142884649, 886.9952624141667, 954.1836324492281, 1009.8020793604591, 1117.7726245510107]
    Predicted:   [1197.1197150017094, 1225.405630325297, 1209.764810228126, 1198.9485730567433, 1197.5934330023981, 1200.0965087609932, 1205.3322875870408, 1213.9438936983322, 1191.1312151561085, 1223.4191824160284]
    Error Perc:  [0.46053719175991636, 2.1717611246344033, 1.3729908150421464, -0.8030767358334571, 0.3985291546673794, -0.13701576846558514, 0.3756124274520062, 2.4675215380960407, 0.8640555169583579, 2.6217804261846567]
